Article Number,Topic,Article Content
4,अमेरिका में सुप्रीम कोर्ट की भूमिका और प्रभाव,"सुप्रीम कोर्ट अमेरिका की सर्वोच्च न्यायिक अदालत है और इसकी भूमिका अत्यंत महत्वपूर्ण है। सुप्रीम कोर्ट को संविधान के राष्ट्रीय विचारशीलता और न्याय की सुरक्षा की देखरेख में रखने का कार्य होता है। यह न्यायपालिका की स्थिति और संविधान की हिफाजत के लिए जिम्मेदार है।

सुप्रीम कोर्ट का प्रभाव भी अत्यधिक महत्वपूर्ण है। इसके निर्णय अमेरिकी समाज पर गहरा प्रभाव डाल सकते हैं। सुप्रीम कोर्ट के निर्णय न केवल व्यक्तिगत स्वतंत्रता को निर्धारित करते हैं, बल्कि समाज में न्याय की प्रक्रिया को भी निर्धारित करते हैं। इसके निर्णय सामाजिक और राजनीतिक"
1,अमेरिकी सीनेट और हाउस ऑफ रिप्रेजेंटेटिव्स की भूमिका,"अमेरिका की संविधानिक संरचना में सीनेट और हाउस ऑफ रिप्रेजेंटेटिव्स दोनों ही महत्वपूर्ण संसदीय संस्थाएं हैं। सीनेट और हाउस को संसद के दो घरों के रूप में जाना जाता है, जिनमें संविधान द्वारा निर्धारित काम किया जाता है।

सीनेट अमेरिकी कांग्रेस का ऊचा सदन है, जिसमें प्रत्येक राज्य से दो संसदीय सदस्य होते हैं। सीनेट के सदस्यों का कार्यकाल छह वर्ष का होता है और इसका मुख्य कार्य विधायिका निर्माण और पारित करना है।

हाउस ऑफ रिप्रेजेंटेटिव्स अमेरिकी कांग्रेस का निचला सदन है, जिसमें सदस्यों की संख्या आधारित है राज्य की आबादी पर। ह"
3,अमेरिकी मीडिया और राजनीति: निष्पक्षता बनाम ध्रुवीकरण,"अमेरिकी मीडिया और राजनीति के बीच निष्पक्षता और ध्रुवीकरण के मुद्दे हमेशा से चर्चा का विषय रहे हैं। मीडिया का महत्वपूर्ण कार्य लोगों तक सटीक और सत्यापित जानकारी पहुंचाना है, जिससे लोग सही निर्णय ले सकें। लेकिन विश्वास्यता की दृष्टि से, अमेरिकी मीडिया कई बार निष्पक्षता के मामले में खो जाता है और ध्रुवीकरण का शिकार हो जाता है।

राजनीति में ध्रुवीकरण का मुद्दा बहुत गंभीर है, क्योंकि यह लोगों के विचारों और निर्णयों पर सीधा प्रभाव डालता है। अमेरिकी मीडिया कई बार राजनीतिक पक्षपात और विचारों को उभारने में लग ज"
2,अमेरिकी विदेश नीति: चीन और रूस के साथ संबंध,"अमेरिकी विदेश नीति एक बहुत महत्वपूर्ण विषय है जिसका अमेरिका और दुनिया के लिए बड़ा प्रभाव होता है। अमेरिका के संबंध चीन और रूस से एक विशेष महत्व रखते हैं।

चीन के साथ संबंध दोनों देशों के लिए व्यापाक हैं। चीन और अमेरिका दुनिया की दो सबसे बड़ी अर्थव्यवस्थाएं हैं और इसलिए उनके संबंधों का महत्वपूर्ण स्थान है। इन दोनों देशों के बीच व्यापार, सुरक्षा, पर्यावरण, विज्ञान और तकनीकी सहयोग जैसे कई क्षेत्रों में सहयोग होता है। हालांकि, वे विवादित मुद्दों पर भी खरे नजरिए रखते हैं, जैसे व्यापारिक और रक्षा"
5,अमेरिका में गन कंट्रोल नीति पर बहस,"गन कंट्रोल हर समय अमेरिका में एक विवादित विषय रहा है। एक ओर उन्हें अपने स्वतंत्रता के साथ साथ अपने आत्मरक्षा का हक समझने वाले लोग हैं, वहीं दूसरी ओर उन्हें गन विस्फोट के बढ़ते मामलों से चिंता रहती है।

गन कंट्रोल नीति को लेकर विचार करते समय अमेरिका में दो बड़ी जमातें होती हैं - एक है जो गन कंट्रोल को समर्थन करती है और दूसरी है जो गन कंट्रोल का विरोध करती है। गन कंट्रोल के पक्षधरों का मानना है कि ज्यादा गन कंट्रोल से सामाजिक सुरक्षा में सुधार होगा, जबकि विरोधी जमात का मानना है कि गन कंट्रोल हमारी स्वतंत्रता को प्रताड़ित करेगा"
7,अमेरिकी सीनेट और हाउस ऑफ रिप्रेजेंटेटिव्स की भूमिका,"अमेरिकी संघीय संविधान के अनुसार, संयुक्त राज्य अमेरिका के राष्ट्रपति के अलावा दो संसदीय संस्थाएं हैं - सीनेट और हाउस ऑफ रिप्रेजेंटेटिव्स। सीनेट में प्रत्येक राज्य से दो सदस्य होते हैं, जो की राष्ट्रपति द्वारा नियुक्त किए जाते हैं। सीनेट का मुख्य कार्य राज्यों के हितों की रक्षा करना है।

दूसरी ओर, हाउस ऑफ रिप्रेजेंटेटिव्स के सदस्यों का चयन जनता द्वारा होता है और उनकी संख्या प्रत्येक राज्य की आबादी के आधार पर निर्धारित होती है। हाउस ऑफ रिप्रेजेंटेटिव्स की मुख्य भूमिका जनता के हितों की प्रतिनिधित्व करना है और कानून बनाने में स"
6,अमेरिकी राजनीति में लॉबिंग और उसका प्रभाव,"लॉबिंग अमेरिकी राजनीति में एक महत्वपूर्ण और प्रभावशाली आंश है। यह एक प्रक्रिया है जिसमें लॉबिस्ट्स या सरकारी नीतियों पर प्रभाव डालने के लिए पूंजीशील या गैर-सरकारी संगठनों को प्रतिनिधित्व करते हैं। लॉबिस्ट्स विभिन्न संस्थानों, व्यापार घरानों, उद्यमियों या गैर सरकारी संगठनों की ओर से काम करते हैं और सरकारी नीतियों और कानूनों में परिवर्तन करने की कोशिश करते हैं।

लॉबिंग का प्रभाव अमेरिकी राजनीति पर सांविद्हानिक होता है। यह राजनीतिक नेताओं के निर्णयों पर सीधे प्रभाव डाल सकता है और नीतियों के लिए मददगार साबित ह"
9,अमेरिकी राजनीति में लॉबिंग और उसका प्रभाव,"लॉबिंग एक प्रक्रिया है जिसमें व्यापारिक समूह या दल राजनीतिक निर्णयकर्ताओं और सरकारी अधिकारियों को प्रभावित करने के लिए अपने हितों की रक्षा करने के लिए अपने हितों की रक्षा करने के लिए काम करते हैं। अमेरिकी राजनीति में लॉबिंग का प्रभाव बहुत महत्वपूर्ण है और यहाँ एक व्यक्ति या समूह के द्वारा संगठित और महत्वपूर्ण रूप से प्रयास किया जाता है।

लॉबिंग अमेरिकी राजनीति में बहुत प्रभावशाली है क्योंकि यह सरकारी निर्णयों को प्रभावित करने का सबसे प्रभावशाली तरीका है। लॉबिस्ट्स विभिन्न अनुयायी समूहों और व्यापारिक संगठनों"
10,अमेरिका में नस्लीय न्याय और राजनीतिक सुधार,"अमेरिका में नस्लीय न्याय और राजनीतिक सुधार के मामले काफी महत्वपूर्ण हैं। इसके बारे में चर्चा करते समय, जनसंख्या में विभिन्न जातियों और समुदायों के बीच न्याय की सुनिश्चित करने की बात की जाती है। अमेरिका में नस्लीय न्याय की महत्वपूर्णता इस बात में निहित है कि समुदायों के सदस्यों को समान अधिकार और व्यवहारिक सुविधाएं मिलनी चाहिए। 

राजनीतिक सुधार का मतलब है कि सभी लोगों को समान अधिकार और अवसर मिलने चाहिए, चाहे वे किसी भी जाति, धर्म या रंग के हों। इसके लिए अमेरिका में नस्लीय न्याय के कानूनी तंत्र को मजबूत और प्रभावी ब"
8,अमेरिकी विदेश नीति: चीन और रूस के साथ संबंध,"अमेरिकी विदेश नीति का एक महत्वपूर्ण पहलु चीन और रूस के साथ संबंध है। इन तीन देशों के बीच संबंध ग्लोबल राजनीति में महत्वपूर्ण भूमिका निभाते हैं।

चीन के साथ, अमेरिका के संबंध व्यापाक होते हैं। इन दो देशों के बीच व्यापार, वित्तीय सहयोग, सामरिक सहयोग और अन्य क्षेत्रों में गहरे संबंध हैं। लेकिन, विवादित मुद्दों जैसे व्यापारिक उत्पीड़न, टेक्नोलॉजी की चोरी, और जलवायु परिवर्तन के मुद्दे इन दोनों देशों के बीच टकराव पैदा करते हैं।

रूस के साथ, अमेरिका के संबंध भी चुनौतीपूर्ण हैं। रूस के साथ विवादित"
11,अमेरिकी सीनेट और हाउस ऑफ रिप्रेजेंटेटिव्स की भूमिका,"अमेरिकी संघीय सरकार का विभागीय व्यवस्था उसकी नींव है और इसका महत्वपूर्ण हिस्सा संसद है, जिसमें सीनेट और हाउस ऑफ रिप्रेजेंटेटिव्स शामिल हैं।

अमेरिकी संसद का अधिकार विधायिका और कानून निर्माण है। सीनेट और हाउस ऑफ रिप्रेजेंटेटिव्स को मिलाकर कांग्रेस बनाते हैं। सीनेट में प्रत्येक राज्य से दो सदस्य होते हैं, जबकि हाउस ऑफ रिप्रेजेंटेटिव्स में सदस्यों की संख्या राज्य की जनसंख्या के आधार पर निर्धारित की जाती है।

सीनेट के सदस्यों का कार्यकाल छह वर्ष होता है, जबकि हाउस ऑफ रिप्रेजेंटेटिव्स के सदस्यों का कार्यकाल दो वर्ष"
12,अमेरिकी राजनीति में लॉबिंग और उसका प्रभाव,"लॉबिंग एक प्रक्रिया है जिसमें व्यापारिक समूह या व्यक्ति राजनीतिक नेताओं या निर्णायक व्यक्तियों से संपर्क करके अपने हितों की रक्षा करने के लिए दबाव डालते हैं। अमेरिकी राजनीति में लॉबिंग का बहुत महत्वपूर्ण और प्रभावी भूमिका है।

लॉबिंग के माध्यम से समूह अपने हितों को संरक्षित रखने के लिए नेताओं को प्रेरित करते हैं। यह उन्हें अपने पक्ष का समर्थन करने या किसी निर्णय को बदलने के लिए प्रेरित कर सकता है। वे नेताओं को जानकारी और समर्थन प्रदान करते हैं ताकि नेता उनके मुद्दे को ध्यान में रखे।

अमेरिकी राजनीति में लॉबिंग का प्र"
13,अमेरिकी राजनीति में लॉबिंग और उसका प्रभाव,"लॉबिंग अमेरिकी राजनीति में एक महत्वपूर्ण और अविभाज्य भाग है। यहाँ तक कि अमेरिका के संविदान में लोभिंग को स्वतंत्रता का एक हिस्सा माना गया है। लॉबिंग का मतलब है किसी व्यक्ति या संगठन के हितों और मुद्दों को सरकारी नीतियों और निर्णयों पर प्रभाव डालना।

अमेरिकी राजनीति में लॉबिंग का प्रभाव विवादास्पद है। कुछ लोग मानते हैं कि लॉबिंग देश के लोकतांत्रिक प्रक्रियाओं को मजबूत करता है, क्योंकि इसके माध्यम से लोग अपने मुद्दों को सरकार के सामने रख सकते हैं। वे इसे एक संविदानिक अधिकार के रूप में देखते हैं।

हालांकि, क"
14,अमेरिका में हेल्थकेयर नीति: ओबामाकेयर बनाम निजीकरण,"अमेरिका में हेल्थकेयर नीति एक बहुत ही महत्वपूर्ण और विवादास्पद विषय है। इसमें दो मुख्य पक्ष हैं - ओबामाकेयर (Affordable Care Act) और निजीकरण।

ओबामाकेयर को 2010 में लागू किया गया था और इसका मुख्य उद्देश्य था सभी अमेरिकी नागरिकों को सस्ती और पहुँचने वाली हेल्थकेयर सुविधाएं प्रदान करना। इसके अंतर्गत, निर्दिष्ट आयु समूह के लोगों को सरकारी सहायता मिलती है ताकि वे बीमा खरीद सकें। विरोधियों का कहना है कि इससे बजट बढ़ गया है और स्वास्थ्य सेवाओं की गुणवत्ता में कमी आई है।

दूसरी ओर, निजीकरण का समर्थन करने वाले लोग यह मानत"
15,अमेरिका में मतदाता अधिकार और चुनाव सुधार,"अमेरिका में मतदाता अधिकार और चुनाव सुधार एक महत्वपूर्ण और चरमपंथी विषय है। चुनावी प्रक्रिया में सुधार करने की आवश्यकता उस विश्वास को मजबूत करती है कि लोगों का वोट सही स्थान पर पहुंच रहा है और उनकी आवाज सुनी जा रही है।

अमेरिका में विभिन्न चुनावी सुधार क्रियाएं शुरू की गई हैं, जैसे कि इलेक्ट्रॉनिक वोटिंग मशीनों का उपयोग, ऑनलाइन पंजीकरण, और वोटर आईडी कार्ड की जरूरत। इन सुधारों के माध्यम से मतदाताओं को अधिक सुविधा मिलती है और चुनावी प्रक्रिया को अद्वितीय और निष्पक्ष बनाने में मदद मिलती है।

विभिन्न र"
19,अमेरिकी राष्ट्रपति चुनाव प्रणाली: एक विस्तृत विश्लेषण,"अमेरिकी राष्ट्रपति चुनाव प्रणाली एक बहुत ही व्यापक और उत्तेजक प्रक्रिया है जिसमें अमेरिकी जनता को अपने नेता का चयन करने का मौका मिलता है। यह प्रक्रिया दो चरणों में सम्पन्न होती है: पहला चरण प्राथमिक चरण है, जिसमें उम्मीदवारों का चयन किया जाता है, और दूसरा चरण मुख्य चरण है, जिसमें विजेता का चयन किया जाता है।

प्राथमिक चरण में, प्रत्येक दल अपने उम्मीदवारों को प्रस्तावित करता है और वोटर्स को उनकी समर्थन में मतदान करने के लिए प्रेरित करता है। इसके बाद, प्रत्येक राज्य में प्राथमिक चरण की मतदान की प्रक्रिया होती है और उम्मीदवारों क"
16,अमेरिका की आर्थिक नीति और राजनीतिक विवाद,"अमेरिका की आर्थिक नीति और राजनीतिक विवाद दुनिया भर में महत्वपूर्ण विषयों में से एक है। अमेरिका एक विकासशील देश है और उसकी आर्थिक नीति दुनिया भर में व्यापार, निवेश और अर्थव्यवस्था को प्रभावित करती है।

अमेरिका में आर्थिक नीति के मुख्य प्रमुख हैं राज्य की नीति, कर, वित्तीय संस्थाएं, और विदेशी नीति। विभिन्न राजनीतिक दलों के बीच आर्थिक नीति पर अक्सर विवाद होता है। उदाहरण के लिए, आयकर नीति, व्यापार नीति, और विदेशी नीति पर विचार विभिन्न दलों के बीच अक्सर तनाव बनाते हैं।

अमेरिका में आर्थिक नीति को लेकर हाल ही"
17,अमेरिका में जलवायु परिवर्तन नीति और राजनीतिक प्रभाव,"अमेरिका में जलवायु परिवर्तन नीति एवं राजनीतिक प्रभाव के बारे में चर्चा आजकल विशेष रूप से महत्वपूर्ण हो गई है। अमेरिका दुनिया का सबसे बड़ा ऊर्जा उपभोक्ता है और उसका जलवायु परिवर्तन पर असर व्यापक है। उसने पिछले कुछ दशकों में कई कदम उठाए हैं जैसे कि पेरिस समझौता की स्वीकृति और प्रशासन के द्वारा नई जलवायु परिवर्तन नीतियों की प्रोत्साहना।

अमेरिका की जलवायु परिवर्तन नीति का प्रमुख लक्ष्य ऊर्जा स्वतंत्रता, ऊर्जा संक्रांति और जलवायु परिवर्तन से निपटना है। इसके लिए उसने नई ऊर्जा स्रोतों की खोज, विकास और प्रचारन की"
18,अमेरिकी संविधान और उसकी राजनीति पर प्रभाव,"अमेरिका का संविधान विश्व का सबसे प्राचीन संविधान माना जाता है जिसे 1787 में बनाया गया था। संविधान ने अमेरिकी राजनीति पर गहरा प्रभाव डाला है और देश की लोकतंत्रिक ढांचा स्थापित किया है।

अमेरिकी संविधान ने विभाजन के सिद्धांत को मजबूत किया है जिससे सरकार की विभिन्न शाखाएं स्थापित हुई हैं। इससे संविधान ने सरकार की शक्ति को वितरित किया और एक संतुलित और विनियमित तंत्र स्थापित किया है।

संविधान के मुख्य तत्व जैसे कि महानायक, संसद, न्यायपालिका और राज्यों के संघ की व्यवस्था ने राजनीति को प्रभावित किया है। अमेरिकी संविधान में नागर"
20,डेमोक्रेटिक और रिपब्लिकन पार्टियों के बीच मुख्य अंतर,"अमेरिका में डेमोक्रेटिक और रिपब्लिकन पार्टियां दो प्रमुख राजनीतिक दल हैं, जो देश की राजनीति में महत्वपूर्ण भूमिका निभाते हैं। इन दोनों पार्टियों के बीच कुछ मुख्य अंतर हैं।

1. विचारधारा: डेमोक्रेटिक पार्टी बहुमतिवादी विचारधारा को अपनाती है, जिसमें सामाजिक समानता, कार्यकर्ता की अधिकारों की रक्षा, और सामाजिक कल्याण को महत्व दिया जाता है। रिपब्लिकन पार्टी विशेषकर संरक्षणवादी विचारधारा को अपनाती है, जिसमें व्यक्तिगत स्वतंत्रता, व्यापारिक स्वतंत्रता, और अधिक निजी सेक्टर को महत्व दिया जाता है।

2. राजनीतिक अनुषंग:"
24,अमेरिका में सुप्रीम कोर्ट की भूमिका और प्रभाव,"सुप्रीम कोर्ट अमेरिका की सर्वोच्च न्यायिक संस्था है और इसकी भूमिका अत्यधिक महत्वपूर्ण है। सुप्रीम कोर्ट का मुख्य कार्य यह है कि वह अमेरिका के संविधान के अनुसार न्याय देने का कार्य करता है। इसका प्रमुख उद्देश्य यह है कि वह संविधान के मानकों को रक्षित रखे और उसके प्रावधानों की सही व्याख्या करें।

सुप्रीम कोर्ट का प्रभाव भी अत्यधिक महत्वपूर्ण है। इसके फैसले देश के लोगों के जीवन पर सीधा प्रभाव डालते हैं। सुप्रीम कोर्ट के अन्य न्यायिक संस्थानों के फैसलों का भी इस प्रकार का प्रभाव नहीं होता। यहाँ तक कि सुप्रीम कोर्ट के फैसले अमेरिकी सम"
22,अमेरिकी मीडिया और राजनीति: निष्पक्षता बनाम ध्रुवीकरण,"अमेरिकी मीडिया और राजनीति के संबंधों पर चर्चाएँ हमेशा समाचार और जनसमर्थन के बीच तनाव बनाए रही हैं। एक ओर, मीडिया को स्वतंत्रता और निष्पक्षता की जिम्मेदारी होती है, जबकि दूसरी ओर राजनीतिक दल और नेताओं को अपने ध्यान केंद्र में रखकर उनके पक्ष को बढ़ावा देने की कोशिश होती है।

मीडिया की निष्पक्षता होना राजनीतिक व्यवस्था के लिए एक महत्वपूर्ण स्तंभ है। एक निष्पक्ष मीडिया राजनीतिक घटनाओं को विचारशीलता और सच्चाई के साथ प्रस्तुत करने में मदद करता है। लेकिन ध्रुवीकरण एक विकल्पित दृष्टिकोण उत्पन्न कर सकता है, जिसस"
23,अमेरिका में हेल्थकेयर नीति: ओबामाकेयर बनाम निजीकरण,"अमेरिका में हेल्थकेयर नीति एक बहुत ही महत्वपूर्ण और विवादास्पद विषय है। इस विषय पर दो मुख्य दृष्टिकोण हैं - ओबामाकेयर नीति और निजीकरण।

ओबामाकेयर नीति, जिसे आर्थिक सुरक्षा और हेल्थकेयर कानून (Affordable Care Act) के नाम से भी जाना जाता है, 2010 में लॉन्च की गई थी। इसका मुख्य उद्देश्य अमेरिकी नागरिकों को सस्ती और पहुंचने वाली स्वास्थ्य सेवाएं प्रदान करना था। इस नीति के द्वारा कई अमेरिकी नागरिकों को हेल्थ इनश्योरेंस कवरेज के लिए सुविधा मिली जिन्हें पहले इसका लाभ नहीं मिल रहा था।

दूसरी ओर, निजीकरण की दिशा में जाते हुए क"
21,अमेरिका की आर्थिक नीति और राजनीतिक विवाद,"अमेरिका की आर्थिक नीति और राजनीतिक विवाद दुनिया भर में चर्चा का विषय रहा है। अमेरिका एक विकासशील देश है जिसकी अर्थव्यवस्था एक मिश्रण है उच्चतम आय वाले व्यक्तियों और गरीब लोगों के बीच। इसके कारण अमेरिकी आर्थिक नीति पर विभिन्न विचार और विवाद होते रहते हैं।

अमेरिका में विभिन्न दलों के बीच टैक्स, व्यापार, बजट और वित्तीय सुधारों पर विवाद होते रहते हैं। एक ओर राष्ट्रपति और कांग्रेस के बीच विवाद होते हैं जबकि दूसरी ओर विभिन्न राज्यों के बीच भी आर्थिक नीति पर असहमति होती है।

अमेरिकी आर्थिक नीति प"
28,अमेरिका में अप्रवासन नीति और उसकी राजनीति,"अमेरिका में अप्रवासन नीति और उसकी राजनीति एक महत्वपूर्ण और विवादित विषय है। अप्रवासन के मामले में अमेरिका की नीतियाँ बहुत सख्त हैं और इसमें कई प्रकार के नियम और प्रक्रियाएं शामिल हैं।

अमेरिका में अप्रवासन की प्रक्रिया में विभिन्न तरीके की वीजा, ग्रीन कार्ड और अन्य दस्तावेजों की जरूरत होती है। यह नीतियाँ सुरक्षा को मजबूत करने के लिए बनाई गई हैं ताकि देश में अनुचित तरीके से आने वाले लोगों को रोका जा सके।

अमेरिका में अप्रवासन की नीतियों पर गुस्सा और विरोध सुनने को मिलता है, कुछ लोग इसे मानवाधिकारों का उल्लंघन मानते है"
25,अमेरिका की आर्थिक नीति और राजनीतिक विवाद,"अमेरिका एक महत्वपूर्ण अर्थव्यवस्था और राजनीतिक शक्ति है, जिसकी आर्थिक नीति और राजनीतिक विवाद वैशिष्ट्यपूर्ण हैं। अमेरिका की आर्थिक नीति में बाजारीकरण, उद्यमिता, वित्तीय नियंत्रण और सरकारी योजनाएं आदि शामिल हैं। इन क्षेत्रों में अमेरिका के नेताओं के बीच विवाद होते रहते हैं।

अमेरिका में आर्थिक नीति के मुद्दों पर विवाद होते रहते हैं, जैसे कि कर, व्यापार संबंधी नियम, बाजार की स्वतंत्रता आदि। डेमोक्रेट और रिपब्लिकन पार्टियों के बीच भी आर्थिक नीति पर विवाद होते हैं। डेमोक्रेट पार्टी अक्सर सरकारी व्यय और"
27,अमेरिकी सीनेट और हाउस ऑफ रिप्रेजेंटेटिव्स की भूमिका,"अमेरिकी संघीय राज्यतांत्रिक व्यवस्था में संसद का महत्वपूर्ण स्थान है, जिसमें सीनेट और हाउस ऑफ रिप्रेजेंटेटिव्स दो महत्वपूर्ण संसदीय संस्थाएं हैं।

अमेरिकी सीनेट में प्रत्येक राज्य से दो सदस्य चुने जाते हैं, जिससे हर राज्य की प्रतिनिधि होती है। इसकी मुख्य भूमिका यह है कि यह संसदीय सदन राष्ट्रीय स्तर पर विभिन्न राज्यों के हितों और दरियाफ्त मुद्दों पर विचार करता है और निर्णय लेता है। सीनेट के सदस्यों का कार्यकाल 6 वर्ष का होता है।

दूसरी ओर, हाउस ऑफ रिप्रेजेंटेटिव्स लोकसभा की भूमिका निभाता है। इसमें सदस्यों का चय"
26,अमेरिका की आर्थिक नीति और राजनीतिक विवाद,"अमेरिका की आर्थिक नीति और राजनीतिक विवाद दुनिया भर में चर्चा का विषय रहा है। अमेरिका एक विशालकाय अर्थव्यवस्था और सबसे बड़ी राजनीतिक शक्ति होने के नाते इसकी आर्थिक नीति और राजनीतिक फैसले दुनिया के लिए महत्वपूर्ण होते हैं।

हाल ही में, अमेरिका में ट्रेड वार और टैरिफ्फ के मुद्दे पर व्यापक विवाद चल रहा है। यह विवाद अमेरिका की विदेशी नीति और अंतर्राष्ट्रीय व्यापार को गहराई से प्रभावित कर रहा है। इसके अलावा, अमेरिका की आर्थिक नीति में कई बदलाव किए जा रहे हैं, जैसे कि कर घटाने, निवेश को बढ़ावा देना और नई उद"
29,अमेरिका में हेल्थकेयर नीति: ओबामाकेयर बनाम निजीकरण,"अमेरिका में हेल्थकेयर नीति एक बहुत ही महत्वपूर्ण और विवादास्पद विषय है। अमेरिका में हेल्थकेयर का विवाद लंबे समय से चल रहा है और इसमें दो मुख्य पक्ष हैं - वहां का सार्वजनिक हेल्थकेयर प्रणाली और निजी हेल्थकेयर प्रणाली।

ओबामाकेयर के द्वारा लागू की गई सार्वजनिक हेल्थकेयर नीति ने अमेरिकी समाज में काफी असहमति पैदा की है। इस नीति के अनुसार, सभी नागरिकों को हेल्थ इन्श्योरेंस कवरेज का अधिकार होना चाहिए। यह नीति समाज के गरीब और असहाय वर्गों के लिए बड़ी सहायता साबित होती है, परंतु धनी लोग इसे अत्यधिक टैक्स की दायरी समझत"
30,अमेरिकी राजनीति में लॉबिंग और उसका प्रभाव,"लॉबिंग एक ऐसी प्रक्रिया है जिसमें व्यापारिक समूह या इंडिविजुअल निर्माता या निर्माण उद्योग के हित में राजनीतिक निर्णयकर्ताओं या सरकारी अधिकारियों को प्रभावित करने के लिए अपने हितों या विचारों को प्रस्तुत करते हैं। अमेरिकी राजनीति में लॉबिंग का प्रभाव अत्यधिक महत्वपूर्ण है।

लॉबिंग के माध्यम से व्यापारिक समूह और उद्यमियों का ध्यान राजनीतिक निर्णयकर्ताओं की ओर खींचा जा सकता है। यह उन्हें विभिन्न मुद्दों पर विचार करने के लिए प्रेरित कर सकता है और उनके निर्णयों पर प्रभाव डाल सकता है। व्यापारिक समूहों के लॉबीस्ट"
32,अमेरिकी राजनीति में लॉबिंग और उसका प्रभाव,"लॉबिंग एक प्रकार की राजनीतिक दखल देने की प्रक्रिया है जिसमें व्यापारिक समूह, गैर सरकारी संगठन या व्यक्ति सरकारी नीतियों और निर्णयों पर अपने हितों को प्रभावित करने के लिए सरकारी निर्णयकर्ताओं से संपर्क करते हैं। अमेरिकी राजनीति में भी लॉबिंग एक महत्वपूर्ण भूमिका निभाता है।

अमेरिका में लॉबिस्ट्स (लॉबी करने वाले) अपने समूहों या उद्योगों के हितों की रक्षा करने के लिए काम करते हैं। वे सांसदों, मंत्रियों और अन्य सरकारी अधिकारियों से मिलते हैं और उन्हें अपनी पक्ष की दिशा में प्रेरित करने का प्रयास करते हैं। लॉबिंग के माध"
33,अमेरिका में नस्लीय न्याय और राजनीतिक सुधार,"अमेरिका में नस्लीय न्याय और राजनीतिक सुधार के संदर्भ में वर्षों से चर्चाएं चल रही हैं। नस्लीय न्याय के मामले में, अमेरिका ने विभिन्न कानूनी और सामाजिक पहलूओं की ओर ध्यान दिया है। नस्लीय भेदभाव, जातिवाद, और समाज में असमानता के मुद्दे पर ध्यान देकर, कानूनी नेटवर्क को मजबूत किया जा रहा है।

राजनीतिक सुधार के मामले में, अमेरिका ने विभिन्न क्षेत्रों में बदलाव किए हैं। चुनावी सुधार, कैंपेन फाइनेंस नियमों में सुधार, और राजनीतिक दान के प्रति पारदर्शिता में सुधार इसके उदाहरण हैं। इन सुधारों के माध्यम से, लोगों को अध"
34,अमेरिका में जलवायु परिवर्तन नीति और राजनीतिक प्रभाव,"अमेरिका में जलवायु परिवर्तन नीति और राजनीतिक प्रभाव के विषय में चर्चा वर्तमान समय में बहुत महत्वपूर्ण है। अमेरिका ने हाल ही में अपने जलवायु परिवर्तन के मुकाबले के लिए बड़े प्रस्तावों का सामना किया है और इस पर कानून बनाने की कवायद की है।

जलवायु परिवर्तन के लिए नीतियों को लेकर अमेरिका के राजनीतिक दलों के बीच भिन्नता है। डेमोक्रेटिक पार्टी जलवायु परिवर्तन को गंभीरता से लेती है और इसे रोकने के लिए कड़ी कार्रवाई की जरूरत बताती है, जबकि रिपब्लिकन पार्टी इसे तालते हैं और अपने व्यापक उत्पादन को बचाने पर ध्यान केंद्रित करत"
31,अमेरिका में मतदाता अधिकार और चुनाव सुधार,"अमेरिका में मतदाता अधिकार और चुनाव सुधार के मुद्दे बहुत महत्वपूर्ण हैं। चुनावी प्रक्रिया को सुधारने के लिए प्रयास किए जा रहे हैं ताकि सभी नागरिकों का समान अधिकार हो और वे बिना किसी भेदभाव के अपनी राय दे सकें।

मतदाता अधिकार का मतलब है कि हर नागरिक को अपनी मतदान करने की स्वतंत्रता मिलनी चाहिए। इसके लिए चुनावी प्रक्रिया को सुधारना जरूरी है। अमेरिका में चुनाव सुधार के कई पहलू हैं जैसे कि इलेक्ट्रॉनिक वोटिंग मशीनों का उपयोग, ऑनलाइन मतदान की सुविधा, वोटर आईडी कार्ड के लिए डिजिटल सुरक्षा, चुनावी डाटा की सुरक्षा आदि।

इ"
35,अमेरिकी सीनेट और हाउस ऑफ रिप्रेजेंटेटिव्स की भूमिका,"अमेरिकी संघीय संविधान के अनुसार, संयुक्त राज्यों के संसदों के रूप में अमेरिकी कांग्रेस दो संसदों से मिलकर बनता है - सीनेट और हाउस ऑफ रिप्रेजेंटेटिव्स। ये दोनों संसद अमेरिका के विधायिका, यानी लेगिस्लेचर, बनाने और उन्हें प्राक्रियात्मक रूप से अनुमोदित करने की जिम्मेदारी संभालते हैं।

सीनेट दलात्मक संसद है जिसमें प्रत्येक राज्य से दो सदस्य होते हैं, जिन्हें छह साल के लिए निर्वाचित किया जाता है। सीनेट की मुख्य भूमिका यह है कि वह राज्यों की प्रतिनिधित्व करके उनके हितों की रक्षा करती है और बड़ी राजनीतिक मुद्दों पर निर्णय ल"
36,अमेरिका की आर्थिक नीति और राजनीतिक विवाद,"अमेरिका एक बड़े व्यापारिक राष्ट्र है और इसकी आर्थिक नीति विश्वासयोग्यता, विकास और सुधार के लिए महत्वपूर्ण है। हाल ही में अमेरिका में व्यापारिक युद्ध और तरिके पर विवाद चल रहा है, जिसने अंतरराष्ट्रीय व्यापार और निवेश के मामले में नये संबंधों को उत्पन्न किया है।

अमेरिका के राष्ट्रपति और कांग्रेस के बीच अर्थव्यवस्था के विषय में विवाद भी है। राष्ट्रपति चाहते हैं कि अमेरिका की अर्थव्यवस्था को मजबूत किया जाए और नौकरियों की संख्या बढ़ाई जाए, जबकि कांग्रेस व्यापारिक नीतियों में अधिक विश्वासयोग्यता और न"
37,अमेरिका में नस्लीय न्याय और राजनीतिक सुधार,"अमेरिका में नस्लीय न्याय और राजनीतिक सुधार के लिए देश में व्यापक चरस्पी का सामना करना पड़ा है। नस्लीय न्याय और समानता के मुद्दे अमेरिका के समृद्ध इतिहास में बहुत महत्वपूर्ण हैं। विभिन्न नेताओं, समुदायों, और संगठनों ने इस मुद्दे पर विचार किए हैं और समाधानों की दिशा में कदम उठाए हैं।

नस्लीय न्याय की दिशा में कई कदम उठाए गए हैं, जैसे कि नस्लीय भेदभाव के खिलाफ कड़ी कानूनी कार्रवाई, सामाजिक जागरूकता अभियान, और समानता को बढ़ावा देने वाले योजनाएं। विभिन्न राजनीतिक दल और नेताओं ने इस मुद्दे पर ध्यान कें"
38,अमेरिका में सुप्रीम कोर्ट की भूमिका और प्रभाव,"सुप्रीम कोर्ट अमेरिका की सर्वोच्च न्यायिक प्राधिकरण है जिसका मुख्य कार्य संविधान के अनुसार न्याय देना है। सुप्रीम कोर्ट की भूमिका बहुत महत्वपूर्ण है क्योंकि यह न्यायिक शाखा के तीन मुख्य शाखाओं में से एक है, अन्य दो हैं कांग्रेस और अधिकारिक शाखा। सुप्रीम कोर्ट के न्यायाधीशों का चयन राष्ट्रपति करता है और उन्हें संविधान द्वारा कार्यभार सौंपा गया है।

सुप्रीम कोर्ट का प्रभाव भी अत्यधिक है क्योंकि यह न्यायिक मामलों में अंतिम निर्णय देने का अधिकार रखता है। इसके निर्णय मामलों के लिए अमल करने के लिए सर्वोच्च कोर्ट के निर्णय क"
39,अमेरिका में नस्लीय न्याय और राजनीतिक सुधार,"अमेरिका में नस्लीय न्याय और राजनीतिक सुधार के बारे में बात करते हुए, यह जरूरी है कि हम देश की ऐतिहासिक पृष्ठभूमि को ध्यान में रखें। अमेरिका का संघीय राजनीतिक ढांचा और संविधान नस्लीय भेदभाव के खिलाफ हैं, लेकिन इसके बावजूद भी, नस्लीय न्याय के क्षेत्र में कई चुनौतियाँ और समस्याएं अब भी मौजूद हैं।

नस्लीय न्याय और राजनीतिक सुधार के लिए, सरकार को समाज में समानता और न्याय के लिए सशक्तिकरण करने की जरूरत है। नस्लीय न्याय को बढ़ावा देने के लिए, समाज को अधिक संवेदनशील और शिक्षित बनाने के साथ-साथ, सरकार को न"
41,अमेरिका में गन कंट्रोल नीति पर बहस,"अमेरिका में गन कंट्रोल नीति एक बहुत ही विवादास्पद विषय है। एक ओर, गन कंट्रोल के पक्ष में यह कहा जाता है कि इससे अपराधों और हिंसा को कम किया जा सकता है। साथ ही, यह भी वाद किया जाता है कि यह लोगों की सुरक्षा को भी बढ़ा सकता है।

विरोधी तरफ, गन कंट्रोल के पक्ष में यह तर्क दिया जाता है कि यह मौजूदा कानून की उलझने और गलत उपयोग को रोक सकता है। वे मानते हैं कि गन कंट्रोल का कारगर उपाय नहीं है और इससे निहत्थी लोगों की सुरक्षा पर असर पड़ सकता है।

अमेरिका में गन कंट्रोल के मुद्दे पर सामान्य जनता के विचार भी विभाजित हैं। कुछ ल"
42,अमेरिका में गन कंट्रोल नीति पर बहस,"अमेरिका में गन कंट्रोल नीति पर चर्चा एक बहुचर्चित विषय है। दुनिया भर में अमेरिका में गन दुरुपयोग के मामले बढ़ रहे हैं जिससे सामाजिक और राजनीतिक बहस उत्पन्न हो रही है। विभिन्न पक्षों के लोग इस मुद्दे पर अलग-अलग दृष्टिकोण रखते हैं।

एक पक्ष का मानना है कि अमेरिका में गन कंट्रोल कठिन है और इसे कम करना या नियंत्रित करना संविधान के अधीन नहीं है। वे यह भी कहते हैं कि गन कंट्रोल की नीतियां अपनाने से निराधारकरण बढ़ सकता है। दूसरी ओर, देश में सुरक्षा सुनिश्चित करने के लिए गन कंट्रोल की जरूरत है और गन कंट्रोल कानूनो"
43,अमेरिका में नस्लीय न्याय और राजनीतिक सुधार,"अमेरिका में नस्लीय न्याय एक महत्वपूर्ण और विवादास्पद विषय है। इसका मतलब है कि एक व्यक्ति की जाति, धर्म, रंग, या लिंग के आधार पर उसे न्याय मिलना चाहिए। अमेरिका का इतिहास नस्लीय भेदभाव और उसके परिणामों से भरा है, और इसलिए नस्लीय न्याय एक महत्वपूर्ण विषय है।

अमेरिका में नस्लीय न्याय के सुधार के लिए कई कदम उठाए गए हैं। सबसे महत्वपूर्ण कदम में से एक है सिविल अधिकारों की सुरक्षा। सिविल अधिकारों को सुनिश्चित करने के लिए कानूनी उपाय लिए गए हैं, जिनमें समुदायों के लिए न्याय प्रणाली को सुधारने के लिए कानूनों"
44,अमेरिका में जलवायु परिवर्तन नीति और राजनीतिक प्रभाव,"अमेरिका में जलवायु परिवर्तन नीति और राजनीतिक प्रभाव

अमेरिका एक देश है जो जलवायु परिवर्तन के लिए अग्रणी नीतियों के लिए विख्यात है। जलवायु परिवर्तन का खतरा मानवता के समक्ष एक महान चुनौती है और इसका सबसे बड़ा प्रभाव जलवायु में तेज़ी से बदलाव का है।

अमेरिकी संघीय सरकार ने अपनी प्रतिबद्धता दिखाई है जलवायु परिवर्तन की अवरोध और उसकी नकारात्मक प्रभावों से निपटने के लिए। पिछले कुछ वर्षों में, अमेरिकी सरकार ने जलवायु परिवर्तन के खिलाफ कई महत्वपूर्ण कदम उठाए हैं, जैसे कि पारिस समझौता को समर्थन देना, जो कि जलवायु"
40,अमेरिका में मतदाता अधिकार और चुनाव सुधार,"अमेरिका में मतदाता अधिकार और चुनाव सुधार एक महत्वपूर्ण विषय है जिसपर ध्यान दिया जा रहा है। यह विषय देश के लोकतांत्रिक प्रक्रियाओं के मूल तत्वों में से एक है जो सुनिश्चित करता है कि हर नागरिक का चुनाव में समान दर्जा होता है।

अमेरिका में मतदाता अधिकार को सुनिश्चित करने के लिए कई कदम उठाए जा रहे हैं। इनमें से कुछ मुख्य हैं जैसे कि वोटर आईडी कार्ड के माध्यम से पहचान करना, वोटिंग मशीनों की सुरक्षा सुनिश्चित करना और ऑनलाइन वोटिंग की सुविधा जोड़ना। इन कदमों के माध्यम से लोगों को अपने अधिकारों का उपयोग करने में मदद मिल"
45,अमेरिकी संविधान और उसकी राजनीति पर प्रभाव,"अमेरिकी संविधान एक ऐतिहासिक दस्तावेज है जो 1787 में बनाया गया था और जिसने अमेरिकी राजनीति को एक मजबूत आधार दिया। इस संविधान ने अमेरिकी संघीयता की नींव रखी और विभिन्न राज्यों के बीच संघर्षों को सुलझाने के लिए एक संविधानिक मार्ग निर्धारित किया।

अमेरिकी संविधान ने अमेरिकी राजनीति पर कई प्रभाव डाले हैं। पहले तो, यह देश को एक संघीय तंत्र के रूप में संगठित किया गया है जिसमें संघ और राज्यों के बीच संबंधों का स्पष्ट विभाजन है। द्वितीय, संविधान ने नागरिकों को अधिकारों और कर्तव्यों की स्पष्ट सूची दी है ज"
46,अमेरिका में गन कंट्रोल नीति पर बहस,"अमेरिका में गन कंट्रोल नीति एक बहुविवादित विषय है। एक ओर, कुछ लोग मानते हैं कि गन कंट्रोल के कठोर नियम लागू करने से अपराधों में कमी होगी और सामाजिक सुरक्षा मजबूत होगी। दूसरी ओर, कुछ लोग यकीन रखते हैं कि गन कंट्रोल की कड़ी नीतियों से सामान्य नागरिकों का अधिकार हनन होगा और स्वतंत्रता की मार्ग का उल्लंघन होगा।

अमेरिका में गन कंट्रोल की बहस इतनी तेजी से चल रही है क्योंकि गन वामी हमलों और अपराधों के दौरान अमेरिकी नागरिकों की मौत की संख्या बढ़ रही है। इस विवाद में एक ओर लोग गन कंट्रोल के नियमों की मजबूती की मांग करत"
47,अमेरिका में अप्रवासन नीति और उसकी राजनीति,"अमेरिका में अप्रवासन नीति एक चरमपंथी और विवादास्पद विषय है जिसने देश को विभाजित कर दिया है। अप्रवासन नीति के बारे में विचार करने में व्यक्ति की विचारधारा और राजनीतिक दृष्टिकोण भी आते हैं।

अप्रवासन नीति के पक्षापक्ष दोनों हैं। कुछ लोग इसे एक शीघ्र और नियमित तरीके से समाधान के रूप में देखते हैं, जबकि अन्य लोग इसे नैतिक और कानूनी संदेह के रूप में मानते हैं। अमेरिका में अप्रवासन नीति के विवाद में विशेष रूप से मौजूदा प्रशासन की राजनीतिक नीतियों और कठिनाईयों का महत्वपूर्ण योगदान है।

अमेरिका का अप्र"
48,अमेरिकी राष्ट्रपति चुनाव प्रणाली: एक विस्तृत विश्लेषण,"अमेरिका में राष्ट्रपति चुनाव प्रक्रिया एक व्यापक और जटिल प्रक्रिया है जो देश के लोकतंत्रिक उपकरण को प्रक्रियात्मक और सुरक्षित बनाती है। अमेरिकी राष्ट्रपति चुनाव प्रणाली को व्यापक विश्लेषण से समझने के लिए यह जानकारी महत्वपूर्ण है।

पहले, अमेरिका में राष्ट्रपति का चयन विश्वसनीय चुनावाधिकारियों द्वारा होता है। चुनावी आयोग (Election Commission) राष्ट्रपति के चयन प्रक्रिया का संचालन करता है। अमेरिकी राष्ट्रपति का चयन प्रत्येक चार साल में एक बार होता है।

दूसरे, अमेरिका में राष्ट्रपति चुनाव एक चरणिक प्रक्रिया है जिसमें प्रारंभिक चरण, राज्यों के प"
49,अमेरिका में हेल्थकेयर नीति: ओबामाकेयर बनाम निजीकरण,"अमेरिका में हेल्थकेयर नीति एक चरमपंथी विषय है जिसमें व्यक्तिगत स्वास्थ्य सेवाओं की पहुंच और लाभ की व्यवस्था के बारे में विचार किया जाता है। अमेरिका में हेल्थकेयर नीति का मुख्य विवाद है ओबामाकेयर (आर्थिक सुरक्षा और संज्ञान अधिनियम) और निजीकरण के बीच।

ओबामाकेयर का मुख्य उद्देश्य था समाज में स्वास्थ्य देखभाल की पहुंच को बढ़ाना और सुनिश्चित करना कि सभी लोग उचित स्वास्थ्य सेवाओं का लाभ ले सकें। इसके तहत, ओबामाकेयर ने अस्वीकृति की रोकथाम को हटाने, स्वास्थ्य बीमा योजनाओं की विस्तारित पहुंच को बढ़ाने और निर्ध"
50,अमेरिकी राष्ट्रपति चुनाव प्रणाली: एक विस्तृत विश्लेषण,"अमेरिका में राष्ट्रपति चुनाव प्रणाली एक व्यापक और जटिल प्रक्रिया है जिसमें विभिन्न राज्यों के मतदाताओं के मतों का संग्रह होता है। यह प्रक्रिया चार साल में एक बार होती है और कई चरणों में संपन्न होती है। इस प्रक्रिया में पार्टी अभ्यार्थी ने उम्मीदवार के रूप में उत्तराधिकारी की नामांकन करती है, जिसके बाद चुनाव प्रचार, मतदान और नतीजों की घोषणा होती है।

अमेरिकी राष्ट्रपति चुनाव प्रणाली में मतदान कॉलेजियम के माध्यम से होता है, जिसमें मतदान करने वाले प्रत्येक राज्य को एक निश्चित संख्या मत मिलते हैं। राष्ट्रपति चुनाव में जीतने के लिए किस"
51,अमेरिका में हेल्थकेयर नीति: ओबामाकेयर बनाम निजीकरण,"अमेरिका में हेल्थकेयर नीति एक बहुत ही महत्वपूर्ण और चर्चित विषय है। इस विषय पर एक दो पक्ष हैं - ओबामाकेयर और निजीकरण।

ओबामाकेयर का अमेरिकी हेल्थकेयर पर बड़ा प्रभाव हुआ है। इसका मुख्य लक्ष्य था कि सभी अमेरिकी नागरिकों को सस्ती और प्रभावी स्वास्थ्य सुविधा प्रदान की जाए। इसके तहत, एक नया आवंटन प्रणाली लागू की गई जिसके अंतर्गत लोगों को बेहतर सुविधाएं मिलने लगी।

वहीं, निजीकरण का मुद्दा भी बहुत महत्वपूर्ण है। निजी स्वास्थ्यसेवा प्रदायकों का मानना है कि यह उन्हें अधिक स्वतंत्रता और गुणवत्ता प्रदान करता है"
52,अमेरिका में जलवायु परिवर्तन नीति और राजनीतिक प्रभाव,"अमेरिका में जलवायु परिवर्तन नीति एक महत्वपूर्ण और विवादित विषय है जिसका गहरा राजनीतिक प्रभाव है। जलवायु परिवर्तन के कारणों में वन्य जीवन की हानि, तापमान में वृद्धि, जल संकट, और प्राकृतिक आपदाएं शामिल हैं।

अमेरिका में जलवायु परिवर्तन के खिलाफ नीतियों की विकास में राजनीतिक दलों के बीच विभिन्न मतभिन्नताएं हैं। एक ओर, विश्वासघाती कहते हैं कि जलवायु परिवर्तन का कोई वास्तविक प्रमाण नहीं है। दूसरी ओर, वातावरण समर्थनकर्ता इसे गंभीर समस्या मानते हैं और उसके खिलाफ कठोर कदम उठाने की मांग करते हैं।

राजनीतिक दलो"
54,अमेरिकी राजनीति में लॉबिंग और उसका प्रभाव,"लॉबिंग एक ऐसी प्रक्रिया है जिसमें संगठित समूह या व्यक्ति सरकारी निर्णय लेने के लिए शक्ति का उपयोग करते हैं। अमेरिकन राजनीति में लॉबिंग एक महत्वपूर्ण भूमिका निभाता है, क्योंकि यहां विभिन्न समूहों के प्रतिनिधित्व करने वाले लॉबिस्ट राजनीतिक निर्णयों पर प्रभाव डाल सकते हैं।

लॉबिंग का प्रभाव अमेरिकन राजनीति में विवादित मुद्दा रहा है। कुछ लोग मानते हैं कि लॉबिंग एक लोकतंत्र में स्वाभाविक प्रक्रिया है जो समृद्धि और विकास को बढ़ावा देती है, जबकि कुछ लोग इसे भ्रष्टाचार का माध्यम मानते हैं जो देश की जनता के ह"
53,अमेरिकी राजनीति में लॉबिंग और उसका प्रभाव,"लॉबिंग अमेरिकी राजनीति में एक महत्वपूर्ण और व्यापक अभ्यास है जिसमें सरकारी निर्णयकर्ताओं को प्रभावित करने के लिए व्यापक संगठनों या व्यक्तियों के द्वारा लोभी या प्रतिनिधि की भूमिका निभाई जाती है। लॉबिस्ट्स या लॉबियों द्वारा राजनीतिक दलों और निर्णयकर्ताओं को विभिन्न मुद्दों पर प्रेरित किया जाता है ताकि उनके हित में निर्णय लिया जा सके। 

अमेरिकी राजनीति में लॉबिंग का प्रभाव बहुत महत्वपूर्ण है। व्यापक वित्तीय संस्थाएं, उद्योग और व्यापार समूह, गैर सरकारी संगठन और अन्य बड़े संगठन लॉबी के माध्यम से"
55,अमेरिकी संविधान और उसकी राजनीति पर प्रभाव,"अमेरिकी संविधान एक महत्वपूर्ण दस्तावेज है जो अमेरिकी राजनीति को निर्धारित करने में मदद करता है। यह संविधान अमेरिकी संघीय प्रणाली का आधार है और इसमें संघीय सरकार, राज्य सरकारों और नागरिकों के अधिकारों का वितरण तय किया गया है।

अमेरिकी संविधान ने अमेरिकी राजनीति पर कई प्रभाव डाले हैं। पहली बात यह है कि संविधान ने व्यक्ति के अधिकारों को सुरक्षित किया है और उसे स्वतंत्रता और समानता का अधिकार प्रदान किया है। इसके अलावा, संविधान ने सरकार की शक्ति को विभाजित किया है ताकि किसी भी एक सरकार को अत्यधिक शक्ति मिलने से रोका ज"
57,अमेरिकी राष्ट्रपति चुनाव प्रणाली: एक विस्तृत विश्लेषण,"अमेरिकी राष्ट्रपति चुनाव प्रणाली एक दिलचस्प और व्यापक प्रक्रिया है जिसमें अमेरिकी नागरिकों का वोट डालकर अमेरिकी राष्ट्रपति का चयन होता है। यह प्रक्रिया चार साल में एक बार होती है और इसमें कई चरण होते हैं।

पहला चरण है प्राथमिक चरण, जिसमें राज्यों द्वारा कार्यान्वयन किया जाता है। इसमें विभिन्न उम्मीदवारों के बीच मतदान होता है और विजेता को वार्ड के आधार पर डिलीगेट कर दिया जाता है।

दूसरा चरण है राष्ट्रीय समापन, जिसमें प्राथमिक चरण के विजेताओं को एकत्रित किया जाता है। इसमें प्रत्येक दल अपने उम्मीदवार को चुनने के"
56,अमेरिका में हेल्थकेयर नीति: ओबामाकेयर बनाम निजीकरण,"अमेरिका में हेल्थकेयर नीति एक बहुत ही महत्वपूर्ण और विवादित विषय है। वहाँ पर हेल्थकेयर सिस्टम के विकास में दो बड़े सिद्धांत हैं - ओबामाकेयर (Affordable Care Act) और निजीकरण।

ओबामाकेयर, जिसे ACA के नाम से भी जाना जाता है, एक सरकारी कार्यक्रम है जिसका उद्देश्य सभी अमेरिकी नागरिकों को सस्ते और पहुंचने वाले स्वास्थ्य बीमा की सुविधा प्रदान करना है। यह कार्यक्रम समुदाय के असक्षम व्यक्तियों को भी बीमा का लाभ पहुंचाता है। हालांकि, इसके विरोधियों का कहना है कि यह नकारात्मक प्रभाव डाल सकता है और बाज़ार को बिगाड़ सकता है।

विपक्ष में, निजीकर"
59,अमेरिकी संविधान और उसकी राजनीति पर प्रभाव,"अमेरिकी संविधान एक महत्वपूर्ण दस्तावेज है जो संयुक्त राज्य अमेरिका की राष्ट्रीय संरचना और शासन के सिद्धांतों को स्थापित करता है। संविधान अमेरिकी राजनीति पर गहरा प्रभाव डालने के साथ-साथ विभिन्न विषयों पर विवादों का भी केंद्र है।

अमेरिकी संविधान ने देश को एक गणराज्य के रूप में स्थापित किया है, जिसमें नागरिकों के मौलिक अधिकार, सरकारी संरचना, और शक्ति विभाजन के सिद्धांत शामिल हैं। संविधान ने भारतीय राजनीति पर गहरा प्रभाव डाला है जैसे कि यहाँ के नेताओं को सरकारी निर्णय लेने में मदद करता है और नागरिकों को अपने अधिकारो"
58,अमेरिका में हेल्थकेयर नीति: ओबामाकेयर बनाम निजीकरण,"अमेरिका में हेल्थकेयर नीति एक महत्वपूर्ण और विवादास्पद विषय है, जिसमें दो मुख्य पक्ष हैं - ओबामाकेयर और निजीकरण।

ओबामाकेयर, जिसे अफ़फ़ोर्डेबल केयर एक्ट (ACA) के नाम से भी जाना जाता है, एक सरकारी हेल्थकेयर योजना है जिसका उद्देश्य सभी अमेरिकी नागरिकों को सस्ती और पहुंचने वाली स्वास्थ्य सुविधाएं उपलब्ध कराना है। इस योजना के तहत, सभी लोगों को हेल्थ इंश्योरेंस कवरेज प्राप्त करने का अधिकार है।

विरोधी पक्ष में निजीकरण शामिल है, जिसका मतलब है कि हेल्थकेयर सुविधाएं निजी कंपनियों द्वारा प्रदान की जाएं, जिससे व"
62,अमेरिकी विदेश नीति: चीन और रूस के साथ संबंध,"अमेरिकी विदेश नीति एक महत्वपूर्ण विषय है जिसका महत्व विशेषकर आज के समय में बढ़ गया है। अमेरिका के संबंध चीन और रूस के साथ एक विशेष महत्वपूर्ण क्षेत्र है जिसे ध्यान में रखना आवश्यक है।

चीन के साथ अमेरिकी संबंध एक विपरीतता भरी स्थिति में हैं। दोनों देश विश्व की दो सबसे बड़ी अर्थव्यवस्थाओं के रूप में उभरे हैं, लेकिन उनके बीच विवाद भी है। व्यापारिक मुद्दों, तकनीकी साहयता, विदेशी नीति, और रक्षा मुद्दों पर दोनों देशों के बीच उत्पन्न विवाद रहते हैं।

दूसरी ओर, अमेरिका और रूस के संबंध भी तनावप"
61,अमेरिका में मतदाता अधिकार और चुनाव सुधार,"अमेरिका में मतदाता अधिकार और चुनाव सुधार के मामले में एक महत्वपूर्ण विवाद चल रहा है। इस्तीफे के बाद, डोनाल्ड ट्रम्प के राष्ट्रपति बनने के बाद, अमेरिका में चुनाव सिस्टम के सुधार की मांग बढ़ी है। अमेरिकी नागरिकों के बीच मतदाता अधिकार की समीक्षा के साथ-साथ, विभिन्न राज्यों में चुनाव के तरीके और प्रक्रियाओं में सुधार की जरूरत का मामला उठा है।

अमेरिका में मतदाता अधिकार का मुद्दा लंबे समय से उभरा हुआ है। कई लोग मानते हैं कि कुछ राज्यों में मतदाताओं को वोट डालने से रोकने की कोई साजिश की जा रही है। इसके अलावा, चुनाव सिस्ट"
60,अमेरिका में अप्रवासन नीति और उसकी राजनीति,"अमेरिका में अप्रवासन नीति और उसकी राजनीति एक महत्वपूर्ण और विवादास्पद विषय है। अप्रवासन नीति का मुख्य उद्देश्य अमेरिकी नागरिकों को यह सुनिश्चित करना है कि वे अपनी नियामक सीमाओं को पालन करते हैं और देश में गैरकानूनी प्रवेश को रोका जाता है।

अमेरिका में अप्रवासन नीति का प्रमुख तंत्र है 'अमेरिकन इमिग्रेशन एंड कस्टम्स एनफोर्समेंट' (ICE)। ICE एक संघीय एजेंसी है जिसका कार्यक्षेत्र अप्रवासन, विदेशी देशों से अप्रवेश और अवैध वस्त्रापूषण को रोकना है। ICE के अधिकारी अमेरिकी सीमाओं की निगरानी करते हैं, अप्रवासन के दोषियों"
63,अमेरिका में सुप्रीम कोर्ट की भूमिका और प्रभाव,"अमेरिका में सुप्रीम कोर्ट एक महत्वपूर्ण संवैधानिक संस्था है जो न्यायिक प्रशासन को संचालित करती है। यह उच्चतम न्यायिक संस्था के रूप में काम करती है और संविधान की व्याख्या करती है। सुप्रीम कोर्ट के न्यायाधीशों की नियुक्ति अमेरिकी राष्ट्रपति द्वारा की जाती है और उनकी स्थिति उनकी जीवनकाल तक अटल रहती है।

सुप्रीम कोर्ट के फैसले अमेरिका की सामाजिक और राजनीतिक धारा को परिभाषित करने में महत्वपूर्ण भूमिका निभाते हैं। इसे अंतिम न्यायिक प्राधिकरण के रूप में जाना जाता है जिसका फैसला अंतिम होता है और सभी अन्य न्यायिक संस्थानों को"
64,अमेरिका में हेल्थकेयर नीति: ओबामाकेयर बनाम निजीकरण,"अमेरिका में हेल्थकेयर नीति एक बहुत महत्वपूर्ण और विवादित विषय है, जिसमें दो मुख्य पक्ष हैं - ओबामाकेयर (जिसे अफ़वाही तौर पर ऑबेमाकेयर के नाम से भी जाना जाता है) और निजीकरण।

ओबामाकेयर का उद्देश्य सभी अमेरिकी नागरिकों को सस्ती और पहुंचने वाली स्वास्थ्य सेवाएं प्रदान करना था। इस नीति के अंतर्गत, लोगों को स्वास्थ्यविधि के लिए निर्धारित मानक सेवाएं मिलती थीं। हालांकि, इस नीति को लेकर कई विवाद भी उठे, जैसे कि यह कितनी कीमती है, क्या इससे अधिक ब्याज लगेगा और क्या यह स्वास्थ्य सेवाओं में भी वाढ़ पैदा करेगा।

व"
66,अमेरिका की आर्थिक नीति और राजनीतिक विवाद,"अमेरिका की आर्थिक नीति और राजनीतिक विवाद दुनिया भर में चर्चा का विषय बना हुआ है। अमेरिका एक अर्थव्यवस्था के लिए अंतर्राष्ट्रीय धारावाहिक बन चुका है, और उसकी नीतियों का प्रभाव विश्वभर महसूस होता है। अमेरिका की आर्थिक नीति को लेकर कई मुद्दों पर विवाद है, जैसे कर धारा सुधार, व्यापार नीति, निर्यात और आवास के मामले।

अमेरिका में दो प्रमुख दल, डेमोक्रेट्स और रिपब्लिकन्स, के बीच आर्थिक नीति पर विवाद होता है। डेमोक्रेट्स अक्सर सामाजिक कार्यक्रम और कर धारा में सुधार की ओर जाने की पक्ष में होते हैं, जबकि रिपब्लिकन्स व्य"
67,अमेरिका में सुप्रीम कोर्ट की भूमिका और प्रभाव,"अमेरिका में सुप्रीम कोर्ट एक महत्वपूर्ण संवैधानिक संस्था है जो न्याय के क्षेत्र में महत्वपूर्ण निर्णय लेती है। सुप्रीम कोर्ट के न्यायाधीशों का चयन राष्ट्रपति करता है और उनकी सेवा की अवधि जीवनभर की होती है। सुप्रीम कोर्ट के निर्णयों का प्रभाव समाज पर बहुत गहरा पड़ता है, क्योंकि ये निर्णय समाज के संविधानिक अधिकारों और कानूनों को समझने और उन्हें लागू करने में मदद करते हैं।

सुप्रीम कोर्ट के निर्णयों का प्रभाव विभिन्न क्षेत्रों में दिखाई देता है, जैसे धार्मिक और सामाजिक मुद्दे, नागरिकता, न्यायिक प्रक्रिया, और राजनीतिक मुद्दे"
65,अमेरिका में अप्रवासन नीति और उसकी राजनीति,"अमेरिका में अप्रवासन नीति एक बहुदूरी राष्ट्रिय विषय है जिसने समृद्धि, राजनीति और सामाजिक संगठन को प्रभावित किया है। इस विषय पर अमेरिका में महत्वपूर्ण चर्चाएं चल रही हैं, खासकर जब विदेशी अवसरों को लेकर तनाव व्याप्त है।

अमेरिका में अप्रवासन नीति को राजनीतिक दलों के बीच विवाद का विषय बनाया गया है। एक ओर उसे सुरक्षा और रोजगार संरक्षण के लिए जरूरी माना जाता है, वहीं दूसरी ओर यह आपातकालीन स्थितियों में मानवीय सहायता की दृष्टि से अनुशासनीयता के प्रश्न उठाता है।

अमेरिका में अप्रवासन नीति के लिए विभिन"
69,अमेरिका में हेल्थकेयर नीति: ओबामाकेयर बनाम निजीकरण,"अमेरिका में हेल्थकेयर नीति एक बहुत ही महत्वपूर्ण और विवादास्पद विषय है। इसमें दो प्रमुख पक्ष हैं - एक ओबामाकेयर स्वास्थ्य सुरक्षा कानून जो 2010 में पारित हुआ था और दूसरा है निजीकरण, जिसमें निजी कंपनियों को स्वास्थ्य सेवाएं प्रदान करने की अधिक अधिकारिकता मिलती है।

ओबामाकेयर को अमेरिकन स्वास्थ्य सुरक्षा कानून के रूप में जाना जाता है, जिसका उद्देश्य सभी अमेरिकी नागरिकों को सस्ती और गुणवत्ता से स्वास्थ्य सुरक्षा पहुंचाना था। इसके तहत, नई अधिकारिकता जोड़ी गई, जैसे कि पूर्व में पूंजीपतियों द्वारा संचालित कंपन"
68,अमेरिका की आर्थिक नीति और राजनीतिक विवाद,"अमेरिका की आर्थिक नीति और राजनीतिक विवाद दुनिया भर में चर्चा का विषय बना हुआ है। अमेरिका एक विशाल और अर्थव्यवस्था में अग्रणी देश है, जिसके नीतियों और निर्णयों का वैश्विक प्रभाव होता है। इसके साथ ही, अमेरिका में राजनीतिक विवाद भी अधिक होते रहते हैं।

आर्थिक नीति के मामले में, अमेरिका का अर्थव्यवस्था विभिन्न क्षेत्रों में विकासशील है, लेकिन आर्थिक असंतुलन, कर नीति, व्यापार रोषनीकरण और विदेशी नीतियों पर विवाद हमेशा रहता है। अमेरिका के बजट, कर दरें, और वित्तीय प्रबंधन पर राजनीतिक दलों के बीच आमने-सामने"
71,अमेरिका की आर्थिक नीति और राजनीतिक विवाद,"अमेरिका की आर्थिक नीति और राजनीतिक विवाद दुनिया भर में बहुत चर्चा के विषय बने हुए हैं। अमेरिका एक विकासशील देश है जिसकी अर्थव्यवस्था वैश्विक स्तर पर एक महत्वपूर्ण भूमिका निभाती है। इसके बावजूद, देश में आर्थिक विषमता, न्यायालयी विवाद, और राजनीतिक विवाद सामान्य घटना बन गए हैं।

आर्थिक नीति के मामले में, अमेरिका के विभिन्न राजनीतिक दलों के बीच विपरीत मतभेद होते रहते हैं। कुछ दल आर्थिक नीति में कटुपंथी दृष्टिकोण रखते हैं जबकि कुछ दल उदार नीति का समर्थन करते हैं। यह मतभेद अक्सर टैक्स नीति,"
70,अमेरिका में अप्रवासन नीति और उसकी राजनीति,"अमेरिका में अप्रवासन नीति एक महत्वपूर्ण और विवादास्पद विषय है जिसने देश की राजनीति में गहरा प्रभाव डाला है। अप्रवासन नीति का मतलब है किसी व्यक्ति या समूह को अन्य देश या क्षेत्र से आने की अनुमति नहीं है। अमेरिका में अप्रवासन नीति के मामले में, बहुत सारे विषय शामिल हैं जैसे कि असली व्यक्तिगत सुरक्षा, आर्थिक विकास, और सामाजिक स्थिति।

अमेरिका ने अपनी अप्रवासन नीति को विभिन्न प्रशासनों के दौरान समय-समय पर संशोधित किया है। उसने अप्रवासन नीति को खासकर आतंकवाद और अपराध के खिलाफ लड़ाई में जोड़ा है। इसके अलावा, व"
72,अमेरिकी मीडिया और राजनीति: निष्पक्षता बनाम ध्रुवीकरण,"अमेरिकी मीडिया और राजनीति के बीच निष्पक्षता और ध्रुवीकरण का मुद्दा एक बहुत महत्वपूर्ण और विवादास्पद विषय है। मीडिया का मुख्य कार्य होता है समाचार और जानकारी प्रदान करना, लेकिन आजकल कई बार मीडिया को राजनीतिक ध्रुवीकरण का आरोप लगाया जाता है।

अमेरिकी मीडिया द्वारा राजनीति पर विचारों को प्रभावित करने का आरोप उनके संवेदनशीलता को खोने के साथ ही जुड़ा हुआ है। कई बार मीडिया एक पक्षपाती दृष्टिकोण लेकर समाचार प्रस्तुत करता है, जिससे लोगों के मनोभाव पर प्रभाव पड़ता है। इससे न केवल लोगों की सोच पर असर पड़ता है, बल"
73,अमेरिकी राजनीति में लॉबिंग और उसका प्रभाव,"लॉबिंग एक प्रभावशाली तकनीक है जिसका अमेरिकी राजनीति पर गहरा प्रभाव है। लॉबिस्ट्स यानी लॉबीज राजनीतिक निर्णयों पर प्रभाव डालने के लिए सरकारी नेताओं और अधिकारियों से संपर्क साधारित करते हैं। वे व्यापार, उद्योग, सामाजिक संगठन और अन्य समूहों के पक्ष में काम करते हैं ताकि सरकारी नीतियों में उनके हितों को ध्यान में रखा जा सके।

लॉबिंग का प्रभाव अमेरिकी राजनीति पर विवादास्पद है। कुछ लोग मानते हैं कि यह एक वैश्विक अर्थव्यवस्था में महत्वपूर्ण तकनीक है जो विभिन्न समूहों के हितों को सुनिश्चित करने में मदद करती है,"
74,अमेरिका की आर्थिक नीति और राजनीतिक विवाद,"अमेरिका की आर्थिक नीति और राजनीतिक विवाद दुनिया भर में महत्वपूर्ण हैं और इसका प्रभाव विश्वासनीय है। अमेरिका का अर्थव्यवस्था विश्व की सबसे बड़ी है और उसकी नीतियाँ दुनिया भर में उच्च स्तर पर प्रभाव डालती हैं।

अमेरिका की आर्थिक नीति में विभिन्न तत्व शामिल हैं जैसे कि कर, निवेश, व्यापार, बाजारीकरण आदि। राष्ट्रीय उत्पादन, रोजगार, और आय वित्तीय और नौकरी से संबंधित होती हैं।

अमेरिका में आर्थिक और राजनीतिक विवाद भी अनेक हैं। उदाहरण के लिए, टैक्स नीति, व्यापार सम्बंधित नीतियाँ, विदेशी नीतियाँ, व"
75,अमेरिका में हेल्थकेयर नीति: ओबामाकेयर बनाम निजीकरण,"अमेरिका में हेल्थकेयर नीति एक बहुत ही महत्वपूर्ण और विवादास्पद विषय है। इस विषय पर एक महत्वपूर्ण चरण ओबामाकेयर नीति का प्रदर्शन था, जो 2010 में पारित हुआ था। इस नीति के तहत, अमेरिकी नागरिकों को सस्ती और उचित स्वास्थ्य सुविधाएं प्रदान करने का प्रयास किया गया था। इसका मुख्य उद्देश्य था कि हर अमेरिकी को उचित चिकित्सा सेवाएं मिलनी चाहिए और किसी भी कारणवश उनका इलाज न होने पर उन्हें आर्थिक बोझ से मुक्ति मिलनी चाहिए।

विपक्ष में, निजीकरण के पक्ष में हैं जिनका मानना है कि स्वास्थ्य सेवाएं निजी कंपनियों के द्वारा प्रदान की जानी"
76,अमेरिका में मतदाता अधिकार और चुनाव सुधार,"अमेरिका में मतदाता अधिकार और चुनाव सुधार के मुद्दे देश के राजनीतिक परिदृश्य में महत्वपूर्ण स्थान रखते हैं। मतदाताओं के साथ जुड़ी सुविधाएं और उनके अधिकारों का सम्मान देश की लोकतंत्रिक प्रक्रिया के लिए अत्यंत आवश्यक है।

अमेरिका में मतदाताओं को वोट करने के लिए अपनी पहचान प्रमाणित करने की जरूरत होती है, जिससे चुनाव निष्पादित हो सके। साथ ही, अमेरिका में मतदान करने के लिए विभिन्न सुविधाएं भी उपलब्ध हैं जैसे अवकाश, ईमेल वोटिंग, और इंजनीरिंग कर्मियों के लिए ऑनलाइन वोटिंग।

चुनाव सुधार के क्षेत्र में अमेरिका ने कई क"
78,अमेरिका में हेल्थकेयर नीति: ओबामाकेयर बनाम निजीकरण,"अमेरिका में हेल्थकेयर नीति एक बहुत ही महत्वपूर्ण और विवादास्पद विषय है। इसके संदर्भ में, दो मुख्य प्रस्थान हैं - ओबामाकेयर अधिनियम और हेल्थकेयर की निजीकरण।

ओबामाकेयर अधिनियम 2010 में लागू किया गया था और इसका मुख्य उद्देश्य था कि सभी अमेरिकी नागरिकों को सस्ती और उचित स्वास्थ्य सेवाएं प्राप्त करने का अधिकार हो। यह अधिनियम स्वास्थ्य सेवाओं की पहुंच के सुधार के लिए कई प्रावधान लेता है, जैसे कि प्री-इग्जिस्टिंग कंडीशन्स पर भी कवरेज, आय के आधार पर सब्सिडी, और बच्चों के लिए मात्र कवरेज।

विपक्ष में, हेल्थकेयर की निज"
77,अमेरिका की आर्थिक नीति और राजनीतिक विवाद,"अमेरिका की आर्थिक नीति और राजनीतिक विवाद विश्व के लिए महत्वपूर्ण हैं। विश्व की सबसे बड़ी अर्थव्यवस्था के रूप में, अमेरिका की आर्थिक नीति दुनिया भर में प्रभाव डालती है। विशेषकर, अमेरिका की धरोहरी राजनीति में संकट उत्पन्न कर रही हैं, जैसे कि ट्रेड वार, कार उत्पादन और वाणिज्यिक नीतियों पर सहमति नहीं होना।

अमेरिका में धरोहरी राजनीति ने भी अधिक मुद्दों का सामना किया है, जैसे कि आयकर सुधार, राजनीतिक वित्त और आर्थिक समानता। यहाँ तक कि कोविड-19 महामारी ने भी अमेरिकी अर्थव्यवस्था पर बड़ा प्रभाव डाला है और इसने न"
79,अमेरिका में गन कंट्रोल नीति पर बहस,"अमेरिका में गन कंट्रोल नीति एक बहुत ही विवादास्पद विषय है। एक ओर, गन कंट्रोल समर्थक विचार करते हैं कि गन कंट्रोल कानूनों के माध्यम से अवैध हथियारों के प्रयोग को रोका जा सकता है और इससे अपराध कम हो सकते हैं। दूसरी ओर, गन कंट्रोल के विरोधी विचारक यह मानते हैं कि यह व्यक्तिगत स्वतंत्रता को हानि पहुंचाता है और सामाजिक सुरक्षा में कोई फर्क नहीं पैदा करता।

अमेरिका में हर साल हजारों लोग गन वायलंस से मर रहे हैं और इस समस्या का समाधान तलाशने के लिए राष्ट्रीय स्तर पर बहस जारी है। गन कंट्रोल के समर्थक यह मानते हैं कि सख्त कानून बनाने से"
80,अमेरिकी संविधान और उसकी राजनीति पर प्रभाव,"अमेरिकी संविधान एक महत्वपूर्ण दस्तावेज है जिसने अमेरिकी राजनीति और समाज को मोल दिया है। यह एक व्यवस्था है जो संविधानिक सार्वभौमिकता, स्वतंत्रता और समानता के मूल्यों पर आधारित है। अमेरिकी संविधान ने एक सशक्त लोकतंत्र की नींव रखी है जिसमें सरकार के अधिकारों को सीमित करके नागरिकों के अधिकारों को सुनिश्चित किया गया है।

अमेरिकी संविधान और उसकी राजनीति का प्रभाव विशेष रूप से इन बिंदुओं पर दिखाई देता है:

1. व्यक्तिगत स्वतंत्रता: संविधान ने नागरिकों को व्यक्तिगत स्वतंत्रता प्रदान की है और उनकी अधिकारों की रक्षा की है।"
81,अमेरिका में सुप्रीम कोर्ट की भूमिका और प्रभाव,"सुप्रीम कोर्ट अमेरिका की उच्चतम न्यायिक अदालत है और इसकी भूमिका अत्यधिक महत्वपूर्ण है। सुप्रीम कोर्ट का मुख्य कार्य यह है कि यह सुनवाई करती है और अन्य न्यायिक संकटों का निराकरण करती है। यह कोर्ट संविधान के प्रावधानों की व्याख्या करती है और राष्ट्र के न्यायिक प्रणाली को सुनिश्चित करने के लिए जिम्मेदार है।

सुप्रीम कोर्ट का प्रभाव भी अत्यधिक महत्वपूर्ण है। इसके निर्णयों का प्रभाव पूरे देश को प्रभावित करता है। यहां लिए गए निर्णय सामाजिक और राजनीतिक विवादों पर गहरा प्रभाव डालते हैं और समाज में बदलाव लाते हैं।

सुप्रीम कोर्ट क"
82,अमेरिका में हेल्थकेयर नीति: ओबामाकेयर बनाम निजीकरण,"अमेरिका में हेल्थकेयर नीति एक बहुत ही महत्वपूर्ण और विवादास्पद विषय है। इसके बारे में दो प्रमुख सिद्धांत हैं - ओबामाकेयर (Affordable Care Act) और निजीकरण।

ओबामाकेयर को 2010 में पारित किया गया था और इसका मुख्य उद्देश्य था सभी अमेरिकी नागरिकों को सस्ती और पहुंचने वाली हेल्थकेयर सुविधा प्रदान करना। इसके तहत, हेल्थ इंश्योरेंस कंपनियों को अपनी पॉलिसी में कुछ मानदंडों को शामिल करने के लिए मजबूर किया गया था। इसने लोगों के लिए नए अवसर खोले और हेल्थकेयर की कीमतों में कमी लाने में मदद की।

विपक्ष में, निजीकरण का समर्थन करते हैं। उनका"
84,अमेरिका की आर्थिक नीति और राजनीतिक विवाद,"अमेरिका की आर्थिक नीति और राजनीतिक विवाद दुनिया भर में महत्वपूर्ण हैं। अमेरिका विश्व की एक सबसे बड़ी अर्थव्यवस्था वाली देश है और इसकी नीतियों का प्रभाव विश्वास किया जाता है।

अमेरिका की आर्थिक नीति में आर्थिक विकास, रोजगार, निवेश और व्यापार को मजबूत करने के लिए कई उपाय शामिल हैं। इसके साथ ही अमेरिकी राजनीतिक विवाद भी देश के विकास में महत्वपूर्ण भूमिका निभाते हैं। राजनीतिक दलों के बीच विभिन्न मुद्दों पर विवाद होते रहते हैं जैसे कि आर्थिक नीति, व्यापार, रोजगार, विदेशी नीति आदि।

विशेष रूप से अमेर"
83,अमेरिकी मीडिया और राजनीति: निष्पक्षता बनाम ध्रुवीकरण,"अमेरिकी मीडिया और राजनीति के बीच निष्पक्षता और ध्रुवीकरण का मुद्दा एक महत्वपूर्ण विषय है। अमेरिकी मीडिया की भूमिका राजनीति में निष्पक्षता और सच्चाई के संरक्षण में महत्वपूर्ण है, लेकिन कुछ समय से यह ध्रुवीकरण के शिकार हो रहा है।

मीडिया का कार्य नागरिकों को सही और सत्य जानकारी प्रदान करना होता है, ताकि वे समाज में सकारात्मक परिवर्तन ला सकें। निष्पक्षता का मतलब होता है कि मीडिया को दोनों पक्षों की बात सुननी चाहिए और उसे सच्चाई को अभिव्यक्त करना चाहिए। ध्रुवीकरण का मतलब है किसी एक पक्ष की ओर झुकाव देना या उसकी पक्षपातिकता"
86,अमेरिकी राजनीति में लॉबिंग और उसका प्रभाव,"लॉबिंग एक प्रक्रिया है जिसमें व्यापारिक समूह, गैर सरकारी संगठन या व्यक्ति सरकारी प्रतिष्ठानों और निर्धारित निर्णयकर्ताओं के साथ संवाद करते हैं। यह एक प्रभावशाली प्रक्रिया है जिसके जरिए वे अपने हितों को सभी स्तरों पर प्रभावित करने का प्रयास करते हैं।

अमेरिकी राजनीति में लॉबिंग एक महत्वपूर्ण भूमिका निभाता है। यहाँ लॉबिस्ट विभिन्न मुद्दों पर सांसदों, मंत्रियों और सरकारी अधिकारियों से बातचीत करते हैं ताकि उनके हित में निर्णय लिया जा सके। लॉबिंग का प्रभाव अमेरिकी राजनीति पर चिरायता डाल सकता है, क्योंकि इसके माध्यम स"
85,डेमोक्रेटिक और रिपब्लिकन पार्टियों के बीच मुख्य अंतर,"अमेरिकन राजनीति में डेमोक्रेटिक और रिपब्लिकन पार्टियाँ दो प्रमुख राजनीतिक दल हैं जो अमेरिकी जनता की रुझानों को प्रतिनिधित्व करते हैं। ये दोनों पार्टियाँ एक सामान्य लक्ष्य के लिए काम करती हैं, लेकिन उनके दृष्टिकोण और नीतियों में भिन्नता होती है।

डेमोक्रेटिक पार्टी विशेष रूप से लिबरल और प्रगतिशील नीतियों का समर्थन करती है। इस पार्टी का मुख्य ध्यान सामाजिक और आर्थिक न्याय, पर्यावरण संरक्षण, स्वास्थ्य देखभाल, शिक्षा और कम आमदनी वाले वर्गों की सुरक्षा पर होता है। डेमोक्रेटिक पार्टी ग़रीबों, महिलाओं, और अल्पसंख्यक समुद"
87,अमेरिका में मतदाता अधिकार और चुनाव सुधार,"अमेरिका में मतदाता अधिकार और चुनाव सुधार का मुद्दा एक लंबे समय से चर्चा का विषय बना हुआ है। विशेषकर, 2020 के राष्ट्रपति चुनाव के समय हुए कई विवादों के बाद यह मुद्दा और भी महत्वपूर्ण हो गया है।

मतदाता अधिकार का मतलब है कि हर नागरिक को समान और निष्पक्ष ढंग से चुनाव में भाग लेने का अधिकार होना चाहिए। इसके लिए उन्हें एक सुरक्षित, सुविधाजनक और सहज तरीके से मतदान करने का मौका मिलना चाहिए।

चुनाव सुधार के माध्यम से इसे सुनिश्चित किया जा सकता है कि चुनावी प्रक्रिया में पारदर्शिता, सुरक्षा और सुविधा होती रहे। इसमें इलेक्ट्रॉनिक"
88,अमेरिका में जलवायु परिवर्तन नीति और राजनीतिक प्रभाव,"अमेरिका में जलवायु परिवर्तन नीति एक महत्वपूर्ण और विवादास्पद विषय है जिसका गहरा राजनीतिक प्रभाव है। अमेरिकी संघीय सरकार और राज्य सरकारें दोनों जलवायु परिवर्तन के मुद्दे पर अपनी नीतियों को लेकर असहमत हैं। विशेषकर, डोनाल्ड ट्रंप के प्रशासन के दौरान अमेरिका ने पेरिस समझौते से हटने का निर्णय लिया था, जिसके कारण दुनिया भर में इसे आलोचना का सामना करना पड़ा।

जलवायु परिवर्तन के लिए नीतियों के मामले में, डेमोक्रेटिक पार्टी और रिपब्लिकन पार्टी में विभाजन देखा जा सकता है। डेमोक्रेट दल जलवायु परिवर्तन को गंभीरता से लेता ह"
89,अमेरिकी विदेश नीति: चीन और रूस के साथ संबंध,"अमेरिकी विदेश नीति एक बहुत बड़ा और महत्वपूर्ण विषय है जिसपर दुनिया की नजरें रहती हैं। विशेष रूप से अमेरिका के संबंध चीन और रूस के साथ बहुत महत्वपूर्ण हैं।

अमेरिका की चीन के साथ संबंधों में विपक्षी दृष्टिकोण रहा है। दोनों देशों के बीच वाणिज्यिक संघर्ष, विपक्षी राजनीतिक स्थितियाँ और चीन की वृद्धि के क्षेत्रों में अमेरिकी गंभीरता ने इन संबंधों को चुनौती देने का कारण बनाया है। चीन के साथ अमेरिका के संबंध भी व्यापारिक महत्वपूर्णता रखते हैं, लेकिन दोनों देशों के बीच साइबर और जलवायु परिवर्तन के मुद"
91,अमेरिका में सुप्रीम कोर्ट की भूमिका और प्रभाव,"अमेरिका में सुप्रीम कोर्ट एक महत्वपूर्ण संवैधानिक संस्था है जो न्यायिक प्रशासन को नियंत्रित करती है। सुप्रीम कोर्ट के सदस्यों का नियुक्ति प्रदेशों और संघीय सरकार द्वारा किया जाता है और उन्हें जीवन भर की पदक निर्वाचित रहनी होती है। सुप्रीम कोर्ट की मुख्य भूमिका यह है कि वह संविधान के अनुसार कानूनी मुद्दों पर निर्णय देती है जो संविधानीय वैधता की जाँच करते हुए उठाए जाते हैं।

सुप्रीम कोर्ट का प्रभाव बहुत बड़ा है क्योंकि उसके निर्णय समाज पर सीधा प्रभाव डालते हैं। इसके निर्णय समाज में न्याय और समानता के मानकों को बढ़ावा"
92,अमेरिकी संविधान और उसकी राजनीति पर प्रभाव,"अमेरिकी संविधान एक ऐतिहासिक दस्तावेज है जिसने अमेरिका के राजनीतिक और सामाजिक व्यवस्था को मजबूत किया है। यह एक लक्षित राष्ट्रीय विधान है जिसे 1787 में बनाया गया था। अमेरिकी संविधान ने प्रभावी राष्ट्रीय संघ की व्यवस्था स्थापित की और राष्ट्र के विभिन्न अंगों के बीच संबंधों को परिभाषित किया।

अमेरिकी संविधान का प्रभाव व्यापक है और इसने अमेरिकी राजनीति पर गहरा प्रभाव डाला है। यह देश की राजनीति और सरकार की व्यवस्था को निर्धारित करने में मदद करता है। संविधान ने नागरिकों के अधिकार और कर्तव्यों का स्पष्टीकरण किया है"
90,अमेरिकी राष्ट्रपति चुनाव प्रणाली: एक विस्तृत विश्लेषण,"अमेरिकी राष्ट्रपति चुनाव प्रणाली एक व्यापक प्रक्रिया है जिसमें अमेरिकी नागरिकों को राष्ट्रपति चुनने का मौका मिलता है। चुनाव प्रणाली के विशेषताएं और विधान इसे एक अद्वितीय प्रक्रिया बनाते हैं।

अमेरिकी राष्ट्रपति चुनाव प्रणाली के मुख्य तत्व शामिल हैं राष्ट्रपति और उपराष्ट्रपति के चयन के लिए चुनाव। जब सामान्य चुनाव होते हैं, तो राष्ट्रपति के लिए वोटिंग दिन के पहले बुधवार को होती है और परिणाम चुनाव के समय आते हैं।

अमेरिकी राष्ट्रपति चुनाव प्रणाली में वोटर कॉलेज का उपयोग किया जाता है, जिसमें वोटर को राष्ट्रपति के लिए वो"
93,डेमोक्रेटिक और रिपब्लिकन पार्टियों के बीच मुख्य अंतर,"डेमोक्रेटिक और रिपब्लिकन पार्टियों को संयुक्त राज्य अमेरिका की दो प्रमुख राजनीतिक दलों के रूप में जाना जाता है। ये दोनों पार्टियाँ अमेरिकी राजनीति में बहुत महत्वपूर्ण भूमिका निभाती हैं। इन दोनों पार्टियों के बीच कई महत्वपूर्ण अंतर हैं।

डेमोक्रेटिक पार्टी अमेरिकी राजनीति में विशेषतः वामपंथी दल के रूप में परिचित है। जहाँ रिपब्लिकन पार्टी एक मतवादी दल के तौर पर जानी जाती है। डेमोक्रेटिक पार्टी विभिन्न सामाजिक मुद्दों पर जोर देती है जैसे कि शिक्षा, स्वास्थ्य देखभाल, वातावरण, आर्थिक न्याय आदि। वहीं रिपब"
94,अमेरिकी राजनीति में लॉबिंग और उसका प्रभाव,"लॉबिंग एक ऐसी प्रक्रिया है जिसमें व्यापारिक, सामाजिक या राजनीतिक समूह अपने हितों को प्रभावित करने के लिए निर्णायक व्यक्ति या संगठनों के पास जाकर सीधे या अप्रत्यक्ष रूप से अपनी दिशा प्रदर्शित करते हैं। अमेरिकी राजनीति में भी लॉबिंग एक महत्वपूर्ण भूमिका निभाता है।

अमेरिकी राजनीति में लॉबिस्ट्स अपने मामले को स्थानीय, राज्यीय और राष्ट्रीय सरकारों के साथ सम्बोधित करने के लिए विभिन्न तरीकों का उपयोग करते हैं। वे अपने ग्राहकों के मुद्दों पर सरकारी नीतियों और निर्णयों को प्रभावित करने के लिए विभिन्न उपायों का उपयोग कर"
97,अमेरिका में नस्लीय न्याय और राजनीतिक सुधार,"अमेरिका में नस्लीय न्याय और राजनीतिक सुधार के लिए एक लंबी इतिहास है। नस्लीय विभेद और न्याय की दृष्टि से समानता की प्रक्रिया अमेरिका में विविध स्तरों पर चल रही है। अमेरिकी समाज में नस्लीय विभेद के कारण लंबे समय तक विभिन्न समुदायों के बीच विवाद रहा है, लेकिन समय के साथ समाज ने इस पर ध्यान देना और सुधार करने के लिए कई कदम उठाए हैं।

राजनीतिक रूप से, अमेरिका ने नस्लीय न्याय के क्षेत्र में कई महत्वपूर्ण कदम उठाए हैं। नस्लीय न्याय के क्षेत्र में कानूनी तंत्र को मजबूत करने के लिए कानूनों में संशोधन किया गया है, और नस"
96,अमेरिकी राजनीति में लॉबिंग और उसका प्रभाव,"लॉबिंग अमेरिकी राजनीति में एक महत्वपूर्ण भूमिका निभाता है जिसका प्रभाव राजनीतिक निर्णयों पर सीधे असर डालता है। लॉबिस्ट्स विशेष रूप से सरकारी नीतियों, विधानों और नियमों पर अपने स्थान को सुनिश्चित करने के लिए काम करते हैं। वे सांसदों, अधिकारियों और अन्य निर्णायक व्यक्तियों के प्रति प्रभाव डालने के लिए विभिन्न तरीकों का उपयोग करते हैं।

लॉबिंग का प्रभाव विभिन्न तरीकों से दिखाई देता है। यह राजनीतिक नीतियों पर सीधा प्रभाव डालता है, जिससे नये कानूनों या नीतियों का निर्माण हो सकता है। लॉबिस्ट्स के द्वारा सरकारी"
98,अमेरिका में मतदाता अधिकार और चुनाव सुधार,"अमेरिका में मतदाता अधिकार और चुनाव सुधार एक महत्वपूर्ण विषय है जिसपर ध्यान दिया जाना चाहिए। चुनावी प्रक्रिया और मतदान का सुनिश्चित करना एक स्वतंत्र और न्यायसंगत चुनावी प्रक्रिया के लिए महत्वपूर्ण है। 

अमेरिका में मतदाता अधिकार को सुनिश्चित करने के लिए कई कदम लिए गए हैं। इनमें से कुछ मुख्य हैं जैसे कि व्यक्ति को मतदान करने का अधिकार, मतदान केन्द्रों की सुविधा, अवकाश के दिन मतदान करने की सुविधा, और मतदान करने के लिए आवश्यक दस्तावेज़ों की पहचान। 

चुनाव सुधार के माध्यम से अमेरिका में चुनावी प्रक्रिया को और भी न्यायसंगत और"
99,अमेरिका में जलवायु परिवर्तन नीति और राजनीतिक प्रभाव,"अमेरिका में जलवायु परिवर्तन एक गंभीर मुद्दा है जिसका राजनीतिक प्रभाव व्यापक है। अमेरिकी सरकार ने जलवायु परिवर्तन के लिए कई प्रमुख नीतियाँ बनाई हैं। पहले, पैरिस समझौता इसे लक्षित करता है कि पारिस्थितिकी परिवर्तन को नियंत्रित करने के लिए जल्दी कार्रवाई की जानी चाहिए। दूसरे, ऊर्जा का अनुशासन करने के लिए कई कानून बनाए गए हैं। तीसरे, पर्यावरण के सद्भाव के लिए नीतियों को प्रोत्साहित किया जाता है।

इन नीतियों का राजनीतिक प्रभाव व्यापक है। कुछ वादक इसे उदार नीतियों के रूप में देखते हैं, जो पर्यावरण के प्रति जागरूकता बढ"
95,अमेरिका की आर्थिक नीति और राजनीतिक विवाद,"अमेरिका की आर्थिक नीति और राजनीतिक विवाद एक बहुत ही महत्वपूर्ण और गंभीर विषय है। अमेरिका एक विशाल देश है जिसकी आर्थिक नीति दुनिया भर में असर डालती है। इसकी राजनीतिक विवादों में आर्थिक मुद्दे एक महत्वपूर्ण भूमिका निभाते हैं।

अमेरिका में देश के विभिन्न राजनीतिक दलों के बीच आर्थिक नीति पर विवाद होता रहता है। ये विवाद आम जनता के लिए भी महत्वपूर्ण हैं क्योंकि ये नीतियां उनके आर्थिक हित और विकास को प्रभावित करती हैं। कुछ दल आर्थिक नीति में कटौतियां करने की पक्ष में होते हैं जबकि कुछ दल नई योजनाएं और निवेश के"
100,अमेरिका में मतदाता अधिकार और चुनाव सुधार,"मतदाता अधिकार और चुनाव सुधार अमेरिका में एक महत्वपूर्ण विषय हैं। यहाँ, मतदाताओं के अधिकार का संरक्षण और चुनावी प्रक्रिया को सुधारने का प्रयास किया जा रहा है। चुनाव संबंधित विवादों को दूर करने के लिए, अमेरिकी संविधान और विभिन्न राज्यों के कानूनों में संशोधन किए जा रहे हैं।

मतदाताओं के अधिकार के संरक्षण के लिए, अमेरिकी सरकार ने कई कदम उठाए हैं। इनमें से एक है मतदान पहुंच और उसकी सुरक्षा का सुनिश्चित करना। इसके अलावा, ऑनलाइन रजिस्ट्रेशन की प्रक्रिया को सुविधाजनक बनाने का प्रयास किया जा रहा है। चुनाव सुधारों में विभ"
101,अमेरिका में गन कंट्रोल नीति पर बहस,"अमेरिका में गन कंट्रोल नीति पर बहस एक बहुत ही प्रेरणादायक और महत्वपूर्ण विषय है। गन कंट्रोल के मुद्दे ने अमेरिकी समाज को विभाजित किया है और इस पर निर्णय लेने में राजनीतिक दलों के बीच गहरी विवादिता है। एक ओर, विश्वास है कि गन कंट्रोल नीति को मजबूत किया जाना चाहिए ताकि अमेरिकी समुदाय में हिंसा को कम किया जा सके और अपराधों को रोका जा सके। विरोधी पक्ष कहते हैं कि यह व्यक्तिगत स्वतंत्रता का उल्लंघन होगा और लोगों को अपनी सुरक्षा के लिए सशंकित करेगा।

इस बहस के बावजूद, अमेरिका में बड़ी हिंसा के कारणों में से एक गन विरोधी नी"
102,अमेरिकी संविधान और उसकी राजनीति पर प्रभाव,"अमेरिकी संविधान एक महत्वपूर्ण दस्तावेज है जो संयुक्त राज्य अमेरिका की संविधानिक रूप से मान्यता प्राप्त संविधानिक प्राथमिकताओं को समर्थन देता है। यह एक अद्वितीय दस्तावेज है जो सतत विचार-विमर्श के माध्यम से संविधान का उन्नयन करने की अनुमति देता है। अमेरिकी संविधान न केवल अमेरिकी राजनीति को निर्धारित करता है, बल्कि वह दुनिया भर में लोकतांत्रिक देशों को प्रेरित भी करता है।

अमेरिकी संविधान के प्रमुख विचारों में विचारशीलता, न्याय, स्वतंत्रता और समानता शामिल हैं। यह संविधान व्यक्तिगत स्वतंत्रता और सामाजिक न्याय को सुनिश्चित कर"
104,अमेरिका में जलवायु परिवर्तन नीति और राजनीतिक प्रभाव,"जलवायु परिवर्तन एक गंभीर मुद्दा है जिसका असर सम्पूर्ण विश्व पर हो रहा है। अमेरिका भी इस मुद्दे पर ध्यान केंद्रित कर रहा है और उसने अपनी जलवायु परिवर्तन नीतियों में महत्वपूर्ण परिवर्तन किए हैं।

अमेरिकी जलवायु परिवर्तन नीति का एक मुख्य लक्ष्य पारिस्थितिकी उन्नति और ऊर्जा सुरक्षा को सुनिश्चित करना है। अमेरिका ने पेरिस समझौते का समर्थन किया है और अपनी कार्यक्रमों में ऊर्जा उत्पादन को कम कार्बनीकरण करने के लिए प्रोत्साहित किया है। वे जलवायु परिवर्तन से जुड़े अन्य देशों के साथ सहयोग भी कर रहे हैं।

अमेरिकी जलवायु परिवर्त"
103,अमेरिका में नस्लीय न्याय और राजनीतिक सुधार,"अमेरिका में नस्लीय न्याय और राजनीतिक सुधार एक महत्वपूर्ण और विवादास्पद विषय है। अमेरिका का इतिहास नस्लीय भेदभाव की अधिकता और न्याय की अभाव के साथ है, और इस परिस्थिति को सुधारने के लिए विभिन्न प्रयास किए गए हैं।

नस्लीय न्याय के क्षेत्र में, अमेरिका ने कई कदम उठाए हैं। इसके लिए, समाज में जागरूकता बढ़ाने के लिए योजनाएं बनाई गई हैं जो नस्लीय भेदभाव को दूर करने में मदद करती हैं। साथ ही, न्याय प्रणाली को सुधारने के लिए कई कानून में संशोधन किए गए हैं जो समाज के हर वर्ग को उचित न्याय प्राप्त करने में मदद करते हैं"
105,डेमोक्रेटिक और रिपब्लिकन पार्टियों के बीच मुख्य अंतर,"डेमोक्रेटिक और रिपब्लिकन पार्टियों अमेरिकी राजनीति में दो मुख्य दल हैं, जिनमें दोनों का अलग-अलग दृष्टिकोण और विचारधारा है। ये दोनों पार्टियाँ अमेरिकी राजनीति के महत्वपूर्ण खिलाफी रखती हैं और इनका एकमात्र लक्ष्य राष्ट्र की उन्नति और विकास है।

डेमोक्रेटिक पार्टी विशेष रूप से लिबरल और प्रगतिशील विचारधारा को प्रोत्साहित करती है। यह पार्टी आमतौर पर सामाजिक कार्यकर्ता, महिलाओं, गरीबों, अल्पसंख्यकों और पर्यावरण संरक्षण के पक्षधर होती है। डेमोक्रेट्स अक्सर सरकारी वित्तीय योजनाओं, स्वास्थ्य और शिक्षा के क्षेत्र म"
107,अमेरिकी राजनीति में लॉबिंग और उसका प्रभाव,"लॉबिंग एक प्रकार की राजनीतिक प्रक्रिया है जिसमें व्यक्ति या संगठन विभिन्न सरकारी निर्णयकर्ताओं और नेताओं से संपर्क करके अपने हित को प्राथमिकता देते हैं। अमेरिकी राजनीति में लॉबिंग का प्रभाव बहुत महत्वपूर्ण है और यह निर्णय लेने वाले नेताओं और निर्णयकर्ताओं पर सीधे या अप्रत्यक्ष रूप से असर डाल सकता है।

लॉबिंग के माध्यम से जनता के हित में या व्यवसायिक हित में निर्णय लिए जा सकते हैं। अमेरिकी राजनीति में अनेक गुट (लॉबी) हैं जो विभिन्न मुद्दों पर काम करते हैं, जैसे कि कृषि, शिक्षा, वित्त आदि। ये लॉबी अपने स्तर"
106,अमेरिका की आर्थिक नीति और राजनीतिक विवाद,"अमेरिका की आर्थिक नीति और राजनीतिक विवाद दुनिया भर में महत्वपूर्ण हैं। अमेरिका एक विकसित देश है जिसकी आर्थिक नीति और राजनीति दुनिया की अन्य देशों को प्रभावित करती है।

अमेरिका की आर्थिक नीति को लेकर विवाद हमेशा चल रहे हैं। एक ओर वहाँ कई लोग हैं जो अमेरिका की उच्च आर्थिक वृद्धि और निवेश के माध्यम से विकास को समर्थन देते हैं, वहीं दूसरी ओर कुछ लोग हैं जो आर्थिक असमानता, विदेशी नीतियों और अन्य मुद्दों को लेकर चिंतित हैं।

इसके साथ ही, अमेरिका में राजनीतिक विवाद भी अभिन्न हैं। रिपब्लिकन और डेमोक्रेट पार्ट"
108,अमेरिका में गन कंट्रोल नीति पर बहस,"अमेरिका में गन कंट्रोल एक बहुत ही विवादित विषय है। एक ओर उन्हें अपने स्वतंत्रता के साथ अपने आप को रक्षा करने का अधिकार मानते हैं, जबकि दूसरी ओर इसे एक सामाजिक समस्या के रूप में देखते हैं।

गुन कंट्रोल का समर्थन करने वाले विचारक यह मानते हैं कि गन कंट्रोल से अपराधों और हिंसा को कम किया जा सकता है। उनका मानना है कि गन कंट्रोल के माध्यम से अवैध हथियारों की खरीदारी को नियंत्रित किया जा सकता है, जिससे जनता की सुरक्षा में सुधार हो सकता है। इसके अलावा, वे यह भी मानते हैं कि मानवीय गलतियों को कम करने के लिए गन कंट्रोल की जरूरत है।

विपक"
110,अमेरिका में सुप्रीम कोर्ट की भूमिका और प्रभाव,"सुप्रीम कोर्ट अमेरिका का सबसे ऊँचा न्यायिक संस्थान है जिसका मुख्य कार्यालय वाशिंगटन डीसी में स्थित है। यह संविधान की रक्षा करता है और न्यायमूलक मामलों में आपील की सुनवाई करता है। सुप्रीम कोर्ट के न्यायाधीशों की नियुक्ति जीवन के लिए होती है और उन्हें न्यायिक अधिकार और प्राधिकार होता है।

सुप्रीम कोर्ट की महत्वपूर्ण भूमिका और प्रभाव इसलिए है क्योंकि यह न्याय व्यवस्था को सुनिश्चित करने में महत्वपूर्ण भूमिका निभाता है। यह सुनिश्चित करता है कि कानून के मामलों में संविधान की पारंपरिक धाराओं के अनुसार निर्णय लिए जाते हैं। सुप्र"
111,अमेरिका में हेल्थकेयर नीति: ओबामाकेयर बनाम निजीकरण,"अमेरिका में हेल्थकेयर नीति एक बहुत ही महत्वपूर्ण और विवादास्पद विषय है। इसके संदर्भ में, दो मुख्य पहलुओं के बीच एक चर्चा है - एक ओबामाकेयर कार्यक्रम और दूसरा है निजीकरण।

ओबामाकेयर कार्यक्रम, जिसे आम तौर पर ऑबेमेकेयर के नाम से जाना जाता है, अमेरिकी राष्ट्रपति बाराक ओबामा द्वारा शुरू किया गया था। इसका मुख्य उद्देश्य सभी अमेरिकी नागरिकों को सस्ती और उचित स्वास्थ्य सेवाएं प्रदान करना था। इस कार्यक्रम के तहत, अमेरिकी नागरिकों को अस्पतालों और डॉक्टरों की सुविधाएं प्राप्त करने का अधिकार है।

विरोधी तरफ, निज"
112,डेमोक्रेटिक और रिपब्लिकन पार्टियों के बीच मुख्य अंतर,"अमेरिकन राजनीति में डेमोक्रेटिक और रिपब्लिकन पार्टियां दो मुख्य राजनीतिक दल हैं, जो देश की राजनीतिक और सामाजिक दृष्टिकोण को प्रतिनिधित्व करते हैं। ये दोनों पार्टियां अपने विचारों, नीतियों और मूल्यों में अंतर रखती हैं, जिनसे उन्हें एक-दूसरे से अलग करता है।

डेमोक्रेटिक पार्टी एक विशाल और विविध समूह है, जिसमें विभिन्न सामाजिक समूहों के लोग शामिल हैं। यह पार्टी आमतौर पर व्यापक समाजवादी और प्रगतिशील नीतियों का समर्थन करती है, जैसे कि स्वास्थ्य देखभाल, शिक्षा, पर्यावरण संरक्षण और आर्थिक उन्नयन। इसके साथ ही यह"
113,अमेरिकी राष्ट्रपति चुनाव प्रणाली: एक विस्तृत विश्लेषण,"अमेरिका में राष्ट्रपति चुनाव एक व्यापक प्रक्रिया है जिसमें नागरिकों को अपने नेताओं का चयन करने का मौका मिलता है। अमेरिकी चुनाव प्रणाली किसी भी राष्ट्रीय चुनाव प्रणाली में सबसे बड़ी राष्ट्रीय चुनाव है और इसमें कई विशेषताएँ हैं जो इसे अन्य देशों से अलग बनाती हैं।

पहले, अमेरिका में राष्ट्रपति का चयन प्रथम आरोपण के माध्यम से होता है, जिसमें प्रत्येक दल अपने उम्मीदवारों को चुनाव में लाता है। उम्मीदवार चयनकर्ताओं को अपनी योग्यता, योजनाएँ और दृष्टिकोण के बारे में जानकारी देते हैं।

दूसरे, अमेरिका में राष्ट्रपत"
109,अमेरिका में गन कंट्रोल नीति पर बहस,"अमेरिका में गन कंट्रोल नीति के बारे में बहस विवादित और जटिल मुद्दा है। एक ओर, कुछ लोग गन कंट्रोल को बढ़ती हिंसा और अपराध को रोकने का एक महत्वपूर्ण तंत्र मानते हैं, जबकि दूसरी ओर कुछ लोग इसे अपने स्वतंत्रता के अधिकारों की हनन मानते हैं।

अमेरिका में गन कंट्रोल के पक्ष में यह तथ्य है कि इससे अपराधों जैसे हत्या, चोरी और दंगों में कमी आ सकती है। गन कंट्रोल के उपरांत लोग गुनाह करने से पहले दो बार सोचेंगे क्योंकि उन्हें डर होगा कि वे गर्भावस्था में जो भी कर रहे हैं, उसका परिणाम क्या हो सकता है। विरोधी पक्ष का मानना है कि गन कं"
114,अमेरिका में सुप्रीम कोर्ट की भूमिका और प्रभाव,"सुप्रीम कोर्ट अमेरिका का सर्वोच्च न्यायिक संस्थान है जिसका महत्वपूर्ण योगदान देश के न्यायिक प्रणाली में है। सुप्रीम कोर्ट की मुख्य भूमिका यह है कि यह सुनवाई करता है और विचार करता है कि क्या किसी कथित विधानात्मक अथवा कानूनी विवाद में किसी न्यायिक निर्णय को दोबारा जाँच की जरूरत है या नहीं।

अमेरिकी सुप्रीम कोर्ट का प्रभाव भी बहुत अधिक है। इसके निर्णय देश के विधान और कानून के साथ मेल खाते हैं और इसके निर्णय अमेरिकी सोसायटी के भविष्य को प्रभावित कर सकते हैं। इसके निर्णय द्वारा न्यायिक नीतियों की धारा तय की जाती है और"
115,अमेरिकी संविधान और उसकी राजनीति पर प्रभाव,"अमेरिकी संविधान एक महत्वपूर्ण दस्तावेज है जो अमेरिकी राजनीति और समाज पर गहरा प्रभाव डालता है। यह एक सुप्रीम कानून है जो संघीय सरकार की संरचना, शक्तियों का वितरण, और नागरिकों के मौलिक अधिकारों को सुनिश्चित करता है।

अमेरिकी संविधान की रचना और मूल्यांकन से अमेरिकी राजनीति पर अद्वितीय प्रभाव पड़ता है। इसकी महत्वपूर्ण विशेषताएं जैसे कि संरचनात्मक विधि, स्वतंत्रता के अधिकार, और विभाजन और संतुलन के सिद्धांत अमेरिकी राजनीति को उच्च आदर्शों के रूप में स्थायी करते हैं।

अमेरिकी संविधान के भौतिक और मानवाधिकारों को सुर"
117,अमेरिकी राष्ट्रपति चुनाव प्रणाली: एक विस्तृत विश्लेषण,"अमेरिका में राष्ट्रपति चुनाव प्रणाली एक व्यापक और अनूठा प्रक्रिया है जिसमें नागरिकों को राष्ट्रपति चुनने का अधिकार होता है। अमेरिका के राष्ट्रपति का कार्यकाल 4 वर्ष होता है और एक राष्ट्रपति केवल दो कार्यकाल तक ही पुनः चुना जा सकता है।

अमेरिकी राष्ट्रपति चुनाव प्रणाली में दो पक्ष होते हैं - डेमोक्रेट्स और रिपब्लिकन्स। प्राथमिक उम्मीदवारों को प्राथमिक चुनावों के माध्यम से पार्टी के उम्मीदवार के रूप में चुना जाता है। इसके बाद, चुनाव के लिए दो प्रमुख उम्मीदवारों को चुनने के लिए एक राष्ट्रीय चुनाव होता है।

अमेरिकी राष्ट्रपति"
116,अमेरिका में मतदाता अधिकार और चुनाव सुधार,"अमेरिकी संविधान मतदाताओं को कई अधिकार प्रदान करता है, जिनमें चुनाव संबंधी अधिकार भी शामिल हैं। मतदाताओं का हक है कि वे खुद अपने प्रतिनिधि का चयन करें और मतदान करें। इसके अलावा, अमेरिकी संविधान में व्यक्तिगत स्वतंत्रता का भी उल्लेख है, जिसके तहत मतदाता खुद अपनी राय दे सकते हैं।

चुनाव सुधार के संदर्भ में, अमेरिका में कई पहल की गई हैं। जैसे कि, ऑनलाइन पंजीकरण की सुविधा उपलब्ध कराई गई है ताकि अधिक संख्या में लोग मतदान के लिए पंजीकृत हो सकें। साथ ही, अमेरिका में अब तकनीकी उपकरणों का उपयोग किया जा रहा है जो मत"
118,अमेरिका में नस्लीय न्याय और राजनीतिक सुधार,"अमेरिका में नस्लीय न्याय और राजनीतिक सुधार एक महत्वपूर्ण और चुनौतीपूर्ण विषय है। अमेरिका एक विविध समाज है जहाँ विभिन्न नस्ल, धर्म, भाषा और संस्कृति के लोग रहते हैं। इस संवैधानिक तत्व के कारण, नस्लीय न्याय एक महत्वपूर्ण मुद्दा बन गया है।

अमेरिका में कई कानूनी कदम उठाए गए हैं जो नस्लीय भेदभाव को कम करने की कोशिश करते हैं। इनमें से कुछ उदाहरण हैं - नस्लीय भेदभाव के खिलाफ कानून, नस्लीय समानता कानून, और नस्लीय भेदभाव के खिलाफ कार्यक्रम। ये कानूनी कदम नस्लीय समानता और न्याय को बढ़ावा देने म"
119,डेमोक्रेटिक और रिपब्लिकन पार्टियों के बीच मुख्य अंतर,"अमेरिकन राजनीति में डेमोक्रेटिक और रिपब्लिकन पार्टियाँ दो मुख्य राजनीतिक दल हैं, जो देश की राजनीति में महत्वपूर्ण भूमिका निभाते हैं। ये दोनों पार्टियाँ विभिन्न मुद्दों पर विपक्षी दृष्टिकोण रखती हैं और अपने नीतियों के माध्यम से चुनाव में भाग लेती हैं।

डेमोक्रेटिक पार्टी को अक्सर वामपंथी और लिबरल पार्टी के रूप में जाना जाता है, जबकि रिपब्लिकन पार्टी को अक्सर संवतंत्र और सामरिक पार्टी के रूप में वर्णित किया जाता है। डेमोक्रेटिक पार्टी आमतौर पर सामाजिक कार्यक्रमों, आर्थिक न्याय, व्यवस्था की सुधार, पर्यावरण के प्रति"
120,अमेरिकी सीनेट और हाउस ऑफ रिप्रेजेंटेटिव्स की भूमिका,"अमेरिकी संघीय व्यवस्था में सीनेट और हाउस ऑफ रिप्रेजेंटेटिव्स महत्वपूर्ण भूमिका निभाते हैं। सीनेट संघ की उच्च सदन होती है जिसमें प्रतिनिधित्व राज्यों के द्वारा होता है, जबकि हाउस ऑफ रिप्रेजेंटेटिव्स संघ की निचली सदन है जिसमें प्रतिनिधित्व जनता के माध्यम से होता है।

सीनेट में हर राज्य के दो सदस्य होते हैं, जिन्हें चुनाव से चुना जाता है। यह सदस्य स्थायी होते हैं और इनका कार्यकाल छः वर्ष का होता है। वे विभिन्न कानून बनाने और संशोधन करने की जिम्मेदारी निभाते हैं। हाउस ऑफ रिप्रेजेंटेटिव्स में सदस्यों की संख्या आधारित"
123,अमेरिका में सुप्रीम कोर्ट की भूमिका और प्रभाव,"अमेरिका में सुप्रीम कोर्ट एक महत्वपूर्ण संवैधानिक संस्था है जो विचारशीलता और न्याय की सुनिश्चित करने के लिए जिम्मेदार है। यह संस्था संविधान की सख्त पालन करती है और उसे समझाने और व्याख्या करने की जिम्मेदारी भी निभाती है। सुप्रीम कोर्ट के न्यायाधीशों की नियुक्ति जीवन भर की होती है और इससे वे स्वतंत्र और निष्पक्ष फैसले देने में सक्षम रहते हैं।

सुप्रीम कोर्ट के निर्णयों का अमेरिकी समाज पर गहरा प्रभाव होता है। इसके निर्णय देश के कानूनी, नैतिक और सामाजिक मामलों पर प्रभाव डालते हैं। उनके निर्णय देशवासियों के अधिकारों और कर्त"
121,अमेरिका में नस्लीय न्याय और राजनीतिक सुधार,"अमेरिका में नस्लीय न्याय और राजनीतिक सुधार के लिए एक चरम यात्रा हो चुकी है। इस देश में 20वीं सदी के शुरू में संक्रांति आई जब अफ्रीकी अमेरिकी नागरिकों के अधिकारों के लिए संघर्ष शुरू हुआ। मार्टिन लुथर किंग जूनियर जैसे नेताओं ने आंदोलन की शीर्षक दिया और जनता को एक समान और न्यायपूर्ण समाज की दिशा में आगे बढ़ने का संदेश दिया।

ट्रम्प प्रशासन के दौरान नस्लीय न्याय पर ध्यान केंद्रित किया गया। उसने अपनी कई नीतियों के माध्यम से नस्लीय न्याय को सुधारने का प्रयास किया। इसके बाद जो बाइडेन प्रशासन आया, वह नस्लीय न"
122,अमेरिकी संविधान और उसकी राजनीति पर प्रभाव,"अमेरिकी संविधान उसकी राजनीति पर गहरा प्रभाव डालता है। यह संविधान अमेरिका के गठन के मौलिक दस्तावेज के रूप में काम करता है और उसके नागरिकों के अधिकार और कर्तव्यों को सुरक्षित करने का माध्यम है। संविधान अमेरिका की सरकार की संरचना, संघीयता, कानूनी प्रक्रियाएं, और नागरिकों के अधिकारों को संरक्षित करने के तरीके को परिभाषित करता है।

अमेरिकी संविधान देश के संघीय ढांचे को प्राथमिकता देता है, जिसमें केंद्र और राज्य सरकारों के बीच संबंध का विवरण है। इसके साथ ही, संविधान नागरिकों के मौलिक अधिकारों को सुनिश्चित करने के लिए भी प्रावधान"
124,अमेरिका में हेल्थकेयर नीति: ओबामाकेयर बनाम निजीकरण,"अमेरिका में हेल्थकेयर नीति एक दृढ़ और विवादास्पद विषय है, जिसमें दो मुख्य पक्ष हैं - ओबामाकेयर और निजीकरण।

ओबामाकेयर, जिसे अफवाहों के तहत ""अफोर्डेबल केयर एक्ट"" या ""ऑबेमेकेयर"" के रूप में भी जाना जाता है, एक ऐतिहासिक स्वास्थ्य सुधार नीति है जिसका मुख्य उद्देश्य सभी अमेरिकी नागरिकों को सस्ती और प्रभावी स्वास्थ्य सेवाओं तक पहुंचाना है। इस नीति के माध्यम से स्वास्थ्य बीमा कवरेज की विस्तारित सुविधाओं, निर्मित धन्य योजनाएं और और निर्धारित निर्धारित विनियमन के माध्यम से स्वास्थ्य सेवाओं की उपलब्धता में सुधार क"
128,अमेरिका में मतदाता अधिकार और चुनाव सुधार,"अमेरिका में मतदाता अधिकार और चुनाव सुधार एक महत्वपूर्ण और विवादित विषय है। अमेरिकी संविधान भारतीय संविधान की तरह नागरिकों को मतदान करने का अधिकार प्रदान करता है। चुनावी प्रक्रिया में न्यायिक और व्यवस्थात्मक सुरक्षा उपायों को मजबूत करने के लिए अमेरिका में कई चुनाव सुधार किए गए हैं।

मतदाता पहचान कार्ड (Voter ID) एक ऐसा सुधार है जिसने अमेरिकी चुनावी प्रक्रिया को सुरक्षित और निष्पक्ष बनाने में मदद की है। यह सुनिश्चित करता है कि केवल योग्य मतदाता ही मतदान कर सकते हैं। इसके अलावा, ऑनलाइन मतदान पंजीकरण और डेटाबेस में सुधार"
126,अमेरिका में अप्रवासन नीति और उसकी राजनीति,"अमेरिका में अप्रवासन नीति एक महत्वपूर्ण और विवादास्पद विषय है जिसने अंतरराष्ट्रीय समुदाय को भावुक किया है। अप्रवासन नीति का मतलब है किसी विदेशी व्यक्ति या समूह को अमेरिका में प्रवेश की अनुमति न देना। यह नीति राष्ट्र की सुरक्षा और सुरक्षा के प्रमुख चिंताओं का हिस्सा है।

अमेरिका में अप्रवासन नीति का इतिहास लंबा है। इसे विभिन्न प्रशासनों ने अलग-अलग दृष्टिकोण से देखा है। वास्तव में, अप्रवासन नीति के प्रति विभिन्न पक्षों के लोगों के बीच भिन्न-भिन्न मत हैं। कुछ लोग इसे राष्ट्र की सुरक्षा के लिए आवश्यक मानते हैं"
125,अमेरिका की आर्थिक नीति और राजनीतिक विवाद,"अमेरिका की आर्थिक नीति और राजनीतिक विवाद दुनिया भर के लोगों के लिए महत्वपूर्ण हैं। अमेरिका एक विशाल देश है जो विश्व अर्थव्यवस्था का मुख्य अंश है। इसका आर्थिक प्रणाली और नीतियां दुनिया भर में व्यापक प्रभाव डालती हैं।

अमेरिका की आर्थिक नीति के लिए राजनीतिक विवाद अक्सर उठते हैं। यह विवाद आर्थिक विकास, व्यापारिक नीतियां, कर, बजट, और तरह-तरह के औद्योगिक मुद्दों पर हो सकते हैं। एक पक्ष कहता है कि अधिक निवेश, कम कर, और बाजार की स्वतंत्रता से अर्थव्यवस्था को बढ़ावा मिलेगा, जबकि दूसरे पक्ष कहता है कि सरकार को"
129,अमेरिका में अप्रवासन नीति और उसकी राजनीति,"अमेरिका में अप्रवासन नीति एक महत्वपूर्ण और विवादास्पद विषय है। इस विषय पर अमेरिका की सरकार ने कई प्रणालियां और नीतियां बनाई हैं। अप्रवासन के संदर्भ में, अमेरिका की राजनीति में कुछ मुख्य मुद्दे शामिल हैं।

पहली बात, विस्तारित संगठन और देश के सीमाओं की रक्षा के लिए नीतियां बनाई गई हैं। इसका मुख्य उद्देश्य अमेरिका की सीमाओं को सुरक्षित और सुरक्षित रखना है। दूसरी ओर, अवैध अप्रवासन के प्रति कड़ी कार्रवाई और उसके लिए सख्त कानून निर्धारित किए गए हैं।

इसके साथ ही, अप्रवासन नीति के तहत विदेशी नागरिकों के लिए व"
131,अमेरिका में जलवायु परिवर्तन नीति और राजनीतिक प्रभाव,"अमेरिका में जलवायु परिवर्तन एक महत्वपूर्ण और विवादास्पद विषय है जिसका गहरा राजनीतिक प्रभाव है। अमेरिकी सत्ताधारी दलें जलवायु परिवर्तन को लेकर अलग-अलग दृष्टिकोण रखती हैं। जहां एक ओर गुणवत्ता और सुरक्षा के मामले में प्रभाव होता है, वहीं दूसरी ओर आर्थिक और राजनीतिक दबाव के कारण अक्सर विपक्ष उसे नकारता है।

अमेरिका में जलवायु परिवर्तन को लेकर नीतियों के मामले में तालिबान, पारिस समझौता और क्योटो प्रोटोकॉल जैसे अन्तरराष्ट्रीय समझौते की महत्वपूर्ण भूमिका है। अमेरिकी सरकार ने पिछले कुछ वर्षों में जलव"
130,अमेरिका में मतदाता अधिकार और चुनाव सुधार,"अमेरिका में मतदाता अधिकार और चुनाव सुधार महत्वपूर्ण मुद्दे हैं जो लोकतंत्र की सुरक्षा और स्थिरता के लिए आवश्यक हैं। मतदाता अधिकार का मतलब है कि हर नागरिक को चुनाव में भाग लेने का अधिकार होना चाहिए, और उसे अपनी राय व्यक्त करने का मौका मिलना चाहिए। इसके लिए अमेरिकी संविधान और कानूनों में विभिन्न विधान शामिल हैं जिनका उद्देश्य नागरिकों के मतदान के अधिकारों की सुरक्षा करना है।

चुनाव सुधार का मतलब है कि चुनाव प्रक्रिया को और भी सुधारित और पारदर्शी बनाने के लिए कदम उठाए जाएं। इसमें विभिन्न प्रकार के विधान शामिल हो सकते ह"
127,अमेरिकी संविधान और उसकी राजनीति पर प्रभाव,"अमेरिकी संविधान एक ऐतिहासिक दस्तावेज है जो संयुक्त राज्य अमेरिका की संविधानिक संरचना और सरकारी व्यवस्था को परिभाषित करता है। यह संविधान अमेरिकी राजनीति पर गहरा प्रभाव डालता है और उसके निर्माण में अहम भूमिका निभाता है।

अमेरिकी संविधान के लिए लड़ाई और स्वतंत्रता संग्राम इसे एक महत्वपूर्ण दस्तावेज बनाने में मदद करते हैं। संविधान ने स्वतंत्रता, समानता और न्याय के मूल सिद्धांतों को समर्थन दिया है। यह एक लोकतंत्र है जिसमें नागरिकों को सरकारी निर्णयों में भागीदारी का मौका मिलता है।

अमेरिकी संविधान के विचारशील तत"
132,अमेरिका में अप्रवासन नीति और उसकी राजनीति,"अमेरिका में अप्रवासन नीति एक चरमपंक्तीय और विवादास्पद विषय है जिसपर राजनीति और सामाजिक विचारधारा एक साथ टकराती है। अप्रवासन नीति के सिद्धांत का मुख्य ध्यान विदेशी नागरिकों या अप्रवासियों के प्रवेश और उनके रहने के अधिकारों पर होता है।

अमेरिका में अप्रवासन नीति के मुद्दे अक्सर देश की राजनीतिक चरमपंक्ति के बीच होते हैं, जैसे कि अमेरिकी नागरिकता, बाहरी श्रम और विदेशी निवासी के अधिकारों का मुद्दा। अमेरिका ने विभिन्न क्षेत्रों से अप्रवासन के प्रति अलग-अलग दृष्टिकोण रखा है, जैसे किसी देश से अनुचित प्रवासियों क"
133,अमेरिकी मीडिया और राजनीति: निष्पक्षता बनाम ध्रुवीकरण,"अमेरिकी मीडिया और राजनीति के बीच निष्पक्षता और ध्रुवीकरण दो बहुत महत्वपूर्ण मुद्दे हैं। अमेरिकी मीडिया का काम समाचार और जानकारी प्रदान करना है, लेकिन कई बार इसे राजनीतिक ध्रुवीकरण का शिकार बनाया जाता है।

मीडिया की निष्पक्षता एक महत्वपूर्ण तत्व है जो एक स्वस्थ लोकतंत्र के लिए आवश्यक है। निष्पक्षता का मतलब है कि मीडिया को सभी पक्षों का समाचार और जानकारी उपलब्ध करानी चाहिए, बिना किसी पक्षपात या ध्रुवीकरण के। लेकिन अमेरिकी मीडिया का कुछ हिस्सों ने राजनीतिक पक्षों के साथ मिलकर काम किया है, जिसके कारण निष्पक्षता पर सं"
134,अमेरिकी विदेश नीति: चीन और रूस के साथ संबंध,"अमेरिकी विदेश नीति एक बहुआयामी और गहरी विषयवस्तु है जिसमें अनेक कारकों का समावेश होता है, जैसे अर्थशास्त्र, राजनीति, सुरक्षा, जल, भूमि, और आकाश आदि। अमेरिकी विदेश नीति का मुख्य ध्येय विश्वशांति और स्थायित्व को बनाए रखना है।

चीन और रूस दोनों ही अमेरिका के विदेश नीति के महत्वपूर्ण हिस्से हैं। चीन के साथ संबंध अमेरिकी विदेश नीति के लिए बहुत महत्वपूर्ण है क्योंकि यह दोनों देशों के बीच व्यापार, रक्षा, और जल आदि क्षेत्रों में सहयोग पर निर्भर है। हाल ही में तनाव बढ़ने के कारण चीन के साथ संबंध अधिक चरम पर ह"
135,अमेरिका में हेल्थकेयर नीति: ओबामाकेयर बनाम निजीकरण,"अमेरिका में हेल्थकेयर नीति एक बहुत ही चर्चित और महत्वपूर्ण मुद्दा है, जिसमें दो मुख्य दरबारी सिद्धांत हैं - ओबामाकेयर और निजीकरण।

ओबामाकेयर नीति, जिसे आधिकारिक रूप से पेश किया गया था ""पेशेवर सुधार और सस्ती केयर कानून"" के रूप में, अमेरिकी नागरिकों के लिए स्वास्थ्य सुरक्षा प्रदान करने का उद्देश्य रखती थी। इसके तहत, अमेरिकी नागरिकों को स्वास्थ्य बीमा कवरेज का अधिकार था, जिससे उन्हें अस्वस्थता के मामले में अधिक सुरक्षित महसूस होता था।

विरोधियों का कहना है कि ओबामाकेयर नीति ने हेल्थकेयर की लागतों को बढ़ा दिया औ"
136,अमेरिका में नस्लीय न्याय और राजनीतिक सुधार,"अमेरिका में नस्लीय न्याय और राजनीतिक सुधार

अमेरिका एक देश है जहाँ नस्लीय न्याय और राजनीतिक सुधार सदैव एक महत्वपूर्ण विषय रहा है। इस देश में नस्लीय भेदभाव के मुद्दे को लेकर विवादें हमेशा समाज में होती रही हैं। लेकिन इसके बावजूद, अमेरिका ने नस्लीय न्याय और राजनीतिक सुधार के क्षेत्र में कई कदम उठाए हैं।

नस्लीय न्याय के क्षेत्र में, अमेरिका ने कई कानूनी सुधार किए हैं जो सभी नागरिकों को समान अधिकार और सुरक्षा सुनिश्चित करने के लिए हैं। उच्चतम न्यायालय ने विभिन्न मामलों में नस्लीय भेदभाव के खिलाफ निर्ण"
137,अमेरिकी राजनीति में लॉबिंग और उसका प्रभाव,"लॉबिंग एक प्रक्रिया है जिसमें व्यापारिक समूह या व्यक्ति सरकारी नीतियों और निर्णयों पर प्रभाव डालने के लिए निरंतर सरकारी अधिकारियों और नेताओं से संपर्क में रहते हैं। अमेरिकी राजनीति में लॉबिंग एक महत्वपूर्ण भूमिका निभाता है।

लॉबिंग का प्रभाव अमेरिकी राजनीति पर सामाजिक, आर्थिक और राजनीतिक प्रभाव डालता है। धन के साथ-साथ लॉबिस्ट्स का ज्ञान, संस्कृति, और संबंध भी अमेरिकी नीतियों पर प्रभाव डालता है। लॉबिस्ट्स के माध्यम से विभिन्न समूहों की आवाज को सुना जाता है और उनके हितों की रक्षा की जाती है।

हालांकि, लॉब"
138,अमेरिकी राजनीति में लॉबिंग और उसका प्रभाव,"लॉबिंग अमेरिकी राजनीति में एक महत्वपूर्ण और सामाजिक विषय है जिसका व्यापक प्रभाव है। लॉबिंग का मतलब है किसी व्यक्ति या संगठन के द्वारा राजनीतिक नेताओं या सरकारी अधिकारियों को अपने स्वार्थों की प्राप्ति के लिए प्रेरित करना। इसका सीधा परिणाम होता है कि लॉबिस्ट अपने क्लाइंट्स के हित में नीतियों को प्रभावित करने के लिए सरकारी निर्णयकर्ताओं के साथ संपर्क साधते हैं।

अमेरिका में लॉबिंग का प्रभाव बहुत अधिक है क्योंकि यहाँ एक बहु-दलीय राजनीति है जिसमें नीतिक निर्धारण में संघर्ष होता है। व्यापक धनराशि के आवेश के कारण, ल"
139,अमेरिका में सुप्रीम कोर्ट की भूमिका और प्रभाव,"सुप्रीम कोर्ट अमेरिका का सर्वोच्च न्यायिक संस्थान है जिसकी महत्वपूर्ण भूमिका देश की संविधानिक मान्यताओं को सुनिश्चित करना है। सुप्रीम कोर्ट का मुख्य कार्य यह सुनिश्चित करना है कि कानूनी मुद्दों पर न्याय व्यवस्था की सही दिशा में चल रही है। इसके अलावा, सुप्रीम कोर्ट ने अपने निर्णयों के माध्यम से अमेरिका की संविधानिक मान्यताओं को समझाने और उन्हें मोटी तौर पर रखने का काम भी किया है।

सुप्रीम कोर्ट के निर्णयों का प्रभाव अमेरिकी समाज पर गहरा होता है। इसके निर्णय देश के राजनैतिक, सामाजिक और आर्थिक जीवन पर सीधे प्रभाव डालते हैं। उदाहर"
140,अमेरिकी संविधान और उसकी राजनीति पर प्रभाव,"अमेरिकी संविधान एक महत्वपूर्ण दस्तावेज है जो अमेरिका के राजनीतिक और सामाजिक संरचना को निर्धारित करने में मदद करता है। यह एक लोकतांत्रिक संविधान है जो नागरिकों को मौलिक अधिकार और स्वतंत्रता गारंटी करता है। 

अमेरिकी संविधान का प्रमुख प्रभाव राजनीतिक प्रणाली पर है। इसके तत्व जैसे कि विभाजन और संतुलन से लेकर प्रभावशाली नागरिकों द्वारा चुनी जाने वाली सरकार तक, संविधान ने अमेरिकी राजनीति को एक स्थिर और निर्भर ढंग से चलाने में मदद की है। इसके अलावा, संविधान ने भूमिका और अधिकारों का स्पष्टीकरण किया है जो सरकार के नियं"
142,अमेरिकी राष्ट्रपति चुनाव प्रणाली: एक विस्तृत विश्लेषण,"अमेरिकी राष्ट्रपति चुनाव प्रणाली एक बहुदलीय प्रक्रिया है जिसमें एक व्यक्ति को देश के राष्ट्रपति के रूप में चुनने के लिए बहुत सारे स्टेप्स होते हैं। यह प्रक्रिया हर चार वर्ष में होती है और इसमें विभिन्न चरण होते हैं जैसे कि प्राथमिक चुनाव, प्राथमिक चुनाव के बाद के चरण, चुनावी मतदान द्वारा राष्ट्रपति की निर्वाचन और राष्ट्रपति की निश्चिती।

प्राथमिक चरण में, राष्ट्रपति के लिए उम्मीदवार दलों द्वारा उम्मीदवारों का चयन किया जाता है। उम्मीदवारों के बीच वाद-विवाद होता है और उनकी विचारधारा को लेकर चर्चा होती है। इसके बाद, प्र"
141,अमेरिका में हेल्थकेयर नीति: ओबामाकेयर बनाम निजीकरण,"अमेरिका में हेल्थकेयर नीति एक बहुत ही चर्चित और महत्वपूर्ण विषय है। इसमें दो मुख्य दल हैं - एक ओबामाकेयर की स्वास्थ्य सुरक्षा कानून और दूसरा निजीकरण।

ओबामाकेयर की स्वास्थ्य सुरक्षा कानून 2010 में लागू हुआ था। इसका मुख्य उद्देश्य था कि सभी अमेरिकी नागरिकों को सुविधाजनक स्वास्थ्य सुरक्षा प्राप्त हो। इस कानून के द्वारा अमेरिकी नागरिकों को स्वास्थ्य बीमा खरीदने के लिए मंगाया गया और भी अनेक महत्वपूर्ण प्रावधान किए गए।

दूसरी ओर, निजीकरण का मुद्दा भी बहुत महत्वपूर्ण है। इसमें यह मान्यता है कि निजी क्षेत्र की तरह"
143,अमेरिका में मतदाता अधिकार और चुनाव सुधार,"अमेरिका में मतदाता अधिकार और चुनाव सुधार के विषय में बहुत महत्वपूर्ण चर्चाएं चल रही हैं। चुनावी प्रक्रिया में सुधार करने के लिए कई प्रस्ताव पेश किए गए हैं ताकि मतदाताओं को अधिक आसानी से और सुरक्षित तरीके से मतदान करने में सहायता मिले।

एक महत्वपूर्ण पहलू यह है कि अमेरिकी नागरिकों को मतदान करने के लिए ज्यादा विकल्प दिए जाएं ताकि वे अपने समय और स्थान के अनुसार मतदान कर सकें। इसके लिए डिगिटल मतदान का सुझाव दिया जा रहा है जिससे लोग घर से ही मतदान कर सकें। इसके साथ ही, चुनावी प्रक्रिया में सुरक्षा को मजबूत करने के लिए सुरक्षात्मक उप"
145,अमेरिकी राष्ट्रपति चुनाव प्रणाली: एक विस्तृत विश्लेषण,"अमेरिकी राष्ट्रपति चुनाव प्रणाली एक व्यापक, समर्थनीय और अनुशासित प्रक्रिया है जो देश के नेता का चयन करने में महत्वपूर्ण भूमिका निभाती है। इस प्रणाली में विभिन्न चरण होते हैं, जिनमें पार्टी निर्वाचित करती है, प्रारंभिक चयनकर्ताओं के बीच मतगणना होती है, राष्ट्रपति उम्मीदवारों के बीच महत्वपूर्ण चुनाव होते हैं और अंततः जनता का मतदान होता है।

अमेरिका में राष्ट्रपति चुनाव प्रत्येक चार वर्ष में आयोजित होता है और यह एक व्यक्ति के दूसरे कार्यकाल के लिए चयन करने का माध्यम है। इस प्रक्रिया में राष्ट्रपति उम्मीदवारों के लिए"
144,अमेरिका में नस्लीय न्याय और राजनीतिक सुधार,"अमेरिका में नस्लीय न्याय और राजनीतिक सुधार एक लंबी इतिहासिक प्रक्रिया है जिसमें समाज ने नस्लीय समानता और न्याय के मामले में सुधार करने के लिए महत्वपूर्ण कदम उठाए हैं। अमेरिका में नस्लीय न्याय की बात करने पर सबसे पहले मार्टिन लुथर किंग जूनियर का नाम आता है, जिन्होंने नागर अधिकार आन्दोलन के माध्यम से जनसामान्य के बीच नस्लीय भेदभाव के खिलाफ लड़ा। 

1960 के दशक से लेकर आज के समय तक, अमेरिका ने कई कदम उठाए हैं जिनसे नस्लीय न्याय को बढ़ावा मिला है। उच्चतम न्यायालय के ऐतिहासिक फैसले जैसे ब्राउन बोर्ड ऑफ एज"
147,अमेरिका में गन कंट्रोल नीति पर बहस,"अमेरिका में गन कंट्रोल एक बहुत ही विवादित विषय है। एक ओर, वामपंथी और कुछ सामाजिक संगठन गन कंट्रोल का समर्थन करते हैं, जबकि दूसरी ओर दक्षिणपंथी और कुछ गुणवत्ता संरक्षक समूह इसके खिलाफ हैं।

गन कंट्रोल के समर्थक विश्वास करते हैं कि अधिक सख्त गन कंट्रोल नीतियां अमेरिका में गन हिंसा को कम कर सकती हैं। उनका मानना है कि कम संख्या में गन्स सामाजिक सुरक्षा को बढ़ावा देते हैं। उन्हें लगता है कि संख्या में कमी आने से गन हिंसा कम होगी।

दूसरी ओर, गन कंट्रोल के खिलाफ़ लोग स्वतंत्रता के अधिकार का उल्लंघन मानते हैं। उनका मानन"
146,अमेरिकी विदेश नीति: चीन और रूस के साथ संबंध,"अमेरिका की विदेश नीति एक बहुत महत्वपूर्ण विषय है जिसपर दुनिया की नजरें हमेशा रहती हैं। विशेषकर, अमेरिका के संबंध चीन और रूस के साथ अभी भी बहुत महत्वपूर्ण हैं।

अमेरिका और चीन के बीच संबंध एक मिश्रित इतिहास के साथ हैं। दोनों देशों के बीच व्यापार, रक्षा, और विज्ञान जैसे क्षेत्रों में साझा इंटरेस्ट हैं। हालांकि, विवादित मुद्दे भी हैं जैसे ट्रेड वॉर, टेक्नोलॉजी चोरी, और दक्षिण चीन सागर में संदिग्ध क्षेत्रों पर विवाद।

अमेरिका और रूस के संबंध भी उत्तेजित रहे हैं। दोनों देशों के बीच संदिग्धता और रक्षा क"
148,अमेरिकी विदेश नीति: चीन और रूस के साथ संबंध,"अमेरिकी विदेश नीति का महत्वपूर्ण हिस्सा है उसके राष्ट्रीय सुरक्षा और विदेशी रिश्तों का प्रबंधन। विशेष रूप से चीन और रूस के साथ अमेरिकी संबंध क्रियाशील और चुनौतीपूर्ण हैं।

आधुनिक दुनिया में अमेरिका, चीन और रूस तीन बड़े राष्ट्र हैं जिनका एक अहम भूमिका है। चीन एक विकासशील देश होने के साथ-साथ एक विपक्षी शक्ति है जो वैश्विक अर्थव्यवस्था में महत्वपूर्ण भूमिका निभा रहा है। अमेरिका और चीन के बीच व्यापारिक और रक्षा क्षेत्र में तनाव है, जिसे उन्हें हल करने की जरूरत है।

दूसरी ओर, रूस एक पूर्वी संघीय"
149,अमेरिका में अप्रवासन नीति और उसकी राजनीति,"अमेरिका एक ऐसा देश है जो अपनी अप्रवासन नीति के लिए विश्वभर मशहूर है। यहाँ पर अप्रवासन की नीति को लेकर चर्चा प्रमुख रूप से दो पक्षों के बीच होती है - एक ओर हैं उन लोगों की ओर से जो इसे मान्यता देते हैं क्योंकि वे उपेक्षित और शोषित हैं, जबकि दूसरी ओर हैं वे लोग जो मानते हैं कि अप्रवासन की नीति अमेरिकी नागरिकों की निराशा और आर्थिक हानि का कारण बनती है।

अमेरिका में अप्रवासन की नीति ने अक्सर चर्चा का केन्द्र बना रखा है, विशेष रूप से जब इस पर नागरिकता और विदेशियों के लिए राहत के लिए आवेदन करने के नियमों में परिवर्तन ह"
150,अमेरिका में नस्लीय न्याय और राजनीतिक सुधार,"अमेरिका में नस्लीय न्याय और राजनीतिक सुधार का महत्वपूर्ण विषय है। नस्लीय न्याय एक ऐसी प्रक्रिया है जिसमें नस्ल, जाति, धर्म, लिंग, आय, योग्यता आदि के आधार पर किया जाने वाला न्याय है। अमेरिका में नस्लीय न्याय के मुद्दे अक्सर सामाजिक और राजनीतिक विवादों का केंद्र रहे हैं।

इसके विरोधी लोग समाज में भेदभाव और असमानता बढ़ाने का आरोप लगाते हैं, जबकि समर्थक इसे समाज में समानता और न्याय की दिशा में कदम बढ़ाने का माध्यम मानते हैं। अमेरिका में नस्लीय न्याय के मामले समाज के साथ-साथ समाजशास्त्र और राजनीति में भी गहरे"
151,अमेरिका में अप्रवासन नीति और उसकी राजनीति,"अमेरिका में अप्रवासन नीति और उसकी राजनीति एक महत्वपूर्ण और विवादास्पद विषय है। अमेरिका एक देश है जो अनेक वर्षों से विभिन्न राष्ट्रों से लोगों को स्वीकार करने का दावा कर रहा है, लेकिन विभिन्न राजनैतिक दलों के बीच इस मुद्दे पर असहमति है।

अप्रवासन नीति अमेरिकी सीमाओं को कायम रखने के लिए बनाई गई है। इसका मुख्य उद्देश्य अवैध प्रवासन को रोकना है और देश की सुरक्षा को सुनिश्चित करना है। इस नीति के अंतर्गत विभिन्न प्रकार के वीजा, ग्रीन कार्ड, और अन्य यात्रा के डाक्यूमेंट्स द्वारा लोगों की पहचान की गई है।

हालांकि,"
152,अमेरिका में मतदाता अधिकार और चुनाव सुधार,"अमेरिका में मतदाता अधिकार और चुनाव सुधार के मुद्दे एक व्यापक रूप से चर्चा किए जा रहे हैं। इन मुद्दों पर ध्यान देने का एक प्रमुख कारण यह है कि चुनाव प्रक्रिया में सुरक्षा, पारदर्शिता और न्याय के मामले में संदेह उत्पन्न हो रहे हैं।

मतदाता अधिकार का महत्व स्वतंत्र और निष्पक्ष चुनाव प्रक्रिया के लिए अविश्वसनीय है। अमेरिका में मतदाताओं को उनके मतदान करने के अधिकारों का सम्मान करना चाहिए ताकि वे सुरक्षित और विश्वासप्राप्त ढंग से मतदान कर सकें।

चुनाव सुधार की दिशा में कई कदम उठाए जा रहे हैं, जैसे कि इलेक्ट्रॉनिक वोटिंग मशीन"
153,अमेरिका में मतदाता अधिकार और चुनाव सुधार,"अमेरिका में मतदाता अधिकार और चुनाव सुधार अहम मुद्दे हैं जो देश की लोकतांत्रिक प्रक्रिया को मजबूत कर रहे हैं। मतदाता अधिकार का मतलब है कि हर नागरिक को चुनाव में भाग लेने का अधिकार होता है और चुनावी प्रक्रिया सही और संविधानिक ढंग से संचालित होनी चाहिए।

अमेरिका में मतदाता अधिकार को मजबूत बनाने के लिए कई कदम उठाए गए हैं। इनमें सबसे महत्वपूर्ण हैं नागरिकों के लिए मतदाता पंजीकरण की सुविधा उपलब्ध कराना। इसके अलावा, चुनावी प्रक्रिया में अधिक सुचारू और निष्पक्षता लाने के लिए नए तकनीकी उपायों का भी उपयोग किया जा रह"
154,अमेरिका में अप्रवासन नीति और उसकी राजनीति,"अमेरिका में अप्रवासन नीति एक महत्वपूर्ण और विवादास्पद विषय है जिसने राष्ट्रीय और अंतरराष्ट्रीय स्तर पर चर्चाओं को उत्तेजित किया है। अप्रवासन के मुद्दे अमेरिकी राजनीतिक दायरे में हमेशा से महत्वपूर्ण रहे हैं, खासकर यह चिंता वाला विषय बन गया है जब से डोनाल्ड ट्रंप के प्रशासन ने विभिन्न देशों से अप्रवासन की नीतियों में परिवर्तन किया है।

ट्रंप प्रशासन ने अप्रवासन की नीतियों में कई कठोर कदम उठाए हैं, जैसे कि मुस्लिम देशों से यात्रा पर प्रतिबंध लगाना, सीधे अप्रवासन को रोकने के लिए दीर्घकालिक प्रतिबंध लगाना, और अप्रवासन क"
157,अमेरिका में गन कंट्रोल नीति पर बहस,"अमेरिका में गन कंट्रोल नीति एक बहुत ही विवादास्पद विषय है। दोनों पक्षों के बीच इस मुद्दे पर गंभीर विचारविमर्श चल रहा है। एक ओर, गन कंट्रोल के पक्ष मानते हैं कि गन कंट्रोल की मदद से अपराधों और हिंसा को कम किया जा सकता है। उनका मानना है कि यदि सभी को सरकारी अनुमति के साथ ही गन्स रखने की अनुमति दी जाए, तो अपराधों की दर कम हो सकती है। वह इस बात का समर्थन करते हैं कि गन्स को सामाजिक सुरक्षा का हिस्सा माना जाना चाहिए।

दूसरी ओर, गन कंट्रोल के विरोधी पक्ष मानते हैं कि गन कंट्रोल की नीतियों से केवल गुणहीन लोग ही प्रभावित होंगे, साथ ही वे"
155,अमेरिकी विदेश नीति: चीन और रूस के साथ संबंध,"अमेरिकी विदेश नीति चीन और रूस के साथ संबंधों पर विशेष ध्यान केंद्रित करना महत्वपूर्ण है क्योंकि ये तीन देश वैश्विक राजनीतिक दरबार में महत्वपूर्ण भूमिका निभा रहे हैं। चीन एक व्यापक अर्थव्यवस्था और शक्तिशाली सेना के साथ अपनी गहरी शक्ति के कारण भूमि पर एक महत्वपूर्ण खिलाड़ी है। चीन के साथ अमेरिका के संबंधों में व्यापार, वित्तीय व्यवहार और रक्षा सहित कई क्षेत्रों में टकराव है।

दूसरी ओर, रूस भी अमेरिका के लिए एक बड़ा राजनीतिक चुनौती है। रूस का आकार, सेना और इसकी भूमि के मध्यस्थता के कारण इसका महत्व ब"
156,अमेरिकी सीनेट और हाउस ऑफ रिप्रेजेंटेटिव्स की भूमिका,"अमेरिकी संघीय राज्यों की संघीय संसद में सीनेट और हाउस ऑफ रिप्रेजेंटेटिव्स दो मुख्य संसदीय संक्रमण हैं। सीनेट में प्रत्येक राज्य के दो सदस्य होते हैं, जबकि हाउस ऑफ रिप्रेजेंटेटिव्स के सदस्यों की संख्या राज्य की आबादी के आधार पर तय की जाती है। इन दोनों संसदों की मुख्य भूमिका संघीय कानूनों का निर्माण और संशोधन करना है।

सीनेट में हर राज्य के समान नागरिकों के प्रतिनिधित्व के तौर पर दो सदस्य होते हैं, जिन्हें राज्य के गवर्नर और राज्य संसदीय मंडल नियुक्त करता है। सीनेट के सदस्यों की कार्यकाल छह वर्ष का होता है। इसके विप"
158,अमेरिका की आर्थिक नीति और राजनीतिक विवाद,"अमेरिका की आर्थिक नीति और राजनीतिक विवाद दुनिया के लिए महत्वपूर्ण है। अमेरिका एक विशाल अर्थव्यवस्था वाला देश है और इसकी आर्थिक नीति दुनिया भर में असर डालती है। यहां कुछ मुख्य विवादों के बारे में चर्चा की जा सकती है:

1. ट्रेड युद्ध: अमेरिका ने अनेक देशों के साथ ट्रेड युद्ध किए हैं, जैसे की चीन और यूरोपीय संघ। इसमें वस्तुओं के आयात और निर्यात पर टैरिफ्फ और अन्य आर्थिक प्रतिबंधों के माध्यम से दोनों देशों के बीच आर्थिक विवाद उत्पन्न हुए हैं।

2. आर्थिक नीति और निगरानी: अमेरिका की आर्थिक नीति में निगरानी की भ"
159,अमेरिकी विदेश नीति: चीन और रूस के साथ संबंध,"अमेरिकी विदेश नीति एक बहुत महत्वपूर्ण और व्यापक विषय है जिसमें चीन और रूस के साथ संबंध एक महत्वपूर्ण भूमिका निभाते हैं। चीन एशियाई महाद्वीप का एक महत्वपूर्ण देश है जो आर्थिक और सामरिक दृष्टिकोण से बहुत महत्वपूर्ण है। अमेरिका और चीन के बीच संबंध वाणिज्यिक, रक्षा और राजनीतिक क्षेत्र में हैं। दोनों देशों के बीच ट्रेड और विभिन्न संधि योजनाएं हैं। हाल ही में चीन के साथ व्यापारिक मुद्दों पर टकराव बढ़ा है, लेकिन दोनों देशों के बीच गहरे संबंध हैं।

अमेरिका के संबंध रूस के साथ भी महत्वपूर्ण हैं। दोनों"
161,अमेरिका में सुप्रीम कोर्ट की भूमिका और प्रभाव,"सुप्रीम कोर्ट अमेरिका की सर्वोच्च न्यायिक संस्था है जिसका मुख्य कार्य यह है कि वह विभिन्न कानूनी मामलों में अंतिम न्याय का निर्णय देता है। सुप्रीम कोर्ट के फैसले अमेरिकी संविधान के मानदंड और मूल्यों के प्रति सुनिश्चित करने का काम करते हैं। इसकी भूमिका अत्यंत महत्वपूर्ण है क्योंकि यह संस्था संविधान की रक्षा और उसके मूल्यों को सुनिश्चित करने के लिए विशेष रूप से निर्मित की गई है।

सुप्रीम कोर्ट के गठन के बाद से ही इसका प्रभाव विवादों में महत्वपूर्ण रहा है। इसके फैसले न केवल अमेरिका में बल्कि पूरे विश्व में महत्वपूर्ण माने जाते है"
163,अमेरिकी संविधान और उसकी राजनीति पर प्रभाव,"अमेरिकी संविधान एक ऐतिहासिक दस्तावेज है जिसने अमेरिका के संविधानिक स्थापना को स्थायी रूप दिया। यह एक संविधानिक दस्तावेज है जो अमेरिकी संघ के संरचना, शक्ति विभाजन, और नागरिक अधिकारों को संरचित करता है। इसने व्यवस्थाओं को मजबूत करने में मदद की है, जिससे अमेरिकी राजनीति को एक स्थिर और संवेदनशील ढांचा मिला है।

अमेरिकी संविधान का एक प्रमुख प्रभाव यह है कि वह व्यक्ति के अधिकारों और स्वतंत्रता को महत्व देता है। इसके द्वारा नागरिकों को न्याय, स्वतंत्रता, और स्वतंत्रता का अधिकार दिया गया है। यह संविधान विभिन्न अध"
160,अमेरिकी राष्ट्रपति चुनाव प्रणाली: एक विस्तृत विश्लेषण,"अमेरिकी राष्ट्रपति चुनाव प्रणाली एक जटिल प्रक्रिया है जिसमें राष्ट्रपति और उपराष्ट्रपति का चयन किया जाता है। इस प्रक्रिया में एक सीरीज़ के चुनाव होते हैं, जिनमें प्रथम चरण होता है पार्टी की उम्मीदवारों का चयन करना। इसके बाद पार्टी अपने उम्मीदवार को लोकतांत्रिक पार्टी के अन्य उम्मीदवारों के खिलाफ चुनाव में प्रस्तुत करती है।

अमेरिका में राष्ट्रपति चुनाव की महत्वपूर्ण तिथियां स्थिर हैं। चुनाव की पहली शुरुआत नवंबर के पहले बुधवार को होती है, जिसे ""चुनाव दिवस"" कहा जाता है। चुनाव दिवस के बाद चुनाव परिणाम प्रकाशित किए जाते हैं"
162,अमेरिका में अप्रवासन नीति और उसकी राजनीति,"अमेरिका में अप्रवासन नीति एक महत्वपूर्ण राजनीतिक विषय है जो विभिन्न पक्षों में विवादित है। अप्रवासन नीति एक प्रक्रिया है जिसमें अल्पकालिक या स्थायी रूप से किसी विदेशी व्यक्ति या समूह को देश से निकाल दिया जाता है। इस नीति को अमेरिका में विभिन्न प्रयोगों में उपयोग किया जाता है, जैसे कि असामान्य स्थितियों में राष्ट्र सुरक्षा के लिए, अप्रवासन कानूनों का पालन करने के अभाव में या अन्य अनुशासनिक या कानूनी उल्लंघनों के लिए।

अमेरिका में अप्रवासन नीति को अधिकांशत: विदेशी नागरिकों, असामान्य विशेष प्रकार के वीजा धारकों और"
164,अमेरिका में जलवायु परिवर्तन नीति और राजनीतिक प्रभाव,"अमेरिका में जलवायु परिवर्तन एक गंभीर मुद्दा है जिसका गहरा राजनीतिक प्रभाव है। अमेरिका ने पिछले कुछ दशकों में अपने जलवायु परिवर्तन के लिए कार्रवाई की जो किसी भी विश्व क्षेत्र में एक महत्वपूर्ण योगदान है।

अमेरिका ने 2015 में पारिस समझौते को समर्थन देते हुए अपने जलवायु परिवर्तन के लक्ष्यों को बढ़ाया है। इस समझौते के तहत, अमेरिका ने अपनी उत्पादन घातक गैसों को कम करने के लिए वायदा किया है।

हाल ही में, अमेरिका में जलवायु परिवर्तन पर विचार विमर्श काफी तेजी से बदल रहा है। एक पक्ष इसे गंभीरता से लेता है जबकि दूसरे प"
165,अमेरिका में गन कंट्रोल नीति पर बहस,"अमेरिका में गन कंट्रोल नीति एक बहुत ही विवादास्पद विषय है। गन कंट्रोल वास्तव में गुनाहों की नियंत्रण को बढ़ावा देने के लिए नीति और कानूनों का नाम है। यह विवादास्पद है क्योंकि अमेरिका में गन कंट्रोल का समर्थन करने वाले और उसके विरोधी दोनों ही दल मजबूत हैं।

गन कंट्रोल के पक्ष में यह दावा किया जाता है कि इससे अपराधों को कम किया जा सकता है और लोगों की सुरक्षा बढ़ाई जा सकती है। साथ ही, यह भी दावा किया जाता है कि गन कंट्रोल के जरिए हिंसा और आतंकवाद को कम किया जा सकता है।

विरोधी दल का कहना है कि गन कंट्रोल की नीतियां लोगो"
166,अमेरिका में गन कंट्रोल नीति पर बहस,"गन कंट्रोल एक ऐसा मुद्दा है जिस पर अमेरिका में बहस निरंतर चल रही है। वामपंथी और दक्षिणपंथी दोनों धाराएं इस मुद्दे पर भिन्न-भिन्न पक्ष अड़ती हैं। एक धारा कहती है कि गन कंट्रोल कानूनों को मजबूत किया जाना चाहिए ताकि अपराधों को रोका जा सके। दूसरी धारा कहती है कि यह एक व्यक्तिगत स्वतंत्रता मुद्दा है और लोगों को अपने स्वतंत्रता को बचाने का अधिकार होना चाहिए।

अमेरिका में हर साल गन वायलेंस से हजारों लोगों की मौत होती है। इसलिए, कई लोग गन कंट्रोल कानूनों को सख्त करने की मांग करते हैं। उनका मानना है कि अगर कंट्रोल नहीं"
168,अमेरिका में मतदाता अधिकार और चुनाव सुधार,"अमेरिका में मतदाता अधिकार और चुनाव सुधार विषय पर चर्चा आजकल बहुत महत्वपूर्ण है। अमेरिका में चुनावी प्रक्रिया के लिए मतदान अधिकार महत्वपूर्ण है क्योंकि यह एक लोकतांत्रिक देश है जहाँ लोगों को अपने नेताओं को चुनने का अधिकार है।

मतदाता अधिकार का महत्व यहाँ यह है कि हर व्यक्ति को अपनी आवाज़ उठाने का अधिकार होना चाहिए और उसका मतदान निश्चित होना चाहिए। इसके लिए अमेरिका में चुनाव सुधार की बहुत सारी पहलें की जा रही हैं। इनमें ऑनलाइन मतदान, वोटिंग मशीनों की बदलाव, चुनावी पंजीकरण की आसानी, निर्वाचन परिणामों की जल"
167,डेमोक्रेटिक और रिपब्लिकन पार्टियों के बीच मुख्य अंतर,"अमेरिका में डेमोक्रेटिक और रिपब्लिकन पार्टियां दो मुख्य राजनीतिक दल हैं। ये दोनों पार्टियां अपने सिद्धांतों, दृष्टिकोण और नीतियों में भिन्नता रखती हैं।

डेमोक्रेटिक पार्टी विशेष रूप से लोगों के हित में विश्वास रखती है। यह पार्टी आम तौर पर सामाजिक और आर्थिक समानता, पर्यावरण के प्रति संवेदनशीलता, निःस्वार्थ सेवा, उच्च शिक्षा की पहुंच, और गरीबों और वंचित वर्गों के हित में नीतियों को प्राथमिकता देती है।

वहीं, रिपब्लिकन पार्टी का मुख्य ध्यान अक्सर आर्थिक विकास, व्यापार और गरीबी कमी को हटाने की दिशा में रहता है।"
169,अमेरिका की आर्थिक नीति और राजनीतिक विवाद,"अमेरिका की आर्थिक नीति और राजनीतिक विवाद एक महत्वपूर्ण और विवादास्पद विषय है। अमेरिका की आर्थिक नीति का मुख्य उद्देश्य देश की आर्थिक स्थिति को सुधारना और विकास को बढ़ावा देना है। अमेरिका की सरकार ने विभिन्न नीतियों की रूपरेखा बनाई है जो शामिल हैं आर्थिक सुधार, कर, व्यापार नीति, औद्योगिक नीति, वित्तीय स्थिति आदि।

हाल ही में, अमेरिका में ट्रेड युद्ध, उत्पादन और निर्यात नीति, और विदेशी नीति के मुद्दों पर विवाद चरम पर है। उत्पादन और निर्यात नीति में टैरिफ्स और ट्रेड बैरियर्स के मामले में अमेरिका और विदेश"
172,डेमोक्रेटिक और रिपब्लिकन पार्टियों के बीच मुख्य अंतर,"अमेरिका में डेमोक्रेटिक और रिपब्लिकन पार्टियां दो प्रमुख राजनीतिक दल हैं। ये दोनों पार्टियां अमेरिकी राजनीति में महत्वपूर्ण भूमिका निभाती हैं। इन दोनों पार्टियों के बीच कुछ मुख्य अंतर हैं जो निम्नलिखित हैं:

1. विचारधारा: डेमोक्रेटिक पार्टी वामपंथी है, जबकि रिपब्लिकन पार्टी मध्यमार्गी है। डेमोक्रेट्स आम तौर पर सामाजिक और आर्थिक अवसरों को बढ़ावा देने की दिशा में काम करते हैं, जबकि रिपब्लिकन्स आम तौर पर निजी व्यवसायों और व्यक्ति के अधिकारों का समर्थन करते हैं।

2. स्थान: डेमोक्रेटिक पार्टी अधिकतर नगरीय"
171,अमेरिकी राजनीति में लॉबिंग और उसका प्रभाव,"लॉबिंग अमेरिकन राजनीति में एक महत्वपूर्ण हिस्सा है जिसका असर सीधे या अप्रत्यक्ष रूप से निर्धारित किया जाता है। लॉबिस्ट्स विभिन्न समूहों, कंपनियों या अन्य संगठनों के पक्ष में राजनीतिक निर्णय लेने के लिए काम करते हैं। वे नीति निर्माताओं को प्रभावित करने के लिए विभिन्न तरीकों का उपयोग करते हैं, जैसे कि लोभींग, जानकारी प्रदान करना, चुनावी समर्थन देना और पब्लिक रिलेशंस कैंपेन्स चलाना।

लॉबिंग का प्रभाव अमेरिकन राजनीति पर मिश्रित है। कुछ लोग इसे लोकतंत्र का महत्वपूर्ण हिस्सा मानते हैं, क्योंकि इससे समूचे समाज के स"
173,डेमोक्रेटिक और रिपब्लिकन पार्टियों के बीच मुख्य अंतर,"अमेरिका में डेमोक्रेटिक और रिपब्लिकन पार्टियां राजनीतिक और सामाजिक दृष्टि से दो विपक्षी दल हैं जो देश की राजनीति में महत्वपूर्ण भूमिका निभाते हैं। ये दोनों पार्टियां अपने विचारधारा, नीतियों और मूल्यों में विभिन्नता रखती हैं। 

डेमोक्रेटिक पार्टी विशेष रूप से सामाजिक न्याय, व्यावसायिक उत्थान, पर्यावरण संरक्षण, शिक्षा और स्वास्थ्य सेवाएं के पक्षधर होती है। वे सामाजिक सुरक्षा के पक्षधर होते हैं और अधिकांश मामलों में सरकारी हस्तक्षेप का समर्थन करते हैं। 

वहीं रिपब्लिकन पार्टी विशेष रूप से अधिकांश मामलों में निजी क"
170,अमेरिका में अप्रवासन नीति और उसकी राजनीति,"अमेरिका में अप्रवासन नीति एक चरमपंथी और विवादास्पद विषय है जिसपर राजनीति और सामाजिक संगठनों के बीच चर्चा हमेशा होती रहती है। अप्रवासन नीति का मुख्य उद्देश्य अमेरिका के सीमांत्रित इलाकों की सुरक्षा और रोकथाम के लिए होता है।

अप्रवासन नीति के कई पहलुओं में से एक है भारतीय अमेरिकी नागरिकों के लिए वीजा प्रक्रिया। इस प्रक्रिया में भारतीय नागरिकों को अमेरिका में प्रवेश करने के लिए कई प्रकार के वीजा की आवश्यकता होती है, जैसे की सामान्य पर्यटन वीजा, काम करने का वीजा और विद्या प्राप्त करने का वीजा।

अमेरिका में अप्रवासन नीति क"
174,अमेरिका में गन कंट्रोल नीति पर बहस,"अमेरिका में गन कंट्रोल नीति एक दिवस्क्वामी और विवादास्पद विषय है। गन कंट्रोल के पक्ष और विरोधी दोनों तरफ अपने विचार रखते हैं। 

गन कंट्रोल के पक्ष मानते हैं कि सख्त नियंत्रण नीतियाँ गुनाहगारता को कम कर सकती हैं। उनका मानना है कि जब गन कंट्रोल कानूनों का पालन किया जाता है, तो गुनाहगार लोगों के हाथ से बंदूक नहीं मिलती और इससे जनसंख्या की सुरक्षा में सुधार होता है। वे यह भी समर्थन करते हैं कि सार्वजनिक स्थानों में गन्स के प्रयोग को प्रतिबंधित करना चाहिए। 

विरोधी पक्ष का कहना है कि गन कंट्रोल से केवल निराशा ही फलित होती है। उ"
175,अमेरिका में जलवायु परिवर्तन नीति और राजनीतिक प्रभाव,"अमेरिका में जलवायु परिवर्तन एक गंभीर मुद्दा है और इसके राजनीतिक प्रभाव व्यापक हैं। अमेरिकी सरकार ने कई नीतियों को अपनाया है जो जलवायु परिवर्तन को संभालने और कम करने की दिशा में कदम उठाने की कोशिश कर रही है।

अमेरिकी सरकार ने पैरिस समझौते को समर्थन दिया है, जिसमें उन्होंने अपने जलवायु परिवर्तन से जुड़े लक्ष्यों को साझा किया है। इसके अलावा, अमेरिकी सरकार ने वन्य जीवन की संरक्षण के लिए कई प्रोग्राम चलाए हैं जो जलवायु परिवर्तन को रोकने में मददगार साबित हो रहे हैं।

हालांकि, यह नीतियां राजनीतिक विवादों का कारण भी बन"
176,डेमोक्रेटिक और रिपब्लिकन पार्टियों के बीच मुख्य अंतर,"अमेरिकन राजनीति में डेमोक्रेटिक और रिपब्लिकन पार्टियों का महत्वपूर्ण स्थान है। ये दोनों पार्टियां संघर्षशील और विपक्षी हैं, लेकिन इनमें कई महत्वपूर्ण अंतर हैं।

पहला अंतर है विचारधारा। डेमोक्रेटिक पार्टी आमतौर पर लिबरल विचारधारा को प्रोत्साहित करती है, जबकि रिपब्लिकन पार्टी का विचारधारा कन्सर्वेटिव होता है। डेमोक्रेट्स आम तौर पर सामाजिक कार्यक्रमों, वैज्ञानिक अनुसंधान और विदेशनीति में अधिक निवेश करने की पक्ष में होते हैं, जबकि रिपब्लिकन्स आम तौर पर निजी क्षेत्र में निवेश करने, करगुज़ारी कम करने और निजी क्षेत्र"
177,अमेरिकी मीडिया और राजनीति: निष्पक्षता बनाम ध्रुवीकरण,"अमेरिकी मीडिया और राजनीति के बीच निष्पक्षता और ध्रुवीकरण का मुद्दा एक दिलचस्प विवाद बना हुआ है। एक ओर, मीडिया को निष्पक्ष होने की जिम्मेदारी होती है कि वह समाचार को बिना किसी पक्षपात या स्वार्थ के दिखाए। दूसरी ओर, ध्रुवीकरण का आरोप लगाया जाता है कि मीडिया ने किसी निश्चित पक्ष की प्रोबेगेंडा को प्रोत्साहित किया है।

अमेरिकी मीडिया की विशेषता यह है कि वह एक मुक्त दर्शन और व्यापक रूप से व्यवस्थित है। इसका मतलब है कि अमेरिकी मीडिया को आजादी है अपने आप को निष्पक्ष और स्वतंत्र रूप से प्रकट करने की। लेकिन, कुछ लोगों का म"
178,अमेरिका में जलवायु परिवर्तन नीति और राजनीतिक प्रभाव,"अमेरिका में जलवायु परिवर्तन नीति और राजनीतिक प्रभाव का मुद्दा एक गंभीर चिंता बन चुका है। अमेरिका ने पारिस समझौते को अब तक रातिफाई नहीं किया है, जिसके कारण इस दिशा में कई संदेह उत्पन्न हो रहे हैं। इसके अलावा, पिछले कुछ सालों में अमेरिका ने अपनी जलवायु परिवर्तन नीति में कई परिवर्तन किए हैं, जिन्हें कई विशेषज्ञ नकारत्मक मान रहे हैं।

अमेरिका में जलवायु परिवर्तन के लिए नीतियों का अभाव एक सामाजिक और आर्थिक समस्या बन चुका है। विशेषज्ञों का मानना है कि अमेरिका को अपनी ऊर्जा उत्पादन को परिवर्तित करने की जरूरत है, ताकि प"
179,अमेरिका में मतदाता अधिकार और चुनाव सुधार,"अमेरिका में मतदाता अधिकार और चुनाव सुधार के मुद्दे व्यापक रूप से चर्चा किए जा रहे हैं। चुनाव सुधार के मुद्दे बढ़ते रहे हैं जिसमें चुनावी प्रक्रिया को सुरक्षित और पारदर्शी बनाने के लक्ष्य को ध्यान में रखा जा रहा है। इसके लिए नए तकनीकी उपाय अपनाए जा रहे हैं जैसे कि ई-वोटिंग और इंटरनेट चुनाव पंजीकरण।

मतदाता अधिकार के संदर्भ में, अमेरिकी नागरिकों को वोट करने का अधिकार सुनिश्चित करना महत्वपूर्ण है। विभिन्न राज्यों में मतदान करने के नियम अलग-अलग हो सकते हैं, लेकिन सामान्य रूप से उन्हें जानकारी प्राप्त करने क"
180,अमेरिका में हेल्थकेयर नीति: ओबामाकेयर बनाम निजीकरण,"अमेरिका में हेल्थकेयर नीति एक बहुत ही महत्वपूर्ण और विवादास्पद विषय है। इसमें दो प्रमुख पक्ष हैं - सरकारी हेल्थकेयर प्रणाली (जिसे ओबामाकेयर केयर के रूप में भी जाना जाता है) और निजीकरण।

ओबामाकेयर केयर, जिसे पूरे नाम से अफोर्डेबल केयर एक्ट (Affordable Care Act) भी जाना जाता है, अमेरिका की सरकारी हेल्थकेयर प्रणाली का एक प्रमुख उदाहरण है। इसका मुख्य उद्देश्य था कि सभी अमेरिकी नागरिकों को सस्ती और उचित हेल्थकेयर सुविधाएं प्राप्त हों। हालांकि, इसके प्रति विरोध भी था। कुछ लोग इसे सरकारी हस्तक्षेप के रूप में देखते थे जबकि कुछ लोग"
182,अमेरिकी राष्ट्रपति चुनाव प्रणाली: एक विस्तृत विश्लेषण,"अमेरिका में राष्ट्रपति का चयन एक बहुत ही महत्वपूर्ण प्रक्रिया है जिसमें लाखों लोग भाग लेते हैं। यह प्रक्रिया कुछ विशेष चरणों में सम्पन्न होती है और इसमें जनमत संग्रह, प्राथमिक चयन, राष्ट्रीय समारोह और चुनावी मतदान शामिल होते हैं।

पहला चरण है पार्टी की प्राथमिक चयन प्रक्रिया, जिसमें रिपब्लिकन और डेमोक्रेट पार्टियों अपने उम्मीदवारों का चयन करते हैं। इसके बाद चयनित उम्मीदवारों द्वारा राष्ट्रव्यापी चुनावी अभियान चलाया जाता है।

दूसरा चरण है नवंबर महीने में आयोजित राष्ट्रीय समारोह, जिसमें मतदान होता है। इस स"
183,अमेरिका में गन कंट्रोल नीति पर बहस,"अमेरिका में गन कंट्रोल नीति पर बहस एक बहुत ही चर्चित और विवादास्पद विषय है। एक ओर वहां कुछ लोग गुन मानवता के हित में जरूरी मानते हैं जबकि दूसरी ओर कुछ लोग गन कंट्रोल को बढ़ते हुए हिंसा और अपराधों को रोकने का माध्यम मानते हैं।

अमेरिका में गन कंट्रोल मुद्दे पर दोनों पक्षों के लिए अपने-अपने तर्क हैं। गन कंट्रोल के पक्ष में यह तर्क दिया जाता है कि गन से होने वाली अपराधों को कम किया जा सकता है और सामाजिक सुरक्षा बढ़ाई जा सकती है। वे गन लॉ इम्पोज करके गुन कंट्रोल को सख्त करने की मांग करते हैं। वहां कुछ लोग इसे आपातकाल"
181,अमेरिका में मतदाता अधिकार और चुनाव सुधार,"अमेरिका में मतदाता अधिकार और चुनाव सुधार के मुद्दे बहुत महत्वपूर्ण हैं। चुनाव सुधार के लिए कई प्रस्ताव लोकतंत्र को मजबूत करने के लिए किए जा रहे हैं। इनमें से कुछ प्रमुख चरण निम्नलिखित हैं:

1. मतदाता पंजीकरण की सुविधा: चुनाव आयोग ने विभिन्न तकनीकी उपाय अपनाए हैं जिनके माध्यम से लोग आसानी से मतदाता पंजीकरण कर सकते हैं।

2. चुनावी बूथों की सुरक्षा: चुनावी बूथों की सुरक्षा में वृद्धि की जा रही है ताकि चुनाव के दौरान किसी भी प्रकार की गड़बड़ी न हो।

3. इलेक्ट्रॉनिक वोटिंग: कुछ राज्यों में इलेक्ट्रॉनिक वोट"
184,अमेरिका में जलवायु परिवर्तन नीति और राजनीतिक प्रभाव,"अमेरिका में जलवायु परिवर्तन एक गंभीर चुनौती है जो देश के विभिन्न क्षेत्रों में व्यापक प्रभाव डाल रही है। इसे ध्यान में रखते हुए, अमेरिका ने कई नीतियों और कदमों को अपनाया है जो जलवायु परिवर्तन को कम करने और उसके प्रभावों से निपटने के लिए बनाए गए हैं।

एक तरफ, अमेरिका ने पेरिस समझौते को पुनरारंभ किया है और उसने अपने उद्योगों के लिए कठोर नियामकों को अपनाने का भी आलंब लिया है। साथ ही, डोनाल्ड ट्रंप की प्रशासन ने पारिस समझौते से अलग होने का निर्णय लिया था, लेकिन जो बाद में जो नीतियाँ अपनाई गई हैं, वे भी जलवायु प"
185,डेमोक्रेटिक और रिपब्लिकन पार्टियों के बीच मुख्य अंतर,"अमेरिका में डेमोक्रेटिक और रिपब्लिकन पार्टियाँ दो मुख्य राजनैतिक दल हैं जो देश की राजनीति में महत्वपूर्ण भूमिका निभाती हैं। ये दोनों पार्टियाँ अपने विचारों और नीतियों में भिन्नता रखती हैं जिसके कारण उनके बीच कई अंतर होते हैं।

1. दरियां: डेमोक्रेटिक पार्टी अक्सर सामाजिक और आर्थिक संदेशों पर जोर देती है, जबकि रिपब्लिकन पार्टी अक्सर राष्ट्रीय सुरक्षा और आर्थिक विकास पर जोर देती है।

2. सरकारी नीतियाँ: डेमोक्रेटिक पार्टी अक्सर सरकारी नीतियों में अधिक वित्तीय सहायता और सामाजिक सुरक्षा को बढ़ावा देती है, जबकि"
187,अमेरिका में हेल्थकेयर नीति: ओबामाकेयर बनाम निजीकरण,"अमेरिका में हेल्थकेयर नीति एक बहुत ही महत्वपूर्ण और विवादास्पद विषय है। इसके बारे में दो मुख्य दृष्टिकोण हैं - एक ओबामाकेयर योजना और दूसरा निजीकरण।

ओबामाकेयर योजना का मुख्य उद्देश्य सभी अमेरिकी नागरिकों को सस्ते और उचित स्वास्थ्य सुविधाएं प्रदान करना था। इस योजना के अंतर्गत, लोगों को बिमारियों से बचाव और उपचार की सुविधा मिलने थी। यह योजना लोगों को निजी बीमा कंपनियों से स्वास्थ्य बीमा खरीदने के लिए प्रेरित करती थी, लेकिन कुछ लोगों के लिए यह योजना बहुत महंगी और कठिन थी।

विपक्ष में, निजीकरण के प"
186,अमेरिका में मतदाता अधिकार और चुनाव सुधार,"अमेरिका में मतदाता अधिकार और चुनाव सुधार एक महत्वपूर्ण विषय है जिसपर ध्यान दिया जा रहा है। अमेरिकी चुनाव प्रक्रिया में सुधार करने के लिए कई पहलु हैं जिन्हें ध्यान में रखा जा रहा है।

मतदाताओं के अधिकार की सुरक्षा के लिए अमेरिका में आम तौर पर अदालतों द्वारा यह सुनिश्चित किया जाता है कि मतदाताओं का वोट काउंट होना चाहिए और किसी भी प्रकार की चुनौती का सामना न करना पड़े। इसके अलावा, चुनाव सुधार कार्यक्रम भी चलाए जा रहे हैं जिनमें इलेक्ट्रॉनिक वोटिंग मशीनों की सुरक्षा, वोटर आईडी कार्ड की मान्यता और मतदाता की गणना की प्र"
188,अमेरिकी विदेश नीति: चीन और रूस के साथ संबंध,"अमेरिका की विदेश नीति में चीन और रूस के साथ संबंध विशेष महत्व रखते हैं। चीन दुनिया की दूसरी सबसे बड़ी अर्थव्यवस्था है और रूस एक भूमध्यसागरीय राष्ट्र है जिसका भूमि में भारत महत्वपूर्ण भूमि अस्थित है। चीन के साथ अमेरिका के संबंध व्यापक हैं, जिसमें व्यापार, रक्षा, तकनीकी सहयोग, वातानुकूलन और खुदरा उत्पादों का विनिमय शामिल है। हाल ही में दोनों देशों के बीच व्यापार संबंधों में टेंशन बढ़ी है, खासकर चीन के अमेरिका से आयात पर लगाए गए करों पर।

रूस के साथ अमेरिका के संबंध भी कमजोर नहीं हैं। दोनो"
189,अमेरिकी विदेश नीति: चीन और रूस के साथ संबंध,"अमेरिकी विदेश नीति एक बहुत महत्वपूर्ण और चुनौतीपूर्ण क्षेत्र है, खासकर जब बात चीन और रूस के साथ संबंधों की आती है। चीन और रूस दोनों बड़े विश्व शक्तियों के रूप में उभरते हुए हैं, और उनके साथ अच्छे संबंध बनाए रखना अमेरिका के लिए महत्वपूर्ण है।

चीन के साथ संबंध दर्पण राष्ट्र विरोधात्मकता के बीच बढ़ रहे हैं, खासकर चीन की व्यावसायिक उत्पादन क्षमता और साइबर हमले के आशंकाओं के कारण। अमेरिका चीन से व्यापारिक और रक्षा संबंधों को लेकर कठिनाई महसूस कर रहा है और इसे सुलझाने के लिए उदार और स्थिर दृष्ट"
192,अमेरिका में सुप्रीम कोर्ट की भूमिका और प्रभाव,"सुप्रीम कोर्ट अमेरिका की सबसे ऊँची न्यायिक अदालत है और यह देश के संविधान के प्रमुख निहिताएं और अनुच्छेदों की व्याख्या और निर्धारण करती है। सुप्रीम कोर्ट का मुख्य कार्य यह है कि वह भारतीय संविधान की तर्ज पर अमेरिका के संविधान के धाराएँ और उसकी व्याख्या करती है ताकि देश की संविधानिक स्थिति मजबूत बनी रहे।

सुप्रीम कोर्ट के निर्णयों का विशेष महत्व है क्योंकि ये देश के अन्य कोर्टों के निर्णयों पर भी प्रभाव डालते हैं। इसके निर्णय संविधान के मानकों और श्रेणियों के साथ मेल खाते हैं और देश में न्याय की व्यवस्था को सुनिश्चित करते है"
190,अमेरिका की आर्थिक नीति और राजनीतिक विवाद,"अमेरिका की आर्थिक नीति और राजनीतिक विवाद दुनिया भर में चर्चा का विषय रहा है। अमेरिका एक विशाल अर्थव्यवस्था वाला देश है जिसका प्रभाव पूरी दुनिया पर होता है। इसके बावजूद, अमेरिका में आर्थिक विपरीतताएं हैं और राजनीतिक विवाद चल रहे हैं।

एक पक्ष से देखें तो अमेरिका की आर्थिक नीति में वृद्धि हो रही है और नये रोजगार सृजन हो रहा है। विदेशी निवेशकों के लिए अमेरिका एक आकर्षक व्यापार ग्राहक है। वहीं, दूसरी ओर, कुछ लोग मानते हैं कि अमेरिका की आर्थिक नीति में असमानता बढ़ रही है और गरीबी और असमानता बढ़"
191,अमेरिका में सुप्रीम कोर्ट की भूमिका और प्रभाव,"सुप्रीम कोर्ट अमेरिका की सबसे उच्च न्यायिक प्राधिकरण है और यह देश के संविधान की रक्षा और न्याय को सुनिश्चित करने का महत्वपूर्ण कार्य करता है। सुप्रीम कोर्ट में 9 न्यायाधीश होते हैं, जिन्हें अमेरिकी राष्ट्रपति नामित करता है और संसद उनकी मंजूरी देती है।

सुप्रीम कोर्ट का प्रभाव बहुत अधिक है, क्योंकि यह न्यायिक विचारधारा को स्थायित करने और संविधान के माध्यम से समाज में न्याय और समानता को सुनिश्चित करने की जिम्मेदारी निभाता है। सुप्रीम कोर्ट के निर्णय दूसरी न्यायिक संस्थाओं के लिए भी प्रेरणास्त्रोत होते हैं और उन्हें मार्गदर्शन प्रदान कर"
193,अमेरिका की आर्थिक नीति और राजनीतिक विवाद,"अमेरिका की आर्थिक नीति और राजनीतिक विवाद दुनिया भर में चर्चा का विषय बना हुआ है। अमेरिका एक विकासशील देश होने के साथ-साथ एक व्यावसायिक देश भी है, और इसलिए यहाँ की आर्थिक नीतियों का अहम रोल है।

अमेरिकी आर्थिक नीति के बारे में विवाद इसलिए होते हैं क्योंकि यह नीतियां अक्सर पार्टीयों के बीच मतभेद का कारण बनती हैं। एक ओर लोग सामाजिक सुरक्षा और सामाजिक कल्याण के लिए अधिक ध्यान देने की मांग करते हैं, जबकि दूसरी ओर लोग औद्योगिक विकास और निजी क्षेत्र को बढ़ावा देने के पक्ष में होते हैं।

राजनीतिक विवाद भी अमेरिका म"
194,अमेरिकी राजनीति में लॉबिंग और उसका प्रभाव,"लॉबिंग एक प्रकार का संगठित व्यापारिक प्रयास है जिसमें व्यक्ति या संगठन सरकार के निर्णयकर्ताओं को प्रभावित करने के लिए राजनीतिक या नीति संबंधी विचारों को प्रस्तुत करते हैं। अमेरिकी राजनीति में लॉबिंग का एक महत्वपूर्ण भूमिका है और यहाँ पर लॉबिस्ट्स विभिन्न उद्योगों, समुदायों और सरकारी नीतियों के पक्ष में काम करते हैं।

लॉबिंग के द्वारा व्यक्तियों या संगठनों की रुचियों और हितों को सुनिश्चित करने का प्रयास किया जाता है, लेकिन कुछ लॉबिस्ट्स अपने हितों के लिए निरंतर व्यापारिक लाभ के लिए कैम्पेन या धारा का समर्थन कर स"
195,अमेरिका में गन कंट्रोल नीति पर बहस,"अमेरिका में गन कंट्रोल नीति एक विवादास्पद विषय है जिसपर लोगों के विचार विभिन्न हैं। एक ओर से उन लोगों का कहना है कि गन कंट्रोल का पालन करने से अपराधों में कमी होगी, जबकि दूसरी ओर से कुछ लोग गन कंट्रोल के पक्ष में नहीं हैं।

गन विरोधी समूह विशेषकर प्रधानमंत्री जो बाइडेन की प्रशासन द्वारा गन कंट्रोल नीतियों की समर्थन कर रहे हैं, उनका मानना है कि गन कंट्रोल के बिना अमेरिका में अपराधों में वृद्धि हो रही है। उनका यह भी विचार है कि सख्त गन कंट्रोल नीतियाँ लागू करने से सार्वजनिक स्थानों पर हो रही गोलीबारी को कम किया जा सकता है।

"
198,अमेरिकी सीनेट और हाउस ऑफ रिप्रेजेंटेटिव्स की भूमिका,"अमेरिकी संघीय संविधान के अनुसार, संयुक्त राज्य अमेरिका का संसद दो सदनों से मिलकर बना होता है - सीनेट और हाउस ऑफ रिप्रेजेंटेटिव्स। ये दोनों सदन विभागीय और संघीय सरकारों के बीच सम्बंध स्थापित करने के लिए जिम्मेदार हैं।

सीनेट, जिसे सदस्यों की सीधी निर्वाचन द्वारा चुनी जाती है, प्रत्येक राज्य को दो सांसद भेजने के लिए जिम्मेदार है। यह सीनेट राष्ट्रीय नीतियों को अनुमोदन करने और अनुशंसाएं देने के लिए महत्वपूर्ण है।

हाउस ऑफ रिप्रेजेंटेटिव्स, जिसे लोगों की निर्वाचन द्वारा चुना जाता है, जनसंख्या के आधार पर सीटों की"
197,अमेरिकी विदेश नीति: चीन और रूस के साथ संबंध,"अमेरिकी विदेश नीति एक महत्वपूर्ण विषय है जिसमें चीन और रूस के साथ संबंध एक महत्वपूर्ण भूमिका निभाते हैं। अमेरिका की विदेश नीति का मुख्य उद्देश्य अपने राष्ट्रीय हितों की रक्षा करना है और अंतरराष्ट्रीय समुदाय में अपनी उपस्थिति को मजबूत करना है।

चीन और रूस दोनों अमेरिका के लिए महत्वपूर्ण राष्ट्र हैं। चीन एक विशाल अर्थव्यवस्था और सैन्य शक्ति के रूप में उभरता हुआ देश है, जबकि रूस एक विशाल सीमांत देश है जिसका अपना विशेष स्थान है। अमेरिका चीन और रूस के साथ एक भारी राजनीतिक, आर्थिक और सैन्य संबंध र"
196,अमेरिकी सीनेट और हाउस ऑफ रिप्रेजेंटेटिव्स की भूमिका,"अमेरिकी सीनेट और हाउस ऑफ रिप्रेजेंटेटिव्स दोनों ही अमेरिका की संविधानिक संस्थाएं हैं और ये अमेरिका की संविधानिक प्रणाली के प्रमुख अंग हैं।

सीनेट, जिसे अमेरिकी संसद का उच्च सदन के रूप में जाना जाता है, में प्रत्येक राज्य से दो सदस्य होते हैं, जिन्हें राज्य की अपनी विधान सभा चुनती है। सीनेट की मुख्य भूमिका यह है कि इसमें राज्यों के मामलों को प्रतिनिधित्व और समर्थन देने के लिए सदस्यों को मौका मिलता है।

दूसरी ओर, हाउस ऑफ रिप्रेजेंटेटिव्स, जिसे संसद का निचला सदन के रूप में जाना जाता है, की सदस्यों की संख्या प्रत्येक राज्य की"
200,अमेरिका में गन कंट्रोल नीति पर बहस,"गन कंट्रोल एक महत्वपूर्ण और विवादास्पद विषय है, खासकर अमेरिका में। अमेरिका में गन कंट्रोल नीति पर बहस लंबे समय से चल रही है और इस पर विभिन्न स्थितियों और विचारों के लोगों के बीच विपरीत मतभेद हैं।

कुछ लोग मानते हैं कि गन कंट्रोल नीति को मजबूत करना चाहिए ताकि अपराधों का सामना किया जा सके और भविष्य में होने वाली हिंसा को रोका जा सके। वे समझते हैं कि गन कंट्रोल कानूनों को सख्त करना चाहिए ताकि अवैध तरीके से गन की खरीदारी न की जा सके।

विपक्ष में, कुछ लोग मानते हैं कि गन कंट्रोल नीति का प्रभावकारी होना मुश्किल है और इसस"
199,अमेरिकी विदेश नीति: चीन और रूस के साथ संबंध,"अमेरिकी विदेश नीति चीन और रूस के साथ संबंध एक महत्वपूर्ण और विवादास्पद विषय है। इन तीन देशों के बीच संबंध ग्लोबल राजनीति में महत्वपूर्ण भूमिका निभाते हैं।

अमेरिका और चीन के संबंधों में व्यापक व्यापार, वित्तीय मामले और रक्षा सहित कई क्षेत्रों में सहमति और विवाद दोनों होते हैं। अमेरिका चीन के साथ एक बड़े व्यापार संबंध रखता है, लेकिन दोनों देशों के बीच ट्रेड वार भी होता रहता है। विवादित मुद्दों में चीन की व्यापारिक नीतियों, व्यापार में अनुकूल नहीं होने के मामले और चीन की साइबर अपराधों में अमेरिका के संद"
201,अमेरिका में सुप्रीम कोर्ट की भूमिका और प्रभाव,"अमेरिका में सुप्रीम कोर्ट एक महत्वपूर्ण संवैधानिक संस्था है जिसका मुख्य कार्य विधि प्रणाली के विवादित मुद्दों पर निर्णय देना है। सुप्रीम कोर्ट के न्यायाधीशों का नियुक्ति आमेरिकी राष्ट्रपति द्वारा की जाती है और उनकी स्थिति जीवन भर की होती है।

सुप्रीम कोर्ट की प्रमुख भूमिका यह है कि यह विधि प्रणाली के संवैधानिकता को सुनिश्चित करता है। इसके निर्णय देश के संविधान के साथ अनुरूप होते हैं और उन्हें सुनिश्चित करने में महत्वपूर्ण भूमिका निभाते हैं। सुप्रीम कोर्ट के निर्णय राष्ट्रीय स्तर पर प्रभाव डालते हैं और देश के नागरिकों के जी"
202,अमेरिका में अप्रवासन नीति और उसकी राजनीति,"अमेरिका में अप्रवासन नीति एक महत्वपूर्ण और चरमपंथी विषय है जो राष्ट्रीय, सामाजिक, और राजनीतिक स्तर पर विवादों का केंद्र रहा है। अप्रवासन नीति अमेरिका की अंतरराष्ट्रीय सीमाओं पर आने वाले व्यक्तियों के लिए निर्धारित किए गए नियमों और प्रक्रियाओं का संयंत्र है। इसका मुख्य उद्देश्य अमेरिकी नागरिकों की सुरक्षा और सुरक्षितता को सुनिश्चित करना है।

अमेरिका की अप्रवासन नीति और अप्रवासन कानून की रूपरेखा को अक्सर संविदान के द्वारा परिभाषित किया जाता है। इसने विविध उद्देश्यों जैसे अर्थनीति, राजनीतिक स्थिति, और मानवाधिकार की स"
203,अमेरिकी संविधान और उसकी राजनीति पर प्रभाव,"अमेरिकी संविधान एक महत्वपूर्ण दस्तावेज है जो अमेरिकी समाज और राजनीति को निर्देशित करता है। यह संविधान अमेरिकी राजनीति पर गहरा प्रभाव डालता है और देश की संविधानिक संरचना को प्रकट करता है।

अमेरिकी संविधान ने एक व्यवस्था स्थापित की है जो तीन शाखाओं - कार्यकारी, विधि और न्यायिक - के बीच संतुलन स्थापित करती है। इसके अलावा, यह नागरिकों को अपने अधिकारों की रक्षा करने का अधिकार देता है और सरकार की सत्ता को सीमित करता है।

अमेरिकी संविधान ने नागरिकों को मुक्ति, समानता और न्याय की सुनिश्चित करने की दिशा में महत्वपूर्ण कदम उठाए है"
204,अमेरिका में हेल्थकेयर नीति: ओबामाकेयर बनाम निजीकरण,"अमेरिका में हेल्थकेयर नीति एक दिलचस्प और विवादास्पद विषय है जिसमें दो मुख्य दृष्टिकोण हैं - ओबामाकेयर बनाम निजीकरण।

2009 में पूर्व राष्ट्रपति बराक ओबामा द्वारा लागू की गई Affordable Care Act (जिसे आमतौर पर ओबामाकेयर के रूप में जाना जाता है) ने अमेरिकी स्वास्थ्य सेवाओं में क्रांति लाने का प्रयास किया। इस नीति के तहत, लोगों को सस्ती स्वास्थ्य बीमा की सुविधा उपलब्ध कराई गई और प्री-इस्तेब्लिश्ड कंडीशन्स के आधार पर बीमा करने से रोका गया।

विपक्ष में, निजीकरण के पक्षधरों का मानना है कि स्वास्थ्य सेवाओं को प्राइवेट सेक्टर के हाथ में सौं"
205,अमेरिका में सुप्रीम कोर्ट की भूमिका और प्रभाव,"सुप्रीम कोर्ट अमेरिका का सर्वोच्च न्यायिक संस्थान है जो संविधान की रक्षा और व्याख्या करने का कार्य करता है। यह अमेरिकी संविधान की धारा 3 के अंतर्गत गठित है और इसकी मुख्य भूमिका यह है कि यह संविधान के अनुसार दिए गए न्याय के निर्णयों का सुनिश्चित करना।

सुप्रीम कोर्ट की एक और महत्वपूर्ण भूमिका यह है कि यह संविधान के तात्कालिक व्याख्या करके नई मुद्दों और प्रश्नों का समाधान करता है। यह न्यायिक प्रणाली के माध्यम से सामाजिक और राजनीतिक विवादों का समाधान करता है और संविधान के मूल्यों को बनाए रखने में मदद करता है।

सुप्रीम कोर्ट के न"
207,अमेरिका में हेल्थकेयर नीति: ओबामाकेयर बनाम निजीकरण,"अमेरिका में हेल्थकेयर नीति एक बहुत ही महत्वपूर्ण और विवादास्पद विषय है। इसमें दो मुख्य पक्ष हैं - एक ओबामा सरकार द्वारा लागू की गई आवश्यकताओं को पूरा करने के लिए किया गया हेल्थकेयर रिफॉर्म अधिनियम और दूसरा निजीकरण की पक्षपाती दृष्टिकोण से आधारित हेल्थकेयर नीति।

ओबामाकेयर नीति के अनुसार, सभी नागरिकों को स्वास्थ्य बीमा कवरेज की गारंटी दी गई है। इसमें पूरे देश में स्वास्थ्य सुविधाओं का पहुंचाव बढ़ाने का प्रयास किया गया है। इसका उद्देश्य था कि जिन लोगों को पहले स्वास्थ्य बीमा कवरेज नहीं मिल पा रहा था,"
206,अमेरिका में जलवायु परिवर्तन नीति और राजनीतिक प्रभाव,"अमेरिका में जलवायु परिवर्तन नीति और राजनीतिक प्रभाव

अमेरिका में जलवायु परिवर्तन एक गंभीर मुद्दा है जिसका राजनीतिक प्रभाव समृद्धि और सुरक्षा की दृष्टि से हो सकता है। अमेरिकी सरकार ने पिछले कुछ दशकों में जलवायु परिवर्तन को लेकर कई नीतियाँ बनाई हैं, जिनमें वन्यजीव संरक्षण, ऊर्जा सुरक्षा, और जलवायु परिवर्तन से जुड़े अन्य मुद्दे शामिल हैं।

अमेरिका ने पेरिस समझौते को समर्थन दिया है, जिसका मुख्य उद्देश्य ग्लोबल उष्णता को कम करना है। इसके अलावा, अमेरिकी सरकार ने अपने ऊर्जा नीति में योगदान करने के लिए अनेक स"
208,अमेरिका में नस्लीय न्याय और राजनीतिक सुधार,"नस्लीय न्याय और राजनीतिक सुधार अमेरिका में एक महत्वपूर्ण और चरमपंथी विषय है। इसके बारे में बहुत सारे चर्चाएँ और विवाद होते रहते हैं। अमेरिका में नस्लीय न्याय का मुद्दा एक दशकों से चर्चा का केंद्र बना हुआ है। अमेरिका में नस्लीय न्याय के संदर्भ में विभिन्न केस और मामले आम जनता की ध्यान में आए हैं।

अमेरिका में नस्लीय न्याय के मुद्दे को लेकर सरकार और सामाजिक संगठनों की जिम्मेदारियां बढ़ रही हैं। वे इस मुद्दे का सामाजिक और नैतिक पहलू ध्यान में रखकर उचित सुधार करने की कोशिश कर रहे हैं।

राजनीतिक सुधार के माध्य"
209,अमेरिकी मीडिया और राजनीति: निष्पक्षता बनाम ध्रुवीकरण,"अमेरिकी मीडिया और राजनीति के बीच निष्पक्षता और ध्रुवीकरण का मुद्दा एक दिलचस्प विषय है। एक देश में स्वतंत्र मीडिया का महत्वपूर्ण भूमिका होती है जो जनता को सटीक और विश्वसनीय समाचार प्रदान करती है और सरकार को जवाबदेह रखने में मदद करती है।

हालांकि, अमेरिकी मीडिया के कुछ हिस्से में निष्पक्षता की कमी और ध्रुवीकरण का संकेत मिलता है। ध्यान देने योग्य उदाहरण इसमें विशेष चर्चा पाने वाले चैनल और पत्रिकाएं शामिल हैं, जो किसी विशेष नैतिक या राजनैतिक पक्ष की प्रेरणा से काम करते हैं। यह मीडिया आम जनता को गलत दिशा में ले जा"
210,अमेरिकी राजनीति में लॉबिंग और उसका प्रभाव,"लॉबिंग अमेरिकी राजनीति में एक महत्वपूर्ण किरयान्त्र है जिसका असर सीधे या अप्रत्यक्ष रूप से विभिन्न निर्णयकर्ताओं पर होता है। यह व्यक्तियों या संगठनों द्वारा निजी रूप से किए गए प्रयासों का एक रूप है जिसका मुख्य उद्देश्य सरकारी नीतियों और निर्णयों पर प्रभाव डालना होता है।

लॉबिंग अमेरिकी राजनीति में विभिन्न स्तरों पर हो सकता है, जैसे संसद, विभागीय मंत्रालय, और राष्ट्रपति कार्यालय। यहाँ तक कि अमेरिकी व्यावसायिक संगठन भी लॉबिंग करते हैं ताकि उनके हित में नीतियों में संशोधन किया जा सके।

लॉबिंग का प्रभाव"
213,अमेरिका में जलवायु परिवर्तन नीति और राजनीतिक प्रभाव,"जलवायु परिवर्तन एक गंभीर मुद्दा है जिसका अमेरिका को भी ध्यान देना चाहिए। जलवायु परिवर्तन के असर के बारे में विज्ञान के साक्षात्कार हो चुके हैं और यह स्पष्ट है कि इसके कारण जलवायु में परिवर्तन हो रहा है। इसे रोकने के लिए अमेरिका ने कई पहल की हैं, जैसे कि पेरिस समझौते में शामिल होना और अपने उत्पादन और ऊर्जा स्रोतों में परिवर्तन करने की प्रतिबद्धता।

अमेरिका ने अपनी जलवायु परिवर्तन नीति को लेकर कई संशोधन किए हैं जिनमें विज्ञानिक और तकनीकी उन्नति को महत्व दिया गया है। इसके अलावा, राष्ट्रीय स्तर पर ऊर्जा की संविदानिकता औ"
212,अमेरिका में नस्लीय न्याय और राजनीतिक सुधार,"अमेरिका में नस्लीय न्याय और राजनीतिक सुधार एक महत्वपूर्ण और विवादास्पद विषय है। नस्लीय न्याय का मतलब है किसी व्यक्ति का नागरिकता, जाति, धर्म, रंग, या लिंग के कारण उसे न्याय मिलने से वंचित रहना। अमेरिका में नस्लीय न्याय के मुद्दे इतिहास से जुड़े हुए हैं और इस पर समूचे देश में चर्चा होती रही है।

अमेरिका में नस्लीय न्याय के मुद्दे को हल करने के लिए कई कदम उठाए गए हैं। सिविल राइट्स आंदोलन, अफरीकन अमेरिकन अधिकार संरक्षण कानून, और अन्य कानूनी सुधारों के माध्यम से नस्लीय न्याय पर ध्यान दिया गया है।"
211,अमेरिका में अप्रवासन नीति और उसकी राजनीति,"अमेरिका में अप्रवासन नीति एक महत्वपूर्ण राजनीतिक मुद्दा है जिसपर व्यापक चर्चा होती रहती है। इस नीति के तहत अमेरिका द्वारा विदेशी नागरिकों की प्रवेश और रहने की स्थिति को नियंत्रित किया जाता है। इसका मुख्य उद्देश्य अमेरिकी सुरक्षा और अर्थव्यवस्था की सुरक्षा को सुनिश्चित करना है।

अमेरिका की अप्रवासन नीति कई प्रकार की वीजा और पासपोर्ट की प्रक्रियाओं पर आधारित है। विभिन्न वीजा श्रेणियाँ जैसे की व्यापारिक वीजा, पर्यटन वीजा, छात्र वीजा आदि के लिए विशेष निर्देश तय किए गए हैं। साथ ही, विभिन्न देशों के लिए वीजा की प्राप"
214,अमेरिका में जलवायु परिवर्तन नीति और राजनीतिक प्रभाव,"अमेरिका में जलवायु परिवर्तन एक गंभीर मुद्दा है जिसका असर राष्ट्रीय नीतियों और राजनीतिक विचारधाराओं पर हो रहा है। अमेरिका ने पारिस समझौते को फिर से अपनाया है, जिसका मुख्य उद्देश्य ग्लोबल गर्मियों को नियंत्रित करना है। इस समझौते के अनुसार, अमेरिका ने अपने ऊर्जा संयंत्रों में स्थायी ऊर्जा का उपयोग बढ़ाने का लक्ष्य रखा है।

जलवायु परिवर्तन के मुद्दे ने अमेरिकी राजनीतिक दलों को भी विभाजित किया है। एक ओर उन दलों ने जलवायु परिवर्तन को गंभीरता से लेकर काम करने की मांग की है, जबकि दूसरी ओर कुछ दल इसे एक प्राथम"
215,अमेरिकी मीडिया और राजनीति: निष्पक्षता बनाम ध्रुवीकरण,"अमेरिकी मीडिया और राजनीति के बीच निष्पक्षता और ध्रुवीकरण का मुद्दा एक बहुत ही महत्वपूर्ण और विवादास्पद विषय है। राजनीतिक दल और नेताओं के लिए मीडिया एक महत्वपूर्ण साधन है जिसका उपयोग उनके संदेश को लोगों तक पहुंचाने में किया जाता है। इसके साथ ही, लोगों को सही और निष्पक्ष जानकारी प्राप्त करने का अधिकार भी है।

हाल ही में, अमेरिकी मीडिया को निष्पक्षता की दिशा में बहुत सारे सवालों का सामना करना पड़ा है। विभिन्न मीडिया चैनलों और अख़बारों के समर्थन या विरोध में चलने से निष्पक्षता पर सवाल उठते हैं। ध्रुवीकरण यह"
216,अमेरिका में सुप्रीम कोर्ट की भूमिका और प्रभाव,"अमेरिका में सुप्रीम कोर्ट एक महत्वपूर्ण संवैधानिक संस्था है जो न्यायिक शक्ति का सर्वोच्च स्तर प्रतिनिधित्व करती है। सुप्रीम कोर्ट का मुख्य कार्य संवैधानिक मामलों और विवादों का निर्णय देना है। इसके अलावा, यह अमेरिकी संविधान की व्याख्या और सुरक्षा भी सुनिश्चित करता है।

सुप्रीम कोर्ट की भूमिका अत्यंत महत्वपूर्ण है क्योंकि इसके निर्णय देश के न्यायिक प्रणाली और संविधान के पारिति को सुनिश्चित करते हैं। इसके निर्णय समानता, न्याय और व्यक्तिगत स्वतंत्रता की सुरक्षा में महत्वपूर्ण भूमिका निभाते हैं।

सुप्रीम कोर्ट के निर्णयों का प्र"
217,अमेरिका में जलवायु परिवर्तन नीति और राजनीतिक प्रभाव,"अमेरिका में जलवायु परिवर्तन नीति एक महत्वपूर्ण और विवादास्पद विषय है जिसका गहरा राजनीतिक प्रभाव है। अमेरिका ने पिछले कुछ दशकों में जलवायु परिवर्तन के मुद्दे पर गंभीरता से ध्यान दिया है और कई प्रमुख नीतियों को अपनाया है।

अमेरिका ने 2015 में पेरिस समझौते में हिस्सा लेने का फैसला किया, जिसमें देश ने अपने उत्पादन को 2025 तक 26-28% घटाने का लक्ष्य रखा। इसके अलावा, अमेरिका ने कई प्रोग्राम्स जैसे कि स्वच्छ ऊर्जा प्रोग्राम, नयी ऊर्जा प्रौद्योगिकियों के विकास पर ध्यान केंद्रित किया है।

हालांकि, पिछले कुछ वर्षों में अमेर"
218,अमेरिकी राजनीति में लॉबिंग और उसका प्रभाव,"लॉबिंग एक प्रक्रिया है जिसमें व्यापारिक, सामाजिक या आर्थिक समूह अथवा व्यक्ति राजनीतिक निर्णयकर्ताओं को प्रभावित करने के लिए प्रयास करते हैं। अमेरिकी राजनीति में लॉबिंग भी एक महत्वपूर्ण भूमिका निभाता है। यहाँ कुछ मुख्य कारक वर्णित हैं जिनके माध्यम से लॉबिंग अमेरिकी राजनीति पर प्रभाव डालता है:

1. धन: लॉबिंग ग्रुप्स और लॉबिस्ट्स के पास धन की भारी मात्रा होती है जिसका उपयोग वे राजनीतिक दलों को समर्थन प्रदान करने और नीतियों को परिवर्तित करने के लिए करते हैं।

2. जानकारी: लॉबिंग ग्रुप्स राजनीतिक निर्णयों के सं"
219,अमेरिका में गन कंट्रोल नीति पर बहस,"अमेरिका में गन कंट्रोल नीति पर बहस एक बहुत ही चर्चित और विवादास्पद विषय है। एक ओर, गन कंट्रोल के पक्षधरों का मानना है कि गन कंट्रोल कानूनों की मदद से हिंसा को कम किया जा सकता है और अनावश्यक हत्याओं को रोका जा सकता है। उनका मानना है कि सख्त गन कंट्रोल कानूनों से अवैध गन धारकों की संख्या कम होगी और सामाजिक सुरक्षा में सुधार होगा।

दूसरी ओर, गन कंट्रोल के विरोधी यह दावा करते हैं कि गन कंट्रोल नीतियों से केवल निरपेक्ष नागरिकों के अधिकारों को प्रभावित किया जा रहा है और अपराधियों को रोकने में असफल है। वे मानते हैं कि अवैध गन क"
220,अमेरिकी संविधान और उसकी राजनीति पर प्रभाव,"अमेरिकी संविधान एक महत्वपूर्ण दस्तावेज है जिसने अमेरिकी राजनीति पर गहरा प्रभाव डाला है। संविधान के माध्यम से स्थापित नैतिक और सांस्कृतिक मूल्यों ने अमेरिकी राजनीति को निर्देशित किया है।

संविधान में दी गई मौजूदा राजनीतिक प्रणालियों की आधारभूत सिद्धांतों ने अमेरिकी लोकतंत्र को मजबूत किया है। संविधान की महत्वपूर्ण विशेषताएं जैसे संविधान में नागरिकों के अधिकारों का सुरक्षा, सरकारी शक्ति का विभाजन, न्यायपालिका की स्वतंत्रता आदि ने अमेरिकी राजनीति को समृद्ध किया है।

अमेरिकी संविधान ने विभिन्न राजनीतिक दलों क"
222,अमेरिका में नस्लीय न्याय और राजनीतिक सुधार,"अमेरिका में नस्लीय न्याय और राजनीतिक सुधार एक महत्वपूर्ण विषय है जिसपर विभिन्न स्तरों पर विवाद चल रहा है। नस्लीय न्याय अमेरिका में एक व्यापक समस्या है और इसे हल करने के लिए कई कदम उठाए जा रहे हैं।

अमेरिका में नस्लीय न्याय के मुद्दे कई सालों से उभरते आ रहे हैं। पिछले कुछ वर्षों में, नस्लीय न्याय के मुद्दे अधिक सार्वजनिकता प्राप्त कर रहे हैं। अमेरिका में नस्लीय न्याय के क्षेत्र में सुधार करने के लिए विभिन्न समुदायों के साथ भीम रूप से काम किया जा रहा है। निर्देशकीय नीतियों, क़ानूनों और संविधान में संशोधन करके,"
223,अमेरिकी संविधान और उसकी राजनीति पर प्रभाव,"अमेरिकी संविधान एक ऐतिहासिक दस्तावेज है जिसे 1787 में अमेरिका के संविधान सभा ने बनाया था। यह एक महत्वपूर्ण दस्तावेज है जिसमें अमेरिका के संविधानिक ढांचे, सरकारी प्रणाली और नागरिकों के अधिकारों को सुरक्षित करने के लिए निर्धारित किए गए नियम शामिल हैं।

अमेरिकी संविधान ने अमेरिकी राजनीति पर गहरा प्रभाव डाला है। यहाँ कुछ मुख्य प्रभावों के बारे में चर्चा की जाए:

1. स्वतंत्रता: अमेरिकी संविधान ने अमेरिका के नागरिकों को स्वतंत्रता और स्वतंत्रता के अधिकार देने का प्रावधान किया है। इससे लोगों के स्वतंत्रता के प्रति विश्वास मजबूत ह"
221,अमेरिका में नस्लीय न्याय और राजनीतिक सुधार,"अमेरिका में नस्लीय न्याय और राजनीतिक सुधार के लिए लंबे समय से प्रयास किए जा रहे हैं। इसके बावजूद, नस्लीय भेदभाव और उसके नतीजे आज भी समाज में मौजूद हैं। अमेरिका में नस्लीय न्याय के मुद्दे को लेकर सामाजिक चर्चाएं निरंतर चल रही हैं।

नस्लीय न्याय के मुद्दे को हल करने के लिए अमेरिकी संविधान में संशोधन किए गए हैं, जैसे कि सिविल अधिकार अधिनियम, जिनका उद्देश्य सभी नागरिकों को समान अधिकार देना है। नौकरी, शिक्षा, और आराम के अधिकारों में भी सुधार किया गया है।

राजनीतिक सुधार के लिए अमेरिकी समाज ने सक्रिय र"
225,अमेरिकी राजनीति में लॉबिंग और उसका प्रभाव,"लॉबिंग एक प्रकार का प्रभावशाली लोभी गतिविधि है जिसमें संगठनों या व्यक्तियों द्वारा निर्धारित धार्मिक या अर्थशास्त्रीय उद्देश्यों के लिए सरकारी नीतियों और निर्णयों पर प्रभाव डालने की कोशिश की जाती है। अमेरिकी राजनीति में लॉबिंग एक बड़ा और महत्वपूर्ण भूमिका निभाता है।

लॉबिंग का संगठनों, व्यापारिक समूहों, गैर सरकारी संगठनों और व्यक्तियों द्वारा सरकारी नीतियों पर प्रभाव डालने में मदद करता है। यह उनके हित और अनुयायियों की रक्षा करने के लिए काम करता है, परंतु कई बार यह भ्रष्टाचार और विशेषाधिकार के मुद"
224,अमेरिका की आर्थिक नीति और राजनीतिक विवाद,"अमेरिका की आर्थिक नीति और राजनीतिक विवाद विश्वास के विषय हैं जिनमें व्यावसायिक विकास, राजनीतिक दलों के सिद्धांत और सामाजिक नीतियों के मसले शामिल होते हैं। अमेरिका में आर्थिक नीति के मामले में विभिन्न दलों के बीच विवाद होते रहते हैं। एक ओर कुछ लोग विश्वास करते हैं कि व्यावसायिक विकास से अर्थव्यवस्था मजबूत होती है जबकि दूसरी ओर विचार रखने वाले यह मानते हैं कि सामाजिक न्याय और समानता के मुद्दे भी महत्वपूर्ण हैं।

राजनीतिक दलों के बीच अमेरिका में विवाद भी होते रहते हैं। विशेषकर राष्ट्रीय स्तर पर गठित राजनीतिक द"
227,अमेरिका में नस्लीय न्याय और राजनीतिक सुधार,"अमेरिका में नस्लीय न्याय और राजनीतिक सुधार एक लम्बे समय से चर्चा का विषय रहा है। इसके बारे में विभिन्न सोशल और पॉलिटिकल ग्रुप्स ने अपने-अपने पक्ष रखे हैं। एक ओर से, कुछ लोग इसे एक महत्वपूर्ण और जरूरी कदम मानते हैं जो समाज में असमानता को दूर करने में मदद करेगा। दूसरी ओर से, कुछ लोग इसे एक धार्मिक और सांस्कृतिक समस्या मानते हैं जिसमें राजनीति का दखल नहीं होना चाहिए।

नस्लीय न्याय के मुद्दे पर अमेरिका में बहुत सी उच्चायुक्त अदालतों ने अहम फैसले दिए हैं। जैसे कि, 1954 में 'ब्राउन बोर्ड ऑफ एजुकेशन' के मामले"
226,अमेरिकी संविधान और उसकी राजनीति पर प्रभाव,"अमेरिकी संविधान, जिसे 1787 में बनाया गया था, अमेरिका की राजनीति और समाज को एक मार्गदर्शक दस्तावेज के रूप में प्रभावित करता है। यह संविधान एक संविधानिक लक्ष्य है जो स्वतंत्रता, न्याय, स्वतंत्रता, और सामान्य कल्याण की भावनाओं पर आधारित है।

अमेरिकी संविधान ने प्रभावी राजनीतिक प्रणाली का निर्माण किया है, जो सरकार को सीमित शक्तियों में रखता है और नागरिकों को मौलिक अधिकार और स्वतंत्रता देता है। इसका प्रभाव न केवल अमेरिकी राजनीति पर है, बल्कि इसने विश्व के अन्य देशों की राजनीति पर भी गहरा प्रभाव डाला है।

अमेरिकी संविधान ने न"
230,डेमोक्रेटिक और रिपब्लिकन पार्टियों के बीच मुख्य अंतर,"अमरीका में डेमोक्रेटिक पार्टी और रिपब्लिकन पार्टी दो मुख्य राजनीतिक पार्टियों हैं। ये दोनों पार्टियाँ अमरीकी राजनीति में महत्वपूर्ण भूमिका निभाती हैं और इनके बीच कई अंतर हैं।

डेमोक्रेटिक पार्टी विशेष रूप से विचारधारा में समाजवादी और प्रगतिशील धारणाओं का पैमाना रखती है, जबकि रिपब्लिकन पार्टी अधिक संरक्षक और व्यापक धारणाओं को समर्थन करती है। डेमोक्रेटिक पार्टी आम तौर पर विकल्पक विचारधाराओं का समर्थन करती है जबकि रिपब्लिकन पार्टी धर्म, व्यापार और राष्ट्रीय सुरक्षा को महत्व देती है।

डेमोक्रेटिक पार्टी आम त"
229,अमेरिकी मीडिया और राजनीति: निष्पक्षता बनाम ध्रुवीकरण,"अमेरिकी मीडिया और राजनीति के बीच निष्पक्षता और ध्रुवीकरण का मुद्दा एक बहुविषयक और गंभीर विवाद है। मीडिया को लोगों तक जानकारी पहुंचाने और समाचारों का प्रसारण करने की जिम्मेदारी होती है, जबकि राजनीति नीतियों और सरकार के कामकाज को लोगों तक पहुंचाने का काम करती है।

निष्पक्षता और ध्रुवीकरण के मामले में, अमेरिकी मीडिया को समाचार का प्रसारण निष्पक्ष और वास्तविक ढंग से करना चाहिए। लेकिन अक्सर देखा गया है कि मीडिया एक पक्षपाती दृष्टिकोण लेकर समाचार प्रस्तुत करता है जिससे लोगों में भ्रांति और गलत धारणाएं फैलती हैं।"
228,अमेरिका में मतदाता अधिकार और चुनाव सुधार,"अमेरिका में मतदाता अधिकार और चुनाव सुधार एक महत्वपूर्ण विषय है जिसपर ध्यान देना आवश्यक है। चुनाव सुधार के तहत, लोकतंत्रिक प्रक्रियाओं को मजबूत किया जाता है ताकि हर नागरिक का अधिकार चुनाव में भाग लेने का सुनिश्चित हो।

मतदाता अधिकार उन अधिकारों का संग्रह है जो नागरिकों को चुनाव में भाग लेने में मदद करते हैं। इसमें वोट करने का अधिकार, सही और सुरक्षित चुनाव प्रक्रिया और अच्छे चुनावी तंत्र की उपलब्धता शामिल है। अमेरिका में मतदाता अधिकार को बनाए रखने के लिए संविधान और कानूनें मजबूत हैं।

चुनाव सुधार की दृष"
231,अमेरिका की आर्थिक नीति और राजनीतिक विवाद,"अमेरिका की आर्थिक नीति और राजनीतिक विवाद विश्व के लिए महत्वपूर्ण हैं क्योंकि अमेरिका एक टॉप ग्लोबल अर्थव्यवस्था है। इसके साथ ही, अमेरिका की राजनीतिक नीतियाँ भी भारत और अन्य देशों को प्रभावित करती हैं।

अमेरिका में आर्थिक नीति के मुख्य चुनावी मुद्दे टैक्स पॉलिसी, व्यापार नीति, बजट, रोजगार और वित्तीय नीति शामिल हैं। ट्रंप प्रशासन ने टैक्स कटौतियों और व्यापारिक नियमों में सुधार करने का प्रयास किया, जबकि बाइडेन प्रशासन ने टैक्स से जुड़े कुछ कड़े निर्णय लिए हैं।

राजनीतिक विवाद भी अमेरिका में गहराई"
232,अमेरिकी विदेश नीति: चीन और रूस के साथ संबंध,"अमेरिकी विदेश नीति का एक महत्वपूर्ण हिस्सा उसके अपने संबंध चीन और रूस के साथ है। दोनों देश अमेरिका के विदेश नीति में महत्वपूर्ण भूमिका निभाते हैं और इसलिए इन संबंधों का महत्व अधिक होता जा रहा है।

चीन के साथ संबंध दोनों देशों के बीच व्यापार, रक्षा, और गणराज्य क्षेत्र में होते हैं। चीन एक बड़ी और शक्तिशाली देश है जिसका तेजी से बढ़ता अर्थव्यवस्था अमेरिका के लिए एक चुनौती है। दोनों देशों के बीच व्यापारी संबंध महत्वपूर्ण है लेकिन कई मुद्दों पर दोनों देश भिन्न मत रखते हैं। अमेरिका ने चीन के आर्थिक"
234,अमेरिकी राजनीति में लॉबिंग और उसका प्रभाव,"लॉबिंग एक प्रक्रिया है जिसमें समूह या व्यक्ति राजनीतिक निर्णयकर्ताओं को प्रभावित करने के लिए अपनी हितों की रक्षा करने के लिए काम करते हैं। अमेरिकी राजनीति में लॉबिंग का प्रभाव काफी महत्वपूर्ण है और यह देश के नीतियों और कानूनों पर सीधे प्रभाव डाल सकता है।

लॉबिंग के माध्यम से संगठित समूह और कॉरपोरेट्स अपनी हितों को बढ़ावा देने के लिए निर्णयकर्ताओं को आकर्षित करते हैं। इसके लिए वे अक्सर धन का इस्तेमाल करते हैं जिससे राजनीतिक नेताओं को अपने पक्ष की सुनवाई करने के लिए आगाह किया जा सकता है।

अमेरिकन लॉबिस्ट्स कांग्रेस"
233,अमेरिका में हेल्थकेयर नीति: ओबामाकेयर बनाम निजीकरण,"अमेरिका में हेल्थकेयर नीति एक बहुत ही महत्वपूर्ण और विवादास्पद विषय है। इसमें दो मुख्य पक्ष हैं - एक ओबामाकेयर योजना और दूसरा है निजीकरण।

ओबामाकेयर योजना, जिसे आधिकारिक रूप से पूरे नाम से पुकारा जाता है, अमेरिकी राष्ट्रपति बराक ओबामा द्वारा शुरू की गई एक स्वास्थ्य सुविधा योजना है। इसका मुख्य उद्देश्य था कि सभी अमेरिकी नागरिकों को सस्ती और उचित स्वास्थ्य सुविधाएं प्रदान की जाएं। इस योजना के अंतर्गत, सरकार ने स्वास्थ्य बीमा कवरेज को बढ़ावा दिया और अनेक लोगों को बीमा कवरेज प्राप्त करने में मदद की"
235,अमेरिका में हेल्थकेयर नीति: ओबामाकेयर बनाम निजीकरण,"अमेरिका में हेल्थकेयर नीति एक बहुत ही महत्वपूर्ण विषय है जिसमें देश के लोगों की स्वास्थ्य सुरक्षित करने के लिए नीतियों का निर्धारण किया जाता है। अमेरिका में हेल्थकेयर नीति का मुख्य उद्देश्य सभी नागरिकों को उचित स्वास्थ्य सेवाएं प्रदान करना है।

जब बात ओबामाकेयर और निजीकरण की होती है, तो यह दोनों ही पक्षों के बीच एक द्वंद्व है। ओबामाकेयर का मुख्य उद्देश्य था सभी अमेरिकी नागरिकों को सस्ती और उचित स्वास्थ्य सुविधाएं प्रदान करना। इसके तहत, नए कानूनों के माध्यम से स्वास्थ्य बीमा कवरेज का विस्तार किया गया था।

वहीं,"
237,डेमोक्रेटिक और रिपब्लिकन पार्टियों के बीच मुख्य अंतर,"अमेरिका में डेमोक्रेटिक और रिपब्लिकन पार्टियाँ राष्ट्रीय राजनीतिक पार्टियाँ हैं जो अमेरिकन समाज को अपने विचारों और दृष्टिकोणों के माध्यम से प्रभावित करने का प्रयास करती हैं। ये दोनों पार्टियाँ अपने अलग-अलग मूल्यों, दृष्टिकोणों और नीतियों के साथ काम करती हैं।

डेमोक्रेटिक पार्टी विशेष रूप से सामाजिक न्याय, व्यापारिक नीतियाँ, पर्यावरण संरक्षण और स्वास्थ्य सेवाओं के पक्षधर होती है। इस पार्टी की दृष्टि में सरकार को नागरिकों की जरूरतों को पूरा करने के लिए सकारात्मक भूमिका निभानी चाहिए।

वहीं, रिपब्लिकन पार्टी अधिक उ"
238,अमेरिका में हेल्थकेयर नीति: ओबामाकेयर बनाम निजीकरण,"अमेरिका में हेल्थकेयर नीति एक चरमपंथी विषय है, जिसने राष्ट्रीय स्वास्थ्य स्वास्थ्य देखभाल प्रणालियों के विकास में बड़े परिवर्तन लाए हैं। इसमें दो मुख्य दल हैं - एक ओबामाकेयर नीति और एक निजीकरण की दिशा।

ओबामाकेयर नीति, जिसे अफ़्फोर्डेबल केयर एक्ट (ACA) के रूप में भी जाना जाता है, एक सरकारी स्वास्थ्य सुनिश्चित करने की पहल है जिसका लक्ष्य सभी अमेरिकी नागरिकों को सस्ती और पहुंचने वाली स्वास्थ्य सुविधाएं प्रदान करना है। इसके तहत, नए स्वास्थ्य बीमा योजनाएं और सुविधाएं उपलब्ध कराई गई हैं, जिससे अमेरिकी लोगों क"
236,अमेरिकी संविधान और उसकी राजनीति पर प्रभाव,"अमेरिकी संविधान एक महत्वपूर्ण दस्तावेज है जो संयुक्त राज्य अमेरिका की संविधानिक व्यवस्था की ओर महत्वपूर्ण कदम है। यह एक अद्वितीय दस्तावेज है जिसने एक सशक्त और स्थिर संविधानिक व्यवस्था का संचालन किया है। अमेरिकी संविधान ने भारतीय संविधान को भी प्रभावित किया है, और उसका अनुसरण किया गया है।

अमेरिकी संविधान का एक प्रमुख प्रभाव उसके व्यवस्थात्मक सिद्धांतों पर है। यह व्यवस्था नागरिकों को सशक्त और स्वतंत्र बनाती है और उन्हें उनके अधिकारों की रक्षा करने में मदद करती है। इसके साथ ही, अमेरिकी संविधान ने सरकार की"
239,अमेरिकी राजनीति में लॉबिंग और उसका प्रभाव,"लॉबिंग अमेरिकी राजनीति में एक महत्वपूर्ण ताकत है जिसका प्रभाव राजनीतिक निर्णयों पर होता है। लॉबिस्ट्स या लॉबीज प्रोफेशनली एजेंसियों या संगठनों के द्वारा भारतीय संसद या विभिन्न निर्णयकर्ता से संपर्क करते हैं ताकि वे उनके हित में निर्णय लें। लॉबिंग का उद्देश्य निर्णयकर्ताओं को अपने मुद्दे या पक्ष के पक्ष से देखने के लिए प्रेरित करना होता है।

अमेरिकी राजनीति में लॉबिंग का प्रभाव विवादित है। कुछ लोग मानते हैं कि लॉबिंग एक प्राकृतिक प्रक्रिया है जो सोचने और विचार-विमर्श को बढ़ावा देती है, जबकि द"
240,अमेरिकी सीनेट और हाउस ऑफ रिप्रेजेंटेटिव्स की भूमिका,"अमेरिका में सीनेट और हाउस ऑफ रिप्रेजेंटेटिव्स दोनों ही संसदीय संस्थाएं हैं जो विधायकों को प्रतिनिधित्व देने के लिए बनाई गई हैं। हाउस ऑफ रिप्रेजेंटेटिव्स के सदस्यों की संख्या शहरी और ग्रामीण क्षेत्रों के आधार पर निर्धारित की जाती है, जबकि सीनेट में प्रत्येक राज्य से दो सदस्य होते हैं।

सीनेट अमेरिकी संसद का उच्चतम सदन है जिसमें हर राज्य का समान प्रतिनिधित्व होता है। सीनेट का मुख्य कार्य विभिन्न कानूनों पर विचार करना और उन्हें स्वीकृति देना होता है। हाउस ऑफ रिप्रेजेंटेटिव्स को लोकसभा के रूप में भी जाना जाता है जो लोकतंत्रिक"
242,अमेरिका में जलवायु परिवर्तन नीति और राजनीतिक प्रभाव,"अमेरिका में जलवायु परिवर्तन एक महत्वपूर्ण और विवादास्पद विषय है, जिसने राजनीतिक दीवारें खड़ी कर दी हैं। अमेरिका ने अंतर्राष्ट्रीय समुदाय के साथ कर्बन इमिशन घटाने के लिए साझेदारी बनाने के लिए पूरी तरह सम्मेलित नहीं होने के कारण विशेष ध्यान देने लायक है।

अमेरिका ने पिछले कुछ वर्षों में कई जलवायु परिवर्तन संकेत दिए हैं, जैसे कि पेरिस समझौता से वापसी और पर्यावरणीय नीतियों में परिवर्तन। इसके बावजूद, अमेरिकी सरकार ने क्लाइमेट चेंज परिवर्तन के मुद्दे पर एक सामरिक स्थिति का अनुमान लगाने में अक्षमता का आरोप लगाया"
241,अमेरिका में नस्लीय न्याय और राजनीतिक सुधार,"अमेरिका में नस्लीय न्याय और राजनीतिक सुधार एक महत्वपूर्ण विषय है जो देश के समृद्धि और सामाजिक समरसता में महत्वपूर्ण भूमिका निभाता है। नस्लीय न्याय का मतलब है किसी व्यक्ति को उसकी नस्ल, जाति, रंग, धर्म या जेंडर के आधार पर न्याय देना। इसका खिलाफ होना एक समाज में असमानता और विवादों की भूमिका निभाता है।

अमेरिका में नस्लीय न्याय और राजनीतिक सुधार के मामले में कई कदम उठाए गए हैं। नैतिक, सामाजिक और कानूनी दृष्टिकोण से नस्लीय न्याय को बढ़ावा दिया जा रहा है। अमेरिकी संविधान ने सभी नागरिकों को समान अ"
243,अमेरिका में मतदाता अधिकार और चुनाव सुधार,"अमेरिका में मतदाता अधिकार और चुनाव सुधार विषय राजनीतिक वार्ता के केंद्र में हैं। मतदाता अधिकार अमेरिकी संविधान का महत्वपूर्ण हिस्सा है और इसे लागू करने के लिए कई कदम उठाए गए हैं। अमेरिका में चुनाव सुधार का मुख्य उद्देश्य हर नागरिक को समान अवसर देना है ताकि उनका मतदान सुरक्षित और सहज हो सके।

चुनाव सुधार के कुछ मुख्य तत्व शामिल हैं - वोटर आईडेंटिफिकेशन, ऑनलाइन रजिस्ट्रेशन, ई-वोटिंग, और चुनावी मशीनों की सुरक्षा। वोटर आईडेंटिफिकेशन का मतलब है कि हर मतदाता को व्यक्तिगत रूप से पहचान किया जाए, ताकि किसी"
244,अमेरिका में नस्लीय न्याय और राजनीतिक सुधार,"अमेरिका में नस्लीय न्याय और राजनीतिक सुधार के लिए एक लंबा सफर रहा है। नस्लीय भेदभाव के मुद्दे को उठाने के लिए अमेरिकी समाज ने कई कठिनाईयों का सामना किया है और इसे दूर करने के लिए कई कदम उठाए हैं।

अमेरिका में नस्लीय न्याय के क्षेत्र में उपलब्ध सुधारों में आर्थिक समानता, शिक्षा का समान अधिकार, और नौकरी के अवसरों में नस्लीय न्याय को बढ़ावा देने का समावेश है। नस्लीय न्याय के क्षेत्र में कानूनी सुधारों की वजह से जातिवाद का सामना करने वाले व्यक्तियों को अब अधिक सुरक्षा मिल रही है और उन्हें अपने अधिकारों की प्राप्त"
245,अमेरिकी संविधान और उसकी राजनीति पर प्रभाव,"अमेरिकी संविधान एक ऐतिहासिक दस्तावेज है जो अमेरिकी संघ के संविदानिक ढांचे को निर्धारित करता है। यह एक सुप्रीम कानून है जो राष्ट्र के संविधानिक निर्देशों को व्यवस्थित करता है और नागरिकों के अधिकारों को सुरक्षित रखता है। अमेरिकी संविधान ने अमेरिकी राजनीति को गहराई से प्रभावित किया है और देश की विचारधारा और नीतियों को आधार दिया है।

अमेरिकी संविधान ने एक सामाजिक संविदान स्थापित किया है जिसमें नागरिकों को न्याय, स्वतंत्रता, समानता और अधिकारों की गारंटी दी गई है। यह संविधान नागरिकों के लिए एक परमाणु स्तर का है जिसे"
246,अमेरिका में गन कंट्रोल नीति पर बहस,"अमेरिका में गन कंट्रोल नीति एक बहुत विवादित विषय है। एक ओर, कुछ लोग गन कंट्रोल की सख्त नीतियों की मांग करते हैं ताकि देश में हिंसा और अपराधों को कम किया जा सके। दूसरी ओर, कुछ लोग मानते हैं कि गन कंट्रोल की नीतियां उनके बनाए गए संविधानिक अधिकारों को छीन लेंगी। 

अमेरिका में गन कंट्रोल की नीतियां बहुत संवेदनशील और चुनौतीपूर्ण हैं। हाल ही में हुए कई गन दुर्घटनाएं और शूटिंग के मामलों ने इस मुद्दे को और भी महत्वपूर्ण बना दिया है। 

कुछ लोग अमेरिका में गन कंट्रोल की सख्त नीतियों की मांग करते हैं और समर्थन करते हैं क"
247,अमेरिका की आर्थिक नीति और राजनीतिक विवाद,"अमेरिका की आर्थिक नीति और राजनीतिक विवाद दुनिया भर में चर्चा का विषय रहा है। अमेरिका एक विकसित देश है जिसकी आर्थिक नीति और राजनीति दुनिया भर में महत्वपूर्ण है।

अमेरिका की आर्थिक नीति में उत्तराधिकारिता और मुक्त बाजार के सिद्धांतों पर आधारित है। यहाँ की सरकार बाजार को नियंत्रित नहीं करती है और व्यापारिक गतिविधियों को स्वतंत्रता से चलने देती है। इसके अलावा, अमेरिका की आर्थिक नीति में कर कम करने, निवेश को बढ़ावा देने और विदेशी निवेशकों को आकर्षित करने जैसे उद्देश्य शामिल हैं।

हाल ही में अमेरिका में आये विनिमय व"
249,अमेरिका में जलवायु परिवर्तन नीति और राजनीतिक प्रभाव,"अमेरिका में जलवायु परिवर्तन एक गंभीर चुनौती है जिसका असर देश के नीति और राजनीतिक प्रक्रियाओं पर हो रहा है। जलवायु परिवर्तन से जुड़ी नीतियों की व्यापकता और कारगरता के संदर्भ में अमेरिका चुनौती पहले लगातार महसूस कर रहा है।

जलवायु परिवर्तन के लिए अमेरिका ने कई नीतियाँ बनाई हैं, जैसे पेरिस समझौता, जलवायु परिवर्तन संबंधी अनेक महत्वपूर्ण कदम उठाए हैं। अमेरिका ने अपने ऊर्जा स्रोतों को सुस्त ऊर्जा परिवर्तन की दिशा में बदलने का भी प्रयास किया है।

इन नीतियों का अमेरिका की राजनीतिक प्रक्रियाओं पर भी व्यापक प्रभाव पड़ र"
248,अमेरिकी सीनेट और हाउस ऑफ रिप्रेजेंटेटिव्स की भूमिका,"अमेरिकी संघ की व्यवस्था में सीनेट और हाउस ऑफ रिप्रेजेंटेटिव्स दोनों महत्वपूर्ण भूमिका निभाते हैं। हाउस ऑफ रिप्रेजेंटेटिव्स वह संसदीय संस्था है जिसमें सदस्यों की संख्या आधारित अनुपातिक प्रतिनिधित्व होता है। इसमें सदस्यों की संख्या क्रमशः राज्यों के आधार पर तय की जाती है और हर दो साल में चुनाव होते हैं। हाउस ऑफ रिप्रेजेंटेटिव्स का प्रमुख कार्य विधायीका धारा का संशोधन और नए कानूनों का प्रस्तावना करना है।

वहीं, सीनेट एक अन्य संसदीय संस्था है जिसमें हर राज्य से दो सांसद होते हैं। सीनेट का मुख्य कार्य विधायीका के प्रस्त"
250,अमेरिकी संविधान और उसकी राजनीति पर प्रभाव,"अमेरिकी संविधान एक महत्वपूर्ण दस्तावेज है जो अमेरिकी राजनीति पर गहरा प्रभाव डालता है। यह संविधान अमेरिकी संघीय गणराज्य की स्थापना और संचालन के नियमों को स्थापित करता है। इसके माध्यम से अमेरिकी नागरिकों को अपने अधिकारों और कर्तव्यों का ज्ञान होता है और सरकार को सीमित शक्ति प्रदान की जाती है।

अमेरिकी संविधान के प्रमुख विशेषताएँ शक्तितंत्र, संरक्षण, और संतुलन की अद्वितीय धाराएँ हैं। इसके अंतर्गत नागरिकों के मौलिक अधिकारों का संरक्षण किया गया है। संविधान में अलग-अलग शाखाओं के बीच संतुलन बनाए रखने का प्रावधान ह"
251,अमेरिका की आर्थिक नीति और राजनीतिक विवाद,"अमेरिका एक विशालकाय और उच्चतम आर्थिक शक्ति है, और इसकी आर्थिक नीति और राजनीतिक विवाद वैशिष्ट्यपूर्ण है। विश्वास किया जाता है कि अमेरिका के राष्ट्रीय आर्थिक नीति का प्रमुख लक्ष्य अर्थव्यवस्था को बढ़ावा देना है, जिससे देश की सामर्थ्य और स्थिरता मजबूत हो।

हाल ही में, अमेरिका में टैक्स नीति, व्यापार नीति, और बजट नीति जैसे मुद्दे विवादों का केंद्र बने रहे हैं। टैक्स नीति में कई सुधार किए जा रहे हैं, जैसे कि कम आमदनी वालों के लिए कटौती, जो कुछ लोगों के अनुसार सामाजिक असमानता बढ़ा सकती है। व्यापार"
253,अमेरिका में नस्लीय न्याय और राजनीतिक सुधार,"अमेरिका में नस्लीय न्याय और राजनीतिक सुधार एक चर्चित और महत्वपूर्ण विषय है। अमेरिका में नस्लीय न्याय के मुद्दे कई दशकों से चर्चा का विषय रहे हैं। नस्लीय भेदभाव को खत्म करने और समानता को बढ़ावा देने के लिए अमेरिका में कई कदम उठाए गए हैं।

नस्लीय न्याय के मुद्दे पर अमेरिका में कानूनी और राजनीतिक सुधार की दिशा में कई कदम उठाए गए हैं। नस्लीय भेदभाव के खिलाफ कानूनों की मजबूती करने के लिए विभिन्न कानूनों में संशोधन किए गए हैं। इसके साथ ही, नागरिक समानता के लिए अभियान और जागरूकता अभियान भी चलाए गए ह"
252,अमेरिका में नस्लीय न्याय और राजनीतिक सुधार,"अमेरिका में नस्लीय न्याय और राजनीतिक सुधार के मामले में देश का इतिहास बहुत ही विवादास्पद रहा है। अमेरिका का निर्माण एक ऐसे समय पर हुआ था जब नवीनीकरण की लहर दुनिया भर में फैल रही थी और नए विचारों की खोज में लोग जुटे थे। इसके बावजूद, नस्लीय भेदभाव और न्याय के मामले में अमेरिका ने कई बड़े चुनौतियों का सामना किया है।

क्रांतिकारी संविधान ने तो नस्लीय भेदभाव को समाप्त करने की कई प्रावधानें शामिल की थी, लेकिन अभी भी नस्लीय न्याय में कमियाँ देखने को मिलती हैं। अमेरिका के न्यायिक प्रणाली में न्याय का बराबर वित"
255,अमेरिका में गन कंट्रोल नीति पर बहस,"गन कंट्रोल नीति अमेरिका में एक बहुत ही विवादित विषय है। अमेरिका में गन कंट्रोल का प्रश्न एक देशवासियों के अधिकार और सुरक्षा के संघर्ष के बीच एक संतुलन बनाता है। एक ओर वहाँ कुछ लोग गन कंट्रोल के अनुसार कठोर कानूनों की मांग करते हैं, जबकि दूसरी ओर लोग अपने स्वतंत्रता के अधिकार को देखते हुए इसे मुक्त करने की मांग करते हैं।

उन लोगों का मानना है कि गन कंट्रोल कानून लागू करने से अपराध और हिंसा को रोका जा सकता है। उनके अनुसार, अधिक सख्त गन कंट्रोल नीतियाँ अमेरिका की सामाजिक सुरक्षा को मजबूत कर सकती हैं। उन्हें लगता है कि"
254,अमेरिका में गन कंट्रोल नीति पर बहस,"अमेरिका में गन कंट्रोल नीति पर बहस एक बहुत ही विवादास्पद और महत्वपूर्ण विषय है। देश में गन विरोधी और गन समर्थकों के बीच विचार-विमर्श लगातार चलता रहता है। आम तौर पर गन समर्थक वाद करते हैं कि गन कंट्रोल की नीतियाँ अमेरिकी नागरिकों के स्वतंत्रता को प्रतिबंधित करने वाली हैं, जबकि गन विरोधी उन्हें असुरक्षित बनाने और हिंसा को बढ़ाने वाले माध्यम के रूप में देखते हैं।

गन कंट्रोल की गरिमामूलकता के संदर्भ में, कई लोग यह मानते हैं कि अमेरिका में गनों का स्वतंत्र उपयोग आपराधिकता और दंगों के कारण हो रहे हिंसा में बढ़ोतरी क"
256,अमेरिकी सीनेट और हाउस ऑफ रिप्रेजेंटेटिव्स की भूमिका,"अमेरिकी सीनेट और हाउस ऑफ रिप्रेजेंटेटिव्स, जिन्हें संयुक्त राज्यों की संसद भी कहा जाता है, अमेरिकी संविधान के एक महत्वपूर्ण हिस्से हैं। ये दोनों संसदीय संस्थाएं संयुक्त राज्यों की सरकार के तीन प्रमुख अंगों में से एक हैं, बाकी दो अंग हैं राष्ट्रपति और न्यायालय।

सीनेट का प्रतिनिधित्व सभी राज्यों से दो सांसदों के माध्यम से होता है, जबकि हाउस ऑफ रिप्रेजेंटेटिव्स के सदस्यों की संख्या राज्य की आबादी के आधार पर विभाजित की जाती है। यह संयुक्त राज्यों की सरकार के निर्णय लेने के लिए कानून बनाने और संशोधित करने की जिम्मेदारी"
257,अमेरिकी सीनेट और हाउस ऑफ रिप्रेजेंटेटिव्स की भूमिका,"अमेरिकी संघीय राज्यों की संघीय सरकार का महत्वपूर्ण हिस्सा ""कांग्रेस"" है, जिसमें दो संसदीय सदन होते हैं - सीनेट और हाउस ऑफ रिप्रेजेंटेटिव्स। सीनेट में प्रत्येक राज्य से दो सदस्य होते हैं, जबकि हाउस ऑफ रिप्रेजेंटेटिव्स में सदस्यों की संख्या राज्य की आबादी के आधार पर तय की जाती है। 

सीनेट और हाउस ऑफ रिप्रेजेंटेटिव्स की भूमिका अलग-अलग है। सीनेट संविधान की संरक्षित भूमिकाओं का पालन करता है, जबकि हाउस ऑफ रिप्रेजेंटेटिव्स का मुख्य कार्यक्षेत्र वित्तीय विधेयकों (बजट) का मंजूरी देना है। दोनों सदनों के बीच समानता और"
258,डेमोक्रेटिक और रिपब्लिकन पार्टियों के बीच मुख्य अंतर,"डेमोक्रेटिक और रिपब्लिकन पार्टियां अमेरिका की दो प्रमुख राजनैतिक दल हैं, जो देश के राजनीतिक और सामाजिक दृष्टिकोण को प्रभावित करते हैं। इन दोनों पार्टियों के बीच कई मुख्य अंतर हैं।

डेमोक्रेटिक पार्टी एक केंद्रवामी दल है जो सामाजिक और आर्थिक समर्थन के माध्यम से अधिकारियों की ताकत को बढ़ावा देता है। इसका मुख्य लक्ष्य सामाजिक न्याय, व्यापारिक नीति के माध्यम से गरीबी की अल्पकालिक दूरी तथा पर्यावरण संरक्षण है। वहीं, रिपब्लिकन पार्टी एक दक्षिणी केंद्र दल है, जो अधिकारियों के अधिकारों को सुरक्षित रखने के लिए उत"
260,अमेरिका में मतदाता अधिकार और चुनाव सुधार,"अमेरिका में मतदाता अधिकार और चुनाव सुधार दो महत्वपूर्ण मुद्दे हैं जो लोगों के लिए बहुत महत्वपूर्ण हैं। मतदाताओं के अधिकार का मतलब है कि हर नागरिक को चुनावों में भाग लेने का अधिकार होना चाहिए और उसे अपनी राय देने का मौका मिलना चाहिए। इसके लिए, अमेरिका में विभिन्न कानूनों और सुविधाओं का उपयोग किया जाता है जो लोगों को चुनावों में भाग लेने में मदद करते हैं।

चुनाव सुधार के माध्यम से, सरकार ने चुनाव प्रक्रिया को और अधिक ट्रांसपेरेंट और विश्वसनीय बनाने के लिए कई कदम उठाए हैं। यह सुधार चुनाव प्रणाली को अधिक सुरक्षित"
259,अमेरिकी सीनेट और हाउस ऑफ रिप्रेजेंटेटिव्स की भूमिका,"अमेरिका का संसदीय प्रणाली दुनिया की सबसे पुरानी और सबसे प्रभावशाली प्रणालियों में से एक है। इस प्रणाली में दो संसदीय सभाएं हैं - सीनेट और हाउस ऑफ रिप्रेजेंटेटिव्स।

अमेरिकी सीनेट संगठन का उच्चतम गृह है और यहाँ प्रतिनिधित्व की राजनैतिक प्रक्रिया होती है। प्रत्येक राज्य सीनेट में दो सीनेटर्स भेजता हैं, जिन्हें चार साल के लिए चुना जाता है। सीनेट के सदस्यों का कार्यकाल छह साल का होता है।

हाउस ऑफ रिप्रेजेंटेटिव्स में सदस्यों की संख्या राज्य की आबादी के आधार पर निर्धारित की जाती है। यहाँ हर दो साल में चुनाव होते हैं और प्रत्येक सद"
261,अमेरिका में मतदाता अधिकार और चुनाव सुधार,"मतदाता अधिकार और चुनाव सुधार अमेरिकी राजनीति में महत्वपूर्ण मुद्दे हैं। यह दोनों ही मुद्दे लोकतांत्रिक प्रक्रिया की मजबूती को बढ़ावा देते हैं और लोगों को सही दिशा में ले जाने का काम करते हैं।

मतदाता अधिकार का मतलब है कि हर नागरिक को अपना मतदान देने का अधिकार होना चाहिए, और उसे इसे बिना किसी रुकावट के उपयोग करने का हक होना चाहिए। अमेरिका में भी मतदाता अधिकार को बढ़ावा देने के लिए कई कदम उठाए जा रहे हैं, जैसे कि इलेक्ट्रॉनिक वोटिंग मशीनों का उपयोग, ऑनलाइन रजिस्ट्रेशन प्रक्रिया, और मतदान केंद्रों की सुविधाए"
264,अमेरिका में सुप्रीम कोर्ट की भूमिका और प्रभाव,"सुप्रीम कोर्ट अमेरिका की सर्वोच्च न्यायिक संस्था है जिसका मुख्य कार्य राष्ट्रीय स्तर पर न्याय देना है। यह कोर्ट देश के संविधान का पालन करने और न्याय देने की जिम्मेदारी संभालती है। सुप्रीम कोर्ट के न्यायाधीशों की नियुक्ति अमेरिकी राष्ट्रपति के द्वारा की जाती है और उनकी नियुक्ति की यात्रा सीखने और नियामक अदालत के अनुमोदन के माध्यम से होती है।

सुप्रीम कोर्ट की भूमिका अत्यंत महत्वपूर्ण है क्योंकि इसके निर्णय और विचार देश के विधि और न्याय व्यवस्था पर प्रभाव डालते हैं। यह कोर्ट विभिन्न मामलों जैसे धार्मिक, सामाजिक, राजनीतिक और"
263,अमेरिका में गन कंट्रोल नीति पर बहस,"अमेरिका में गन कंट्रोल एक बहुत विवादित विषय है जिसपर लोगों के विचार विभिन्न हैं। गन कंट्रोल के पक्ष में यह कहा जाता है कि गन कंट्रोल की सख्त नीतियाँ लागू करने से अपराधों में कमी होगी और लोगों की सुरक्षा में सुधार होगा। उनका मानना है कि गन कंट्रोल नीतियाँ अवैध हथियारों के प्रयोग को रोकेगी और ऐसे अपराधों को रोकेगी जो गुनाहगारों द्वारा किए जाते हैं।

विपक्ष में यह विचार दिया जाता है कि गन कंट्रोल की सख्त नीतियाँ सामान्य नागरिकों की निजी स्वतंत्रता को कम करती हैं। उनका मानना है कि गन कंट्रोल के प्रति बंदूकधारी लोगों का अधिक"
265,अमेरिकी राष्ट्रपति चुनाव प्रणाली: एक विस्तृत विश्लेषण,"अमेरिका में राष्ट्रपति चुनाव प्रणाली एक व्यापक और विस्तृत प्रक्रिया है जो देश के राष्ट्रपति को चुनने के लिए अनुष्ठित की जाती है। यह प्रक्रिया कई चरणों में विभाजित है, जिसमें पार्टी की प्राथमिकता, प्राथमिक चुनाव, चुनावी मतदान, चुनावी मतों की गणना और चुनाव के अंतिम परिणाम शामिल हैं।

पहले चरण में, राष्ट्रपति पद के उम्मीदवारों को उनकी राष्ट्रीय पार्टी द्वारा चुना जाता है। इसके बाद राष्ट्रीय पार्टियों के उम्मीदवारों के बीच प्राथमिक चुनाव होते हैं जिसमें पार्टी के सदस्यों द्वारा मतदान किया जाता है।

अमेरिकी चुनाव प्रणाली में मत"
266,अमेरिका में मतदाता अधिकार और चुनाव सुधार,"अमेरिका में मतदाता अधिकार और चुनाव सुधार एक महत्वपूर्ण विषय हैं जो लोकतंत्र की मजबूती को दर्शाते हैं। इसके लिए कई प्रयास किए गए हैं ताकि हर नागरिक को सही समय पर और बिना किसी अड़चन के मतदान कर सके।

अमेरिका में मतदाता अधिकार को लेकर कई कानूनें बनाए गए हैं, जैसे कि Voting Rights Act जो 1965 में पारित किया गया था। इसका मुख्य उद्देश्य था कि सभी नागरिकों को मतदान करने का अधिकार सुनिश्चित किया जाए। इसके अतिरिक्त, अमेरिकी संविधान भी मतदान करने का अधिकार सुरक्षित करता है।

चुनाव सुधार के मामले में, कई संशोधन किए गए हैं जैसे कि Help America Vote Act"
262,अमेरिकी राष्ट्रपति चुनाव प्रणाली: एक विस्तृत विश्लेषण,"अमेरिकी राष्ट्रपति चुनाव प्रक्रिया एक व्यापक और जटिल प्रक्रिया है जिसमें उम्मीदवारों के चयन के लिए कई चरण होते हैं। यह चुनाव प्रक्रिया को अमेरिका की संविधानिक व्यवस्था द्वारा निर्धारित किया गया है।

प्राथमिक चरण में, उम्मीदवारों को विभिन्न राज्यों में होने वाले प्राथमिक चुनावों में भाग लेना पड़ता है। यहां वोटर्स अपने पसंदीदा उम्मीदवार को चुनते हैं। उन उम्मीदवारों को डिलीगेट चुनावों में भाग लेना पड़ता है, जिसमें वे राष्ट्रपति और उप-राष्ट्रपति पद के लिए अपने पार्टी के प्रतिनिधि को चुनते हैं।

एक आम चुनाव में,"
268,अमेरिकी मीडिया और राजनीति: निष्पक्षता बनाम ध्रुवीकरण,"अमेरिकी मीडिया और राजनीति का संबंध दुनिया भर में चर्चा का विषय रहा है। लेकिन निष्पक्षता और ध्रुवीकरण इस संबंध में महत्वपूर्ण मुद्दे हैं।

अमेरिकी मीडिया की निष्पक्षता विशेष रूप से राजनीति में महत्वपूर्ण है। मीडिया का यह कार्यक्षेत्र लोगों को सही और विश्वसनीय जानकारी प्रदान करना होता है ताकि वे सही निर्णय ले सकें। निष्पक्षता का अभाव या ध्रुवीकरण मीडिया की विश्वासनीयता पर प्रभाव डाल सकता है और लोगों के विचारों को प्रभावित कर सकता है।

राजनीति में ध्रुवीकरण के उदाहरण देखने में आसान हैं। कुछ मीडिया संस्थान एक"
269,अमेरिकी मीडिया और राजनीति: निष्पक्षता बनाम ध्रुवीकरण,"अमेरिकी मीडिया और राजनीति के बीच निष्पक्षता और ध्रुवीकरण का मुद्दा एक बहुत महत्वपूर्ण और विवादास्पद विषय है। एक निष्पक्ष मीडिया की भूमिका राजनीतिक प्रक्रिया में महत्वपूर्ण है, क्योंकि यह जनता को सही और विश्वसनीय जानकारी प्रदान करने में मदद करता है। एक निष्पक्ष मीडिया के बिना, लोगों को सही और पूरा जानकारी प्राप्त करने में कठिनाई हो सकती है और राजनीतिक प्रक्रिया पर भ्रष्टाचार का संभावना हो सकता है।

हालांकि, अमेरिकी मीडिया के कुछ हिस्से ध्रुवीकरण का शिकार हो गए हैं और निष्पक्षता की भूमिका से दूर हो गए हैं। कुछ मीडिया"
270,अमेरिकी सीनेट और हाउस ऑफ रिप्रेजेंटेटिव्स की भूमिका,"अमेरिकी संघीय सरकार के तीन प्रमुख अंग हैं - राष्ट्रपति, संसद और न्यायपालिका। संसद को दो भागों में बाँटा गया है - सीनेट और हाउस ऑफ रिप्रेजेंटेटिव्स।

सीनेट में प्रत्येक राज्य के लिए दो सदस्य होते हैं, जो कि प्रत्येक राज्य द्वारा निर्वाचित होते हैं। सीनेट की कुल संख्या 100 होती है। सीनेट के सदस्यों का कार्यकाल छह वर्ष का होता है।

हाउस ऑफ रिप्रेजेंटेटिव्स की सदस्यों की संख्या 435 होती है और ये सदस्य चार साल के लिए निर्वाचित होते हैं। रिप्रेजेंटेटिव्स का प्रमुख कार्यक्षेत्र कानून निर्माण होता है।

सीनेट और हाउस ऑफ रिप्रेजेंटेटिव्स"
271,अमेरिकी सीनेट और हाउस ऑफ रिप्रेजेंटेटिव्स की भूमिका,"अमेरिकी संघीय संसद में सीनेट और हाउस ऑफ रिप्रेजेंटेटिव्स दोनों ही महत्वपूर्ण संस्थान हैं। सीनेट का सदस्य राज्यों द्वारा चुना जाता है, जबकि हाउस ऑफ रिप्रेजेंटेटिव्स के सदस्य जनता द्वारा चुने जाते हैं। सीनेट में हर राज्य के लिए दो सदस्य होते हैं, जबकि हाउस ऑफ रिप्रेजेंटेटिव्स में सदस्यों की संख्या राज्य की आबादी के आधार पर तय की जाती है।

सीनेट की मुख्य भूमिका विधायिका कार्य करना है, जहाँ सदस्य राष्ट्रीय स्तर पर नीतियों और कानूनों को बनाने और संशोधित करने में सहायता करते हैं। उनका मुख्य कार्य राष्ट्रपति के द्वारा भ"
274,अमेरिका में जलवायु परिवर्तन नीति और राजनीतिक प्रभाव,"अमेरिका में जलवायु परिवर्तन नीति और राजनीतिक प्रभाव के मामले में, यह एक बहुआयामी और चरमपंथी विषय है। अमेरिका ने पिछले कई दशकों से जलवायु परिवर्तन को गंभीरता से लिया है और कई नीतियों को लागू किया है। जैसा कि विज्ञानकारों द्वारा साबित किया गया है कि जलवायु परिवर्तन भूमिका में अमेरिका की अग्रणी भूमिका ने इसे एक महत्वपूर्ण राजनीतिक मुद्दा बना दिया है।

अमेरिका ने पेरिस समझौते को समर्थन दिया है, जिसमें देश ने अपने ग्रीनहाउस गैसों को कम करने के लिए आश्वासन दिया है। इसके अलावा, अमेरिका ने अपने विभिन्न राज्य"
273,अमेरिका में हेल्थकेयर नीति: ओबामाकेयर बनाम निजीकरण,"अमेरिका में हेल्थकेयर नीति एक बहुत ही महत्वपूर्ण और विवादास्पद विषय है। वहाँ विभिन्न दलों के बीच इस पर अभिवादन चल रहा है। एक ओर ओबामाकेयर द्वारा शुरू की गई Affordable Care Act (ACA) नीति है, जिसका मुख्य उद्देश्य था कि सभी अमेरिकी नागरिकों को सस्ते और उचित स्वास्थ्य सेवाएं प्रदान की जाएं। इस नीति के अंतर्गत, स्वास्थ्य बीमा कवरेज को बढ़ाया गया और प्री-इक्लूजन को कम किया गया।

विपक्ष में, निजीकरण के पक्ष में लोग यह दावा करते हैं कि निजी स्वास्थ्य सेवाएं की पेशकश से बेहतर सेवाएं मिलती हैं और लोग अपनी पसंद के स्वास्थ्य सेवाएं का च"
272,अमेरिकी राष्ट्रपति चुनाव प्रणाली: एक विस्तृत विश्लेषण,"अमेरिका में राष्ट्रपति चुनाव प्रणाली एक व्यापक और जटिल प्रक्रिया है जिसमें नागरिकों का अधिकार है अपने देश के नेता का चयन करने का। अमेरिकी राष्ट्रपति का चयन न केवल अमेरिकी नागरिकों के लिए बल्कि पूरी दुनिया के लिए महत्वपूर्ण होता है।

अमेरिकी राष्ट्रपति चुनाव प्रणाली का पहला चरण 'प्राथमिक' होता है, जिसमें राज्यों के लिए प्राथमिक चुनाव होते हैं। इसमें विभिन्न उम्मीदवारों में से एक को चुनावी कॉलेज द्वारा चुनावित किया जाता है। फिर बाद में द्वितीय चरण 'निर्वाचित कॉलेज' का होता है, जिसमें वे कॉलेज द्वारा चुने गए उम्मीदव"
275,अमेरिका में मतदाता अधिकार और चुनाव सुधार,"अमेरिका में मतदाता अधिकार और चुनाव सुधार एक महत्वपूर्ण और विवादित विषय है। मतदाता अधिकार का मतलब है कि हर नागरिक को चुनाव में भाग लेने का अधिकार होना चाहिए, और वह अपना मतदान सबसे आसान और सुरक्षित तरीके से दे सके।

अमेरिका में कई चुनाव सुधार किए जा रहे हैं ताकि चुनाव प्रक्रिया और नतीजे अधिक पारदर्शी और निष्पक्ष हों। इनमें से एक है इलेक्ट्रॉनिक वोटिंग मशीनों का उपयोग, जिससे मतदान प्रक्रिया तेजी से होती है और गलतियों की संभावना कम होती है। इसके साथ ही, चुनावी पहचान प्रणाली को मजबूत और सुरक्षित बनाने के लिए भी कई क"
276,अमेरिका में नस्लीय न्याय और राजनीतिक सुधार,"अमेरिका में नस्लीय न्याय और राजनीतिक सुधार एक महत्वपूर्ण और चुनौतीपूर्ण विषय है। अमेरिका एक देश है जिसका इतिहास नस्लीय भेदभाव के खिलाफ लड़ाई से भरा हुआ है। संविधान में नस्लीय भेदभाव के खिलाफ स्पष्ट उल्लेख है, लेकिन अभी भी समाज में इस तरह की समस्याएं मौजूद हैं।

नस्लीय न्याय के मामले में, अमेरिका ने कई कदम उठाए हैं। उच्चतम न्यायालय ने कई महत्वपूर्ण फैसले दिए हैं जो नस्लीय न्याय को सुधारने में मदद करते हैं। नए कानूनों के अंमल के माध्यम से, नस्लीय भेदभाव के खिलाफ कार्रवाई की जा रही है।

राज"
277,अमेरिकी मीडिया और राजनीति: निष्पक्षता बनाम ध्रुवीकरण,"अमेरिकी मीडिया और राजनीति के बीच निष्पक्षता और ध्रुवीकरण के मुद्दे एक चर्चित विषय रहे हैं। मीडिया का काम होता है समाचार और जानकारी को लोगों तक पहुंचाना, ताकि लोग सही और व्यापक जानकारी प्राप्त कर सकें। हालांकि, अमेरिकी मीडिया में निष्पक्षता का मामला कभी-कभी उठता है, जहां मीडिया एक पक्ष की ओर झुका होने का आरोप लगा होता है।

एक पक्षपाती मीडिया किसी भी समाचार को उसकी असलीता और सच्चाई से भिन्न रूप में पेश कर सकता है, जिससे लोगों में गलत धारणाएं पैदा हो सकती हैं। ऐसे मामलों में मीडिया की निष्पक्षता पर सवाल उठते हैं। वह"
278,अमेरिका में अप्रवासन नीति और उसकी राजनीति,"अमेरिका में अप्रवासन नीति और उसकी राजनीति एक महत्वपूर्ण और विवादास्पद विषय है। अप्रवासन नीति या अमेरिका में अनधिकृत प्रवासन एक विषय है जिसने देश को विभाजित किया है। अप्रवासन का मुद्दा अमेरिका में दूसरी दुनिया के देशों से लोगों के आने के बाद विकसित हुआ है।

अमेरिका में अप्रवासन नीति को लेकर विभिन्न राजनीतिक दलों के बीच विवाद होता रहता है। एक ओर से कुछ लोग इसे मानवता के धार्मिक दृष्टिकोण से देखते हैं तो दूसरी ओर सामाजिक, आर्थिक और सुरक्षा के पक्ष से इसे विरोधिता करते हैं।

अमेरिका ने अप्रवासन नीति को म"
280,अमेरिका में अप्रवासन नीति और उसकी राजनीति,"अमेरिका में अप्रवासन नीति और उसकी राजनीति एक बहुत महत्वपूर्ण और विवादास्पद विषय है। अप्रवासन नीति का मतलब है किसी विदेशी नागरिक की अमेरिका में अवैध रूप से प्रवेश करने का प्रयास। अमेरिका के अप्रवासन नीति को लेकर पिछले कुछ वर्षों से बहुत विवाद छिड़ रहा है।

अमेरिका के राष्ट्रपति ने अप्रवासन के खिलाफ कड़ी कार्रवाई की और सीमा पर नए कड़े नियम लागू किए हैं। जिसका मुख्य उद्देश्य अमेरिका में अवैध प्रवेश को रोकना है। इसमें नागरिकता कानूनों का पालन करने वाले विदेशी नागरिकों को प्राथमिकता दी जा रही है।

अप्रवासन नी"
281,अमेरिका में मतदाता अधिकार और चुनाव सुधार,"अमेरिका में मतदाता अधिकार और चुनाव सुधार एक महत्वपूर्ण विषय है जिसपर समाज और राजनीतिक विचारधाराएं विभाजित हैं। मतदाताओं के अधिकार को बनाए रखना और चुनाव सुधार की जरूरत को उचित तरीके से पूरा करना जरूरी है।

अमेरिका में मतदाता अधिकार की रक्षा के लिए कई कदम उठाए गए हैं। विभिन्न राज्यों में मतदाताओं को चुनाव लगाने के लिए विभिन्न पहचान प्रमाणों की आवश्यकता होती है। इसके अतिरिक्त, अमेरिकी नागरिकों को मतदान करने के अधिकार को समर्थन देने वाले कई संगठन हैं जो मतदाताओं को उनके अधिकारों के बारे में जागरूक करते ह"
282,अमेरिकी विदेश नीति: चीन और रूस के साथ संबंध,"अमेरिका की विदेश नीति एक महत्वपूर्ण विषय है, जिसमें चीन और रूस के साथ संबंध बहुत महत्वपूर्ण हैं। अमेरिका की विदेश नीति चीन और रूस के साथ उनके राजनीतिक, आर्थिक और सुरक्षा संबंधों पर निर्भर करती है।

चीन एक विशाल अर्थव्यवस्था और शक्तिशाली देश है, जो आधुनिक तकनीक, विज्ञान और सैन्य क्षमता में अग्रणी है। अमेरिका और चीन के बीच व्यापार, वित्तीय और सुरक्षा संबंध अहम हैं, लेकिन वे विपरीत मतभेदों का सामना भी करते हैं। चीन के व्यापारिक अभियानों, बाह्य नीतियों और साइबर हमलों के संदर्भ में अमेरिका को सतर्क रहना"
279,अमेरिका की आर्थिक नीति और राजनीतिक विवाद,"अमेरिका की आर्थिक नीति और राजनीतिक विवाद एक महत्वपूर्ण विषय है जिसपर दुनिया की नजरें हमेशा बनी रहती हैं। अमेरिका एक विशाल देश है जिसकी आर्थिक शक्ति दुनिया के लिए महत्वपूर्ण है। इसकी आर्थिक नीति पर निर्भर करता है कि विश्व के अन्य देश कैसे उससे संबंध बनाते हैं और कैसे उसके साथ व्यापार और राजनीतिक संबंध बनाए रखते हैं।

अमेरिका में आर्थिक नीति पर अक्सर विवाद होते रहते हैं। देश के अलग-अलग राजनीतिक दलों के बीच इसमें अक्सर विपक्षता देखने को मिलती है। उदाहरण के लिए, कमर्शियल बैंकों के विरोधी कहते हैं कि उ"
284,अमेरिका में सुप्रीम कोर्ट की भूमिका और प्रभाव,"सुप्रीम कोर्ट अमेरिका का सर्वोच्च न्यायिक संस्थान है जो देश के संविधान की व्याख्या और संरक्षण के लिए जिम्मेदार है। यह कोर्ट अमेरिकी संविधान के प्राथमिक अनुच्छेद की व्याख्या और उसके मानकों को सुनिश्चित करने का काम करता है। सुप्रीम कोर्ट के न्यायाधीशों की नियुक्ति आमेरिकी राष्ट्रपति द्वारा की जाती है और उनकी पदावधि आयातन का नियमित तौर पर है।

सुप्रीम कोर्ट का महत्वपूर्ण प्रभाव देश के न्यायिक प्रणाली पर होता है। यह कोर्ट केवल कानूनी मामलों पर सुनवाई करता है जो संविधान के धाराओं या उसके अनुच्छेदों के साथ मिलते जुलते हैं। इसके निर्णय"
283,अमेरिका में सुप्रीम कोर्ट की भूमिका और प्रभाव,"सुप्रीम कोर्ट, अमेरिका की सर्वोच्च न्यायिक संस्था है जो संविधान की उल्लंघन की मामलों को सुनने और निर्णय देने के लिए जिम्मेदार है। यह कोर्ट अमेरिकी न्याय प्रणाली का एक महत्वपूर्ण हिस्सा है और उसकी भूमिका और प्रभाव अत्यंत महत्वपूर्ण है।

सुप्रीम कोर्ट के निर्णय अमेरिका की संविधानिक मान्यताओं को सुनिश्चित करने में महत्वपूर्ण भूमिका निभाते हैं। इसके निर्णय समाज पर गहरा प्रभाव डाल सकते हैं और राष्ट्रीय अभिवृद्धि में महत्वपूर्ण योगदान कर सकते हैं। सुप्रीम कोर्ट के निर्णय न केवल अमेरिका में बल्कि पूरे विश्व में भी मान्यता प्राप"
285,अमेरिकी राष्ट्रपति चुनाव प्रणाली: एक विस्तृत विश्लेषण,"अमेरिकी राष्ट्रपति चुनाव प्रणाली एक उत्कृष्ट प्रक्रिया है जिसमें लोकतंत्र के मूल सिद्धांतों को पालन किया जाता है। यह प्रणाली दो पार्टियों के साथ एक तिहाई प्रतिस्पर्धा प्रणाली पर आधारित है, जिसमें डेमोक्रेट और रिपब्लिकन पार्टियों के उम्मीदवार उम्मीदवारी दाखिल करते हैं।

चुनाव प्रक्रिया में प्रारंभिक चरण होता है जिसे प्राथमिक चुनाव कहा जाता है, जिसमें पार्टी के उम्मीदवारों के बीच चयन होता है। फिर उम्मीदवारों को राष्ट्रपति पद के लिए मुख्य चुनाव में भाग लेने का मौका मिलता है। मुख्य चुनाव में लोगों को राष्ट्रपति और उपराष्ट्र"
287,डेमोक्रेटिक और रिपब्लिकन पार्टियों के बीच मुख्य अंतर,"यूनाइटेड स्टेट्स में डेमोक्रेटिक और रिपब्लिकन पार्टियां दो मुख्य राजनीतिक पार्टियां हैं जो विभिन्न मुद्दों पर अलग-अलग दृष्टिकोण रखती हैं। ये दोनों पार्टियां अपने आराधकों को विभिन्न विचारधाराओं और नीतियों के माध्यम से आकर्षित करती हैं।

डेमोक्रेटिक पार्टी आमतौर पर सामाजिक और आर्थिक न्याय, सार्वजनिक स्वास्थ्य, शिक्षा, वातावरणीय मुद्दे और प्रोग्रेसिव नीतियों का समर्थन करती है। वे भले ही सरकारी हस्तक्षेप की ओर अधिक रुझान दिखाते हैं, लेकिन उनका मुख्य ध्यान आम जनता के हित में नीतियों को समर्थन देने पर होता है।

व"
289,अमेरिकी विदेश नीति: चीन और रूस के साथ संबंध,"अमेरिकी विदेश नीति में चीन और रूस के साथ के संबंध विशेष महत्व रखते हैं। चीन एक बड़ा और उदार देश है जो अमेरिका के लिए एक महत्वपूर्ण ट्रेड और राजनीतिक साथी है। हालांकि, इसके बावजूद, चीन और अमेरिका के बीच व्यापारिक मुद्दों और विवाद भी हैं। अमेरिका ने चीन के व्यापारिक नीतियों और इंटेलेक्चुअल प्रॉपर्टी के मामले में नियंत्रण और उत्पीड़न के एक्शन लेने के लिए कई बार चीन के खिलाफ कदम उठाए हैं।

दूसरी ओर, रूस भी अमेरिका के लिए एक महत्वपूर्ण राजनीतिक खिलाफ है। रूस के साथ तनाव बढ़ गए हैं जब रूस ने अ"
286,अमेरिका में सुप्रीम कोर्ट की भूमिका और प्रभाव,"सुप्रीम कोर्ट अमेरिका की सबसे ऊँची न्यायिक संस्था है जिसका मुख्य कार्य यह है कि वह संविधान के अनुसार न्याय देना। यह कोर्ट अमेरिका के तीन प्रमुख शाखाओं - कार्यपालिका, विधायिका और न्यायिका - के बीच संतुलन बनाए रखने की भी जिम्मेदारी निभाती है।

सुप्रीम कोर्ट की एक महत्वपूर्ण भूमिका यह है कि यह न्याय के मामलों में एक अंतिम निर्णय देती है। इसका प्रभाव इसलिए भी महत्वपूर्ण है क्योंकि इसके निर्णय अमेरिका के न्यायिक प्रणाली पर सीधा प्रभाव डालते हैं। इसके निर्णय समाज में विवादित मुद्दों पर निर्णय देने के लिए महत्वपूर्ण होते है"
288,अमेरिका में अप्रवासन नीति और उसकी राजनीति,"अमेरिका में अप्रवासन नीति और उसकी राजनीति विवादों से भरी हुई है। इस विषय पर विभिन्न धाराएं हैं, जो राजनीतिक और सामाजिक विचारधाराओं के बीच मतभेद पैदा करती हैं। 

एक ओर, कुछ लोग यह मानते हैं कि अप्रवासन नीति आवश्यक है ताकि देश की सुरक्षा और सामरिकता बनाए रखा जा सके। उनका मानना है कि नियमित तरीके से आये गए विदेशी नागरिकों के साथ अप्रवासन करने से देश के आर्थिक विकास और अस्तित्व पर बुरा असर पड़ता है।

दूसरी ओर, कुछ लोग अमेरिका की ऐतिहासिक स्थिति को ध्यान में रखते हुए कहते हैं कि अप्रवासन नीति कठिनाइयों और अन"
290,डेमोक्रेटिक और रिपब्लिकन पार्टियों के बीच मुख्य अंतर,"अमेरिकी राजनीति में डेमोक्रेटिक और रिपब्लिकन पार्टियाँ दो मुख्य राजनीतिक दल हैं, जो देश की राजनीति में महत्वपूर्ण भूमिका निभाते हैं। इन दोनों पार्टियों के बीच कई मुख्य अंतर हैं।

पहला अंतर है विचारधारा। डेमोक्रेटिक पार्टी व्यक्तिगत स्वतंत्रता और समाजीक न्याय को महत्व देती है, जबकि रिपब्लिकन पार्टी राष्ट्रवाद, आर्थिक स्वतंत्रता और अधिक शक्ति को प्रमुख मानती है।

दूसरा अंतर है आर्थिक नीतियाँ। डेमोक्रेटिक पार्टी अधिकतम आर्थिक सामाजिक सुरक्षा की दिशा में काम करती है, जबकि रिपब्लिकन पार्टी अधिक आर्थिक विकास और व"
291,अमेरिका में अप्रवासन नीति और उसकी राजनीति,"अमेरिका एक देश है जो अप्रवासन नीति में कड़ी सख्ती बरतता है। अमेरिका की अप्रवासन नीति और राजनीति का मुख्य उद्देश्य देश की सुरक्षा और सीमाओं की रक्षा करना है। इसने अप्रवासन कानूनों को मजबूत करने के लिए कई कदम उठाए हैं।

अमेरिका में अप्रवासन कानूनों के तहत किसी भी विदेशी नागरिक को देश में अवैध रूप से रहने की अनुमति नहीं है। इसके लिए कठिन प्रक्रियाएं होती हैं और अप्रवासन कार्रवाई की सजा भी कठिन होती है। अमेरिका में अप्रवासन कानूनों का पालन करना अनिवार्य है।

अमेरिका ने शासकीय स्तर पर अप्रवासन नीति को मजबूत करने के"
292,अमेरिका में अप्रवासन नीति और उसकी राजनीति,"अमेरिका में अप्रवासन नीति एक महत्वपूर्ण राजनीतिक मुद्दा है जिसपर विभिन्न पक्षों के बीच विवाद है। अप्रवासन नीति का मतलब है किसी देश में विदेशी नागरिकों के लिए राज्य द्वारा निर्धारित नियम और प्रक्रियाएं। अमेरिका में अप्रवासन नीति प्रमुखतः विभिन्न वीजा प्रकारों, बाह्य कानूनी नियमों और अन्य संबंधित विषयों पर आधारित है।

अमेरिका की अप्रवासन नीति का सबसे चरम उदाहरण अभी भी डोनाल्ड ट्रंप के दौर में लागू ट्रैवल बैन है, जिसने कई देशों के नागरिकों को अमेरिका के प्रवेश पर प्रतिबंध लगाया। इसके अलावा, हाल ही में जो बाइ"
293,अमेरिका में अप्रवासन नीति और उसकी राजनीति,"अमेरिका में अप्रवासन नीति एक महत्वपूर्ण राजनीतिक विषय है जो सामाजिक, आर्थिक, और सुरक्षा स्तरों पर प्रभाव डालती है। अमेरिका ने लंबे समय तक अप्रवासन की राजनीति को अपनाया है और इसे अपनी सुरक्षा और आर्थिक हित के लिए महत्वपूर्ण मानता है।

अमेरिकी अप्रवासन नीति विवादित हो सकती है, क्योंकि यह विभिन्न सामाजिक और आर्थिक दबावों के बीच संतुलन बनाए रखने की कोशिश करती है। एक ओर, यह अपनी सीमाओं को सुरक्षित रखने के लिए अप्रवासन को नियंत्रित करने के पक्ष में होती है, जबकि दूसरी ओर, यह उन लोगों के लिए उत्तरदायी है जिन्हें अपने घर"
294,अमेरिकी सीनेट और हाउस ऑफ रिप्रेजेंटेटिव्स की भूमिका,"अमेरिकी संघीय संविधान के अनुसार, संयुक्त राज्यों की संसद के रूप में काम करने वाले संसदीय प्रणाली का महत्वपूर्ण हिस्सा है अमेरिकी कांग्रेस. यह दो सदनों से मिलकर बना होता है - सीनेट और हाउस ऑफ रिप्रेजेंटेटिव्स. 

अमेरिकी सीनेट संघीय संसद का उच्च सदन है, जिसमें प्रत्येक राज्य से दो सांसद होते हैं जो छह वर्ष के लिए निर्वाचित होते हैं। यहाँ प्रतिनिधित्व का सिद्धांत है, जिससे छोटे राज्यों के सांसद भी बड़े राज्यों के सांसदों के साथ बराबरिता बनाए रख सकते हैं।

हाउस ऑफ रिप्रेजेंटेटिव्स लोकसभा के समकक्ष है, जिसमें सदस्यों की सं"
295,अमेरिका में मतदाता अधिकार और चुनाव सुधार,"अमेरिका में मतदाता अधिकार और चुनाव सुधार के मामले में अंतर्राष्ट्रीय स्तर पर इसे एक उदाहरण के रूप में देखा जाता है। अमेरिका में मतदाताओं की सुरक्षा और चुनाव प्रक्रिया को लेकर विवादें चल रहे हैं, जिसमें डिजिटल सुरक्षा, मतदाताओं के पहचान का प्रणाली, चुनाव परिणामों की सुरक्षा आदि शामिल है।

अमेरिका में चुनाव सुधार के लिए कई प्रमुख कदम उठाए जा रहे हैं। पहले, मतदाताओं की पहचान के लिए उनके आईडी की पुष्टि करने के लिए नए तकनीकी उपाय लागू किए जा रहे हैं। दूसरे, इलेक्ट्रॉनिक वोटिंग मशीनों की सुरक्षा और परिणामों की सत्यता को सु"
296,अमेरिका में सुप्रीम कोर्ट की भूमिका और प्रभाव,"अमेरिका में सुप्रीम कोर्ट एक महत्वपूर्ण संवैधानिक संस्था है जो संविधान की रक्षा और न्याय की सुनिश्चित करने का कार्य करती है। यह संस्था संविधान की अंतिम स्थायी स्थानिक न्यायिक संस्था है और इसकी निर्णयों को अंतिम मान्यता दी जाती है।

सुप्रीम कोर्ट की महत्वपूर्ण भूमिकाएं और प्रभाव इस प्रकार हैं:

1. संविधान की रक्षा: सुप्रीम कोर्ट की मुख्य भूमिका संविधान की रक्षा करना है। यह कोर्ट संविधान के धाराओं और मूल्यों के प्रति संविधानिकता बनाए रखने का काम करती है।

2. न्याय की सुनिश्चित करना: सुप्रीम कोर्ट के निर्णय देशवासियों के लिए न्याय की सुन"
297,अमेरिकी विदेश नीति: चीन और रूस के साथ संबंध,"अमेरिकी विदेश नीति एक विशाल विषय है जिसमें चीन और रूस जैसे देशों के साथ संबंध एक महत्वपूर्ण भूमिका निभाते हैं। चीन एशिया का सबसे बड़ा देश है और एक बड़ी अर्थव्यवस्था के मालिक है। चीन और अमेरिका के बीच व्यापारी संबंध हैं, लेकिन दोनों देशों के बीच कई विवाद भी हैं। तकनीकी उत्पादों, साइबर सुरक्षा, और खुदरा मानवाधिकार के मुद्दे चीन और अमेरिका के बीच उभरे मुद्दे हैं।

दूसरी ओर, रूस एक महत्वपूर्ण राष्ट्र है जिसका अमेरिका के साथ भी गहरा संबंध है। दोनों देशों के बीच अंतरराष्ट्रीय सुरक्षा, व्य"
299,अमेरिका की आर्थिक नीति और राजनीतिक विवाद,"अमेरिका की आर्थिक नीति और राजनीतिक विवाद दुनिया भर में महत्वपूर्ण हैं। अमेरिका एक विशाल और विकसित देश है जिसकी आर्थिक नीति और राजनीति दुनिया की अर्थव्यवस्था पर गहरा प्रभाव डालती है।

अमेरिका के आर्थिक मामलों में विभिन्न तत्व शामिल हैं, जैसे कर, निवेश, व्यापार नीति, बाजार की स्थिति आदि। विभिन्न राजनीतिक दल और समूह इन मुद्दों पर अपने विचार प्रकट करते हैं और विवादों में भाग लेते हैं। आर्थिक नीति के मामले में अमेरिका में दायर की जाने वाली सबसे बड़ी विवादित मुद्दों में ट्रेड नीति, कर कटौती, विदेशी निवेश, बजट,"
298,अमेरिका में जलवायु परिवर्तन नीति और राजनीतिक प्रभाव,"अमेरिका में जलवायु परिवर्तन नीति और राजनीतिक प्रभाव

अमेरिका में जलवायु परिवर्तन एक महत्वपूर्ण राष्ट्रीय मुद्दा बन चुका है जिसने राजनीति को भारी मात्रा में प्रभावित किया है। विश्वसनीय वैज्ञानिक साक्ष्य और जलवायु परिवर्तन के प्रभाव को लेकर लोगों की जागरूकता में वृद्धि होने से, राजनीतिक दल और नेताओं को इस मुद्दे पर कदम उठाने की जरुरत महसूस हुई है।

अमेरिकी सरकार ने पिछले कुछ वर्षों में जलवायु परिवर्तन को गंभीरता से लिया है और विभिन्न नीतियों को अपनाया है। पहले ही राष्ट्रपति बाराक ओबामा के समय में 'क्लीन एनर्जी प्लान"
300,अमेरिका में मतदाता अधिकार और चुनाव सुधार,"अमेरिका में मतदाता अधिकार और चुनाव सुधार के मुद्दे एक बहुत महत्वपूर्ण विषय हैं। चुनाव सुधारों का मकसद यह है कि हर नागरिक का मतदान सुरक्षित और सुलभ होना चाहिए। इसके माध्यम से देश में लोकतंत्र को मजबूती मिलती है और सामाजिक न्याय की भावना को मजबूती मिलती है।

अमेरिका में मतदाता अधिकार का मुद्दा बहुत व्यापक एवं चर्चित है। चुनाव सुधार विधेयक, जिसे हाल ही में स्वीकृति मिली है, इस दिशा में एक महत्वपूर्ण कदम है। इसमें मतदान के सुधार, ऑटोमेटिक रजिस्ट्रेशन, वोटर आईडी कार्ड की वैधता और चुनावी विस्तार के लिए धनराशि"
301,अमेरिकी राष्ट्रपति चुनाव प्रणाली: एक विस्तृत विश्लेषण,"अमेरिका में राष्ट्रपति चुनाव प्रक्रिया एक व्यापक और प्रभावी प्रक्रिया है जिसमें नागरिकों को अपने प्रतिनिधि का चयन करने का अधिकार होता है। यह चुनाव प्रक्रिया चार स्तरों पर होती है: प्राथमिक, राज्य, निर्वाचक मंडल और विशेष निर्वाचक मंडल।

प्राथमिक चुनाव जनता के बीच चुनाव कर्मचारियों द्वारा किया जाता है। इसमें नागरिकों को उम्मीदवारों में से अपने पसंदीदा उम्मीदवार का चयन करने का मौका मिलता है। राज्यों में यह चुनाव अलग-अलग तिथियों पर होता है।

राज्यों में होने वाले चुनाव में विजेता उम्मीदवारों को राष्ट्रपति के लिए प्रतिस्थापित क"
302,अमेरिकी सीनेट और हाउस ऑफ रिप्रेजेंटेटिव्स की भूमिका,"अमेरिकी सीनेट और हाउस ऑफ रिप्रेजेंटेटिव्स दोनों संसदीय संस्थाएं हैं जो संयुक्त राज्य अमेरिका की व्यवस्था में महत्वपूर्ण भूमिका निभाती हैं। सीनेट और हाउस में संयुक्त राज्यों के निर्वाचित संसदीय प्रतिनिधियों का समावेश होता है, जो लोकतंत्रिक तरीके से चुने जाते हैं।

सीनेट, जिसे 'पर्लियामेंटरी वायुसभा' के रूप में भी जाना जाता है, एक उच्चतम सदन है जिसमें हर राज्य के दो प्रतिनिधि होते हैं। इसकी मुख्य भूमिका यह है कि यह कानूनों को पारित करने और राष्ट्रीय मुद्दों पर निर्णय लेने के लिए महत्वपूर्ण है।

हाउस ऑफ रिप्रेजें"
303,अमेरिका में सुप्रीम कोर्ट की भूमिका और प्रभाव,"सुप्रीम कोर्ट अमेरिका की सर्वोच्च न्यायिक संस्था है जो संविधान की व्याख्या करती है और न्याय वितरित करती है। इसका मुख्य उद्देश्य संविधान के मान्यताओं को सुनिश्चित करना है और उसे सुरक्षित रखना है। सुप्रीम कोर्ट के न्यायाधीशों का नियुक्ति अमेरिका के राष्ट्रपति द्वारा की जाती है और उनकी नियुक्ति की स्वीकृति संसद द्वारा की जाती है।

सुप्रीम कोर्ट का प्रभाव अमेरिकी समाज पर बहुत गहरा पड़ता है। यह न्यायिक अधिकार का प्रयोग करता है और संविधान के मानकों को बनाए रखने में मदद करता है। यह फैसले लेता है जो समाज के लिए महत्वपूर्ण होते है"
305,अमेरिका में जलवायु परिवर्तन नीति और राजनीतिक प्रभाव,"अमेरिका में जलवायु परिवर्तन एक महत्वपूर्ण विषय है जिसका गहरा राजनीतिक प्रभाव है। जलवायु परिवर्तन को लेकर अमेरिकी सरकार ने कई नीतियाँ बनाई हैं जैसे कि पेरिस समझौता, क्लीन पावर प्लान, और पर्यावरण संरक्षण एजेंसी (EPA) के निर्देशांक। इन नीतियों का उद्देश्य जलवायु परिवर्तन को कम करना और पर्यावरण को सुरक्षित रखना है।

जलवायु परिवर्तन के मुद्दे अमेरिकी राजनीति में भी एक महत्वपूर्ण स्थान रखते हैं। दोनों दलों के बीच इस पर विचार-विमर्श होता रहता है, जिससे नयी नीतियाँ बनाई जाती हैं। डोनाल्ड ट्रम्प के प्रशासन ने परिसम"
304,अमेरिकी संविधान और उसकी राजनीति पर प्रभाव,"अमेरिकी संविधान एक महत्वपूर्ण दस्तावेज है जिसने अमेरिकी राजनीति को एक मजबूत आधार दिया है। इसके माध्यम से विभिन्न विचारधाराओं और आरामभिवृद्धि के सिद्धांतों को समाधान किया गया है। यह संविधान अमेरिकी नागरिकों के मौलिक अधिकारों को सुनिश्चित करने में महत्वपूर्ण भूमिका निभाता है।

अमेरिकी संविधान ने अमेरिकी राजनीति पर व्यापक प्रभाव डाला है। इसने एक सुदृढ़ संविधानिक ढांचे की स्थापना की है जिसमें शासन की विभाजनता, कार्यक्षेत्रों के संघर्ष की रोकथाम, और नागरिकों के मौलिक अधिकारों के संरक्षण का विशेष ध्यान दिय"
306,अमेरिकी संविधान और उसकी राजनीति पर प्रभाव,"अमेरिकी संविधान एक महत्वपूर्ण दस्तावेज है जो संयुक्त राज्य अमेरिका की संरचना और शासन को निर्धारित करता है। यह एक सुशासनिक दस्तावेज है जिसमें नागरिकों के अधिकार और कर्तव्यों की सुरक्षा की गारंटी दी गई है। अमेरिकी संविधान ने विभिन्न विचारधाराओं और समाजिक समूहों को एक साथ लाने में मदद की है और उन्हें समानता और स्वतंत्रता का अधिकार दिया है।

संविधान ने अमेरिकी राजनीति पर भी गहरा प्रभाव डाला है। इसने एक सुरक्षित और स्थिर सरकार की स्थापना की है जिसमें सत्ताधारी तीनों शाखाएं - कार्यकारी, विधायिका, और न्यायिका - के बीच स"
307,अमेरिका में सुप्रीम कोर्ट की भूमिका और प्रभाव,"सुप्रीम कोर्ट अमेरिका का सर्वोच्च न्यायिक संस्थान है और यह देश की संविधानीय मान्यताओं के सुरक्षण और व्याख्यान का माध्यम है। सुप्रीम कोर्ट की मुख्य भूमिका यह है कि यह भारतीय संविधान के प्रावधानों की व्याख्या करने व परिभाषित करने के लिए निर्धारित है। सुप्रीम कोर्ट के न्यायाधीश राष्ट्र की संविधानी व्याख्या करने के साथ-साथ न्यायिक निर्णय भी देते हैं।

सुप्रीम कोर्ट के निर्णयों का भारी प्रभाव होता है, क्योंकि वे संविधान के मान्यताओं को समझने और उसके अनुसार कानून बनाने में महत्वपूर्ण भूमिका निभाते हैं। इसके अलावा, सुप्रीम कोर्ट के निर"
308,अमेरिकी मीडिया और राजनीति: निष्पक्षता बनाम ध्रुवीकरण,"अमेरिकी मीडिया और राजनीति के बीच का संबंध एक दिलचस्प और अहम विषय है। एक दलीय दृष्टिकोण से अमेरिकी मीडिया को कहा जा सकता है कि वह निष्पक्षता को बनाए रखने का प्रयास करता है, जबकि कुछ लोग इसमें ध्रुवीकरण का तर्क देते हैं।

अमेरिकी मीडिया का मुख्य लक्ष्य निष्पक्ष और सटीक समाचार प्रस्तुत करना होता है। यह विभिन्न दलों की राय को सुनिश्चित करने में मदद करता है और लोगों को सही जानकारी प्राप्त करने में सहायक होता है। इसके बिना, लोग अपनी राय और निर्णय कैसे बनाएंगे, यह समझना मुश्किल हो सकता है।

हालांकि, कुछ लोग यकीन"
309,अमेरिका में मतदाता अधिकार और चुनाव सुधार,"अमेरिका में मतदाता अधिकार और चुनाव सुधार एक महत्वपूर्ण और विवादित विषय है। अमेरिकन लोकतंत्र में मतदान एक महत्वपूर्ण अधिकार है और इसे सुनिश्चित करने के लिए कई कदम उठाए गए हैं।

अमेरिकन चुनाव सिस्टम में एक विशेषता यह है कि यह राज्यों द्वारा प्रबंधित होता है, जिससे राज्यों के अनुसार चुनावी विधान भिन्न हो सकते हैं। इसके बावजूद, फेडरल सरकार ने अमेरिकन नागरिकों के मताधिकार को सुनिश्चित करने के लिए कई कानून बनाए हैं।

मतदान के लिए पहचान प्रमाण पत्र की जरूरत होती है और इसे प्राप्त करने के लिए नागरिकों को जिम्मेदारी लेनी प"
310,डेमोक्रेटिक और रिपब्लिकन पार्टियों के बीच मुख्य अंतर,"अमेरिका में डेमोक्रेटिक और रिपब्लिकन पार्टियाँ दो मुख्य राजनीतिक दल हैं और इनके बीच कई महत्वपूर्ण अंतर हैं। 

डेमोक्रेटिक पार्टी विशेषकर वामपंथी और केंद्रवामी दलों की समृद्ध पार्टी है। यह पार्टी आम राजनीति में समाजवाद, पर्यावरण संरक्षण, महिला और अल्पसंख्यकों के अधिकारों की रक्षा जैसे मुद्दों पर जोर देती है। दूसरी ओर, रिपब्लिकन पार्टी एक दायेशवादी पार्टी है जो वामपंथी और दरिद्रता के मुद्दों पर प्राथमिकता नहीं देती। यह पार्टी अधिकतर धर्मनिरपेक्ष और आर्थिक नीतियों पर केंद्रित है। 

दूसरा अंतर है इन पार्ट"
311,अमेरिकी विदेश नीति: चीन और रूस के साथ संबंध,"अमेरिकी विदेश नीति एक बहुत महत्वपूर्ण और चुनौतीपूर्ण विषय है, खासकर जब बात चीन और रूस के साथ संबंधों की हो। इन तीनों देशों के बीच संबंध गहरे और संवेदनशील हैं।

चीन के साथ अमेरिका के संबंधों में विपरीतताएं हैं। इन दोनों देशों के बीच वाणिज्यिक और रक्षात्मक मुद्दों पर विपरीत मत रखने के बावजूद, वे एक-दूसरे के साथ गहरे संबंधों में हैं। चीन अमेरिका के बढ़ते जीवनस्तर और राष्ट्रीय रक्षा के लिए एक बड़ा बाजार है, जबकि अमेरिका चीन के व्यापारिक और आर्थिक वृद्धि के साथ चिंतित है।

अन्य ओर, अमेरिका"
312,अमेरिका में जलवायु परिवर्तन नीति और राजनीतिक प्रभाव,"अमेरिका में जलवायु परिवर्तन नीति एक महत्वपूर्ण और विवादास्पद विषय है। अमेरिका विश्व के एक बड़े पायदान पर है जिसके कारण इसकी जलवायु परिवर्तन पर असर पड़ता है। अमेरिका ने पिछले कुछ दशकों में जलवायु परिवर्तन के मुद्दे पर अधिक ध्यान दिया है और प्रगति की है।

अमेरिका ने पैरिस समझौते के तहत अपने उद्देश्यों और उद्योगों को जलवायु परिवर्तन से संबंधित निर्देशिका बनाई है। इसके अलावा, अमेरिका ने अपने ऊर्जा स्रोतों को परिवर्तित करने के लिए विभिन्न सरकारी योजनाएं और कानून बनाए हैं।

इन नीतियों का राजनीतिक प्रभाव"
313,अमेरिकी सीनेट और हाउस ऑफ रिप्रेजेंटेटिव्स की भूमिका,"अमेरिकी संघीय सरकार में सीनेट और हाउस ऑफ रिप्रेजेंटेटिव्स दोनों ही महत्वपूर्ण संसदीय संस्थाएं हैं। सीनेट को अमेरिका की उच्च सदन के रूप में जाना जाता है जबकि हाउस ऑफ रिप्रेजेंटेटिव्स को लोक सदन कहा जाता है।

सीनेट का प्रमुख कार्य विधायिका कानून पास करना है और यह समृद्धि और राष्ट्रिय सुरक्षा से संबंधित मुद्दों पर विचार करता है। सीनेट के सदस्यों की संख्या स्थायी होती है और हर राज्य से दो सीनेटर्स चुने जाते हैं। इससे हर राज्य का समान प्रतिनिधित्व होता है।

हाउस ऑफ रिप्रेजेंटेटिव्स का मुख्य कार्य भारतीय नागरिकों की आवाज को सुन"
314,अमेरिका में नस्लीय न्याय और राजनीतिक सुधार,"अमेरिका में नस्लीय न्याय और राजनीतिक सुधार एक महत्वपूर्ण और अभिन्न हिस्सा है। इसे देश के इतिहास में एक महत्वपूर्ण कदम माना जाता है। नस्लीय न्याय के मामले में, अमेरिका ने कई कठिनाइयों का सामना किया है, जैसे कि जिम क्रो न्यायाधीश की हत्या, जॉर्ज फ्लॉयड की मौत और अन्य।

इन घटनाओं ने नस्लीय और सामाजिक न्याय के मुद्दों को सामने लाने की जरुरत को और भी जोर दिया है। इसके परिणामस्वरूप, अमेरिका में नसलीय न्याय और राजनीतिक सुधार के पक्ष में कई नए कानूनी कदम उठाए गए हैं।

नस्लीय न्याय के क्षेत्र में, नागरिकों के अध"
315,अमेरिका में सुप्रीम कोर्ट की भूमिका और प्रभाव,"सुप्रीम कोर्ट अमेरिका की सर्वोच्च न्यायिक संस्था है और यह देश के संविधान की रक्षा और व्याख्या करने का प्रमुख जिम्मेदार है। सुप्रीम कोर्ट की भूमिका और प्रभाव अमेरिकी संविधानिक व्यवस्था में महत्वपूर्ण हैं।

सुप्रीम कोर्ट के न्यायाधीशों का चयन राष्ट्रपति करता है और यहाँ के न्यायाधीश जीवन भर की नियुक्ति पर होते हैं। सुप्रीम कोर्ट के न्यायिक निर्णय देश के संविधान और कानून के साथ अनुसार होते हैं और इनका पालन सभी अन्य न्यायिक संस्थाओं के लिए बाध्यकारी होता है।

सुप्रीम कोर्ट के निर्णय देश की राजनीति और समाज में महत्वपूर्ण प्रभाव डालते ह"
316,अमेरिका में हेल्थकेयर नीति: ओबामाकेयर बनाम निजीकरण,"अमेरिका में हेल्थकेयर नीति एक बहुत महत्वपूर्ण और विवादास्पद विषय है। इसके बारे में दो मुख्य प्रस्ताव हैं - ओबामाकेयर अधिनियम और हेल्थकेयर की निजीकरण।

ओबामाकेयर अधिनियम 2010 में लागू हुआ था और अमेरिका के हेल्थकेयर प्रणाली में कई महत्वपूर्ण परिवर्तन लाने का प्रयास किया। इस अधिनियम के द्वारा अमेरिकी नागरिकों को सस्ती स्वास्थ्य बीमा प्राप्त करने का अधिकार मिला। इसके माध्यम से हेल्थकेयर की सुविधा बढ़ाई गई और लोगों की स्वास्थ्य सुरक्षा में सुधार किया गया।

विपक्ष में, निजीकरण के पक्ष में हैं जो अमेरिकी हेल्थकेयर प्रणाली"
317,अमेरिका में नस्लीय न्याय और राजनीतिक सुधार,"अमेरिका में नस्लीय न्याय और राजनीतिक सुधार के मामले में कुछ विचारशील स्थितियां विद्यमान हैं। इस देश में नस्लीय भेदभाव के समर्थन में कानून और नीतियों में सुधार करने की मांग बढ़ रही है। वैश्विक उत्कृष्टता की मुख्य सूचकांकों में से एक नस्लीय न्याय और समावेशी विकास को समेत किया जाता है।

अमेरिका में नस्लीय न्याय और राजनीतिक सुधार के लिए कई पहलू हैं। सबसे पहले, कानूनी व्यवस्था में नस्लीय भेदभाव के खिलाफ कठोर कार्रवाई करना महत्वपूर्ण है। साथ ही, नस्लीय समानता के लिए नीतियों को मजबूत करना और नस्लीय समृद्धि क"
318,अमेरिका में हेल्थकेयर नीति: ओबामाकेयर बनाम निजीकरण,"अमेरिका में हेल्थकेयर नीति एक बहुत ही महत्वपूर्ण और विवादास्पद विषय है। इसमें विभिन्न पक्षों के बीच तनाव है, जैसे कि सरकारी हेल्थकेयर नीति और निजीकरण।

अमेरिका में पिछले कुछ दशकों से हेल्थकेयर नीति पर चर्चाएं चल रही हैं। इसके दो मुख्य पक्ष हैं - पहला है ओबामाकेयर, जिसे अमेरिकी राष्ट्रपति बराक ओबामा ने लागू किया था। इस नीति के तहत, सरकार ने हेल्थकेयर सुविधाओं को बढ़ावा दिया और बेहतर स्वास्थ्य सेवाओं को स्थापित करने का प्रयास किया। इसका मुख्य लक्ष्य था कि हर व्यक्ति को सुविधाजनक और सस्ती हेल्थकेयर सुविधाएं प्राप्त हो"
319,अमेरिका में नस्लीय न्याय और राजनीतिक सुधार,"अमेरिका में नस्लीय न्याय और राजनीतिक सुधार के बारे में चर्चा करने से पहले, हमें यह समझने की आवश्यकता है कि ये दोनों विषय क्या हैं। नस्लीय न्याय उस सिद्धांत को दर्शाता है जिसका उद्देश्य समाज में नस्ल, जाति, धर्म, लिंग, या किसी अन्य वर्ग के आधार पर भेदभाव को खत्म करना है। राजनीतिक सुधार उस क्रिया को कहते हैं जिससे समाज में सुधार और विकास को बढ़ावा मिले।

अमेरिका में नस्लीय न्याय और राजनीतिक सुधार के मामले में, देश का इतिहास उदाहरण प्रस्थान करता है। किसी भी समाज में नस्लीय भेदभाव को खत्म करने के लिए समाज के अलग-अलग"
320,अमेरिकी राजनीति में लॉबिंग और उसका प्रभाव,"लॉबिंग एक प्रक्रिया है जिसमें व्यक्ति या संगठन निर्धारित नीतियों और निर्णयों पर सरकारी निर्णयकर्ताओं को प्रभावित करने के लिए दबाव डालते हैं। यह एक सामाजिक और राजनीतिक प्रक्रिया है जो अमेरिकी राजनीति में भी प्रचलित है।

लॉबिंग के माध्यम से विभिन्न समूह, कॉर्पोरेट एजेंसियों, एनजीओज और उद्यमियों का अपने हितों की रक्षा करने और सरकारी नीतियों को प्रभावित करने का प्रयास किया जाता है। यहां तक कि गैर-लाभकारी संगठन भी लॉबिंग का सहारा लेते हैं ताकि उनके मुद्दे सरकार के ध्यान में रहें।

अमेरिकी राजनीति में लॉबिंग का प"
322,अमेरिका में सुप्रीम कोर्ट की भूमिका और प्रभाव,"अमेरिका में सुप्रीम कोर्ट एक महत्वपूर्ण संवैधानिक संस्था है जो संविधानिक मुद्दों को निर्धारित करने और संविधान की वास्तविक अर्थ में व्याख्या करने का कार्य करती है। अमेरिका के संविधान में सुप्रीम कोर्ट को उच्चतम न्यायिक प्राधिकरण के रूप में दिया गया है और इसकी फैसले किसी भी न्यायाधीशी या कानूनी संस्था पर बाध्यकारी होते हैं।

सुप्रीम कोर्ट के फैसले अमेरिकी समाज में गहरा प्रभाव डालते हैं। इसके फैसले देश के व्यवस्थात्मक प्रणाली, सामाजिक संज्ञान, धार्मिक स्वतंत्रता, नागरिक स्वतंत्रता और अधिकारों को सुनिश्चित करने में महत्वपूर्ण"
323,अमेरिका में हेल्थकेयर नीति: ओबामाकेयर बनाम निजीकरण,"अमेरिका में हेल्थकेयर नीति एक बहुत ही महत्वपूर्ण और विवादास्पद विषय है। इसमें दो मुख्य पक्ष हैं - एक ओबामाकेयर की स्वास्थ्य सुरक्षा कानून और दूसरा है निजीकरण।

ओबामाकेयर, जिसे आमतौर पर आच्छादित करके राष्ट्रपति ओबामा के नाम पर कहा जाता है, एक सुधार है जिसका उद्देश्य था अमेरिकी लोगों को सस्ती और मान्यतापूर्ण स्वास्थ्य सेवाएं प्रदान करना। इसके तहत, स्वास्थ्य बीमा कवरेज को विस्तारित किया गया और प्री-इस्तीमालित अवस्था को रोकने के लिए कई प्रावधान शामिल किए गए।

वहीं, निजीकरण के पक्ष में, कई लोग इसका विरोध करते ह"
321,अमेरिका की आर्थिक नीति और राजनीतिक विवाद,"अमेरिका एक विशाल देश है जिसकी आर्थिक नीति और राजनीति विश्व के लिए महत्वपूर्ण है। अमेरिका की आर्थिक नीति का मुख्य उद्देश्य अमेरिकी अर्थव्यवस्था को मजबूत बनाना है ताकि देश की सामरिक स्थिति सुधारे और जनता की जीवनाधार को बेहतर बनाए।

हाल ही में, अमेरिका में आर्थिक नीति और राजनीतिक विवादों में बड़ा बदलाव आया है। अमेरिकी राष्ट्रपति जो दोनों पक्षों के बीच बहुत सारे विवादों का केंद्र रहते हैं, केंद्रीय बैंक, आर्थिक नीतियों और व्यापारिक मुद्दों पर ध्यान केंद्रित कर रहे हैं।

विभिन्न विचारधाराओं और दलों के बीच"
324,अमेरिका में गन कंट्रोल नीति पर बहस,"अमेरिका में गन कंट्रोल नीति एक बहुत ही विवादित विषय है। अमेरिका में गन कंट्रोल के पक्ष और विपक्ष दोनों हैं। गन कंट्रोल के पक्ष में यह दावा किया जाता है कि गन कंट्रोल कानूनें अपराधों को रोकने में मदद कर सकती हैं। वे यह मानते हैं कि सख्त गन कंट्रोल कानूनों के बिना, अमेरिका में हर रोज हजारों लोग गोलियों की वजह से मारे जा रहे हैं।

विपक्ष में, गन कंट्रोल के विरोधी यह दावा करते हैं कि गन कंट्रोल कानूनें सामान्य नागरिकों की स्वतंत्रता को कम करती हैं। वे मानते हैं कि यदि व्यक्ति के पास अपनी सुरक्षा के लिए गन हो, तो वह खुद को अपनी रक्षा"
325,डेमोक्रेटिक और रिपब्लिकन पार्टियों के बीच मुख्य अंतर,"अमेरिका में डेमोक्रेटिक और रिपब्लिकन पार्टी दो प्रमुख राजनीतिक पार्टियां हैं। इन दोनों पार्टियों के बीच कई महत्वपूर्ण अंतर हैं।

एक अंतर यह है कि डेमोक्रेटिक पार्टी अमेरिकन लीबरल और प्रगतिशील विचारधारा का प्रतिनिधित्व करती है, जबकि रिपब्लिकन पार्टी अमेरिकन कॉन्सर्वेटिव विचारधारा को प्रोत्साहित करती है। डेमोक्रेट्स आम तौर पर समाजवादी नीतियों का समर्थन करते हैं, जबकि रिपब्लिकन्स विश्वास करते हैं कि निजी क्षेत्र के विकास से समृद्धि होती है।

एक और महत्वपूर्ण अंतर यह है कि डेमोक्रेटिक पार्टी आम तौर पर विभिन्न समुदायों"
326,अमेरिका में सुप्रीम कोर्ट की भूमिका और प्रभाव,"सुप्रीम कोर्ट अमेरिका का सर्वोच्च न्यायिक संस्थान है जो देश के संविधान की रक्षा और व्याख्या करने का कार्य करता है। इसका मुख्य ध्येय यह है कि संविधान के विभाग 3 के अनुसार न्याय दिलाना और संविधान के अनुरूप कानून बनाने में मदद करना। सुप्रीम कोर्ट को अमेरिकी न्यायिक प्रणाली का चौथा स्तंभ माना जाता है।

सुप्रीम कोर्ट का महत्वपूर्ण कार्य है अमेरिकी संविधान के अनुसार कानूनी मुद्दों पर निर्णय देना। इसके निर्णय समाज में गहरा प्रभाव डालते हैं और इसे न्यायिक दृष्टि से सही दिशा में ले जाते हैं। इसके निर्णय अमेरिकी समाज के विकास में"
327,अमेरिका में सुप्रीम कोर्ट की भूमिका और प्रभाव,"अमेरिका में सुप्रीम कोर्ट एक अत्यंत महत्वपूर्ण संस्था है जो न्यायिक प्रणाली को संचालित करती है। सुप्रीम कोर्ट का मुख्य कार्य यह है कि यह सुनवाई करता है और फैसला देता है जब किसी मामले में न्यायिक प्रश्न उठता है जिसका निर्णय अमेरिका के संविधान के साथ संबंधित होता है।

सुप्रीम कोर्ट का प्रभाव अत्यधिक है क्योंकि इसके फैसले न केवल व्यक्तिगत मामलों को सुलझाते हैं, बल्कि ये समाज के बड़े-बड़े मुद्दों पर भी प्रभाव डालते हैं। सुप्रीम कोर्ट के फैसले अमेरिकी समाज में एक मान्यता के रूप में स्थापित होते हैं और उनका पालन किया जाता है।

सुप्र"
328,अमेरिका में मतदाता अधिकार और चुनाव सुधार,"अमेरिका में मतदाता अधिकार और चुनाव सुधार एक महत्वपूर्ण मुद्दा है जिसपर सरकार और नागरिक समुदाय को ध्यान देना चाहिए। चुनाव सुधार मामले में, अमेरिका ने कई प्रयास किए हैं ताकि चुनाव प्रक्रिया और मतदान के प्रक्रिया को और अधिक ट्रांसपेरेंट और सुरक्षित बनाया जा सके। इसके लिए, वे नए तकनीकी उपायों का इस्तेमाल कर रहे हैं जैसे कि ऑनलाइन रजिस्ट्रेशन, इलेक्ट्रॉनिक वोटिंग मशीनें, और डिजिटल वोटर आईडी कार्ड।

मतदाता अधिकार के मामले में, अमेरिका में विभिन्न कानून और नीतियां हैं जो मतदान की प्रक्रिया को सुरक्षित और न्यायसंगत बन"
329,अमेरिका की आर्थिक नीति और राजनीतिक विवाद,"अमेरिका की आर्थिक नीति और राजनीतिक विवाद विश्व के धनवान देशों में से एक है। अमेरिका की आर्थिक नीति और राजनीति न केवल अंदरूनी मामलों में बल्कि विदेशी मुद्दों में भी महत्वपूर्ण भूमिका निभाती है।

अमेरिका की आर्थिक नीति के विवादों में आमतौर पर करेंसी मैनेजमेंट, ट्रेड वार, टैरिफ्फ और महासंधि इत्यादि विषय शामिल होते हैं। विशेषकर, अमेरिका के अर्थव्यवस्था के प्रमुख विपरीतों में ट्रेड डिफिसिट, कर नीति, विदेशी निवेश और व्यापार नीति शामिल हैं।

राजनीतिक विवादों में आमतौर पर सरकारी वित्त, बजट, कर, व्यापार नीति और स"
330,अमेरिका में हेल्थकेयर नीति: ओबामाकेयर बनाम निजीकरण,"अमेरिका में हेल्थकेयर नीति एक बड़ा और महत्वपूर्ण विषय है जिसपर विभिन्न राजनीतिक दलों के बीच विवाद रहता है। इसमें दो प्रमुख पक्ष हैं - एक ओबामाकेयर योजना और दूसरा निजीकरण।

ओबामाकेयर योजना, जिसे आधिकारिक रूप से पूर्वाधिकारी स्वास्थ्य सुरक्षा कानून (PPACA) कहा जाता है, 2010 में लागू हुआ था। इसका मुख्य उद्देश्य सभी अमेरिकी नागरिकों को सस्ते स्वास्थ्य बीमा पहुंचाना था। इसके तहत, बीमा कंपनियों को अपने रिजर्व में अधिक धन जमा करने के लिए निर्धारित था, जिससे उन्हें अधिक लाभान्वित होने की इजाजत नहीं थी।

विर"
333,अमेरिका में अप्रवासन नीति और उसकी राजनीति,"अमेरिका में अप्रवासन नीति और उसकी राजनीति एक बहुत ही महत्वपूर्ण और विवादास्पद विषय है। अप्रवासन नीति का मतलब है किसी व्यक्ति या समूह को अन्य देशों से अमेरिका में प्रवेश करने की अनुमति न देना। इसका मुख्य उद्देश्य राष्ट्रीय सुरक्षा और सुरक्षा को बनाए रखना है।

अमेरिका में अप्रवासन नीति का प्रमुख विषय अप्रवासन और विस्तारित रूप से अप्रवासन है। वर्तमान में, अमेरिका की संविधानिक धारा 212(f) के तहत राष्ट्रपति को अप्रवासन प्रमाणपत्र जारी करने की अधिकार होता है। इस धारा के तहत राष्ट्रपति किसी भी व्यक्ति या समूह को या किसी देश क"
332,अमेरिका में नस्लीय न्याय और राजनीतिक सुधार,"अमेरिका में नस्लीय न्याय और राजनीतिक सुधार एक लम्बे समय से चल रहे मुद्दे हैं। नस्लीय न्याय के मामले में, अमेरिका में गहरा इतिहास है जिसमें अफ्रीकी-अमेरिकी जनजाति, लैटिनो, एशियाई अमेरिकी और अन्य नस्लीय समुदायों को न्याय मिलने में कठिनाईयां आई हैं। इसके विपरीत, राजनीतिक सुधार के मामले में, विभिन्न विचारधाराओं और नीतियों के बीच विवाद रहा है जो समाज में विभाजन बढ़ा रहे हैं।

नस्लीय न्याय के मामले में, सुप्रीम कोर्ट ने कई महत्वपूर्ण फैसले दिए हैं जैसे कि ब्राउन बोर्ड ऑफ़ एजुकेशन केस, जिसमें रंग के आध"
331,अमेरिका की आर्थिक नीति और राजनीतिक विवाद,"अमेरिका की आर्थिक नीति और राजनीतिक विवाद एक महत्वपूर्ण और चर्चित विषय है। अमेरिका एक विकसित देश है जिसकी अर्थव्यवस्था विश्वासनीय है, लेकिन अंतरराष्ट्रीय दबाव, आंतरिक राजनीतिक विवाद और अन्य कई कारणों से इसकी आर्थिक स्थिति पर असर पड़ता है।

अमेरिका की आर्थिक नीति और राजनीतिक विवाद का प्रमुख कारण टैक्सेशन (कर) और खर्चे की विवादित मुद्दे हैं। विभिन्न दलों और नीतिकर्ताओं के बीच इस विषय पर मतभेद रहते हैं। एक ओर से कुछ लोग यह मानते हैं कि कम करों और बढ़ाएं आर्थिक विकास को गति देते हैं, जबकि दूसरी ओर"
335,अमेरिकी विदेश नीति: चीन और रूस के साथ संबंध,"अमेरिकी विदेश नीति एक बहुत महत्वपूर्ण एवं व्यापक विषय है, जिसमें चीन और रूस के साथ संबंध एक विशेष महत्व रखते हैं। वर्तमान समय में अमेरिका के संबंध चीन और रूस के साथ एक अद्वितीय स्थिति में हैं।

चीन के साथ संबंधों पर विचार करें तो यह कहा जा सकता है कि अमेरिका और चीन के बीच संबंध एक मिश्रित रूप धारण कर रहे हैं। दोनों देशों के बीच व्यापार, सुरक्षा, पर्यावरण, और गणराज्यीय मुद्दों पर व्यापक वार्ता चल रही है। हालांकि, चीन की चुनौतियों जैसे कि टेक्नोलॉजी चोरी, दक्षिण चीन सागर मुद्दा, और उइगर मुद्दा के क"
338,अमेरिका में सुप्रीम कोर्ट की भूमिका और प्रभाव,"सुप्रीम कोर्ट अमेरिका की सबसे ऊची न्यायिक अदालत है जो संविधान की रक्षा और न्याय की सुनिश्चित करती है। यह न्यायिक शाखा कानूनी मुद्दों पर निर्णय देने के लिए अदालती प्राधिकरण रखती है और इसके निर्णयों का समान और अधिकारी रूप से पालन किया जाना चाहिए।

सुप्रीम कोर्ट का प्रभाव अमेरिकी समाज पर बहुत गहरा होता है। इसके निर्णय न केवल व्यक्तिगत मामलों में प्रभावी होते हैं बल्कि समाज के लिए भी महत्वपूर्ण हैं। यहाँ तक कि सुप्रीम कोर्ट के निर्णय देश के सामाजिक और राजनीतिक विवादों पर भी प्रभाव डाल सकते हैं।

सुप्रीम कोर्ट का एक और महत्वपूर"
334,अमेरिकी संविधान और उसकी राजनीति पर प्रभाव,"अमेरिकी संविधान एक महत्वपूर्ण दस्तावेज है जो संयुक्त राज्य अमेरिका की राजनीति और संविधानिक व्यवस्था को निर्धारित करता है। इसका प्रभाव अमेरिकी राजनीति पर गहरा है और उसकी नींव बनाता है।

अमेरिकी संविधान के प्रमुख विशेषताएँ उसकी संरचना, संविदानिक सिद्धांत, मौलिक अधिकारों का संरक्षण, शासन व्यवस्था, और कानूनों को निर्धारित करने के तरीके हैं। संविधान के प्रारूपने और अंतरराष्ट्रीय योगदान ने इसे एक महान कानूनी दस्तावेज बनाया है जो अमेरिकी राष्ट्र की मान्यताओं और मूल्यों को प्रकट करता है।

अमेरिकी संविधान ने अमेर"
337,अमेरिकी संविधान और उसकी राजनीति पर प्रभाव,"अमेरिकी संविधान एक महत्वपूर्ण दस्तावेज है जो अमेरिकी संघीय संविधान व्यवस्था की नींव है। यह दस्तावेज अमेरिकी राष्ट्र के संविधानिक तंत्र को स्थापित करता है और राष्ट्र के नागरिकों के अधिकारों और कर्तव्यों को सुनिश्चित करता है।

अमेरिकी संविधान का प्रभाव अमेरिकी राजनीति पर गहरा है। यह संविधान नागरिकों के मौलिक अधिकारों को सुरक्षित करने के लिए है और सरकार की शक्ति को प्रतिबंधित करता है। यह भारतीय लोकतंत्र के लिए एक महत्वपूर्ण प्रेरणा स्रोत भी है।

अमेरिकी संविधान ने अमेरिकी राजनीति को कई प्रकार से प्रभावित किया है। इसने विभ"
339,डेमोक्रेटिक और रिपब्लिकन पार्टियों के बीच मुख्य अंतर,"अमेरिकी राजनीति में डेमोक्रेटिक और रिपब्लिकन पार्टियां दो प्रमुख दल हैं जो देश की राजनीति में महत्वपूर्ण भूमिका निभाती हैं। इन दोनों पार्टियों के बीच कई महत्वपूर्ण अंतर हैं।

पहला अंतर है विचारधारा। डेमोक्रेटिक पार्टी वामपंथी विचारधारा को अपनाती है, जबकि रिपब्लिकन पार्टी दक्षिणपंथी विचारधारा को प्राथमिकता देती है। डेमोक्रेट्स आम तौर पर सामाजिक न्याय, गरीबों के हित में सरकारी इंगेजमेंट, वातावरणीय मुद्दों पर जोर देते हैं, जबकि रिपब्लिकन्स व्यापार, निजी स्वतंत्रता, और व्यक्तिगत जिम्मेदारी पर ध्यान केंद"
341,अमेरिकी राजनीति में लॉबिंग और उसका प्रभाव,"लॉबिंग एक ऐसी प्रक्रिया है जिसमें व्यापारिक समूह या गैर सरकारी संगठन अथवा उनके प्रतिनिधियाँ सरकारी नीतियों, निर्णयों या कानूनों के पक्ष में प्रभाव डालने के लिए राजनीतिक नेताओं या नौकरशाहों से मिलते हैं। अमेरिकी राजनीति में लॉबिंग एक महत्वपूर्ण भूमिका निभाता है और इसका गहरा प्रभाव है।

लॉबिंग के माध्यम से व्यापारी समूह और गैर सरकारी संगठन नीतियों में परिवर्तन लाने का प्रयास करते हैं। इन समूहों के पास धन और संसाधन की भरमार होती है जिससे वे अपने हितों को प्राप्त करने के लिए राजनीतिक नेताओं को प्रेरित कर सकते हैं।

अम"
342,अमेरिकी मीडिया और राजनीति: निष्पक्षता बनाम ध्रुवीकरण,"अमेरिकी मीडिया और राजनीति के बीच निष्पक्षता और ध्रुवीकरण के मुद्दे एक लंबे समय से विवादित हैं। मीडिया का मुख्य कार्य है लोगों को समाचार और जानकारी पहुंचाना है, जबकि राजनीति का मुख्य उद्देश्य लोगों के हित में निर्णय लेना है।

निष्पक्षता का मतलब है समाचार को बिना पक्षपात और भ्रांति के प्रस्तुत करना, जबकि ध्रुवीकरण का मतलब है समाचार को एक पक्ष से दिखाना। अमेरिकी मीडिया को बार-बार इस मुद्दे पर विवादित किया गया है क्योंकि कई बार उन्हें ध्रुवीकरण का आरोप लगाया गया है।

मीडिया की निष्पक्षता अमेरिकी लोकतंत्र के लिए अ"
340,अमेरिका में गन कंट्रोल नीति पर बहस,"अमेरिका में गन कंट्रोल नीति एक विवादास्पद विषय है जिसपर बहस लगातार चल रही है। एक ओर वामपंथी दल यह मानते हैं कि गन कंट्रोल कानूनों की मजबूती से अमेरिका में हिंसा को कम किया जा सकता है, जबकि दूसरी ओर दक्षिणपंथी दल मानते हैं कि यह न्यायसंगतिपूर्ण अधिकार की उल्टी पलटी है।

गन कंट्रोल नीति के पक्ष में यह बात की जाती है कि गन कंट्रोल कानून लागू करके अवैध गन की खरीदारी और उपयोग को रोका जा सकता है। इससे अपराध और हिंसा में कमी आ सकती है और लोगों की सुरक्षा में सुधार हो सकता है।

विरोधी दल कहते हैं कि गन कंट्रोल कानून"
336,अमेरिका में मतदाता अधिकार और चुनाव सुधार,"अमेरिका में मतदाता अधिकार और चुनाव सुधार के महत्व को समझना जरूरी है। मतदान एक लोकतंत्रिक प्रक्रिया है जिसमें नागरिकों को अपने अधिकार का उपयोग करने का मौका मिलता है। अमेरिका में मतदाता अधिकार को सुनिश्चित करने के लिए कई कदम उठाए गए हैं। वहाँ चुनाव सुधार के कार्यक्रम के तहत विभिन्न राज्यों ने मतदाताओं के लिए नए और सुविधाजनक विकल्प जारी किए हैं। इनमें ऑनलाइन पंजीकरण, मतदान केंद्रों की वृद्धि, अच्छी तरह से जानकारी उपलब्ध कराना और मतदाताओं के लिए सुरक्षित विकल्प शामिल हैं।

चुनाव सुधार के माध्यम से मतदान की प्रक्रिया"
343,अमेरिकी सीनेट और हाउस ऑफ रिप्रेजेंटेटिव्स की भूमिका,"अमेरिकी संघीय संसद का एकमात्र दो भाग सीनेट और हाउस ऑफ रिप्रेजेंटेटिव्स है। सीनेट में प्रत्येक राज्य से दो सदस्य होते हैं जबकि हाउस ऑफ रिप्रेजेंटेटिव्स के सदस्यों की संख्या राज्य की आबादी के आधार पर तय की जाती है। 

सीनेट की भूमिका उसकी संसदीय प्रणाली के साथ संबंधित है। सीनेट की मुख्य उपाधि दो बातों पर आधारित है: पहला, सीनेट एक अद्वितीय राष्ट्रीय उच्च सभा है जिसका प्रमुख कार्य राष्ट्रीय मुद्दों पर विचार करना है। दूसरा, सीनेट को एक प्रभावशाली और समझदार संसदीय संरचना के रूप में मान्यता प्राप्त है।

हाउस ऑफ रिप्रेज"
344,अमेरिकी राष्ट्रपति चुनाव प्रणाली: एक विस्तृत विश्लेषण,"अमेरिका में राष्ट्रपति चुनाव प्रणाली एक अद्वितीय और जटिल प्रक्रिया है जिसमें लोगों की भावनाएं, संगठन, और विचारों को ध्यान में रखते हुए राष्ट्रपति का चयन किया जाता है। यह प्रक्रिया चार स्तरों पर होती है: प्राथमिक चुनाव, राज्यों के प्राथमिक, राष्ट्रीय संघीय, और अंतिम चुनाव।

प्राथमिक चुनाव में, प्रत्येक राज्य के नागरिक अपने राष्ट्रपति के लिए मतदान करते हैं। इसमें विभिन्न उम्मीदवारों द्वारा योगदान दिया गया होता है। यह चुनाव नवंबर के पहले मंगलवार को होता है। जिस उम्मीदवार को अधिकांश राज्यों से अधिकांश मत मिलते ह"
346,अमेरिकी संविधान और उसकी राजनीति पर प्रभाव,"अमेरिकी संविधान एक महत्वपूर्ण दस्तावेज है जिसे संयुक्त राज्य अमेरिका के संविधान सभी नागरिकों के अधिकारों और कर्तव्यों को सार्वजनिक रूप से परिभाषित करता है। इसका प्रभाव अमेरिकी राजनीतिक प्रणाली पर गहरा है और इसने दुनिया भर में लोकतंत्र के विकास में महत्वपूर्ण भूमिका निभाई है।

अमेरिकी संविधान ने नागरिकों को स्वतंत्रता, भागीदारी, न्याय और स्वतंत्रता के अधिकारों का स्पष्ट रूप से संरक्षित किया है। इसके द्वारा नागरिकों को अपने विचारों को व्यक्त करने, धर्म और सांस्कृतिक स्वतंत्रता का आनंद लेने और अपनी जीवनशैली को चुन"
345,अमेरिका में सुप्रीम कोर्ट की भूमिका और प्रभाव,"अमेरिका में सुप्रीम कोर्ट एक महत्वपूर्ण संस्था है जो न्यायिक प्रणाली को संचालित करती है और व्यक्तियों के अधिकारों की सुरक्षा करती है। यह संस्था संविधान की रक्षा करने और व्याख्यान करने का काम करती है, जिससे संविधान की उच्चतमता और व्यापकता सुनिश्चित होती है।

सुप्रीम कोर्ट का प्रभाव अमेरिकी समाज और राजनीति पर महत्वपूर्ण है। इसके फैसले देशवासियों के जीवन को सीधे प्रभावित कर सकते हैं। इसके फैसले व्यापक विषयों पर जैसे धार्मिकता, व्यापारिक गतिविधियां, और व्यक्तिगत स्वतंत्रता पर विचार करते हैं।

सुप्रीम कोर्ट के फैसले विवादित मुद"
347,अमेरिकी विदेश नीति: चीन और रूस के साथ संबंध,"अमेरिकी विदेश नीति में चीन और रूस के साथ संबंध विशेष महत्व रखते हैं। चीन और रूस दोनों भारत से अमेरिका के विदेश नीति में महत्वपूर्ण भूमिका निभाते हैं। चीन के साथ अमेरिका के संबंधों में व्यापार, सुरक्षा, और विकास के क्षेत्रों में सहयोग और विवाद दोनों हैं। चीन की तेजी से बढ़ती शक्ति ने अमेरिका को दुनिया की एक महत्वपूर्ण खिलाड़ी के रूप में देखने के लिए मजबूर किया है। दूसरी ओर, रूस के साथ अमेरिका के संबंध इतिहासिक रूप से तनावपूर्ण रहे हैं। दोनों देशों के बीच विभिन्न मुद्दों पर खासकर ईरान, उक्रेन, और साइबर ह"
348,अमेरिका में गन कंट्रोल नीति पर बहस,"अमेरिका में गन कंट्रोल नीति पर चर्चा बहुत दिलचस्प है क्योंकि यह एक महत्वपूर्ण विषय है जो सामाजिक, नैतिक और राजनीतिक मुद्दे को उठाता है। एक ओर, गुणसुधार कानूनों के पक्षधर हमेशा यह बोलते हैं कि यह लोगों की सुरक्षा को बढ़ावा देता है, जबकि दूसरी ओर धर्मांतरण और गलत हाथों में होने वाली हिंसा के कारणों के लिए नैतिक और सामाजिक उत्तरदायित्व से संबंधित लोग इसे बढ़ावा देते हैं।

अमेरिका में गुणसुधार कानूनों का विवाद है क्योंकि संविधान के द्वारा नागरिकों को हक है कि वे अपने आप को स्वयं सुरक्षित रख सकें। इसके"
350,अमेरिकी सीनेट और हाउस ऑफ रिप्रेजेंटेटिव्स की भूमिका,"अमेरिकी संघीय सरकार के दो अवश्यक अंग सीनेट और हाउस ऑफ रिप्रेजेंटेटिव्स की भूमिका महत्वपूर्ण है। सीनेट एक सदन है जिसमें प्रत्येक राज्य से दो सदस्य होते हैं, जो संघीय कानूनों के निर्माण में सहायक होते हैं। सीनेट के सदस्यों का कार्यकाल छह वर्ष का होता है और उन्हें छठे में स्थिति देने के लिए छठी सम्मति की आवश्यकता होती है।

हाउस ऑफ रिप्रेजेंटेटिव्स भी एक सदन है जिसमें सदस्यों की संख्या आधारित होती है। इन सदस्यों का चयन निर्वाचन के माध्यम से होता है और इनका कार्यकाल दो वर्ष का होता है। हाउस ऑफ रिप्रेजेंटेटिव्स लोकतंत"
351,अमेरिका में गन कंट्रोल नीति पर बहस,"अमेरिका में गन कंट्रोल एक बहुत ही विवादित और महत्वपूर्ण विषय है। एक ओर वहाँ कुछ लोग मानते हैं की गन्स होना एक अधिकार है और दूसरी ओर कुछ लोग इसे एक समस्या मानते हैं जो गुंडों और हिंसा को बढ़ावा देता है।

अमेरिका में गन कंट्रोल की नीतियों के पक्ष में यह देखने को मिलता है की गन्स की कारोबारी उत्पादन और बेचने का प्रणाली काफी ढेर है जिसके कारण गन्स आसानी से उपलब्ध हैं। इससे युवा और मानसिक अस्थिर लोगों को अधिक हिंसाशील बनने का खतरा हो सकता है।

विरोधी पक्ष कहते हैं की सख्त गन कंट्रोल नीतियाँ बनाने से मास्क किलिंग जैस"
352,अमेरिका में हेल्थकेयर नीति: ओबामाकेयर बनाम निजीकरण,"अमेरिका में हेल्थकेयर नीति एक बहुत ही महत्वपूर्ण और विवादास्पद विषय है। अमेरिका में हेल्थकेयर के क्षेत्र में ओबामाकेयर नीति और निजीकरण के मध्य में एक दिवसीय टकराव है।

ओबामाकेयर नीति, जिसे अफ़ोर्डेबल केयर एक्ट के रूप में भी जाना जाता है, एक प्रयास था जिसका उद्देश्य अमेरिका में सभी लोगों को सस्ते और उचित स्वास्थ्य सेवाएं प्रदान करना था। इस नीति के तहत, लोगों को स्वास्थ्य बीमा कवरेज की पहुंच मिलने का प्रयास किया गया।

विरोधियों का कहना है कि ओबामाकेयर नीति ने लोगों के लिए बीमा की कीमतों को उचित और सस्ते बनाने के"
349,अमेरिकी राष्ट्रपति चुनाव प्रणाली: एक विस्तृत विश्लेषण,"अमेरिकी राष्ट्रपति चुनाव प्रणाली एक व्यापक और भारतीय चुनाव प्रणालियों से भिन्न है। अमेरिका में राष्ट्रपति का चयन अत्यंत महत्वपूर्ण होता है और इसमें कई चरण होते हैं।

सबसे पहले, पार्टी द्वारा प्राथमिक चुनाव आयोजित होता है जिसमें पार्टी के उम्मीदवारों में से एक का चयन किया जाता है। इसके बाद, प्राथमिक चुनाव के विजेता को पार्टी की अध्यक्षता की ओर से पुष्टि कर दी जाती है।

उम्मीदवार को चुनावी अभियान चलाना होता है, जिसमें वे विभिन्न राज्यों में चुनावी सभाओं और मीटिंगों में भाग लेते हैं। इसके बाद, चुनावी मतदान दिन को"
353,अमेरिका की आर्थिक नीति और राजनीतिक विवाद,"अमेरिका एक विशालकाय देश है जिसकी आर्थिक नीति और राजनीतिक मामले वैश्विक स्तर पर महत्वपूर्ण हैं। अमेरिकी आर्थिक नीति का विकास और संरक्षण विभिन्न राष्ट्रीय और अंतर्राष्ट्रीय स्तरों पर होता है।

अमेरिका की आर्थिक नीति में ग्राहक और उत्पादकों के हित को महत्व दिया जाता है। राष्ट्रीय आर्थिक नीति उद्यमिता को बढ़ावा देने के लिए उत्पादकों के साथ सर्वसाधारण विकल्पों को बढ़ावा देती है।

राजनीतिक दृष्टिकोण से, अमेरिका में गोपनीयता, स्वतंत्रता, न्याय, और सामाजिक समानता पर ध्यान केंद्रित होता है। विभिन्न राजनीतिक दल और सम"
355,अमेरिका में अप्रवासन नीति और उसकी राजनीति,"अमेरिका में अप्रवासन नीति एक महत्वपूर्ण राजनीतिक मुद्दा है जिसने विभाजित विचारों को उत्पन्न किया है। अप्रवासन नीति का मुख्य उद्देश्य अमेरिका में अप्रवासियों को रोकना और उन्हें वापस भेजना है। इस नीति के पक्षापक्ष दोनों हैं। एक ओर अप्रवासन नीति के समर्थक यह मानते हैं कि इससे देश के अर्थव्यवस्था और सुरक्षा की रक्षा होती है। दूसरी ओर, विरोधक इसे मानवाधिकारों का उल्लंघन मानते हैं।

अमेरिका में अप्रवासन नीति का इतिहास लंबा है। जब अमेरिका की स्थापना हुई तो भूमि पर रहने वाले निवासियों को भी अप्रवासियों से बाहर क"
354,अमेरिका में अप्रवासन नीति और उसकी राजनीति,"अमेरिका में अप्रवासन नीति एक चरमपंथी मुद्दा है जिसने देश को विभाजित किया है। अप्रवासन नीति एक विवादास्पद विषय होने के साथ-साथ एक राजनीतिक चरमपंथी मुद्दा भी है। अमेरिका में अप्रवासन के पक्षधरों का मानना है कि देश में अधिक संख्या में अवैध अप्रवासी रह रहे हैं जिससे देश की सुरक्षा और अर्थव्यवस्था पर बुरा प्रभाव पड़ रहा है।

विपक्षियों का मानना है कि अप्रवासन नीति उनके लिए एक न्यायाधीशी और मानवीयता का परिचय है जो देश के लिए अत्यंत महत्वपूर्ण है। उनका कहना है कि अप्रवासन के नियमों को अधिक निरंतर बनाए रखने से"
357,अमेरिका में गन कंट्रोल नीति पर बहस,"अमेरिका में गन कंट्रोल नीति एक बहुत ही विवादास्पद विषय है जिसपर लोगों के विचार विभिन्न होते हैं। एक ओर वहाँ उन लोगों का विचार है कि गन कंट्रोल के नियमों को मजबूत किया जाना चाहिए ताकि अपराधों को रोका जा सके। दूसरी ओर लोग यह मानते हैं कि गन कंट्रोल के नियम स्वतंत्रता को कम करते हैं और सामाजिक सुरक्षा को खतरे में डाल सकते हैं।

अमेरिका में हाल ही में हुए कई गन घटनाओं ने गन कंट्रोल की मांग को मजबूत किया है। विभिन्न राज्यों में इस मुद्दे पर विवाद है और कुछ राज्यों ने अपने गन कंट्रोल कानूनों में संशोधन किया है। इसके बावज"
356,अमेरिका में नस्लीय न्याय और राजनीतिक सुधार,"अमेरिका में नस्लीय न्याय और राजनीतिक सुधार अब तक कई विवादों और चुनौतियों का सामना कर रहे हैं। अमेरिका का इतिहास नस्लीय भेदभाव और जातिवाद के कारणों से भरा हुआ है, और इसका परिणाम है कि नस्लीय असमानता और न्याय में अंतर बना रहा है।

अमेरिका में नस्लीय न्याय और राजनीतिक सुधार के मामले में कई कदम उठाए गए हैं, जैसे कि नस्लीय भेदभाव के खिलाफ कानूनी कार्रवाई, अलगाववाद के खिलाफ संघर्ष और समाज के अधिकारों की रक्षा। जिम क्रो ने 1964 में निग्रो सत्याग्रह के माध्यम से अमेरिकी समाज में नस्लीय भेदभाव के खिलाफ एक महत्वपूर्ण क"
358,अमेरिका में जलवायु परिवर्तन नीति और राजनीतिक प्रभाव,"अमेरिका में जलवायु परिवर्तन नीति और राजनीतिक प्रभाव के बारे में चर्चा दुनिया भर में चर्चा का विषय बन गई है। अमेरिकी संघीय सरकार ने जलवायु परिवर्तन के मुद्दे पर ध्यान केंद्रित करने के लिए कई नीतियों और कार्यक्रमों की शुरुआत की है।

अमेरिका ने पेरिस समझौते के अनुपालन के लिए कदम उठाए हैं और अपने उत्पादन से जुड़ी गैसों की निरीक्षण करने के लिए कदम उठाए हैं। इन नीतियों के लिए राजनीतिक समर्थन और विरोध दोनों हैं। जलवायु परिवर्तन को लेकर अमेरिकी राजनीति विभाजित है और विभिन्न दल इस मुद्दे पर अलग-अलग दृष्टिकोण"
359,अमेरिका में नस्लीय न्याय और राजनीतिक सुधार,"अमेरिका में नस्लीय न्याय और राजनीतिक सुधार के मामले में देश का इतिहास उदाहरणों से भरा हुआ है। नस्लीय भेदभाव के खिलाफ लड़ाई अमेरिका के विकास में महत्वपूर्ण भूमिका निभाई है। गोरा–काला विवाद, सिविल अधिकारों आंदोलन, और ड्रीम एक्ट जैसे कानूनी कदमों ने नस्लीय समानता की दिशा में कदम उठाए हैं।

राजनीतिक दलों ने भी नस्लीय न्याय को बढ़ावा दिया है। अमेरिकी राजनीति में अब नस्लीय समानता को लेकर एक सकारात्मक चरण आया है। नस्लीय न्याय के मुद्दों पर वार्ता होने लगी है और विभिन्न राजनीतिक दल इसे अपनी आगेम"
360,अमेरिका की आर्थिक नीति और राजनीतिक विवाद,"अमेरिका की आर्थिक नीति और राजनीतिक विवाद एक महत्वपूर्ण और उच्च विवादास्पद विषय है। अमेरिका एक विशाल और विस्तृत अर्थव्यवस्था वाला देश है जिसकी नीतियों का प्रभाव पूरे विश्व पर होता है।

अमेरिका में आर्थिक नीति का सबसे महत्वपूर्ण सिद्धांत है उदारवाद और मुक्त बाजार का प्रचलन। इसका मतलब है कि सरकार कम हस्तक्षेप करती है और बाजार को आजादी देती है कि वह अपने निर्माण करने के लिए स्वतंत्र रूप से निर्णय ले सके।

राजनीतिक विवाद का मुद्दा अक्सर यहाँ पर उठता है कि कितना उदारवादी और कितना सरकारी हस्तक्षेप होना चाहिए। देश के"
363,अमेरिका में हेल्थकेयर नीति: ओबामाकेयर बनाम निजीकरण,"अमेरिका में हेल्थकेयर नीति एक बहुत अहम मुद्दा है जो समाज में गहरा प्रभाव डालता है। इसके बारे में आजकल दो बड़े चरण हैं - पहला, ओबामाकेयर योजना और दूसरा, हेल्थकेयर का निजीकरण।

ओबामाकेयर अधिनियम 2010 में लागू हुआ था और इसमें यह निर्धारित किया गया था कि सभी अमेरिकी नागरिकों को हेल्थ इंश्योरेंस कवरेज होनी चाहिए। यह योजना गरीब, अयोध्या और बीमार लोगों के लिए बहुत फायदेमंद साबित हुई है, लेकिन कुछ लोगों ने इसे अनुपालन का विवाद किया है।

वहीं, हेल्थकेयर का निजीकरण के अनुसार, यह कहा जाता है कि व्यक्तिगत औ"
361,अमेरिका में जलवायु परिवर्तन नीति और राजनीतिक प्रभाव,"अमेरिका में जलवायु परिवर्तन नीति और राजनीतिक प्रभाव
अमेरिका एक विशालकाय देश है जिसमें जलवायु परिवर्तन एक महत्वपूर्ण विषय है। नवीनतम रिसर्च के अनुसार, जलवायु परिवर्तन के कारण धरती का तापमान बढ़ रहा है और इससे जलवायु परिवर्तन के कई प्रभाव दिखाई दे रहे हैं। अमेरिका ने भी जलवायु परिवर्तन को गंभीरता से लेकर, कई नीतियां और कदम उठाए हैं।

अमेरिका में जलवायु परिवर्तन के खिलाफ नीतियों के लिए राजनीतिक समर्थन और विरोध दोनों पाए जाते हैं। एक ओर, कुछ राजनेता इसे एक महत्वपूर्ण मुद्दा मानते हैं और इस पर ध्यान कें"
362,डेमोक्रेटिक और रिपब्लिकन पार्टियों के बीच मुख्य अंतर,"अमेरिकी राजनीति में डेमोक्रेटिक और रिपब्लिकन पार्टियां दो प्रमुख राजनीतिक दल हैं जो व्यापक रूप से अपने विचारों और नीतियों के लिए जाने जाते हैं। ये दोनों पार्टियां अपने विचारों, मूल्यों और उद्देश्यों में अंतर करती हैं।

डेमोक्रेटिक पार्टी वामपंथी धारावाहिकता का प्रतिष्ठान है, जो समाजवादी, प्रगतिशील और व्यावसायिक नीतियों का समर्थन करती है। यह पार्टी आम लोगों, किसानों, श्रमिकों, अवर्गीय वर्गों और अल्पसंख्यक समुदायों के हित में कई कार्यक्रम चलाती है। डेमोक्रेटिक पार्टी आम तौर पर विदेशनीति में सहानुभूति, पर्यावरण के"
364,अमेरिकी संविधान और उसकी राजनीति पर प्रभाव,"अमेरिकी संविधान एक ऐतिहासिक दस्तावेज है जो संयुक्त राज्य अमेरिका की संविधानिक व्यवस्था का मूल आधार है। यह एक व्यवस्था स्थापित करता है जिसमें सरकार की शक्तियों को विभाजित किया गया है और नागरिकों के मौलिक अधिकारों की रक्षा की गई है। अमेरिकी संविधान का प्रभाव उसकी राजनीति पर गहरा है और इसने देश के राजनीतिक और सामाजिक विकास में महत्वपूर्ण भूमिका निभाई है।

अमेरिकी संविधान ने विभिन्न राजनीतिक तंत्रों को प्रभावित किया है, जैसे कि संप्रभुता, समानता, और स्वतंत्रता। यहाँ तक कि यह देश में एक सजीव लोकतंत्र की स्थापना की गई"
365,अमेरिका में सुप्रीम कोर्ट की भूमिका और प्रभाव,"सुप्रीम कोर्ट अमेरिका की सबसे ऊँची न्यायिक अदालत है जिसकी प्रमुख भूमिका न्याय की सुरक्षा और न्याय को सुनिश्चित करना है। यह कोर्ट राष्ट्रीय स्तर पर अहम न्यायिक मामलों का निर्णय करती है और संविधान के मानकों का पालन करती है। सुप्रीम कोर्ट के न्यायाधीशों की संख्या 9 होती है और उन्हें प्रेसिडेंट की मंजूरी से नियुक्त किया जाता है।

सुप्रीम कोर्ट की यह भूमिका उसे राष्ट्रीय स्तर पर न्यायिक शक्ति का स्तर बनाती है। इसके निर्णय दूसरी न्यायिक अदालतों और संस्थाओं के लिए मार्गदर्शन का कार्य करते हैं। सुप्रीम कोर्ट के निर्णय अमेरिकी समाज के"
367,अमेरिकी मीडिया और राजनीति: निष्पक्षता बनाम ध्रुवीकरण,"अमेरिका में मीडिया और राजनीति के बीच निष्पक्षता और ध्रुवीकरण के मुद्दे बहुत चर्चित हैं। मीडिया की भूमिका राजनीति को सार्वजनिक रूप से समझाने में महत्वपूर्ण है, लेकिन यह भी आमतौर पर निष्पक्षता और व्यक्तिगत धारणाओं का प्रभाव देने का खतरा उठा सकता है।

अमेरिकी मीडिया के विभिन्न स्रोतों की ध्रुवीकरण का एक उदाहरण है फेक न्यूज़ और डिजिटल प्लेटफॉर्मों के विपरीत संप्रेषण। यह चुनावों और अन्य राजनीतिक घटनाओं पर नकली समाचार और असत्य कथानक का प्रसारण कर सकता है, जिससे लोगों में गलत धारणाएँ पैदा हो सकती हैं।

इसक"
366,अमेरिका की आर्थिक नीति और राजनीतिक विवाद,"अमेरिका की आर्थिक नीति और राजनीतिक विवाद एक बहुत महत्वपूर्ण और चरमपंथी विषय है। अमेरिका एक विशाल और उदार अर्थव्यवस्था वाला देश है जिसकी नीतियों और निर्णयों का विश्व में गहरा प्रभाव होता है।

अमेरिका में आर्थिक नीति की विवादित मुद्दों में से एक बड़ा मुद्दा है व्यापारिक या व्यक्तिगत कर दरों का संशोधन। इस पर रिपब्लिकन और डेमोक्रेट पक्ष बहुत अलग-अलग दृष्टिकोण रखते हैं। रिपब्लिकन पक्ष अक्सर कम कर दरों का समर्थन करता है क्योंकि उनका मानना है कि इससे व्यवसाय बढ़ेगा और आर्थिक विकास होगा। वहीं, डेमो"
368,अमेरिका में मतदाता अधिकार और चुनाव सुधार,"अमेरिका में मतदाता अधिकार और चुनाव सुधार, दोनों ही महत्वपूर्ण विषय हैं। मतदाता अधिकार का मतलब है कि हर नागरिक को चुनाव में भाग लेने का अधिकार होता है, और उसे इस अधिकार का पूरा लाभ उठाने का मौका मिलना चाहिए। अमेरिका में मतदान का प्रक्रियाकरण सख्त है और मतदान करने के लिए व्यक्ति को अपनी पहचान पुष्टि करने के लिए वैध पहचान पत्र की आवश्यकता होती है।

चुनाव सुधार भी अमेरिकी राजनीति में महत्वपूर्ण भूमिका निभाता है। इसका मुख्य उद्देश्य यह है कि चुनाव प्रक्रिया में पारदर्शिता, स्वतंत्रता और न्याय को बनाए रखना। चुनाव सु"
370,अमेरिका में गन कंट्रोल नीति पर बहस,"अमेरिका में गन कंट्रोल एक बहुत चर्चित विषय है। यहाँ पर गन कंट्रोल के पक्ष और विरोध में समर्थन करने वाले दोनों पक्षों के विचार दिए जा रहे हैं।

गन कंट्रोल के पक्ष में, विश्वसनीय तथ्य यह है कि अमेरिका में गन दुरुपयोग से होने वाली हिंसा और हत्याएं कम हो सकती हैं। गन कंट्रोल कानूनों से अवैध गन की खरीद और प्रयोग को रोका जा सकता है। इससे सामाजिक सुरक्षा में सुधार हो सकता है और भविष्य में हिंसा कम हो सकती है।

विरोधी पक्ष का कहना है कि गन कंट्रोल से केवल कानून-मानने लोगों को प्रभावित करेगा, जबकि अपराधी तत्व अवैध तरीके से गन प्राप"
369,अमेरिकी संविधान और उसकी राजनीति पर प्रभाव,"अमेरिकी संविधान एक महत्वपूर्ण दस्तावेज है जिसने अमेरिकी राजनीति को एक विशेष दिशा दी है। यह एक संविधानिक दस्तावेज होने के साथ-साथ एक शक्तिशाली राजनीतिक उपकरण भी है जिसके माध्यम से अमेरिकी समाज को संचालित किया जाता है।

अमेरिकी संविधान का प्रमुख लक्ष्य सामाजिक न्याय, स्वतंत्रता, और समानता को सुनिश्चित करना है। इसके माध्यम से नागरिकों को अपने अधिकारों और कर्तव्यों के प्रति जागरूक किया जाता है। इसके साथ ही संविधान राष्ट्र की विभिन्न संस्थाओं के बीच संतुलन और संगठन को भी सुनिश्चित करता है।

अमेरिकी संविधान के प्रमुख प्रावधानों"
372,अमेरिकी सीनेट और हाउस ऑफ रिप्रेजेंटेटिव्स की भूमिका,"अमेरिकी संघीय सरकार के तीन प्रमुख अंगों में से एक अमेरिकी सीनेट और दूसरा हाउस ऑफ रिप्रेजेंटेटिव्स है। ये दोनों कमरों अमेरिकी कांग्रेस के सदस्यों द्वारा निर्वाचित किए जाते हैं और अमेरिकी संघीय सरकार की नीतियों और कानूनों को तैयार करने में महत्वपूर्ण भूमिका निभाते हैं।

अमेरिकी सीनेट का सदस्यीय अर्थात सेनेटर की संख्या प्रत्येक राज्य से दो प्रति राज्य होती है। जिसका मतलब कि कुल 100 सेनेटर होते हैं। सीनेटर का कार्यकाल 6 वर्ष का होता है और उन्हें तीन टियर की चुनौतियों का सामना करना पड़ता है। सीनेट के सेनेटरों का मुख्य कार्य नये"
371,अमेरिका की आर्थिक नीति और राजनीतिक विवाद,"अमेरिका की आर्थिक नीति और राजनीतिक विवाद विश्व के सबसे बड़े राष्ट्रों में से एक के रूप में लोकप्रिय है। अमेरिकी आर्थिक नीति को लेकर कई विवाद हैं, जिनमें सरकारी खर्च, कर, व्यापार और विदेशी नीतियों के मुद्दे शामिल हैं।

अमेरिकी आर्थिक नीति का एक मुख्य विवाद उसका कर नीति है। कुछ लोग समाज के निर्धन वर्गों के लिए कर कम करने की मांग करते हैं, जबकि दूसरी ओर कुछ लोग कर दरों को कम करने से अर्थव्यवस्था को प्रभावित होने की चिंता करते हैं।

राजनीतिक विवादों में भी अमेरिका की आर्थिक नीति एक महत्वपूर्ण भूमिका निभाती है। दोनों पक"
373,अमेरिका में नस्लीय न्याय और राजनीतिक सुधार,"अमेरिका एक देश है जिसमें नस्लीय न्याय और राजनीतिक सुधार के मामले में अभी भी काम करने की आवश्यकता है। अमेरिकी समाज में नस्लीय भेदभाव कई समस्याओं का कारण बनता है, जैसे जॉर्ज फ्लॉयड के मामले में देखा गया कि निर्दोष लोगों के साथ नासमझी या अन्याय हो सकता है। इसके लिए, न्यायिक प्रणाली में सुधार करने की आवश्यकता है ताकि सभी लोगों को समान न्याय मिल सके।

राजनीतिक सुधार के मामले में भी, अमेरिका में अभी भी कई क्षेत्रों में सुधार की जरूरत है। विभिन्न राजनीतिक पार्टियों के बीच विचारधारा और दृष्टिकोण के विभिन्नताओं स"
374,अमेरिकी राष्ट्रपति चुनाव प्रणाली: एक विस्तृत विश्लेषण,"अमेरिका में राष्ट्रपति का चयन एक व्यापक और गंभीर प्रक्रिया है जिसे संविधान द्वारा निर्धारित किया गया है। अमेरिकी राष्ट्रपति चुनाव प्रणाली एक संघीय प्रक्रिया है जिसमें नागरिकों को अपने नेता का चयन करने का मौका मिलता है।

प्रारंभ में, प्रत्येक राज्य में एक संगठित विधान सभा के माध्यम से चुनाव होते हैं, जिन्हें राष्ट्रपति के चयन के लिए मतदान करने का अधिकार होता है। यहाँ एक विशेष तकनीक है कि उनका मतदान किस उम्मीदवार के लिए होगा। इसके बाद एक चयनकर्ता मंडल, जिसे इलेक्टोरल कॉलेज कहा जाता है, राष्ट्रपति का चयन करता है। इस मं"
375,अमेरिकी राजनीति में लॉबिंग और उसका प्रभाव,"लॉबिंग अमेरिकी राजनीति में एक महत्वपूर्ण भूमिका निभाता है और इसका असर सामान्य जनता तक पहुंचता है। लॉबिंग एक प्रक्रिया है जिसमें व्यापक संगठन, उद्योग व्यक्ति या समूह द्वारा सरकारी नीतियों और निर्णयों पर प्रभाव डालने के लिए किया जाता है। यह अमेरिकी राजनीति में बहुत बड़ा व्यवसाय है और इसका असर सबसे अधिक कांग्रेस और सरकारी विभागों पर होता है।

लॉबिंग का मुख्य उद्देश्य सरकारी नीतियों को अपने हित में बदलना होता है। यहाँ तक कि लॉबिस्ट नए कानून पास करने में सहायता भी करते हैं। इसके लिए वे राजनेताओं का समर"
376,अमेरिका में जलवायु परिवर्तन नीति और राजनीतिक प्रभाव,"अमेरिका में जलवायु परिवर्तन एक गंभीर चुनौती है और इसके लिए नीतियों और राजनीतिक उत्तर की आवश्यकता है। अमेरिका ने पारिस समझौते को समर्थन देते हुए जलवायु परिवर्तन के खिलाफ कार्रवाई की दिशा में कदम उठाए हैं। इसके लिए अमेरिकी सरकार ने कई नीतियां और कार्यक्रम शुरू किए हैं।

अमेरिकी सरकार ने 2015 में पारिस समझौते में शामिल होने का वादा किया था, जिसके तहत उन्हें अपनी उर्जा उत्पादन को 2030 तक 26-28% घटाने का लक्ष्य था। इसके अलावा, अमेरिकी सरकार ने प्रदूषण को कम करने और जलवायु परिवर्तन के लिए नई तकनीकों और उपायों को बढ़"
377,अमेरिकी राष्ट्रपति चुनाव प्रणाली: एक विस्तृत विश्लेषण,"अमेरिका में राष्ट्रपति का चयन एक व्यापक प्रक्रिया है, जिसमें लोगों की भागीदारी का महत्वपूर्ण स्थान है। अमेरिकी राष्ट्रपति का चयन 4 साल में एक बार होता है और यह विशेष रूप से दो पार्टियों के बीच होता है - डेमोक्रेट और रिपब्लिकन। इस प्रक्रिया में कई चरण होते हैं, जैसे प्राथमिक चुनाव, राष्ट्रीय समारोह और चुनाव मतदान।

पहले चरण में विभिन्न राज्यों में प्राथमिक चुनाव होते हैं, जिसमें उम्मीदवारों के लिए चुनाव होते हैं और वहाँ से जीतने वाले उम्मीदवारों को दल द्वारा चुना जाता है। उन्हें पार्टी के संगठन और समर्थन के आधार पर चु"
379,अमेरिकी संविधान और उसकी राजनीति पर प्रभाव,"अमेरिकी संविधान एक महत्वपूर्ण दस्तावेज है जो संयुक्त राज्य अमेरिका की आधारशिला है। यह संविधान न केवल अमेरिकी राजनीति को विनियमित करता है, बल्कि उसके नागरिकों को अपने अधिकारों की रक्षा और सुरक्षा भी देता है।

अमेरिकी संविधान ने अमेरिकी राजनीति पर गहरा प्रभाव डाला है। इसमें स्वतंत्रता, समानता और न्याय के मूल्यों को प्रोत्साहित किया गया है। संविधान ने विभिन्न संस्थाओं को विभाजित किया है जैसे कि कांग्रेस, न्यायपालिका और कार्यपालिका। इन संस्थाओं के बीच संतुलन के बिना कोई एकता संभव नहीं है।

संविधान ने अमेरिकी समाज"
380,अमेरिका में नस्लीय न्याय और राजनीतिक सुधार,"अमेरिका में नस्लीय न्याय और राजनीतिक सुधार एक लंबी इतिहासिक प्रक्रिया है जो समाज में समानता और न्याय को प्रोत्साहित करने की दिशा में है। नस्लीय न्याय के मामले में, अमेरिका ने कई कठिनाइयों का सामना किया है, लेकिन धीरे-धीरे उसने समानता की दिशा में कदम बढ़ाया है।

राजनीतिक सुधार के मामले में, अमेरिका ने नस्लीय समानता पर ध्यान केंद्रित किया है। सिविल राइट्स अधिनियम, वोटिंग राइट्स अधिनियम, और अन्य कई कानूनों के माध्यम से नस्लीय न्याय को बढ़ावा दिया गया है। इन कानूनों ने नस्लीय भेदभाव को कम करने और समानता को प्रोत्स"
378,अमेरिका में जलवायु परिवर्तन नीति और राजनीतिक प्रभाव,"अमेरिका में जलवायु परिवर्तन नीति और राजनीतिक प्रभाव

अमेरिका एक ऐसा देश है जहाँ जलवायु परिवर्तन ने व्यापक धाराओं में चरम स्तर तक पहुंचा है और इसके असर को लेकर राजनीतिक वाद भी तेजी से बढ़ रहा है। अमेरिका ने पैरिस समझौते को समर्थन दिया है और जलवायु परिवर्तन के खिलाफ कड़ी कार्रवाई की ज़रूरत को स्वीकार किया है।

जलवायु परिवर्तन के मुद्दे ने अमेरिकी राजनीति में एक नया चेहरा दिखाया है, जिसमें यहाँ तक कि यह मुद्दा 2020 के राष्ट्रपति चुनावों के एक महत्वपूर्ण विषय बन गया था। राष्ट्रपति जो बाइडेन ने जलवायु परिवर्त"
381,अमेरिकी मीडिया और राजनीति: निष्पक्षता बनाम ध्रुवीकरण,"अमेरिकी मीडिया और राजनीति के बीच निष्पक्षता और ध्रुवीकरण का मुद्दा हमेशा समाज की चर्चा का विषय रहा है। एकतरफ, मीडिया की उद्देश्य निष्पक्ष होना चाहिए, ताकि लोग सही जानकारी प्राप्त कर सकें और राजनीतिक निर्णय लेने में सक्षम हों। दूसरी ओर, ध्रुवीकरण भी मीडिया की एक समस्या है, जिसमें वे एक पक्षपाती या अधिकांश दृष्टिकोण को प्रमुखता देते हैं।

आजकल, अमेरिकी मीडिया में निष्पक्षता की कमी दिखाई देने लगी है। चुनावी मुद्दों पर रिपोर्टिंग में पक्षपात दिखाई देता है, जिससे लोगों में गलत धारणाएं पैदा होती हैं। समाच"
382,अमेरिका की आर्थिक नीति और राजनीतिक विवाद,"अमेरिका एक विशालकाय देश है जिसकी आर्थिक नीति और राजनीतिक मामले पूरी दुनिया में महत्वपूर्ण हैं। वर्तमान में, अमेरिका में आर्थिक विवाद और राजनीतिक विचारधारा में कई मुद्दे हैं।

एक बड़ा मुद्दा है अमेरिका की व्यापारिक नीति। अमेरिका ने अपने व्यापारिक संबंधों में अन्य देशों के साथ तरक्की और सुरक्षा के लिए कई नए नीतियां लागू की हैं। इसके साथ ही, अमेरिका के अंतरराष्ट्रीय व्यापार के नियमों और उसके टारिफ की विवादित विवाद भी हैं।

दूसरी ओर, अमेरिका में आर्थिक असमानता और विभाजन भी एक बड़ा मुद्दा है। धन के संग्र"
385,अमेरिकी विदेश नीति: चीन और रूस के साथ संबंध,"अमेरिकी विदेश नीति एक महत्वपूर्ण गहराई से विचार करने योग्य विषय है, खासकर वर्तमान समय में चीन और रूस के साथ उसके संबंधों को देखते हुए। अमेरिका के संबंध चीन और रूस के साथ तीनों देशों के बीच गहराई से प्रभावित हैं।

चीन के साथ अमेरिका के संबंधों में आर्थिक, रक्षा और राजनीतिक क्षेत्रों में उभरती चुनौतियों का सामना है। दोनों देशों के बीच व्यापार और वित्तीय संबंध महत्वपूर्ण हैं, लेकिन चीन की वृद्धि और राष्ट्रीय सुरक्षा की चुनौतियों के कारण दोनों देशों के बीच तनाव बना रहता है।

रूस के साथ भी अमेरिका के संबंध"
383,अमेरिका की आर्थिक नीति और राजनीतिक विवाद,"अमेरिका की आर्थिक नीति और राजनीतिक विवाद दुनिया भर के लोगों के लिए महत्वपूर्ण है। अमेरिकी आर्थिक नीति का प्रमुख लक्ष्य वृद्धि, रोजगार और सामरिक स्थिरता को बढ़ावा देना है। विभिन्न धाराओं में विचारधाराओं के कारण, अमेरिकी आर्थिक नीति पर राजनीतिक विवाद उत्पन्न होता है।

एक ओर, एक धारा कहती है कि मानव संसाधनों को संरक्षित करना चाहिए, जबकि दूसरी धारा कहती है कि व्यापारिक स्वतंत्रता और निजी निवेश को बढ़ावा देना चाहिए। इस विवाद के परिणामस्वरूप, कई मुद्दे उत्पन्न होते हैं, जैसे कर, व्यापारिक नियम, नौकरी के अव"
386,अमेरिका में जलवायु परिवर्तन नीति और राजनीतिक प्रभाव,"अमेरिका में जलवायु परिवर्तन नीति एक महत्वपूर्ण और चरमपंथी विषय है जिसपर राजनीतिक संगठनों का गहरा प्रभाव पड़ता है। अमेरिकी राजनीति में जलवायु परिवर्तन को गंभीरता से लिया जा रहा है, खासकर जब विश्वभर में जलवायु परिवर्तन के प्रभाव महसूस हो रहे हैं।

अमेरिकी राजनीति में जलवायु परिवर्तन के लिए नीतियों को बनाने और संजालित करने के लिए कई संगठन हैं, जैसे कि जलवायु परिवर्तन संबंधी संगठन (Climate Change Organization) और पर्यावरण कार्य मंत्रालय (Environmental Protection Agency)। जलवायु परिवर्तन के प्रभाव से निपटने के लिए अमेरिकी सरकार ने कई नीतियाँ और कार्यक्रम शुरू क"
387,अमेरिका में जलवायु परिवर्तन नीति और राजनीतिक प्रभाव,"अमेरिका में जलवायु परिवर्तन नीति एक महत्वपूर्ण और विवादास्पद विषय है। जलवायु परिवर्तन से आज के समय में गहरे प्रभाव हो रहे हैं और इसका सामाजिक, आर्थिक, राजनीतिक, और पर्यावरणीय परिणाम होते हैं।

अमेरिका में पिछले कुछ दशकों में जलवायु परिवर्तन के मुद्दे में उच्च स्तर की जागरूकता बढ़ी है। राष्ट्रीय स्तर पर, अमेरिका ने पेरिस समझौते को समर्थन दिया है और अपने ऊर्जा उत्पादन को पर्यावरण के मानकों के अनुसार सुधारने की कई पहलूओं पर काम किया है।

जलवायु परिवर्तन के सम्बन्ध में अमेरिका में विभिन्न राजनीतिक समूह हैं जो इस मुद"
388,अमेरिकी विदेश नीति: चीन और रूस के साथ संबंध,"अमेरिकी विदेश नीति का एक महत्वपूर्ण पहलू चीन और रूस के साथ संबंध है। चीन व रूस दोनों अमेरिका के विदेश नीति के लिए महत्वपूर्ण खिलाड़ी हैं।

चीन के साथ अमेरिका के संबंध मिशन नीति, और व्यापार में एक प्रमुख विषय है। दोनों देशों के बीच व्यापारी संबंध महत्वपूर्ण है और इसका सीमा-सेतु भूमिका निभाता है। चीन के साथ विकास और व्यापारी संबंध तेजी से बढ़ रहे हैं और इसे अमेरिकी विदेश नीति में महत्वपूर्ण स्थान दिया जाता है।

इसके साथ ही, रूस के साथ भी अमेरिका के संबंध महत्वपूर्ण हैं। दोनों देशों के बीच रक्षा और सु"
384,अमेरिकी राजनीति में लॉबिंग और उसका प्रभाव,"लॉबिंग एक प्रक्रिया है जिसमें व्यापारिक समूह या व्यक्ति सरकारी नीतियों और निर्णयों पर अपनी रुचियां प्रभावित करने के लिए प्रयास करते हैं। अमेरिकी राजनीति में लॉबिंग का बहुत बड़ा प्रभाव है। यहाँ लॉबिस्ट्स विभिन्न क्षेत्रों से आकर्षित होकर अपने हितों की रक्षा करने के लिए काम करते हैं।

लॉबिंग के उदाहरणों में कॉर्पोरेट लॉबिंग, एनजीओ लॉबिंग, व्यापार समूहों का लॉबिंग, गैर-लाभकारी संगठनों का लॉबिंग आदि शामिल है। ये संगठन सांसदों और निर्णायक अधिकारियों से मिलकर नीतियों पर अपना प्रभाव डालने का प्रय"
389,अमेरिका में सुप्रीम कोर्ट की भूमिका और प्रभाव,"सुप्रीम कोर्ट अमेरिका का सर्वोच्च न्यायिक संस्थान है जिसे संविधान ने स्थापित किया है। यह कोर्ट संविधान की व्याख्या और उसके अनुसार न्याय देने का दायित्व निभाती है। सुप्रीम कोर्ट का मुख्य कार्य यह है कि वह संविधान के मानदंडों के अनुसार निर्णय देती है और व्याख्या करती है। 

सुप्रीम कोर्ट की एक महत्वपूर्ण भूमिका यह है कि यह किसी भी प्रश्न पर अंतिम निर्णय देती है और उसे देश भर में लागू किया जाता है। यह कोर्ट अमेरिकी समाज के विभिन्न मुद्दों पर निर्णय देने के लिए अहम रूप से उत्तरदायी है, जैसे कि धार्मिक स्वतंत्रता, नागरिक अध"
390,अमेरिका में नस्लीय न्याय और राजनीतिक सुधार,"अमेरिका में नस्लीय न्याय और राजनीतिक सुधार महत्वपूर्ण विषय हैं जिनका चर्चा व्यापक रूप से हो रहा है। नस्लीय न्याय की चरम स्वतंत्रता से पहले, अमेरिका में अधिकांश क्षेत्रों में निषेध था। इसके बावजूद, संविधान ने सभी नागरिकों को बराबरी का हक देने का उद्देश्य रखा है। इस उद्देश्य को पूरा करने के लिए, कई कदम उठाए गए हैं।

नस्लीय न्याय की दिशा में प्रमुख सुधारों में समान वेतन, शिक्षा की पहुंच, नौकरी के अवसरों में नस्लीय समानता और नस्लीय भेदभाव के खिलाफ कठोर कानून। विभिन्न अधिकारी और संगठनों ने इन मुद्दों पर"
391,अमेरिका में मतदाता अधिकार और चुनाव सुधार,"अमेरिका में मतदाता अधिकार और चुनाव सुधार दो बहुत महत्वपूर्ण विषय हैं जो लोकतंत्र के स्वास्थ्य और सुदृढ़ता के लिए अत्यंत महत्वपूर्ण हैं। इन अवधारणाओं के माध्यम से सुनिश्चित किया जाता है कि हर नागरिक को उचित मतदान करने का अधिकार है और कोई भी विवाद या विफलता के मामले में उनका विधिक मार्ग सुरक्षित रूप से सुरक्षित हो।

मतदान अधिकार सुनिश्चित करने के लिए अमेरिका में कई चुनाव सुधार कदम उठाए गए हैं। इनमें सबसे महत्वपूर्ण चिह्न व्यक्तिगत पहचान के लिए पहचान-पत्र की आवश्यकता है, जिससे गलत उपयोग या धांधली का खतरा कम"
392,अमेरिका में जलवायु परिवर्तन नीति और राजनीतिक प्रभाव,"अमेरिका में जलवायु परिवर्तन एक महत्वपूर्ण विषय है जिस पर नीतियां और राजनीतिक निर्णय भी अत्यधिक प्रभाव डालते हैं। अमेरिका एक विकसित देश है जिसमें जलवायु परिवर्तन के कारण और प्रभाव को समझने के लिए विशेषज्ञ गणराज्यीय संस्थानों और सरकारी विभागों द्वारा अनुसंधान किया जाता है।

अमेरिका में जलवायु परिवर्तन के लिए नीति निर्धारित करने में कई राजनीतिक विचारधाराएं और पार्टियों की भूमिका है। ज्यादातर लोग अब तक जलवायु परिवर्तन को मान्यता देने में सहमत हैं लेकिन कुछ विचारधाराएं इसे मान्यता नहीं देती हैं। दलित पार"
394,अमेरिका में गन कंट्रोल नीति पर बहस,"गन कंट्रोल एक विवादास्पद और चर्चित विषय है, विशेषकर अमेरिका में। दुनिया भर में अमेरिका में हर साल हजारों लोग गन वायलेंस की वजह से मर जाते हैं। इसलिए, कुछ लोग कहते हैं कि अमेरिका को गन कंट्रोल कानूनों को मजबूत करने की आवश्यकता है। वे मानते हैं कि सख्त गन कंट्रोल कानून बनाने से गन वायलेंस को कम किया जा सकता है।

विपक्षी दल कहते हैं कि गन कंट्रोल कानूनों का कोई असर नहीं होता, क्योंकि अपराधियों को हमेशा तरीके निकालने में माहिर होते हैं। उनका मानना है कि लोगों को स्वतंत्रता देनी चाहिए कि वे अपनी सुरक्षा के लिए खुद गन धारण कर स"
393,अमेरिकी विदेश नीति: चीन और रूस के साथ संबंध,"अमेरिकी विदेश नीति एक महत्वपूर्ण विषय है जिसमें भारत के लिए भी गहरा महत्व है। विशेषकर चीन और रूस के साथ अमेरिकी संबंधों का विश्लेषण करते हुए देखा जाए, तो यह बहुत महत्वपूर्ण है।

चीन के साथ अमेरिका के संबंध विपक्षी हो रहे हैं। दोनों देशों के बीच व्यापार और रक्षा क्षेत्र में विवाद है। अमेरिका चीन के उत्पादों के ऊपर टैरिफ लगाने की नीति अपना रहा है। दूसरी ओर, चीन ने भी अमेरिका के उत्पादों पर सामरिक उत्तरदायित्व बढ़ा रखा है। यह विवाद दोनों देशों के बीच तनाव की स्थिति बना रहता है।

रूस के साथ अमेरिका के सं"
395,अमेरिका में अप्रवासन नीति और उसकी राजनीति,"अमेरिका में अप्रवासन नीति एक महत्वपूर्ण राजनीतिक मुद्दा है जिसपर विभिन्न स्तरों पर चर्चा होती रहती है। अप्रवासन नीति का मुख्य उद्देश्य देश की सीमाओं को सुरक्षित रखना है और अनाधिकृत प्रवासन को रोकना है। इसके लिए विभिन्न कदम उठाए जाते हैं जैसे इम्मीग्रेशन कंट्रोल, बॉर्डर सिक्योरिटी, और वीजा नियमों का पालन।

अमेरिका में अप्रवासन नीति का इतिहास व्यापक है। देश के संबंधित विभाग और एजेंसियों ने इसे समय-समय पर संशोधित किया है ताकि वे अप्रवासन के खिलाफ नवीनतम तकनीकों का उपयोग कर सकें। अमेरिका ने अप्रवासन के ख"
396,अमेरिका में सुप्रीम कोर्ट की भूमिका और प्रभाव,"सुप्रीम कोर्ट अमेरिका का सर्वोच्च न्यायिक संस्थान है जिसकी महत्वपूर्ण भूमिका और प्रभाव है। सुप्रीम कोर्ट के न्यायाधीशों का चयन राष्ट्रपति द्वारा किया जाता है और इनकी पदस्थापना संसद द्वारा की जाती है। सुप्रीम कोर्ट का मुख्य कार्य विधि निर्णय देना है, जिसका पालन करना सभी अन्य न्यायिक संस्थानों के लिए अनिवार्य होता है।

सुप्रीम कोर्ट का प्रभाव भी अत्यंत महत्वपूर्ण है। इसके निर्णय देश के कानूनी प्रणाली पर सीधा प्रभाव डालते हैं। इसके निर्णय अमेरिकी समाज में बदलाव और सुधार का मार्ग दिखाते हैं। सुप्रीम कोर्ट के निर्णय सामाजिक, आ"
397,अमेरिका में हेल्थकेयर नीति: ओबामाकेयर बनाम निजीकरण,"अमेरिका में हेल्थकेयर नीति एक बहुत ही महत्वपूर्ण और विवादास्पद विषय है। इसका मुख्य उद्देश्य सभी लोगों को उचित स्वास्थ्य सेवाओं तक पहुंचना है। यहाँ पर मुख्य दो प्रमुख पहलू हैं - ओबामाकेयर और निजीकरण।

ओबामाकेयर नीति, जिसे आमतौर पर अफोर्डेबल केयर एक्ट (एसीए) के नाम से जाना जाता है, अमेरिका में स्वास्थ्य सुनिश्चित करने के लिए एक महत्वपूर्ण कदम था। इसके अंतर्गत, अमेरिकी नागरिकों को सब्सिडीज़ड हेल्थ इंश्योरेंस प्लान की पहुंच प्राप्त होती है। इससे असमर्थ और गरीब व्यक्तियों के लिए स्वास्थ्य सुनिश्चित करने में म"
399,अमेरिका में हेल्थकेयर नीति: ओबामाकेयर बनाम निजीकरण,"अमेरिका में हेल्थकेयर नीति एक बहुत ही महत्वपूर्ण और विवादास्पद विषय है। इसमें दो मुख्य पक्ष हैं - एक ओबामाकेयर जिसे विश्वास किया गया था कि यह सबके लिए सस्ता स्वास्थ्य सुरक्षा प्रदान करेगा, और एक निजीकरण की पहल जिसका मुख्य उद्देश्य था स्वास्थ्य सेवाओं को व्यक्तिगत बाजार की भावना से संचालित करना।

ओबामाकेयर के तहत स्वास्थ्य सुरक्षा कवरेज को बढ़ाया गया, जिससे लोगों को अधिक विकल्प मिलने लगे। यह कानून निर्देशिका के तहत विभिन्न स्वास्थ्य योजनाएं प्रदान करने के लिए वित्तीय सहायता प्रदान करता है। इसके परिणामस्वरूप, क"
398,अमेरिकी संविधान और उसकी राजनीति पर प्रभाव,"अमेरिकी संविधान एक ऐतिहासिक दस्तावेज है जिसने अमेरिका को एक गणराज्य के रूप में स्थापित किया। यह संविधान अमेरिकी राजनीति पर गहरा प्रभाव डालता है और देश की राजनीतिक व्यवस्था को निर्धारित करने में महत्वपूर्ण भूमिका निभाता है।

अमेरिकी संविधान में नागरिकों के मौजूदा अधिकारों और कर्तव्यों को सुरक्षित करने के लिए सांविधानिक गारंटी शामिल हैं। इसके अलावा, संविधान अलग-अलग शाखाओं के बीच विभाजन और संतुलन को सुनिश्चित करने में मदद करता है, जैसे कार्यकारी, सम्मिलित राज्य और संसदीय शाखाएं।

अमेरिकी संविधान ने स्वतं"
400,अमेरिकी संविधान और उसकी राजनीति पर प्रभाव,"अमेरिकी संविधान एक महत्वपूर्ण दस्तावेज है जिसने अमेरिकी राजनीति और समाज को गहरी प्रभावित किया है। यह संविधान संविधानिक संरचना, संरचनात्मक सामरिकता, व्यक्तिगत स्वतंत्रता, न्याय और अन्य महत्वपूर्ण मुद्दों पर आधारित है।

अमेरिकी संविधान ने अमेरिकी राजनीति को स्थिरता और स्वतंत्रता की भावना से प्रभावित किया है। इसके माध्यम से नागरिकों को अपने अधिकारों और कर्तव्यों की जागरूकता मिलती है और सरकार को सीमित शक्तियों में रहने के लिए मजबूर किया जाता है।

संविधान ने अमेरिकी राजनीति में विभिन्न अदालतों के निर्माण और उनकी स्वतंत"
401,अमेरिकी राजनीति में लॉबिंग और उसका प्रभाव,"लॉबिंग एक ऐसी प्रक्रिया है जिसमें व्यापारिक संगठन, गैर सरकारी संगठन या व्यक्ति राजनीतिक निर्णयकर्ताओं को प्रभावित करने के लिए प्रयास करते हैं। अमेरिकी राजनीति में भी लॉबिंग एक महत्वपूर्ण भूमिका निभाता है। अमेरिका में लॉबिस्ट अधिकतर विभागीय समूहों, उद्योग या कॉर्पोरेट सेक्टर के लिए काम करते हैं और अपने स्थानीय, राज्यीय या राष्ट्रीय हितों की रक्षा करने के लिए सरकारी निर्णयकर्ताओं के साथ संपर्क साधते हैं।

लॉबिंग का प्रभाव अमेरिकी राजनीति पर सकारात्मक और नकारात्मक दोनों प्रभाव डाल सकता है। एक ओर लॉबिस"
403,अमेरिकी मीडिया और राजनीति: निष्पक्षता बनाम ध्रुवीकरण,"अमेरिकी मीडिया और राजनीति के बीच निष्पक्षता बनाम ध्रुवीकरण एक महत्वपूर्ण और विवादास्पद विषय है। मीडिया की मुख्य भूमिका होती है समाचार और जानकारी प्रदान करना, साथ ही लोगों को जागरूक और सचेत रखना। एक निष्पक्ष मीडिया व्यवस्था देश में लोकतंत्र की मजबूती का प्रमाण होती है।

हालांकि, वर्तमान समय में अमेरिकी मीडिया को ध्रुवीकरण के आरोपों का सामना करना पड़ रहा है। ध्रुवीकरण का मतलब है किसी विशेष दल या समूह की हितों को प्राथमिकता देना और उनके पक्ष को अधिक महत्व देना। इसके कारण, निष्पक्षता और विश्वसनीयता पर सवाल खड"
402,अमेरिकी सीनेट और हाउस ऑफ रिप्रेजेंटेटिव्स की भूमिका,"अमेरिकी सीनेट और हाउस ऑफ रिप्रेजेंटेटिव्स दोनों ही संघीय संसद के दो अविभाज्य अंग हैं जो संघीय सरकार के निर्माण में महत्वपूर्ण भूमिका निभाते हैं। सीनेट में प्रतिनिधि राज्यों के द्वारा चुने जाते हैं, हर राज्य के लिए दो सीनेटर्स होते हैं। इसके विपरीत, हाउस ऑफ रिप्रेजेंटेटिव्स में सदस्यों की संख्या राज्य की आबादी के आधार पर तय की जाती है जिससे अधिकांश आबादी वाले राज्यों के लिए अधिक सदस्य होते हैं।

यह दोनों संसदीय संस्थाएं संघीय कानून बनाने, संघीय बजट पारित करने, और अन्य संघीय मुद्दों पर निर्णय लेने के ल"
404,डेमोक्रेटिक और रिपब्लिकन पार्टियों के बीच मुख्य अंतर,"अमेरिका में डेमोक्रेटिक और रिपब्लिकन पार्टियाँ दो मुख्य राजनीतिक पार्टियाँ हैं, जो देश की राजनीति में महत्वपूर्ण भूमिका निभाती हैं। इन दोनों पार्टियों के बीच कई मुख्य अंतर हैं।

पहला अंतर है विचारधारा। डेमोक्रेटिक पार्टी अक्सर समाजवादी और प्रगतिशील नीतियों का समर्थन करती है, जबकि रिपब्लिकन पार्टी अक्सर नीतियों में कम व्यापकता और अधिक स्वतंत्रता का समर्थन करती है।

दूसरा अंतर है समर्थन आकार। डेमोक्रेटिक पार्टी अक्सर गरीबों, महिलाओं, अल्पसंख्यकों, वरिष्ठ नागरिकों और विदेशियों के हित में नीतियों का समर्थन करती है,"
405,अमेरिका में अप्रवासन नीति और उसकी राजनीति,"अमेरिका में अप्रवासन नीति और उसकी राजनीति महत्वपूर्ण विषय है जिसपर विभिन्न पक्षों की दृष्टि है। अप्रवासन नीति अमेरिका के बाहरी लोगों के देश में प्रवेश और निवास पर नियंत्रण लगाने के लिए बनाई गई नीतियों का संग्रह है। इसका मुख्य उद्देश्य अमेरिका की सुरक्षा और आर्थिक हित की रक्षा करना है।

अमेरिका में अप्रवासन नीति का प्रमुख तंत्र है 'वीजा' प्रक्रिया। यह वीजा के माध्यम से देश में प्रवेश करने की अनुमति देता है, और इसमें विभिन्न श्रेणियाँ जैसे कामकाजी वीजा, छात्र वीजा, पर्मानेंट रेजिडेंसी आदि शामिल है। इन वीजा कार"
406,अमेरिकी विदेश नीति: चीन और रूस के साथ संबंध,"अमेरिका की विदेश नीति में चीन और रूस के साथ संबंध विशेष महत्व रखते हैं। इन तीनों देशों के बीच राजनीतिक, आर्थिक और सुरक्षा के क्षेत्र में संबंध हैं जो वैश्विक स्तर पर महत्वपूर्ण हैं।

चीन के साथ अमेरिकी संबंध तनावपूर्ण रहे हैं, खासकर व्यापार और साइबर सुरक्षा क्षेत्र में। दोनों देशों के बीच व्यापारिक संबंध तीव्र गति से बढ़ रहे हैं, लेकिन चीन की आर्थिक और सामरिक नीतियों पर अमेरिका की चिंताएं हैं।

रूस के साथ भी अमेरिकी संबंध जटिल हैं। दोनों देशों के बीच सामरिक संबंध ठोस नहीं हैं और कई विवादों के कारण तनाव"
407,अमेरिकी राष्ट्रपति चुनाव प्रणाली: एक विस्तृत विश्लेषण,"अमेरिका में राष्ट्रपति चुनाव प्रणाली एक व्यावसायिक और नागरिकता भावनाओं से भरपूर प्रक्रिया है। यहाँ पर एक संक्षेप में इस प्रणाली का विश्लेषण किया गया है:

1. प्रारंभिक चयन: अमेरिका में राष्ट्रपति चुनाव के लिए पार्टी द्वारा प्रारंभिक चयन होता है जिसमें पार्टी के अध्यक्ष उम्मीदवार चुनाव के लिए उत्तरदाता होते हैं।

2. प्राथमिक चुनाव: यह चरण विभिन्न राज्यों और क्षेत्रों में होता है जिसमें वोटर्स अपने पसंदीदा उम्मीदवारों को चुनते हैं।

3. राष्ट्रपति चुनाव: एक व्यक्ति को राष्ट्रपति चुनने के लिए वे विशेष उम्मीदवारों के लिए"
408,अमेरिका में अप्रवासन नीति और उसकी राजनीति,"अमेरिका में अप्रवासन नीति और उसकी राजनीति एक विवादास्पद और चरमपंथी विषय है। अप्रवासन नीति का मुख्य उद्देश्य अवैध आवास को रोकना है और देश की सुरक्षा को बढ़ावा देना है। इसका मतलब है कि सरकार अवैध आवास में रहने वाले व्यक्तियों को उनके देश से निकालने के प्रयास करती है।

अमेरिका में अप्रवासन नीति को लेकर दोनों पक्षों के बीच तीव्र विचार-विमर्श चल रहा है। एक ओर समर्थक यह दावा करते हैं कि यह नीति देश की सुरक्षा को बढ़ावा देती है और अप्रवासन के कारण उत्पन्न समस्याओं को कम करने में मदद करती है। दूसरी ओर, विर"
409,अमेरिकी राष्ट्रपति चुनाव प्रणाली: एक विस्तृत विश्लेषण,"अमेरिका में राष्ट्रपति चुनाव का तंत्र किसी और देश के चुनाव प्रणाली से अलग है। अमेरिकी चुनाव प्रणाली एक मिश्रित चुनाव प्रणाली है जिसमें लोकतंत्र के सिद्धांतों के साथ संविधान के निर्धारित विधानों का अनुसरण किया जाता है।

अमेरिकी राष्ट्रपति चुनाव प्रक्रिया का आरंभ राज्यों में होता है, जहां प्राथमिक चुनाव के माध्यम से राष्ट्रपति उम्मीदवारों के इकलौते उम्मीदवारों को चुना जाता है। इसके बाद, एक विशेष संख्या में चुनावकर्मियों द्वारा चुने गए विशेष मतदाताओं द्वारा एक विशेष विकल्प चुना जाता है।

जनता द्वारा चुने गए व्यक्ति राष"
410,अमेरिकी संविधान और उसकी राजनीति पर प्रभाव,"अमेरिकी संविधान एक महत्वपूर्ण दस्तावेज है जो संयुक्त राज्य अमेरिका की संवैधानिक धारा है। इसने संयुक्त राज्यों के बीच संगठन, सत्ताविभाजन और नागरिक स्वतंत्रता के मामले में महत्वपूर्ण नियम और सिद्धांत प्रदान किए हैं। अमेरिकी संविधान की सबसे महत्वपूर्ण विशेषता यह है कि यह नागरिकों को स्वतंत्रता और समानता की भावना देता है।

अमेरिकी संविधान ने अमेरिकी राजनीति पर भी गहरा प्रभाव डाला है। संविधान ने प्रदेशों और संघ के बीच संबंधों को स्पष्ट करके राज्यों को स्वतंत्रता और सत्ता दी है। इसके अलावा, संविधान ने नागरिकों के मौल"
412,अमेरिका में जलवायु परिवर्तन नीति और राजनीतिक प्रभाव,"अमेरिका में जलवायु परिवर्तन नीति और राजनीतिक प्रभाव

अमेरिका में जलवायु परिवर्तन एक गंभीर मुद्दा है जिसका महत्व न केवल विज्ञानिक समुदाय के लिए है बल्कि राजनीतिक स्तर पर भी महत्वपूर्ण है। जलवायु परिवर्तन के प्रभाव को समझते हुए, अमेरिका ने कई नीतियां बनाई हैं जो जलवायु परिवर्तन को नियंत्रित करने की दिशा में काम कर रही हैं।

अमेरिका का पर्यावरण नीति बोर्ड (EPA) जलवायु परिवर्तन के मुद्दे पर निगरानी रखता है और नई नीतियों को लागू करने का काम करता है। वहाँ परिवर्तन के प्रति जागरूकता बढ़ाने और जलवायु परिवर्तन के प्रभाव से निप"
413,अमेरिका में जलवायु परिवर्तन नीति और राजनीतिक प्रभाव,"अमेरिका में जलवायु परिवर्तन एक गंभीर मुद्दा है जिसका राजनीतिक प्रभाव देश के विकास और राजनीतिक स्थिरता पर सीधा प्रभाव डालता है। अमेरिकी सरकार ने पिछले कुछ दशकों में जलवायु परिवर्तन से निपटने के लिए कई नीतियों को अपनाया है।

अमेरिका ने पेरिस समझौते को समर्थन दिया है, जिसमें देश ने अपने उत्सर्जन कम करने के लिए लक्ष्य निर्धारित किए हैं। इसके अलावा, अमेरिकी सरकार ने ऊर्जा उत्पादन में वृद्धि करने और पर्यावरण को संरक्षित रखने के लिए कई नीतियां बनाई हैं। इसके अलावा, अमेरिकी राजनीतिक दलों के बीच भी जलवायु परिवर्तन के म"
414,अमेरिका में गन कंट्रोल नीति पर बहस,"अमेरिका में गन कंट्रोल एक बहुत ही विवादित विषय है। वहाँ कई लोगों का मानना है कि गन कंट्रोल की नीतियाँ सशक्त होनी चाहिए ताकि गुनाहगारों के हाथ में गन्स न हों और अपराधों को रोका जा सके। वहीं कुछ लोग इसे अपने स्वतंत्रता के अधिकार की हनन समझते हैं।

गन कंट्रोल की पक्षधरों का मानना है कि यह नीतियाँ अपराधों को कम करने में मदद कर सकती हैं। अमेरिका में हर वर्ष हजारों लोग गन वायलेंस के कारण मर जाते हैं और गन कंट्रोल के जरिए इसे कम किया जा सकता है। साथ ही, गन कंट्रोल से सामाजिक सुरक्षा बढ़ सकती है और सामाजिक असंतुलन को कम किया जा सकता है।

ह"
415,डेमोक्रेटिक और रिपब्लिकन पार्टियों के बीच मुख्य अंतर,"अमेरिकन राजनीति में डेमोक्रेटिक और रिपब्लिकन पार्टियां दो मुख्य राष्ट्रीय पार्टियां हैं जो अमेरिकी संविधान और राजनीतिक प्रणाली में महत्वपूर्ण भूमिका निभाती हैं। इन दोनों पार्टियों के बीच कई अंतर हैं।

डेमोक्रेटिक पार्टी वामपंथी विचारधारा को प्रोत्साहित करने वाली पार्टी है, जबकि रिपब्लिकन पार्टी दक्षिणी और दक्षिण-पश्चिमी विचारधारा को प्रमोट करती है। डेमोक्रेट्स अक्सर सामाजिक समानता, मानवाधिकार, पर्यावरण संरक्षण और गरीबी की उन्मूलन के लिए प्रयासरत रहते हैं, जबकि रिपब्लिकन्स अक्सर आर्थिक मुकाबले, व्यापार और"
411,अमेरिकी मीडिया और राजनीति: निष्पक्षता बनाम ध्रुवीकरण,"अमेरिकी मीडिया और राजनीति के बीच निष्पक्षता और ध्रुवीकरण एक महत्वपूर्ण विषय है। मीडिया का मुख्य कार्य होता है जनता को सटीक और निष्पक्ष समाचार पहुंचाना और राजनीति के विभिन्न मुद्दों पर जनसमाचार प्रदान करना।

हालांकि, अमेरिकी मीडिया ने कई बार निष्पक्षता और ध्रुवीकरण के मामले में असफलता दर्ज की है। कुछ मीडिया घोषणाओं और अफवाहों को बिना सत्यापन किए ही प्रसारित कर देते हैं, जिससे लोगों के विश्वास पर धारा पड़ती है। इसके परिणामस्वरूप, जनता को सही जानकारी से वंचित कर राजनीतिक प्रक्रियाओं में ध्रुवीकरण होता है।

एक उ"
417,अमेरिकी राष्ट्रपति चुनाव प्रणाली: एक विस्तृत विश्लेषण,"अमेरिकी राष्ट्रपति चुनाव प्रणाली एक व्यापक प्रक्रिया है जो अमेरिकी लोकतंत्र के महत्वपूर्ण हिस्से के रूप में मानी जाती है। यह प्रक्रिया चार साल में एक बार होती है और विभिन्न चरणों से गुजरती है।

पहला चरण होता है पार्टी निर्वाचन, इसमें प्रत्येक पार्टी अपने उम्मीदवार का चयन करती है। फिर आम चुनाव के दौरान, उम्मीदवारों की प्रचार-प्रसार की जाती है और वोटर्स अपनी पसंद के उम्मीदवार को वोट देते हैं।

एक महत्वपूर्ण तत्व इलेक्टोरल कॉलेज है, जिसमें 538 इलेक्ट्राल वोट होते हैं। जीतने के लिए किसी उम्मीदवार को कम से कम 270 वोट चाह"
416,अमेरिकी राजनीति में लॉबिंग और उसका प्रभाव,"लॉबिंग एक प्रक्रिया है जिसमें व्यक्ति या संगठन निर्धारित नीतियों या निर्णयों का प्रभाव डालने के लिए संसदीय या सरकारी निकायों के सदस्यों या अधिकारियों के साथ संपर्क साधते हैं। लॉबीज अक्सर निजी कंपनियों, उद्यमियों, उद्योग गठनों या समर्थन संगठनों के रूप में कार्य करते हैं।

अमेरिकी राजनीति में लॉबिंग का प्रभाव विवादास्पद है। कई लोग मानते हैं कि यह डेमोक्रेसी की प्रक्रिया को खतरे में डाल सकता है, क्योंकि यह धन और सामर्थ्य के आधार पर निर्णय लेने की क्षमता को प्रभावित कर सकता है। वे मानते हैं कि धन के बल पर निर्णय लेन"
418,अमेरिका की आर्थिक नीति और राजनीतिक विवाद,"अमेरिका एक व्यापक और उच्चतम आर्थिक शक्ति है जिसकी आर्थिक नीति और राजनीतिक मामलों पर बहुत बड़ा प्रभाव है। अमेरिका की आर्थिक नीति के तहत उसकी अर्थव्यवस्था को मजबूत करने और विकास को तेजी से बढ़ाने के लक्ष्य हैं। इसके लिए अमेरिका ने अपने आर्थिक नीतियों में कई परिवर्तन किए हैं, जैसे कम करना, निवेश को बढ़ाना, कर एवं खर्च की घातकता कम करना इत्यादि।

हाल ही में, अमेरिका में आर्थिक विवाद भी बढ़ गये हैं। कोरोना महामारी ने अमेरिका की अर्थव्यवस्था को काफी प्रभावित किया है और इसने आर्थिक विवादों को और भी तेजी से बढ़"
419,अमेरिकी सीनेट और हाउस ऑफ रिप्रेजेंटेटिव्स की भूमिका,"अमेरिकी संघीय संसद में सीनेट और हाउस ऑफ रिप्रेजेंटेटिव्स दो महत्वपूर्ण संसदीय संस्थान हैं। सीनेट का मुख्य कार्य राष्ट्रीय स्तर पर विधायिका का कार्य सम्पन्न करना है, जबकि हाउस ऑफ रिप्रेजेंटेटिव्स का काम लोकतांत्रिक नीतियों को संज्ञान में रखकर नीतियों के प्रस्तावन और निर्णय लेना है। सीनेट का हर राज्य से दो सदस्य होते हैं, जो संघीय सरकार की प्रतिनिधित्व करते हैं, जबकि हाउस ऑफ रिप्रेजेंटेटिव्स के सदस्यों की संख्या प्रत्येक राज्य की आबादी के आधार पर आगणना होती है।

यह दो संसदीय संस्थान संघीय संसद की दो पलंगों के रूप में कार"
420,अमेरिका में नस्लीय न्याय और राजनीतिक सुधार,"अमेरिका में नस्लीय न्याय और राजनीतिक सुधार के मुद्दे एक लम्बे समय से चर्चा का विषय रहे हैं। नस्लीय न्याय का मतलब है उस न्याय प्रणाली को जिसमें समाज के विभिन्न वर्गों और नस्लों के लोगों के साथ उपयोग किया जाता है, उसे समझने का प्रयास करना। इसका मुद्दा अमेरिका में गहराई से उठ चुका है।

अमेरिका में नस्लीय न्याय के मुद्दे को लेकर अनेक संगठन और नेताओं ने आवाज उठाई है। इसके लिए अनेक नीतियों और कानूनों को संशोधित किया गया है ताकि समाज में समानता और न्याय की भावना बनी रहे। इसके साथ ही, राजनीतिक सुधारों के जरिए भी न"
422,अमेरिकी राष्ट्रपति चुनाव प्रणाली: एक विस्तृत विश्लेषण,"अमेरिका में राष्ट्रपति चुनाव का प्रणाली एक व्यावसायिक और व्यवस्थित प्रक्रिया है। यह चुनाव हर चार वर्ष में आयोजित होता है और इसमें व्यक्तिगत और राजनीतिक पहलुओं का महत्वपूर्ण भूमिका है।

अमेरिकी राष्ट्रपति चुनाव प्रणाली में दो मुख्य दल होते हैं - गठबंधन गणराज्यीय दल (डेमोक्रेट्स) और गणराज्यीय दल (रिपब्लिकन्स)। इन दोनों दलों द्वारा अपने उम्मीदवारों को चुनाव के लिए प्रस्तुत किया जाता है।

अमेरिका में राष्ट्रपति चुनाव का महत्वपूर्ण तिथि नवंबर के पहले मंगलवार को होती है, जिसे 'राष्ट्रपति दिवस' के रूप में मनाया ज"
421,अमेरिका में नस्लीय न्याय और राजनीतिक सुधार,"अमेरिका में नस्लीय न्याय और राजनीतिक सुधार के संदर्भ में चर्चा करते हुए, यह जरूरी है कि हम इस विषय पर गहराई से विचार करें। अमेरिका एक देश है जिसमें नस्लीय विभेद और न्याय के मुद्दे बहुत महत्वपूर्ण हैं।

नस्लीय न्याय के मुद्दे पर आधारित राजनीतिक सुधार की दिशा में कई कदम उठाए गए हैं। अमेरिका में नस्लीय न्याय के खिलाफ जातिवादी भावनाओं को खत्म करने के लिए कानूनी उपायों को मजबूत किया गया है। इसके साथ ही, समाज में संज्ञानात्मक बदलाव के लिए शिक्षा, सांस्कृतिक समृद्धि और सामाजिक जागरूकता को बढ़ावा दिया जा रहा ह"
423,अमेरिकी राजनीति में लॉबिंग और उसका प्रभाव,"लॉबिंग एक ऐसी प्रक्रिया है जिसमें व्यापारिक समूह या व्यक्ति राजनीतिक निर्णयकर्ताओं या निर्णायक संस्थाओं को प्रभावित करने के लिए उनके साथ संपर्क साधते हैं। अमेरिकी राजनीति में लॉबिंग एक महत्वपूर्ण भूमिका निभाता है। यहाँ लॉबिस्ट्स अधिकांश अमेरिकन राजनीतिक पारितों या संगठनों के लिए काम करते हैं और उनके हितों की रक्षा करते हैं।

लॉबिंग का प्रभाव अमेरिकी राजनीति पर व्यापक और गहरा है। लॉबिस्ट्स पॉलिटिकल फंड्रेजिंग, वोटिंग, नीति निर्माण और विधायिका को अपने हितों के लिए प्रभावित करने में महत्वपूर्ण भूमिका"
424,अमेरिका में अप्रवासन नीति और उसकी राजनीति,"अमेरिका में अप्रवासन नीति एक चरमपंथी विषय है जिसपर राजनीतिक विचार-विमर्श होता रहता है। अप्रवासन नीति का मुख्य उद्देश्य अमेरिकी नागरिकों की सुरक्षा और देश की सीमाओं की रक्षा करना है। यह नीति अप्रवासन कार्यवाही करने वाले व्यक्तियों को देश से बाहर निकालने के लिए अधिकार प्रदान करती है।

अमेरिका में अप्रवासन नीति पर सरकार की दृष्टि भिन्न-भिन्न हो सकती है। कुछ राजनीतिक दल इसे एक महत्वपूर्ण सुरक्षा कार्यक्रम मानते हैं, जबकि कुछ अन्य इसे मानवाधिकारों का उल्लंघन मानते हैं। अप्रवासन नीति से जुड़े मुद्दों पर आम जनता क"
425,अमेरिकी सीनेट और हाउस ऑफ रिप्रेजेंटेटिव्स की भूमिका,"अमेरिका में संघीय राज्यों के लोकतंत्र में सीनेट और हाउस ऑफ रिप्रेजेंटेटिव्स दोनों ही महत्वपूर्ण संस्थाएं हैं। सीनेट और हाउस ऑफ रिप्रेजेंटेटिव्स को संयुक्त रूप से 'कांग्रेस' कहा जाता है और इनका मुख्य कार्य नये कानूनों को पास करना है।

सीनेट में प्रत्येक राज्य के दो सांसद होते हैं, जबकि हाउस ऑफ रिप्रेजेंटेटिव्स में सदस्यों की संख्या प्रत्येक राज्य की आबादी के आधार पर निर्धारित होती है। सीनेट की सदस्यता 6 वर्ष के लिए होती है जबकि हाउस ऑफ रिप्रेजेंटेटिव्स की सदस्यता की अवधि 2 वर्ष की होती है।

सीनेट की मुख्य भूमिका राष्ट्री"
426,डेमोक्रेटिक और रिपब्लिकन पार्टियों के बीच मुख्य अंतर,"अमेरिका में डेमोक्रेटिक और रिपब्लिकन पार्टियाँ दो प्रमुख राजनीतिक दल हैं जो देश की राजनीति में महत्वपूर्ण भूमिका निभाते हैं। ये दोनों पार्टियाँ विभिन्न दृष्टिकोणों और मूल्यों के साथ काम करती हैं और इनके बीच कई मुख्य अंतर हैं।

डेमोक्रेटिक पार्टी अमेरिकी राजनीति में विशेष रूप से लीबरल और प्रगतिशील दृष्टिकोण को प्रोत्साहित करती है। यह पार्टी आमतौर पर व्यापक स्वतंत्रता, सामाजिक न्याय, वातावरणीय उन्नयन, और सामाजिक सुरक्षा के पक्ष में होती है। डेमोक्रेटिक पार्टी कामगार वर्ग, महिलाएं, नृविरोधी पंगु, और अलगावव"
427,अमेरिका की आर्थिक नीति और राजनीतिक विवाद,"अमेरिका की आर्थिक नीति और राजनीतिक विवाद एक महत्वपूर्ण विषय है जो दुनिया भर में ध्यान आकर्षित करता है। अमेरिका एक विकासशील देश है जिसकी आर्थिक नीति विश्वासयोग्यता और संवेगशीलता पर आधारित है। इसके बावजूद, अमेरिका में आर्थिक नीति पर विवाद हैं।

एक पक्ष सोचता है कि अमेरिका को अपनी आर्थिक नीति में अधिक उदार और समाजवादी होना चाहिए। इसके अनुसार, अमेरिका को अपनी धनराशि को बांटने में सहायता करनी चाहिए ताकि समृद्धि के लिए अधिक लोगों तक पहुंच सके। दूसरी ओर, दूसरे पक्ष का मानना है कि निजी क्षेत्र को अधिक स्व"
428,डेमोक्रेटिक और रिपब्लिकन पार्टियों के बीच मुख्य अंतर,"डेमोक्रेटिक और रिपब्लिकन पार्टियां अमेरिका की दो प्रमुख राजनीतिक दल हैं जो संयुक्त राज्य अमेरिका की राजनीति में महत्वपूर्ण भूमिका निभाती हैं। ये दोनों पार्टियां विभिन्न मुद्दों पर भिन्न मत रखती हैं और अपने-अपने विचारों को प्रदर्शित करती हैं।

डेमोक्रेटिक पार्टी विशेष रूप से लीबरल और प्रगतिशील दृष्टिकोण को अपनाती है। इस पार्टी का मुख्य ध्येय समाजवाद, मानवाधिकार, पर्यावरण संरक्षण, स्वास्थ्य और शिक्षा के क्षेत्र में सुधार करना है। सामाजिक समानता और न्याय को बढ़ावा देना भी इस पार्टी की मुख्य उद्देश्यों में शामिल"
429,अमेरिका में नस्लीय न्याय और राजनीतिक सुधार,"अमेरिका में नस्लीय न्याय और राजनीतिक सुधार के बारे में चर्चा करते समय, हमें विभिन्न पहलुओं को ध्यान में रखना आवश्यक है। नस्लीय विभेद एक बड़ी समस्या है जिसे अमेरिका ने अपने इतिहास में देखा है। आधुनिक युग में, नस्लीय न्याय को बढ़ावा देने के लिए कई कानूनी और सामाजिक पहल किए गए हैं।

राजनीतिक सुधार के संदर्भ में, नस्लीय न्याय को बनाए रखने के लिए कानूनी उपाय अब तक कामयाब रहे हैं। सिविल राइट्स एक्ट, वोटिंग राइट्स एक्ट, और विभिन्न नस्लीय अनुसंधान कार्यक्रम इस प्रयास का उत्कृष्ट उदाहरण हैं। इन पह"
430,अमेरिका की आर्थिक नीति और राजनीतिक विवाद,"अमेरिका की आर्थिक नीति और राजनीतिक विवाद विश्व के धन्यवादी अर्थव्यवस्थाओं में से एक है। अमेरिका की आर्थिक नीति का मुख्य ध्येय अर्थव्यवस्था को मजबूत और सुस्त बनाना है। इसके लिए सरकार निवेश, नियंत्रण, और नियमन के माध्यम से आर्थिक विकास को बढ़ावा देती है।

हाल ही में, अमेरिका में आर्थिक नीति और राजनीति पर विवाद उत्पन्न हो रहे हैं। एक ओर से एक पक्ष इसे टैक्स नीति, व्यापार संबंधी मुद्दे, और वित्तीय सुधार के माध्यम से सुलझाने की कोशिश कर रहा है, जबकि दूसरी ओर समर्थक इसे आर्थिक असमानता, व्यापार के नियमों में अन"
431,अमेरिकी राजनीति में लॉबिंग और उसका प्रभाव,"लॉबिंग एक प्रक्रिया है जिसमें व्यापारिक समूह या यातायात आदि किसी सरकारी निर्णय को प्रभावित करने के लिए निरंतर संपर्क में रहते हैं। अमेरिकी राजनीति में लॉबिंग का प्रभाव काफी महत्वपूर्ण है। ध्यान देने वाली बात यह है कि अमेरिका में लॉबिंग को संविधान के अंतर्गत स्वाभाविक माना जाता है। 

लॉबिंग का सबसे बड़ा प्रभाव उसके धन संबंधित पहलु से आता है। धनराशि द्वारा लॉबिस्ट निर्वाचन या कानूनी प्रस्तावों को प्रभावित कर सकते हैं। इसके अलावा, लॉबिस्ट निर्णयकर्ताओं के साथ उनके विचारों को साझा कर सकते हैं, जिससे निर्णयकर्त"
432,अमेरिका में हेल्थकेयर नीति: ओबामाकेयर बनाम निजीकरण,"अमेरिका में हेल्थकेयर नीति एक दिलचस्प और विवादास्पद विषय है, जिसमें दो मुख्य प्रमुख धाराएं हैं - ओबामाकेयर और निजीकरण।

ओबामाकेयर का आविष्कार 2010 में हुआ था और इसका मुख्य उद्देश्य था स्वास्थ्य सुविधाओं को अधिक सुलभ और सस्ते बनाना। इस नीति के अंतर्गत, सभी अमेरिकी नागरिकों को स्वास्थ्य बीमा कवरेज का अधिकार मिलता है। इससे अनेक गरीब और बेहतर बीमा योजनाओं में शामिल हो सकते हैं, जिससे उनकी स्वास्थ्य सेवाएं बेहतर हो सकती हैं।

विपक्ष के पक्ष से, निजीकरण का मतलब है स्वास्थ्य सेवाओं को निजी कंपनियों के हाथ में सौंपना।"
433,अमेरिका में हेल्थकेयर नीति: ओबामाकेयर बनाम निजीकरण,"अमेरिका में हेल्थकेयर नीति एक बहुत ही महत्वपूर्ण और विवादास्पद विषय है। इसके बारे में दो मुख्य प्रस्थान हैं - ओबामाकेयर और निजीकरण।

ओबामाकेयर, जिसे आधिकारिक रूप से राष्ट्रीय स्वास्थ्य सेवा नाम से जाना जाता है, एक सरकारी हेल्थकेयर योजना है जिसे 2010 में लागू किया गया था। इसका मुख्य उद्देश्य सभी अमेरिकी नागरिकों को सस्ती और उचित स्वास्थ्य सेवाओं तक पहुंचाना था। इस नीति के अंतर्गत, लोगों को हेल्थ इनश्योरेंस खरीदने के लिए मदद मिलती थी और पूरे देश में इस सेवा का विस्तार किया गया।

विपक्ष में, निजीकरण के पक्ष"
434,अमेरिकी संविधान और उसकी राजनीति पर प्रभाव,"अमेरिकी संविधान एक ऐतिहासिक दस्तावेज है जिसने अमेरिकी राजनीति को गहरा प्रभाव डाला है। यह एक मूल्यांकन प्रणाली है जो राष्ट्र के नागरिकों के अधिकार और कर्तव्यों को सुरक्षित करने के लिए बनाई गई है। संविधान ने अमेरिकी राजनीति में जनता की सामान्य सुरक्षा और स्वतंत्रता को महत्व दिया है।

अमेरिकी संविधान ने नागरिकों को विभिन्न स्वतंत्रताएं प्रदान की हैं, जैसे विचार और धार्मिक स्वतंत्रता, स्वतंत्र स्थिति, अध्यादेशिक स्वतंत्रता, और अधिक। इसके अलावा, यह नागरिकों को सर्वाधिकारिक तंत्र के रूप में भी जाना जाता है जो सरकार की शक्ति को स"
435,अमेरिका में जलवायु परिवर्तन नीति और राजनीतिक प्रभाव,"अमेरिका में जलवायु परिवर्तन नीतियों और राजनीतिक प्रभाव का मुद्दा एक तेजी से बदलते हुए जलवायु परिवर्तन के साथ संबंधित है। अमेरिकी संघीय सरकार ने पिछले कुछ वर्षों में जलवायु परिवर्तन के खिलाफ कई महत्वपूर्ण कदम उठाए हैं, जैसे कि पारिस समझौते से अमेरिका के बाहर निकलना और अपनी जलवायु परिवर्तन नीतियों में संशोधन करना।

जलवायु परिवर्तन के लिए नीतियों में बदलाव के परिणामस्वरूप अमेरिका के कई राज्यों में जलवायु उतार-चढ़ाव, तूफान और बाढ़ की वजह से हुए नुकसानों की रिपोर्टिंग में वृद्धि हुई है। इसके साथ ही, जल"
436,अमेरिकी सीनेट और हाउस ऑफ रिप्रेजेंटेटिव्स की भूमिका,"अमेरिकी संघीय सरकार में सीनेट और हाउस ऑफ रिप्रेजेंटेटिव्स दोनों ही महत्वपूर्ण संसदीय संस्थान हैं। सीनेट को अमेरिकी संघ का उच्च सदन कहा जाता है जबकि हाउस ऑफ रिप्रेजेंटेटिव्स को निचला सदन कहा जाता है। यह दोनों संसदीय सदनों का मुख्य कार्य अधिनियमन (लेगिस्लेशन) बनाना है।

सीनेट में प्रत्येक राज्य से दो सांसद चुने जाते हैं, जिससे प्रत्येक राज्य का समान प्रतिनिधित्व होता है। वहाँ 100 सीनेटर्स होते हैं। हाउस ऑफ रिप्रेजेंटेटिव्स में सदस्यों की संख्या 435 होती है और ये सदस्य लोकसभा के तरह जनता द्वारा चुने जाते हैं।

इन दोनों स"
437,अमेरिका की आर्थिक नीति और राजनीतिक विवाद,"अमेरिका एक विशालकाय देश है जिसकी आर्थिक नीति और राजनीति दुनिया भर में गूँजती है। यहाँ पर आर्थिक नीति और राजनीति के कई मुद्दे हैं जिनपर तर्क होता रहता है।

अमेरिका में आर्थिक नीति के बारे में बहुत सी विवादित मुद्दे हैं। एक ओर, कुछ लोग यह मानते हैं कि उच्च निर्धारित करके आर्थिक गतिविधियों को बढ़ावा देना चाहिए, जबकि दूसरी ओर कुछ लोग इसे कम करने की बजाय सरकारी व्यय को कम करने की दिशा में प्रोत्साहित करते हैं। इसके अलावा, आर्थिक समानता और आर्थिक विकास के माध्यमों पर भी विवाद है।

वहीं, अमेरिकी राजनीति में भी विव"
438,अमेरिका में गन कंट्रोल नीति पर बहस,"अमेरिका में गन कंट्रोल नीति एक विवादास्पद विषय है जिस पर लोगों के विचार विभिन्न होते हैं। एक ओर से, कुछ लोग समझते हैं कि गन कंट्रोल के नियमों को मजबूत करना आवश्यक है ताकि अपराधों और आपातकालीन स्थितियों को रोका जा सके। उनका मानना है कि अधिक सख्त नियम व्यक्तिगत सुरक्षा को सुनिश्चित करने में मदद कर सकते हैं। 

दूसरी ओर, कुछ लोग समझते हैं कि गन कंट्रोल के नियमों को कड़ा करना व्यक्तिगत स्वतंत्रता को हानि पहुंचा सकता है और साथ ही उनका मानना है कि गन कंट्रोल के नियमों से अपराधियों को रोका नहीं जा सकता। 

अमेरिका में इस विषय पर क"
439,अमेरिकी संविधान और उसकी राजनीति पर प्रभाव,"अमेरिका का संविधान एक महत्वपूर्ण दस्तावेज है जिसने देश की राजनीति एवं संविधानिक संरचना को प्रभावित किया है। यह संविधान स्वतंत्रता, समानता और न्याय के मूल सिद्धांतों पर आधारित है और इसे अमेरिकी जनता के स्वतंत्रता और अधिकारों की रक्षा करने के लिए बनाया गया था।

अमेरिकी संविधान ने अमेरिकी राजनीति पर गहरा प्रभाव डाला है। यह एक लोकतंत्रिक संरचना प्रदान करता है जिसमें विभाजन और संतुलन की सामर्थ्य है। संविधान ने एक सशक्त एवं स्थिर केंद्रीय सरकार की स्थापना की है जिसके साथ ही राज्य सरकारों को भी स्वतंत्रता दी गई है।

इसके साथ ही"
440,अमेरिकी संविधान और उसकी राजनीति पर प्रभाव,"अमेरिकी संविधान एक महत्वपूर्ण दस्तावेज है जो संयुक्त राज्य अमेरिका के संविधानिक ढांचे को परिभाषित करता है। यह एक सुरक्षित और स्थायी संविधान है जो 1787 में बनाया गया था और आज भी संविधानिक स्वतंत्रता के प्रमुख स्तंभ के रूप में कार्य कर रहा है।

अमेरिकी संविधान ने व्यक्ति के अधिकार और कर्तव्यों को सुरक्षित करने के लिए एक मजबूत आधार प्रदान किया है। यह एक ऐसी भूमिका निभाता है जो अभिव्यक्ति, संघर्ष और धर्मनिरपेक्षता की समर्थन करता है। संविधान के माध्यम से स्थापित की गई भूमिका ने अमेरिकी राजनीति पर गहरा प्रभाव डाला है"
441,अमेरिका में हेल्थकेयर नीति: ओबामाकेयर बनाम निजीकरण,"अमेरिका में हेल्थकेयर नीति एक बहुत ही महत्वपूर्ण और विवादास्पद विषय है। इसमें दो प्रमुख दल हैं - एक ओबामा सरकार की द्वितीय कार्यकालीन हेल्थकेयर नीति और दूसरा निजीकरण या प्राइवेटाइजेशन।

ओबामाकेयर नीति को अमेरिकी स्वास्थ्य सुरक्षा और देखभाल कानून के रूप में जाना जाता है, जिसे 2010 में पारित किया गया था। इसका मुख्य उद्देश्य सभी अमेरिकी नागरिकों को सस्ती और उचित स्वास्थ्य सुरक्षा प्रदान करना था। इस नीति के तहत, स्वास्थ्य बीमा कंपनियों को विभिन्न नियमों और निर्देशों का पालन करना पड़ता है ताकि वे सभी लोगों को बीमा"
442,अमेरिकी संविधान और उसकी राजनीति पर प्रभाव,"अमेरिकी संविधान एक महत्वपूर्ण दस्तावेज है जो अमेरिकी राजनीति पर गहरा प्रभाव डालता है। अमेरिकी संविधान ने एक सुशासनिक ढांचा स्थापित किया है जिसमें सरकार की शक्तियों को सीमित करके नागरिकों के अधिकारों की रक्षा की गई है।

अमेरिकी संविधान का सबसे महत्वपूर्ण अंग है उसका मूल्यांकन और संशोधन विधि। इसके माध्यम से अमेरिकी संविधान को आधुनिक योग्यताओं के साथ अनुरूप बनाए जाते हैं। संविधान के संशोधन का प्रक्रियात्मक ढंग से पालन करने से नागरिकों को समान अधिकार और स्वतंत्रता प्राप्त होती है।

अमेरिकी संविधान ने राजनीति में संव"
443,अमेरिका में नस्लीय न्याय और राजनीतिक सुधार,"अमेरिका में नस्लीय न्याय और राजनीतिक सुधार के लिए एक दृष्टिकोण से विप्लवी घटना थी जो देश के इतिहास में अहम मोड़ थी। निगरों के लिए अलग-अलग स्थानों पर व्यवस्थित जीवन, जाति भेदभाव और नस्लीय भेदभाव से भरे दशकों के बाद, 1960 के दशक में नस्लीय न्याय और राजनीतिक सुधार के लिए एक आंदोलन चला। मार्टिन लुथर किंग जूनियर जैसे नेताओं ने नस्लीय असमानता के खिलाफ लड़ाई लड़ी, और इस आंदोलन ने निगरों के लिए जन्मे ही वैष्णव मूल्यों और समानता के अधिकारों को प्राप्त करने में मदद की। 

इस आंदोलन ने अमेरिकी सम"
444,अमेरिकी राष्ट्रपति चुनाव प्रणाली: एक विस्तृत विश्लेषण,"अमेरिका में राष्ट्रपति का चुनाव एक व्यापक और जटिल प्रक्रिया है जो दस्तावेजीकरण, चुनावी अभियान और जनमत संग्रह के माध्यम से संपन्न होता है। यहाँ अमेरिकी राष्ट्रपति के चुनाव प्रक्रिया का एक विस्तृत विश्लेषण है:

1. प्रारंभिक चरण: राष्ट्रपति के चुनावी प्रक्रिया की शुरुआत राज्यों के कार्यकर्ताओं द्वारा की जाती है जिन्होंने पार्टी के उम्मीदवार का चयन किया होता है।

2. प्राइमरी: सभी राज्यों में प्राइमरी के माध्यम से उम्मीदवार की चयन प्रक्रिया होती है जिसमें लोग अपने पसंदीदा उम्मीदवार का समर्थन करते हैं।

3. पार्टी सम्मेलन: प्राइमरी के बाद"
445,अमेरिका की आर्थिक नीति और राजनीतिक विवाद,"अमेरिका की आर्थिक नीति और राजनीतिक विवाद दुनिया भर में बहुत चर्चा का विषय है। अमेरिका विश्व की सबसे बड़ी अर्थव्यवस्था और राजनीतिक शक्ति है, इसलिए इसकी नीतियों और विवादों का विशेष महत्व है।

अमेरिका की आर्थिक नीति के बारे में विवाद उसकी व्यापक और विविध अर्थव्यवस्था के कारण होते हैं। उदाहरण के लिए, टैक्स पॉलिसी, व्यापार नीति, बजट और कर्ज मुद्दे आदि अमेरिका में विवाद के कारण बनते हैं। विभिन्न राजनीतिक दल और गुट इन मुद्दों पर अलग-अलग दृष्टिकोण रखते हैं और इससे विवाद पैदा होता है।

इसके अल"
446,डेमोक्रेटिक और रिपब्लिकन पार्टियों के बीच मुख्य अंतर,"अमेरिकी राजनीति में डेमोक्रेटिक और रिपब्लिकन पार्टियाँ दो मुख्य राजनीतिक दल हैं, जिनके बीच कई महत्वपूर्ण अंतर हैं। 

डेमोक्रेटिक पार्टी विशेष रूप से विचारशीलता, समाजवाद और सामाजिक न्याय की ओर ध्यान केंद्रित करती है। इसके प्रमुख मुद्दे विदेशी नीति, आर्थिक विकास, स्वास्थ्य और शिक्षा हैं। डेमोक्रेटिक पार्टी अक्सर गरीबी, जाति और लिंग के आधार पर नीतियों का पुनर्विचार करती है।

विपक्ष में, रिपब्लिकन पार्टी अधिकतर व्यवसाय, आर्थिक विकास और व्यक्तिगत स्वतंत्रता की ओर ध्यान केंद्रित करती है। इसके मुख्य मुद्दे राष्ट्र"
447,अमेरिकी राष्ट्रपति चुनाव प्रणाली: एक विस्तृत विश्लेषण,"अमेरिका में राष्ट्रपति चुनाव प्रक्रिया एक व्यापक और उत्तेजक प्रक्रिया है। यह चुनाव प्रत्येक चार साल में आयोजित किया जाता है और इसमें नागरिकों का सहभाग लेने का महत्वपूर्ण भाग है।

चुनाव के दौरान, प्रत्येक राज्य का अलग-अलग मतदान तिथि होता है, जिसमें उम्मीदवारों को वोट के लिए चुना जाता है। राष्ट्रपति का चयन विशिष्ट मतदाताओं द्वारा किया जाता है, जिन्हें 'चुनाव कॉलेज' कहा जाता है। चुनाव कॉलेज के अनुसार, प्रत्येक राज्य को एक निर्दिष्ट संख्या में चुनाव कोलेज के सदस्यों की आवश्यकता होती है और जितने ज्यादा वोट उम्मीदव"
448,अमेरिकी सीनेट और हाउस ऑफ रिप्रेजेंटेटिव्स की भूमिका,"अमेरिकी संघीय संविधान के अनुसार, संयुक्त राज्य अमेरिका के राष्ट्रपति के साथ-साथ एक द्विमण्डली संसद भी है जिसमें सीनेट और हाउस ऑफ रिप्रेजेंटेटिव्स शामिल हैं। अमेरिकी सीनेट का सदस्य राज्यों द्वारा चुना जाता है, हर राज्य के लिए दो सीनेटर होते हैं जिससे यह संसद 100 सदस्यों से मिलकर बनता है। दूसरी ओर, हाउस ऑफ रिप्रेजेंटेटिव्स का प्रत्येक सदस्य जनता द्वारा सीधे चुना जाता है और इसमें कुल 435 सदस्य होते हैं।

सीनेट की मुख्य भूमिका राष्ट्रीय विधायिका के रूप में काम करना है, जबकि हाउस ऑफ रिप्रेजेंटेटिव्स का काम जनता की सुनवाई क"
450,अमेरिकी राजनीति में लॉबिंग और उसका प्रभाव,"लॉबिंग एक प्रक्रिया है जिसमें व्यापारिक समूह या व्यक्ति सरकारी नीतियों और निर्णयों पर प्रभाव डालने के लिए अपने हितों की रक्षा करने के लिए निरंतर सरकारी निर्णयकर्ताओं या निर्णय निर्माताओं के साथ संपर्क में रहते हैं। अमेरिकी राजनीति में लॉबिंग एक महत्वपूर्ण भूमिका निभाता है।

लॉबिंग का प्रभाव अमेरिकी राजनीति पर व्यापक है। लॉबिस्ट्स विभिन्न समूहों और क्षेत्रों के हितों की रक्षा करने के लिए कार्य करते हैं, जिससे नीतियों में परिवर्तन आ सकता है। वे सांसदों, नेताओं और अन्य सरकारी अधिकारियों के पास जाकर अपने मुद्दे पर द"
449,अमेरिका में हेल्थकेयर नीति: ओबामाकेयर बनाम निजीकरण,"अमेरिका में हेल्थकेयर नीति एक विवादास्पद और चर्चित विषय है। इस बारे में दो प्रमुख सिद्धांत हैं - ओबामाकेयर और निजीकरण।

ओबामाकेयर अधिनियम, जिसे आम तौर पर ऑबामाकेयर के नाम से जाना जाता है, अमेरिकी स्वास्थ्य सुविधाओं को सुधारने का प्रयास था। इसका मुख्य उद्देश्य था सभी नागरिकों को सस्ते और उचित स्वास्थ्य सुविधाएं प्रदान करना। इसके तहत, अमेरिकी नागरिकों को स्वास्थ्य बीमा खरीदने के लिए विभिन्न विकल्प दिए गए थे। इसके अलावा, यह अधिनियम पूर्व में मौजूद अनुच्छेद 26 के तहत युवाओं को 26 वर्ष तक अपने माता-पिता"
451,अमेरिका में नस्लीय न्याय और राजनीतिक सुधार,"अमेरिका में नस्लीय न्याय और राजनीतिक सुधार के विषय में चर्चा विवादित है। नस्लीय न्याय का मतलब है व्यक्ति को उसकी जाति, धर्म, रंग, या लिंग के कारण उसे अलग अवस्था में रखना। अमेरिका में नस्लीय न्याय के खिलाफ लंबे समय से लड़ाई चल रही है।

अमेरिका में नस्लीय न्याय को रोकने के लिए कई प्रयास किए गए हैं। उनमें से एक है नस्लीय भेदभाव के खिलाफ कानून। इन कानूनों के जरिए नस्लीय भेदभाव की आलोचना की जाती है और उसे रोकने के उपाय बनाए जाते हैं। दूसरा महत्वपूर्ण कदम है शिक्षा में नस्लीय न्याय को फैलाना। स"
452,अमेरिका की आर्थिक नीति और राजनीतिक विवाद,"अमेरिका एक विकासशील देश है जिसकी आर्थिक नीति और राजनीति का महत्वपूर्ण स्थान है। अमेरिका की आर्थिक नीति के प्रमुख धाराएं शामिल हैं वित्तीय स्थिरता, व्यापार नीति, कर नीति और बाजारी नीति। अमेरिका की आर्थिक नीति का मुख्य उद्देश्य देश की आर्थिक वृद्धि और सामाजिक कल्याण को सुनिश्चित करना है।

हाल के वर्षों में अमेरिका में कई राजनीतिक विवाद देखने को मिले हैं। एक महत्वपूर्ण विवाद तारीख़ीन तरीके से कम कमी को कम करने के लिए किए गए कदमों पर है। अमेरिका के राष्ट्रपति और कांग्रेस के बीच इस मुद्दे पर विपक्ष दिखा है।

एक और महत्व"
453,अमेरिका में सुप्रीम कोर्ट की भूमिका और प्रभाव,"सुप्रीम कोर्ट अमेरिका की उच्चतम न्यायालय है और यह अमेरिकी संविधान की रक्षा और व्याख्या करने का मुख्य स्थान है। सुप्रीम कोर्ट का मुख्य ध्येय अमेरिकी संविधान के मानकों और मूल्यों की रक्षा करना है। इसका कार्यक्षेत्र संविधानी विवादों, संविधान के धाराओं की व्याख्या और राजनीतिक मुद्दों पर न्यायिक निर्णय देना है।

सुप्रीम कोर्ट की भूमिका महत्वपूर्ण है क्योंकि यह न्यायिक प्रणाली की तीनों शाखाओं - कार्यकारिणी, विधायिका और न्यायिक - की त्रिविधी संरचना में न्यायपालिका की भूमिका निभाता है। सुप्रीम कोर्ट के न्यायिक निर्णयों का प्रभाव देश"
455,अमेरिका में गन कंट्रोल नीति पर बहस,"अमेरिका में गन कंट्रोल एक बहुत ही विवादित और चर्चित विषय है। एक ओर उसे समर्थन देने वाले लोग कहते हैं कि गन कंट्रोल से अपराधों की घटनाएं कम होती हैं और सामाजिक सुरक्षा बढ़ती है। दूसरी ओर, उसके विरोधी यह दावा करते हैं कि यह नागरिकों के मौलिक अधिकारों को चुनौती देता है और स्वतंत्रता की हानि होती है।

अमेरिका में गन कंट्रोल की आवश्यकता को लेकर कई चुनौतियाँ हैं। एक ओर, अमेरिका में अपराधों में हथियारों का इस्तेमाल बढ़ रहा है और इससे जनसंख्या की सुरक्षा खतरे में है। दूसरी ओर, गन कंट्रोल कानूनों के प्रति अमेरिकी नागर"
454,अमेरिका में नस्लीय न्याय और राजनीतिक सुधार,"अमेरिका में नस्लीय न्याय और राजनीतिक सुधार

अमेरिका एक देश है जो विविधता में अमीर है, लेकिन नस्लीय और जातिवादी भेदभाव के मुद्दे उसके लिए एक बड़ी चुनौती हैं। नस्लीय न्याय और राजनीतिक सुधार इस देश में महत्वपूर्ण विषयों में से दो हैं जिन पर लगातार काम किया जा रहा है।

अमेरिका में नस्लीय न्याय के मुद्दे ने एक महत्वपूर्ण स्थान बनाया है। नस्लीय भेदभाव को कम करने के लिए कई कदम उठाए गए हैं, जैसे कि नस्लीय भेदभाव कानूनों की सख्ती और अधिकारियों के प्रशिक्षण। इसके अलावा, समुदायों के बीच समझौते और संव"
456,अमेरिका में हेल्थकेयर नीति: ओबामाकेयर बनाम निजीकरण,"अमेरिका में हेल्थकेयर नीति एक बहुत ही विवादास्पद और महत्वपूर्ण विषय है। 2008 में अमेरिकी राष्ट्रपति बराक ओबामा ने Affordable Care Act (ACA) या ओबामाकेयर को लागू किया था। इसका मुख्य उद्देश्य सभी अमेरिकी नागरिकों को सस्ती और सुविधाजनक स्वास्थ्य सेवाओं का अधिकार प्रदान करना था।

हालांकि, ओबामाकेयर को लेकर विभिन्न मतभेद हैं। कुछ लोग इसे एक महत्वपूर्ण कदम मानते हैं जो सबके लिए स्वास्थ्य सुरक्षा प्रदान करता है, जबकि कुछ लोग इसे अप्रभावी और बढ़ते खर्च का कारण मानते हैं।

हाल ही में, अमेरिका में निजीकरण के पक्षधरों ने ACA को रद्द करने औ"
458,डेमोक्रेटिक और रिपब्लिकन पार्टियों के बीच मुख्य अंतर,"अमेरिकी राजनीति में डेमोक्रेटिक और रिपब्लिकन पार्टियां दो मुख्य राजनीतिक दल हैं, जिनका एक दूसरे के साथ विपरीत सिद्धांत और मूल्यों पर विचार करने के कारण उनमें मुख्य अंतर है।

डेमोक्रेटिक पार्टी वामपंथी दल है, जो सामाजिक और आर्थिक असमानता के खिलाफ है। यह पार्टी विभिन्न क्षेत्रों में सरकारी इंटरवेंशन का समर्थन करती है, जैसे कि स्वास्थ्य देखभाल और शिक्षा। डेमोक्रेट्स आम तौर पर विदेश नीति में बाह्य राष्ट्रों के साथ व्यापारिक संबंधों के समर्थक होते हैं।

विरोधी दल, रिपब्लिकन पार्टी, दाएं-मध्यम दल के तौर पर जानी जाती ह"
457,अमेरिका में नस्लीय न्याय और राजनीतिक सुधार,"अमेरिका में नस्लीय न्याय और राजनीतिक सुधार एक महत्वपूर्ण और चुनौतीपूर्ण मुद्दा है। नस्लीय न्याय की दृष्टि से, अमेरिका में अभी भी नस्लीय भेदभाव और अन्याय की समस्याएं मौजूद हैं। इसके बावजूद, कई कदम उठाए गए हैं जैसे नौकरी में नस्लीय समानता, शिक्षा और स्वास्थ्य सेवाएं में नस्लीय समानता आदि।

राजनीतिक सुधार के संदर्भ में, अमेरिका ने ऐतिहासिक कदम उठाए हैं जैसे नस्लीय भेदभाव के खिलाफ कड़ी कानूनी कार्रवाई, न्यायिक सुधार, और नस्लीय समानता को बढ़ावा देने वाली नीतियां बनाई हैं। राष्ट्रीय स"
459,अमेरिकी राष्ट्रपति चुनाव प्रणाली: एक विस्तृत विश्लेषण,"अमेरिका में राष्ट्रपति चुनाव प्रणाली एक व्यापक और जटिल प्रक्रिया है जिसमें नागरिकों को राष्ट्रपति का चयन करने का अधिकार होता है। यह प्रणाली चार साल में एक बार होती है और इसमें कई महत्वपूर्ण चरण होते हैं।

पहला चरण है प्राथमिक चुनाव, जिसमें प्रत्येक राज्य में चुनाव के लिए नामांकन होता है। इसमें दलों द्वारा अपने उम्मीदवारों का चयन किया जाता है। फिर राष्ट्रपति एवं उप राष्ट्रपति चुनाव के दौरान विभिन्न राज्यों के चुनावी कलेजों में मतदान होता है। यहाँ विशेष अहमियत के राज्यों के मतों का महत्वपूर्ण भूमिका होती है।

चुनाव पर"
460,अमेरिका में सुप्रीम कोर्ट की भूमिका और प्रभाव,"सुप्रीम कोर्ट अमेरिका की सर्वोच्च न्यायिक संस्था है और यह देश के संविधान की मान्यता को सुनिश्चित करने का मुख्य जिम्मेदार है। सुप्रीम कोर्ट के न्यायाधीशों को जीवनपर्यंत की पदकी गरियाँ दी जाती है जिससे उन्हें निष्पक्ष न्याय देने की स्वतंत्रता मिलती है।

सुप्रीम कोर्ट की भूमिका अत्यधिक महत्वपूर्ण है क्योंकि यह संस्था विभिन्न कानूनी मुद्दों पर अंतिम न्याय प्रदान करने का कार्य करती है। इसके निर्णय देश के विभाजन और न्यायिक नीति में महत्वपूर्ण रूप से प्रभाव डालते हैं। यहाँ तक कि सुप्रीम कोर्ट के निर्णय देश के संविधान को भी परिभाषित कर सक"
461,डेमोक्रेटिक और रिपब्लिकन पार्टियों के बीच मुख्य अंतर,"डेमोक्रेटिक और रिपब्लिकन पार्टी अमेरिकी राजनीति में दो प्रमुख दल हैं, जिनमें से प्रत्येक का अपना विचारधारा और विचारशैली है। यहाँ हम इन दोनों पार्टियों के मुख्य अंतरों पर ध्यान केंद्रित करेंगे।

डेमोक्रेटिक पार्टी सामाजिक और आर्थिक अवसरों के पक्षधर के रूप में जानी जाती है। यह पार्टी अक्सर व्यक्तिगत स्वतंत्रता और सामाजिक न्याय के पक्ष में खड़ी रहती है। इसका मुख्य ध्येय होता है गरीबों और असहाय वर्ग की मदद करना। डेमोक्रेटिक पार्टी आम तौर पर विभिन्न सामाजिक मुद्दों पर ध्यान केंद्रित करती है और यह विशेष रूप से योग्यता,"
463,अमेरिका में गन कंट्रोल नीति पर बहस,"अमेरिका में गन कंट्रोल नीति के मुद्दे पर बहस देश के एक बड़े हिस्से में हो रही है। एक ओर वहाँ कुछ लोग मानते हैं कि गन कंट्रोल के कड़े नियमों की आवश्यकता है ताकि अपराधों को रोका जा सके, वहीं दूसरी ओर लोग गन कंट्रोल को एक व्यक्तिगत स्वतंत्रता का मुद्दा मानते हैं।

मुख्य बहस का एक कारण यह है कि अमेरिका में गन कंट्रोल के कानून बहुत लचीले हैं। अमेरिकी नागरिकों के पास अधिक गन की संख्या है जो कई बार अपराधों में इस्तेमाल होती है। इससे निराधार व्यक्तियों के हाथ में गन होने के कारण हिंसा की घटनाएं बढ़ती जा रही हैं।

विवाद का"
462,अमेरिका की आर्थिक नीति और राजनीतिक विवाद,"अमेरिका की आर्थिक नीति और राजनीति विवाद एक बहुत बड़ा और महत्वपूर्ण विषय है जो दुनिया भर में ध्यान आकर्षित करता है। अमेरिका एक भारतीय अर्थव्यवस्था है और इसकी नीतियों और निर्णयों का दुनिया भर में प्रभाव होता है।

अमेरिका में आर्थिक नीति के विवाद कुछ मुख्य कारणों पर आधारित हैं। इनमें सबसे महत्वपूर्ण मुद्दे अर्थव्यवस्था की स्थिरता, रोजगार, व्यापार और विदेशी नीति शामिल हैं। विभिन्न राजनीतिक दलों और व्यक्तियों के बीच इन मुद्दों पर असहमति रहती है और इससे विवाद उत्पन्न होता है।

अमेरिकी राजनीति में अ"
465,अमेरिकी मीडिया और राजनीति: निष्पक्षता बनाम ध्रुवीकरण,"अमेरिका में मीडिया और राजनीति के संबंधों पर चर्चाएं निष्पक्षता और ध्रुवीकरण के मुद्दे को उठाती हैं। मीडिया को निष्पक्ष और विश्वसनीय होने की जिम्मेदारी होती है, लेकिन कुछ लोग मानते हैं कि अमेरिकी मीडिया में ध्रुवीकरण की समस्या है। ध्रुवीकरण का मतलब है किसी एक दृष्टिकोण का अत्यधिक प्रभाव देना और दूसरे दृष्टिकोण को अनदेखा करना।

अमेरिकी मीडिया के कुछ हिस्से राजनीति को एक पक्षपाती ढंग से दिखाने का आरोप हैं। यह ध्रुवीकरण का उदाहरण है जिसमें मीडिया किसी निश्चित विचारधारा को प्रोत्साहित करती है और दूसरी विच"
464,डेमोक्रेटिक और रिपब्लिकन पार्टियों के बीच मुख्य अंतर,"अमेरिकन राजनीति में डेमोक्रेटिक और रिपब्लिकन पार्टियाँ दो मुख्य राजनीतिक दल हैं, जिनके बीच कई महत्वपूर्ण अंतर हैं।

पहला अंतर विचारधारा में है। डेमोक्रेटिक पार्टी वामपंथी विचारधारा को प्रोत्साहित करती है, जबकि रिपब्लिकन पार्टी दक्षिणी कॉन्सर्वेटिव विचारधारा का प्रतिनिधित्व करती है। डेमोक्रेट्स अक्सर सामाजिक और आर्थिक समानता पर जोर देते हैं, जबकि रिपब्लिकन्स आर्थिक स्वतंत्रता और कम सरकार के मूल्यों पर ध्यान केंद्रित करते हैं।

दूसरा अंतर राजनीतिक मुद्दों पर है। डेमोक्रेट्स अक्सर पर्यावरण, स्वास्थ्य देखभाल, श"
467,अमेरिकी संविधान और उसकी राजनीति पर प्रभाव,"अमेरिकी संविधान एक महत्वपूर्ण दस्तावेज है जो अमेरिकी राजनीति पर गहरा प्रभाव डालता है। यह उन्हें अद्वितीय बनाता है और उनके संविधानिक अधिकारों की रक्षा करता है। संविधान निर्माणकारों द्वारा राष्ट्रीय स्वतंत्रता, समानता, और न्याय के आदर्शों को स्थापित करने का प्रयास है। 

अमेरिकी संविधान देश के नागरिकों के अधिकार और कर्तव्यों को सुनिश्चित करने के लिए महत्वपूर्ण है। संविधान के माध्यम से विभिन्न संस्थाओं और शासन के विभागों को संरचित किया गया है, जिससे संविधान की सुरक्षा और अद्वितीयता सुनिश्चित होती है। 

अमेरिकी संविध"
466,अमेरिकी सीनेट और हाउस ऑफ रिप्रेजेंटेटिव्स की भूमिका,"अमेरिका में संघीय सरकारनीति का एक महत्वपूर्ण हिस्सा है सीनेट और हाउस ऑफ रिप्रेजेंटेटिव्स। सीनेट और हाउस ऑफ रिप्रेजेंटेटिव्स को संयुक्त रूप से कांग्रेस कहा जाता है और ये दोनों दलों के सदस्यों द्वारा निर्वाचित होते हैं।

सीनेट का मुख्य कार्य राष्ट्रीय स्तर पर प्रदेशों और संघ राज्यों की प्रतिनिधित्व करना है। सीनेट के सदस्यों की संख्या 100 होती है, जिसमें हर राज्य से दो सदस्य होते हैं। सीनेट के सदस्य छे वर्ष के लिए निर्वाचित होते हैं।

हाउस ऑफ रिप्रेजेंटेटिव्स का मुख्य कार्य जनता की प्रतिनिधित्व करना है। हाउस के सदस्यों की संख्या 435 हो"
470,अमेरिका में मतदाता अधिकार और चुनाव सुधार,"अमेरिका में मतदाता अधिकार और चुनाव सुधार एक महत्वपूर्ण विषय है जिसपर ध्यान देने की आवश्यकता है। चुनाव सुधार के लक्ष्य मतदान प्रक्रिया को सुधारना, मतदाताओं के अधिकारों का संरक्षण करना और चुनावी भ्रष्टाचार को कम करना है।

मतदाता का हक एक महत्वपूर्ण स्तंभ है जो एक स्वस्थ लोकतंत्र के लिए आवश्यक है। अमेरिका में मतदाताओं के अधिकारों का संरक्षण और प्रोत्साहन किया जाता है, ताकि हर व्यक्ति मतदान करने के लिए स्वतंत्र हो सके। विभिन्न चुनावी विधियों और सुधारों के माध्यम से, सरकार ने मतदाताओं के सुरक्षित और निष्पक्ष मतदान के लिए प्रण"
469,अमेरिकी राष्ट्रपति चुनाव प्रणाली: एक विस्तृत विश्लेषण,"अमेरिकी राष्ट्रपति चुनाव प्रणाली एक व्यापक प्रक्रिया है जो अमेरिकी लोगों को उनके नेता का चयन करने की अवसर प्रदान करती है। यह प्रक्रिया चार चरणों में सम्पन्न होती है: प्राथमिक चरण, विधायिका चरण, चुनावकर्ता सभा चरण, और चुनाव विजयी उम्मीदवार का चयन।

प्राथमिक चरण में, पार्टी द्वारा उम्मीदवारों की प्रत्याशी जमा की जाती है और चुनावकर्ताओं द्वारा उनमें से एक का चयन किया जाता है। विधायिका चरण में, प्रत्याशियों को राज्यों की ओर से चुनावी मतदान होता है, जिससे उनकी पार्टी द्वारा उम्मीदवार को चुनावी मत की ओर बढ़ावा मिलता है"
468,अमेरिकी मीडिया और राजनीति: निष्पक्षता बनाम ध्रुवीकरण,"अमेरिकी मीडिया और राजनीति एक अत्यंत महत्वपूर्ण और विवादास्पद विषय है। मीडिया का भूमिका राजनीति में प्रभावपूर्ण है, क्योंकि यह जनता को सूचित करने और उनके मतों को आकार देने में मदद करता है। अमेरिकी मीडिया की निष्पक्षता और ध्रुवीकरण के मुद्दे एक निरंतर विवाद का विषय रहे हैं।

अमेरिकी मीडिया को निष्पक्ष होने की दावा किया जाता है, लेकिन कई बार इसकी निष्पक्षता पर सवाल उठते हैं। ध्रुवीकरण या बाईस पैसों की झलक देने का आरोप भी लगाया जाता है। राजनीतिक दलों या व्यक्तियों की पक्षपातपूर्ण भाषा या रवैया को उज"
471,अमेरिकी सीनेट और हाउस ऑफ रिप्रेजेंटेटिव्स की भूमिका,"अमेरिकी संघीय सरकार में सीनेट और हाउस ऑफ रिप्रेजेंटेटिव्स दोनों ही महत्वपूर्ण संस्थान हैं। सीनेट संघीय संसद की उच्च सदन है जिसमें प्रत्येक राज्य से दो सदस्य होते हैं। सीनेट की मुख्य भूमिका यह है कि वह राष्ट्रीय स्तर पर विधायिका और नीति निर्धारण करने में सहायक होती है। सीनेट की सदस्यता के लिए निर्वाचन सात वर्ष के अंतराल पर होता है जिससे यह संसदीय निर्वाचन का स्थायी सदस्यता होती है।

हाउस ऑफ रिप्रेजेंटेटिव्स भी संघीय संसद का एक महत्वपूर्ण संसथान है जिसमें सदस्यों की संख्या राज्यों के आधार पर तय की जाती है। हाउस की मुख"
472,अमेरिकी राष्ट्रपति चुनाव प्रणाली: एक विस्तृत विश्लेषण,"अमेरिकी राष्ट्रपति चुनाव प्रणाली, जिसे अमेरिकी चुनावी तंत्र के रूप में भी जाना जाता है, एक व्यवस्था है जिसमें राष्ट्रपति और उप-राष्ट्रपति की पदों के लिए चुनाव होते हैं। यह प्रक्रिया हर चार वर्ष में होती है और इसमें विभिन्न चरण होते हैं जैसे कि प्राथमिक चुनाव, राष्ट्रपति नामांकन, प्राथमिक चुनाव के बाद राष्ट्रपति नामांकन और अंतिम चुनाव।

अमेरिका में राष्ट्रपति चुनाव प्रणाली किसी भी उम्मीदवार को राष्ट्रपति पद के लिए चुनने के लिए देश के विभिन्न राज्यों से चुनावी मतों की एक संख्या जीतनी होती है। इस प्रक्रिया को 'इलेक्टोरल कॉलेज' कहा"
475,डेमोक्रेटिक और रिपब्लिकन पार्टियों के बीच मुख्य अंतर,"डेमोक्रेटिक और रिपब्लिकन पार्टियां संयुक्त राज्य अमेरिका के दो प्रमुख राजनैतिक पार्टियां हैं, जिनका देश के राजनीतिक परिदृश्य पर गहरा प्रभाव होता है। ये पार्टियां अपने विचारधारा, नीतियों और उद्देश्यों में भिन्न हैं।

डेमोक्रेटिक पार्टी वामपंथी दल है, जो समाजवादी और प्रगतिशील नीतियों का पालन करता है। इस पार्टी की मुख्य उद्देश्य है सामाजिक न्याय, समानता और समृद्धि की सुनिश्चिति करना। वे आम तौर पर विभिन्न विषयों पर सरकारी वितरण को बढ़ावा देते हैं और करगुज़ारी को कमाने वालों पर अधिक कर लेने की दिशा में काम करते है"
473,अमेरिका में अप्रवासन नीति और उसकी राजनीति,"अमेरिका में अप्रवासन नीति एक महत्वपूर्ण विषय है जिसपर देश की राजनीति में विवाद रहता है। अप्रवासन नीति आमतौर पर उन विधियों और नियमों को सम्मिलित करती है जिनका उपयोग विदेशी नागरिकों की प्रवेश की अनुमति देने के लिए किया जाता है। यह नीतियाँ उन विदेशी नागरिकों के लिए महत्वपूर्ण हैं जो किसी विशेष कारण से अमेरिका में प्रवेश करना चाहते हैं।

अमेरिका में अप्रवासन नीति के बारे में विवाद रहता है क्योंकि कुछ लोग इसे बहुत सख्त मानते हैं जबकि कुछ लोग इसे और बेहतर बनाने की मांग करते हैं। विदेशी नागरिकों के लिए वीजा प्रक्रिया,"
474,अमेरिकी मीडिया और राजनीति: निष्पक्षता बनाम ध्रुवीकरण,"अमेरिकी मीडिया और राजनीति के संबंध में निष्पक्षता और ध्रुवीकरण दो बहुत महत्वपूर्ण मुद्दे हैं। एक ओर मीडिया को निष्पक्ष होना चाहिए ताकि लोग सच्चाई और विश्वसनीयता के साथ समाचार प्राप्त कर सकें। दूसरी ओर, ध्रुवीकरण नकारात्मक प्रभाव डाल सकता है जिससे निष्पक्षता पर प्रभाव पड़ता है।

अमेरिकी मीडिया की निष्पक्षता को लेकर विवाद हमेशा रहा है। कुछ लोग समझते हैं कि मीडिया निष्पक्ष है, जबकि कुछ लोग इस पर संदेह करते हैं। अमेरिकी मीडिया के कुछ चैनल और पत्रिकाएं एक पक्षपाती मुद्रा में समाचार प्रस्तुत करते हैं, जो राजनीतिक ध"
476,अमेरिकी राष्ट्रपति चुनाव प्रणाली: एक विस्तृत विश्लेषण,"अमेरिका में राष्ट्रपति चुनाव प्रणाली एक व्यापक और जटिल प्रक्रिया है जिसमें नागरिकों को अपने देश के नेता का चयन करने का अधिकार होता है। यह प्रक्रिया चार साल में एक बार होती है और अमेरिकी नागरिकों के लिए एक महत्वपूर्ण घटना है।

अमेरिकी राष्ट्रपति चुनाव प्रणाली के अनुसार, राष्ट्रपति के चयन के लिए प्राथमिक और सामान्य चुनाव होते हैं। प्राथमिक चुनावों में पार्टी द्वारा अपने उम्मीदवारों का चयन किया जाता है, जबकि सामान्य चुनावों में जनता अपने उम्मीदवारों में से एक को चुनती है। अमेरिकी राष्ट्रपति के चयन में विशेष महत्वपूर्णता के ह"
477,अमेरिका में गन कंट्रोल नीति पर बहस,"गन कंट्रोल अमेरिका में एक चर्चित और विवादास्पद विषय है। यह एक नीतिक और सामाजिक मुद्दा है जिसे लोग विभिन्न दृष्टिकोण से देखते हैं। वामपंथी और केंद्रवामी राजनीतिज्ञ गन कंट्रोल का समर्थन करते हैं, साथ ही उनमें से कई लोग कहते हैं कि गन नियंत्रण कानूनों की मजबूती से अमेरिका की सुरक्षा बढ़ सकती है। वहीं, दक्षिणपंथी और गुणवादी राजनीतिज्ञ गन कंट्रोल के खिलाफ होते हैं और मानते हैं कि यह नागरिकों के अधिकारों की उल्टी गिनती है।

गन कंट्रोल कानूनों के पक्षधरों का कहना है कि इससे अपराधों और हिंसा को रोका जा सकता है, जब"
479,अमेरिका की आर्थिक नीति और राजनीतिक विवाद,"अमेरिका की आर्थिक नीति और राजनीतिक विवाद विश्व की धरोहर हैं। इसका प्रभाव विश्व अर्थव्यवस्था पर होता है। अमेरिका एक उदार अर्थव्यवस्था के साथ एक बेहद विप्लवी राजनीतिक वातावरण भी रखता है। 

वर्तमान में, अमेरिकी आर्थिक नीति पर दो अखंडित पक्ष बने हुए हैं। एक ओर, एक धारावाहिक सोच वाले लोग मानते हैं कि कम टैक्स और कम नियामकन आर्थिक विकास को बढ़ावा देते हैं। दूसरी ओर, अधिकांश लोग समाजवादी नीतियों का समर्थन करते हैं जो अधिक न्यायसंगत अर्थव्यवस्था की दिशा में जाती है। 

डोनाल्ड ट्रम्प के राजनीतिक अ"
480,अमेरिका में हेल्थकेयर नीति: ओबामाकेयर बनाम निजीकरण,"अमेरिका में हेल्थकेयर नीति एक बहुत ही महत्वपूर्ण और विवादास्पद विषय है। इस विषय पर दो मुख्य पक्ष हैं - एक ओबामाकेयर के संयमित रूप से लागू किए गए सुधारों का पक्ष रखते हैं, तो दूसरे निजीकरण के समर्थन में हैं।

ओबामाकेयर कार्यक्रम को आम तौर पर Affordable Care Act (ACA) भी कहा जाता है, जिसका मुख्य लक्ष्य था सभी अमेरिकी नागरिकों को सस्ती और उचित हेल्थकेयर की सुविधा प्रदान करना। इसके तहत, नए और बेहतर स्वास्थ्य बीमा नीतियों की शुरुआत की गई, पूर्व मौजूदा नागरिकों के लिए पूर्व मौजूदा नीतियों को सुधारने का प्रयास किया गया और अस्वस"
481,अमेरिकी संविधान और उसकी राजनीति पर प्रभाव,"अमेरिकी संविधान एक महत्वपूर्ण दस्तावेज है जो अमेरिकी राजनीति पर गहरा प्रभाव डालता है। इसके संबंध में तीन मुख्य तत्व हैं - विभाजन शक्ति, गणराज्यीयता और सामान्य स्थिरता।

पहला तत्व, विभाजन शक्ति, संविधान द्वारा विभाजित शक्तियों को साफ करता है। अमेरिकी संविधान के अनुसार, कार्यकर्ता, विधायिका और न्यायपालिका में विभाजित शक्तियों का एक सुगठित प्रणाली है।

दूसरा तत्व, गणराज्यीयता, अमेरिकी संविधान के माध्यम से जनता को सरकार के निर्माण में भागीदार बनाता है। लोकतंत्र में लोगों को सत्ता और निर्णय लेने में सहायता मिलती ह"
482,अमेरिका की आर्थिक नीति और राजनीतिक विवाद,"अमेरिका की आर्थिक नीति और राजनीतिक विवाद विश्व के ध्यानाकर्षक विषयों में से एक है। इस देश की आर्थिक नीति और राजनीतिक विवादों का मुख्य कारण है विभिन्न राजनीतिक दलों के बीच विचारविरोध और विभिन्न पक्षों के अंतर्निहित हित और मतभेद।

आर्थिक नीति पर विवाद उत्पन्न होते हैं जब विभिन्न दलों के बीच यह मतभेद होता है कि कैसे विभिन्न आर्थिक मुद्दों का समाधान किया जाए। उदाहरण के लिए, कुछ दल आर्थिक नीति में उत्तरदायित्वपूर्ण वित्तीय व्यवस्था को प्राथमिक मानते हैं जबकि दूसरे दल सामाजिक न्याय और अर्थव्यवस्था में समावेश"
484,अमेरिका में गन कंट्रोल नीति पर बहस,"अमेरिका में गन कंट्रोल नीति एक बहस का विषय है जिसपर लोगों के विचार विभिन्न होते हैं। अमेरिका में गन कंट्रोल के पक्ष में यह कहा जाता है कि गन कंट्रोल कानूनें गुनाह को रोकने में मदद कर सकती हैं और देश की सुरक्षा में सहायक हो सकती हैं। विरोधी तत्व कहते हैं कि यह व्यक्तिगत स्वतंत्रता का उल्लंघन होता है और संविदान में उल्लंघन करता है।

अमेरिका में हाल ही में हुए गुनाहों के मामले ने इस मुद्दे को और भी महत्वपूर्ण बना दिया है। दुनिया भर में गन कंट्रोल के बढ़ते हुए मामलों के बीच, अमेरिका गन कंट्रोल कानूनों पर ध्यान केंद्रित कर रहा है।

"
483,अमेरिका में अप्रवासन नीति और उसकी राजनीति,"अमेरिका में अप्रवासन नीति और उसकी राजनीति एक चरमपंथी और विवादास्पद विषय है। अप्रवासन नीति का मतलब है किसी देश या क्षेत्र में विदेशी नागरिकों की प्रवेश रोकना या उन्हें वहाँ निवास करने से रोकना। अमेरिका ने अप्रवासन नीति को अपनाकर विभिन्न पहलुओं पर ध्यान केंद्रित किया है।

अमेरिका की अप्रवासन नीति मुख्य रूप से विभिन्न कारणों पर आधारित है, जैसे राष्ट्रीय सुरक्षा, अर्थव्यवस्था, सामाजिक और सांस्कृतिक परिवर्तन, आदि। अमेरिका ने अपनी नीतियों में संशोधन किया है ताकि देश की हितैषी प्रतिक्रिया के साथ सुरक्षित सीमा रखी ज"
478,डेमोक्रेटिक और रिपब्लिकन पार्टियों के बीच मुख्य अंतर,"डेमोक्रेटिक और रिपब्लिकन पार्टियें अमेरिकी राजनीति में महत्वपूर्ण भूमिका निभाती हैं और इनमें कई महत्वपूर्ण अंतर होते हैं। 

डेमोक्रेटिक पार्टी विशेषतः सामाजिक मुद्दों पर ध्यान केंद्रित करती है, जैसे कि स्वास्थ्य देखभाल, शिक्षा, वातावरण, गरीबी उन्मूलन और सामाजिक न्याय। वे राष्ट्रीय स्वास्थ्य सेवाएं बढ़ाने, बच्चों के लिए शिक्षा के लिए निवेश करने और जनता के अधिकारों का समर्थन करने पर जोर देती है। 

वहीं, रिपब्लिकन पार्टी आम तौर पर आर्थिक मुद्दों पर ज्यादा ध्यान केंद्रित करती है, जैसे कि कर न्याय, व्यापार नीति, क"
485,अमेरिकी विदेश नीति: चीन और रूस के साथ संबंध,"अमेरिकी विदेश नीति एक बहुआयामी और गंभीर विषय है जिसपर दुनिया की नजरें हैं। विशेष रूप से, अमेरिका के संबंध चीन और रूस के साथ महत्वपूर्ण हैं।

अमेरिका और चीन के रिश्ते एक दुसरे के साथ व्यापार, रक्षा, और राजनीतिक मुद्दों पर निर्भर करते हैं। चीन एक विकासशील और शक्तिशाली देश है, जिसका अमेरिका के लिए महत्वपूर्ण भूमिका है। दोनों देशों के बीच व्यापार संबंध महत्वपूर्ण है, लेकिन तकनीकी चोरी, व्यापारिक असमानता, और जलवायु परिवर्तन जैसे मुद्दे उठ रहे हैं।

अमेरिका और रूस के संबंध भी उभरते मुद्दों से"
486,अमेरिका में नस्लीय न्याय और राजनीतिक सुधार,"अमेरिका में नस्लीय न्याय और राजनीतिक सुधार एक लम्बे समय से चर्चा का विषय रहा है। अमेरिका एक देश है जिसमें नस्लीय और जातीय भेदभाव के मुद्दे कई दशकों से मौजूद हैं। हालांकि, विभिन्न कानूनी और सामाजिक पहलुओं के माध्यम से नस्लीय न्याय और राजनीतिक सुधार का प्रयास किया जा रहा है।

नस्लीय न्याय के मामले में, सुप्रीम कोर्ट ने ऐतिहासिक फैसले दिए हैं जैसे कि ब्राउन वी. बोर्ड ऑफ एजुकेशन (Brown v. Board of Education) जिसमें वह निर्धारित किया कि जिमक्रो को नस्लीय भेदभाव के खिलाफ लड़ाई में शामिल करना अवैध है। इसके अलावा, अमेरिकी संव"
487,अमेरिका में जलवायु परिवर्तन नीति और राजनीतिक प्रभाव,"अमेरिका में जलवायु परिवर्तन एक महत्वपूर्ण और विवादित विषय है, जो राजनीतिक और सामाजिक मामलों पर भी गहरा प्रभाव डालता है। अमेरिका ने पारिस समझौते के कार्यान्वयन के माध्यम से अपने जलवायु परिवर्तन के लक्ष्यों को साझा किया है, जिसमें उसने अपनी उत्पादन और कार्बन उत्सर्जन को कम करने के लिए प्रतिबद्धता जताई है।

हालांकि, अमेरिका की स्थानीय स्तर पर जलवायु परिवर्तन नीतियों पर बड़ा विचार है। कुछ राज्य और शहरी क्षेत्र ने अपनी अलग-अलग नीतियाँ बनाई हैं जो जलवायु परिवर्तन को संभावित तरीके से नियंत्रित करने पर केंद्रित हैं। इसके अल"
488,डेमोक्रेटिक और रिपब्लिकन पार्टियों के बीच मुख्य अंतर,"डेमोक्रेटिक और रिपब्लिकन पार्टियां संयुक्त राज्य अमेरिका की दो प्रमुख राजनीतिक पार्टियां हैं, जिनका विचारधारा, मूल्यों और उद्देश्यों में मुख्य भिन्नताएँ हैं।

डेमोक्रेटिक पार्टी एक केंद्रवादी पार्टी है जो सामाजिक और आर्थिक उन्नति, सामाजिक न्याय, व्यक्तिगत स्वतंत्रता और विविधता को प्रोत्साहित करती है। यह पार्टी आमतौर पर कानूनी और सामाजिक सुरक्षा की दिशा में विश्वास रखती है।

विरोधी रिपब्लिकन पार्टी एक दक्षिणी, दक्षिण-पश्चिमी और मध्य-पश्चिमी प्रदेशों में मजबूत है और इसका विचारधारा अधिक विरोधात्मक और संव"
489,अमेरिकी राष्ट्रपति चुनाव प्रणाली: एक विस्तृत विश्लेषण,"अमेरिकी राष्ट्रपति चुनाव प्रणाली एक व्यावसायिक, राजनीतिक और सामाजिक प्रक्रिया है जिसमें अमेरिकी नागरिक अपने राष्ट्रपति का चयन करते हैं। यह प्रक्रिया हर चार साल में आयोजित की जाती है और इसमें विशेष नियम और विधियाँ होती हैं।

अमेरिकी राष्ट्रपति चुनाव प्रणाली में चुनाव एक व्यक्तिगत चुनाव नहीं है, बल्कि एक उपनिवेशनीय प्रक्रिया है जिसमें राष्ट्रपति को चुनने के लिए विशेष विधियाँ हैं। शुरुआत में पार्टी ने अपने उम्मीदवारों का चयन किया जाता है, जिन्हें प्राथमिक चुनावों और पार्टी सम्मेलनों के माध्यम से चुना जाता है।

जब पार्टियो"
490,अमेरिकी विदेश नीति: चीन और रूस के साथ संबंध,"अमेरिकी विदेश नीति एक महत्वपूर्ण विषय है जिसमें चीन और रूस के साथ संबंध विशेष महत्व रखते हैं। चीन और रूस दोनों ही अमेरिका के विदेश नीति में महत्वपूर्ण भूमिका निभाते हैं और इसका प्रभाव विश्व के राजनीतिक और आर्थिक स्थिति पर पड़ता है।

चीन एक बड़ी आर्थिक शक्ति और अमेरिका का मुख्य व्यापार साथी है। दोनों देशों के बीच वाणिज्यिक संबंध महत्वपूर्ण हैं, लेकिन रक्षा, मानवाधिकार और तकनीकी चुनौतियों पर भी विचार किया जाना चाहिए। अमेरिकी विदेश नीति में चीन के साथ संबंध में संतुलन को बनाए रखना महत्वपूर्ण है।

द"
492,अमेरिका में अप्रवासन नीति और उसकी राजनीति,"अमेरिका में अप्रवासन नीति और उसकी राजनीति एक महत्वपूर्ण विषय है जो सामाजिक, आर्थिक और राजनीतिक पहलुओं पर प्रभाव डालता है। अमेरिका एक देश है जो वैश्विक मामलों में सबसे अधिक आकर्षित करने वाला देश है और इसलिए वहाँ की अप्रवासन नीति बहुत महत्वपूर्ण है।

अमेरिका की अप्रवासन नीति बारे में विभिन्न मतांतर मौजूद हैं। कुछ लोग मानते हैं कि अप्रवासन को बढ़ावा देना चाहिए ताकि विदेशी लोग नए कौशल और नौकरी के लिए आ सकें, जबकि दूसरे लोग इसे एक समस्या मानते हैं क्योंकि वे मानते हैं कि यह विदेशी लोगों के लिए स्थानी"
491,अमेरिकी सीनेट और हाउस ऑफ रिप्रेजेंटेटिव्स की भूमिका,"अमेरिकी संघीय सरकार में सीनेट और हाउस ऑफ रिप्रेजेंटेटिव्स दोनों ही महत्वपूर्ण संसदीय संस्थान हैं। सीनेट का मुख्य कार्य राष्ट्रपति द्वारा चुने गए सदस्यों के माध्यम से राष्ट्र के लिए विधायक कानून बनाना है। हाउस ऑफ रिप्रेजेंटेटिव्स का कार्य भी इसी प्रकार है, लेकिन इसमें सदस्यों का चयन निर्वाचन से होता है। 

सीनेट में प्रत्येक राज्य के लिए दो सदस्य होते हैं, जबकि हाउस ऑफ रिप्रेजेंटेटिव्स में सदस्यों की संख्या राज्य की आबादी के आधार पर होती है। सीनेट के सदस्यों की कार्यकाल छह वर्ष का होता है, जबकि हाउस ऑफ रिप्रेजेंटेटिव्स के सद"
493,अमेरिकी विदेश नीति: चीन और रूस के साथ संबंध,"अमेरिकी विदेश नीति में चीन और रूस के साथ संबंध एक महत्वपूर्ण विषय है। अमेरिका की विदेश नीति में चीन और रूस के साथ संबंध दोनों ही देशों के साथ उत्पादन, व्यापार, सुरक्षा और राजनीति से जुड़े होते हैं।

चीन के साथ अमेरिकी संबंधों में एक बड़ी मुद्दा व्यापार है। दोनों देशों के बीच व्यापारिक संबंध मजबूत हैं, लेकिन व्यापारिक विवादों के चलते दोनों देशों के बीच टैरिफ युद्ध भी हो रहा है। चीन की साइबर और गहरे समर्थन के कारण अमेरिका ने चीन के साथ सुरक्षा में भी चिंता व्यक्त की है।

रूस के साथ अमेरिकी संबंध भी महत्व"
494,अमेरिकी संविधान और उसकी राजनीति पर प्रभाव,"अमेरिकी संविधान एक महत्वपूर्ण दस्तावेज है जिसने अमेरिकी राजनीति को बहुत अधिक प्रभावित किया है। यह संविधान अमेरिकी संघीय संविधान है जो 1787 में बनाया गया था और अमेरिकी संघ की सरकार और उसकी व्यवस्था को परिभाषित करता है।

अमेरिकी संविधान ने एक विचारशील राजनीतिक प्रणाली की स्थापना की है जो व्यक्ति के अधिकारों और स्वतंत्रता को महत्व देती है। इसके अंतर्गत विभाजन और संतुलन के सिद्धांतों का पालन किया गया है जिससे सरकार की अधिकता और नियंत्रण को रोका जा सके।

अमेरिकी संविधान ने विभिन्न जातियों और समुदायों के लोगों को समान अ"
495,अमेरिकी विदेश नीति: चीन और रूस के साथ संबंध,"अमेरिकी विदेश नीति एक बहुत ही महत्वपूर्ण और गंभीर विषय है जिसमें चीन और रूस संबंध एक महत्वपूर्ण भूमिका निभाते हैं। अमेरिका की विदेश नीति चीन और रूस के साथ संबंध विशेष रूप से चुनौतीपूर्ण हैं।

चीन के साथ अमेरिकी संबंध व्यापाक हैं, जिसमें व्यापार, रक्षा, और तकनीकी सहयोग शामिल हैं। हालांकि, चीन के अवैध कार्यों, मानवाधिकारों की उल्लंघन, और फाइबर ऑप्टिक्स नेटवर्क के माध्यम से अमेरिका के साइबर सुरक्षा के खिलाफ चीन की चुनौती है।

दूसरी ओर, अमेरिका और रूस के संबंध बहुत जटिल हैं। वे न्यूक्लियर"
496,अमेरिकी सीनेट और हाउस ऑफ रिप्रेजेंटेटिव्स की भूमिका,"अमेरिकी सीनेट और हाउस ऑफ रिप्रेजेंटेटिव्स दोनों ही संघीय संसदीय दल हैं जो संयुक्त राज्य अमेरिका की विधायिका शाखा के रूप में काम करते हैं। ये दोनों ही संसदीय सदन अमेरिकी संविधान द्वारा स्थापित किए गए हैं।

अमेरिकी सीनेट एक प्रतिनिधि सभा है जिसमें प्रत्येक राज्य से दो सदस्य होते हैं। यहाँ प्रत्येक राज्य की अद्वितीयता को मजबूत किया गया है और इसे राष्ट्रीय स्तर पर प्रतिनिधित्व देने का माध्यम बनाया गया है। सीनेट के सदस्यों का अधिकार 6 वर्ष के लिए होता है।

हाउस ऑफ रिप्रेजेंटेटिव्स एक औपचारिक प्रतिनिधि सभा है जिसमें स"
497,अमेरिका में गन कंट्रोल नीति पर बहस,"अमेरिका में गन कंट्रोल नीति के मुद्दे एक दीर्घकालिक और विवादास्पद विषय रहे हैं। देश में गन कंट्रोल के पक्ष और विपक्ष दोनों हैं। एक ओर प्रमुख तरीके से गन समर्थन करने वाले व्यक्ति सुरक्षा के लिए गन करीब रखने का अधिकार की मांग करते हैं, जबकि दूसरी ओर गन कंट्रोल समर्थक उन्हें कठिनाइयों की बजाय गन कानूनों की सख्तता की मांग करते हैं।

अमेरिकी गन कंट्रोल नीति पर बहस का मुख्य कारण है गन द्वारा होने वाली हिंसा की बढ़ती घटनाएं। विरोध करने वालों का कहना है कि गन कंट्रोल के कड़े कानूनों के बिना लोग आसानी से गन क्रिमिनल्स द्व"
498,अमेरिकी राजनीति में लॉबिंग और उसका प्रभाव,"लॉबिंग एक प्रक्रिया है जिसमें व्यक्ति या समूह निरंतर सरकारी निर्णयकर्ताओं या निर्णय लेने वाले अधिकारियों से मिलते हैं ताकि वे अपने हित में निर्णय लें। यह अमेरिकी राजनीति में एक महत्वपूर्ण भूमिका निभाता है, जिसका असर सरकारी निर्णयों पर पड़ता है।

लॉबिंग के माध्यम से विभिन्न ग्रुप्स और कम्पनियां अपने हितों की प्राप्ति के लिए सरकारी नीतियों और कानूनों में परिवर्तन करवाने का प्रयास करती हैं। यहाँ तक कि वे नए कानूनों के लिए प्रस्ताव भी देते हैं।

अमेरिकी राजनीति में लॉबिंग का प्रभाव विवादास्पद है। कुछ लोग मानते ह"
499,अमेरिकी राष्ट्रपति चुनाव प्रणाली: एक विस्तृत विश्लेषण,"अमेरिका में राष्ट्रपति चुनाव प्रक्रिया एक व्यापक और रूचिकर होती है जो व्यापक और देश के लोगों को सहयोग और सहयोग देती है। अमेरिकी राष्ट्रपति चुनाव प्रणाली के विशेषता में सबसे महत्वपूर्ण भाग राष्ट्रपति के चयन की प्रक्रिया है। इस प्रक्रिया में प्रत्येक राज्य की मतगणना नियंत्रित होती है और राष्ट्रपति के लिए वोट दिया जाता है।

अमेरिका में राष्ट्रपति का चयन साल में एक बार होता है और इस प्रक्रिया के लिए उम्मीदवारों को पार्टी द्वारा उम्मीदवार बनाने की आवश्यकता होती है। यह प्रक्रिया विश्वसनीयता और निष्पक्षता के साथ संचालित होती है त"
500,अमेरिकी मीडिया और राजनीति: निष्पक्षता बनाम ध्रुवीकरण,"अमेरिकी मीडिया और राजनीति के बीच निष्पक्षता और ध्रुवीकरण का मुद्दा एक बहुत महत्वपूर्ण विषय है। मीडिया का काम होता है समाज को सच्चाई और न्याय की जानकारी देना, लेकिन अक्सर इसमें ध्रुवीकरण का सामना करना पड़ता है।

अमेरिका में मीडिया के दो बड़े प्रकार हैं - लिबरल और कंसर्वेटिव। लिबरल मीडिया जैसे CNN, न्यूयॉर्क टाइम्स आदि को देश के विभिन्न मुद्दों पर खुलकर विचार व्यक्त करने का आरोप लगाया जाता है, जबकि कंसर्वेटिव मीडिया जैसे FOX News, वॉल स्ट्रीट जर्नल इत्यादि को ध्रुवीकरण का आरोप लगाया जाता है।

राजनीतिक ध्रुवीकर"
502,अमेरिकी विदेश नीति: चीन और रूस के साथ संबंध,"अमेरिकी विदेश नीति में चीन और रूस के साथ संबंध अत्यंत महत्वपूर्ण हैं। चीन व रूस दोनों ही भारी राजनीतिक और आर्थिक बलवान देश हैं और उनके साथ संबंधों का प्रबंधन संक्षिप्त शब्दों में सोच से निपटना अद्भुत कौशल की आवश्यकता है। चीन के साथ अमेरिका के संबंध विपक्षी हैं, जबकि रूस के साथ तनावपूर्ण हैं। चीन के साथ अमेरिका की व्यापक व्यापारिक और रक्षा संबंध हैं, जिसमें टैरिफ और प्रौद्योगिकी के क्षेत्र में टकराव है। वहाँ के विवादों के बावजूद, चीन के साथ अमेरिका ने साइबर सुरक्षा के क्षेत्र में सहयोग किया है।

दूस"
501,अमेरिकी मीडिया और राजनीति: निष्पक्षता बनाम ध्रुवीकरण,"अमेरिकी मीडिया और राजनीति के बीच निष्पक्षता और ध्रुवीकरण का मुद्दा एक दिक्कत बन चुका है। एक अच्छी निष्पक्ष मीडिया की आवश्यकता है ताकि लोग सही जानकारी प्राप्त कर सकें और स्वतंत्र तरीके से अपने विचार और निर्णय ले सकें। हालांकि, अमेरिकी मीडिया में अक्सर राजनीतिक पक्षपात और ध्रुवीकरण की समस्या होती है।

अमेरिकी मीडिया का ध्रुवीकरण उसकी निष्पक्षता को कम करता है। ध्रुवीकरण के कारण मीडिया एक विशेष धारणा या पक्ष को बढ़ावा देने लगती है और अन्य धारणाओं को नजरअंदाज कर देती है। इसके परिणामस्वरूप, लोग सही जानक"
503,अमेरिका में जलवायु परिवर्तन नीति और राजनीतिक प्रभाव,"अमेरिका में जलवायु परिवर्तन एक गंभीर मुद्दा है जिसका राजनीतिक प्रभाव देश के भविष्य पर सीधे प्रभाव डाल सकता है। ग्लोबल वार्मिंग, जलवायु परिवर्तन और पर्यावरणीय बदलाव के लिए अमेरिकी सरकार ने कई नीतियाँ बनाई हैं।

अमेरिका में जलवायु परिवर्तन के खिलाफ कई संगठन हैं जो नए नीतियों के लिए लड़ रहे हैं। पिछले कुछ वर्षों में, अमेरिकी सरकार ने प्रदूषण कम करने, ऊर्जा संक्रियात्मक तकनीकों का प्रचार करने और जल संसाधनों के प्रबंधन के लिए नीतियाँ बनाई हैं।

इन नीतियों का प्रभाव लोगों के जीवन पर सीधे पड़ता है। ऊर्जा संक्र"
504,अमेरिका में जलवायु परिवर्तन नीति और राजनीतिक प्रभाव,"अमेरिका में जलवायु परिवर्तन नीति और राजनीतिक प्रभाव

जलवायु परिवर्तन एक बड़ी चुनौती है जिससे अमेरिका भी प्रभावित है। अमेरिकी सरकार ने इस चुनौती को गंभीरता से लिया है और उसने कई नीतियों और कदमों को अपनाया है।

अमेरिकी सरकार ने 2015 में पेरिस समझौते को स्वीकार किया, जिसमें उसने अपने जलवायु उत्पादन कम करने के लिए विभिन्न प्रतिबद्धताएं दी हैं। इसके अलावा, अमेरिका ने क्लीन पावर प्लान और अन्य नीतियों को भी लागू किया है जिनका मुख्य उद्देश्य जलवायु परिवर्तन को रोकना और उसका प्रभाव कम करना है।

इन नीतियों का अमेरिकी र"
505,अमेरिकी विदेश नीति: चीन और रूस के साथ संबंध,"अमेरिकी विदेश नीति एक अत्यंत महत्वपूर्ण विषय है जिसपर पूरी दुनिया का ध्यान रहता है। चीन और रूस दोनों अमेरिका के लिए बड़े और महत्वपूर्ण देश हैं और उनके साथ संबंधों का व्यवहार विशेष ध्यान धारित करना चाहिए।

चीन अमेरिका के लिए एक बड़ा व्यापारिक साथी है, लेकिन इसके साथ ही यह भी एक दूसरे के विपक्ष में रहने वाले देश हैं। चीन के साथ अमेरिका के बीच व्यापारिक संबंध और आर्थिक सहयोग के अलावा साइबर सुरक्षा, विमानपत्तियों की बातचीत और विवादों का समाधान जैसे मुद्दों पर समझौते करने की आवश्यकता है।

रूस भी अमेर"
507,अमेरिका में सुप्रीम कोर्ट की भूमिका और प्रभाव,"अमेरिका में सुप्रीम कोर्ट एक महत्वपूर्ण संवैधानिक संस्था है जिसकी मुख्य भूमिका यह है कि वह संवैधानिक मामलों को सुनने और निर्णय देने की जिम्मेदारी निभाती है। सुप्रीम कोर्ट के न्यायाधीशों का नियुक्ति अमेरिकी राष्ट्रपति द्वारा की जाती है और उनकी स्थिति जीवन भर स्थायी होती है। सुप्रीम कोर्ट के निर्णयों का प्रभाव देश की संवैधानिक धारा पर होता है और इसके निर्णय अमेरिकी समाज पर गहरा प्रभाव डालते हैं।

सुप्रीम कोर्ट के निर्णयों का महत्व इसलिए है क्योंकि इससे व्यक्ति के अधिकार और कर्तव्यों को सुरक्षित किया जाता है और समाज के लिए न"
506,अमेरिका में सुप्रीम कोर्ट की भूमिका और प्रभाव,"अमेरिका में सुप्रीम कोर्ट को संविधान की रक्षा और न्याय के विभिन्न मुद्दों पर निर्णय देने का प्रमुख संवैधानिक अधिकार है। सुप्रीम कोर्ट की भूमिका महत्वपूर्ण है क्योंकि यह अमेरिकी न्याय प्रणाली का अंतिम न्यायिक अधिकारी है जिसका निर्णय सभी अन्य न्यायिक संस्थानों के निर्णयों पर प्रभाव डालता है।

सुप्रीम कोर्ट के निर्णयों का प्रभाव बहुत दिलचस्प है क्योंकि इन निर्णयों के माध्यम से नवीनतम कानूनी और सामाजिक मुद्दों पर निर्णय दिया जाता है। यहाँ तक कि सुप्रीम कोर्ट के निर्णय अमेरिकी समाज में एक नए संस्कृति को भी प्रेरित कर सकते हैं"
509,अमेरिका में जलवायु परिवर्तन नीति और राजनीतिक प्रभाव,"अमेरिका में जलवायु परिवर्तन का मुद्दा एक गंभीर रूप से उभर रहा है और इसका राजनीतिक प्रभाव भी हो रहा है। अमेरिका ने पारिस समझौते में अपनी प्रतिबद्धता को पुनरारंभ किया है, जिसमें देश ने अपने उत्सर्जनों को 2030 तक 50-52% तक कम करने का लक्ष्य रखा है।

इसके साथ ही, अमेरिकी राष्ट्रपति जो बाइडेन ने जलवायु परिवर्तन को अपनी प्राथमिकता बनाया है और उसने अपने कार्यकाल में कई महत्वपूर्ण नीतियों को शुरू किया है। उनकी प्रमुख उपलब्धियों में भूमि और वन्यजीव संरक्षण, ऊर्जा विनियामक नीतियां, वायुमंडलीय ऊर्जा के लिए नीतियां और सड"
508,अमेरिका में जलवायु परिवर्तन नीति और राजनीतिक प्रभाव,"अमेरिका में जलवायु परिवर्तन एक बड़ी चुनौती है और इसके लिए नीतियों और राजनीतिक प्रभाव काफी महत्वपूर्ण हैं। अमेरिकी संघीय सरकार ने पिछले कुछ वर्षों में जलवायु परिवर्तन को गंभीरता से लिया है और इस पर नीतियाँ बनाने में सक्रिय रही है।

अमेरिका की जलवायु परिवर्तन नीति का मुख्य ध्यान क्षेत्र वायुमंडलीय गैसों की एमिशन कम करने पर है। पिछले कुछ वर्षों में, अमेरिका ने पेरिस समझौते में शामिल होने का फैसला किया है और अपने एमिशन कम करने के लक्ष्यों को बढ़ाया है। इसके अलावा, जलवायु परिवर्तन से जुड़े विभिन्न क्षेत्रों में नीत"
510,अमेरिका में गन कंट्रोल नीति पर बहस,"अमेरिका में गन कंट्रोल नीति एक बहुत ही विवादास्पद और उष्ण विषय है। गन कंट्रोल के पक्ष में यह कहा जाता है कि गन कंट्रोल कानूनों के माध्यम से अवैध हथियारों के उपयोग को रोका जा सकता है और इससे सामाजिक सुरक्षा में सुधार हो सकता है। विरोधी पक्ष में यह दावा किया जाता है कि गन कंट्रोल कानून स्वतंत्रता की हनन करते हैं और लोगों को स्वायत्ता से सम्बंधित अधिकार से वंचित कर देते हैं।

अमेरिका में हाल ही में हुए कई गन दुर्घटनाओं ने गन कंट्रोल के मुद्दे को और भी महत्वपूर्ण बना दिया है। इन घटनाओं ने सामाजिक चरणों को हिला दिया है और लो"
511,अमेरिकी राजनीति में लॉबिंग और उसका प्रभाव,"लॉबिंग एक प्रक्रिया है जिसमें व्यक्ति या समूह सरकारी निर्णयकर्ताओं और नीति निर्माताओं के साथ संपर्क स्थापित करके अपने हितों की रक्षा करने की कोशिश करते हैं। अमेरिकी राजनीति में लॉबिंग का प्रभाव बहुत महत्वपूर्ण है और यह नीतियों और कानूनों के निर्माण में महत्वपूर्ण भूमिका निभाता है।

लॉबिंग के माध्यम से व्यापक रूप से लोकतंत्रिक प्रक्रिया पर प्रभाव डाला जा सकता है। लॉबिस्ट जिन्होंने विशेष विषयों में विशेषज्ञता प्राप्त की है, सरकारी नीतियों में सुधार करने की सलाह दे सकते हैं। वे सांसदों और निर्णयकर्ताओं को अपने विचार प्रस"
512,अमेरिकी संविधान और उसकी राजनीति पर प्रभाव,"अमेरिकी संविधान एक महत्वपूर्ण दस्तावेज है जो संयुक्त राष्ट्र की संविधानिक डेमोक्रेसी की आधारशिला है। यह संविधान स्वतंत्रता, समानता, न्याय और धर्म के मूल्यों को प्रशासन करने के लिए डिज़ाइन किया गया है। इसके प्रमुख प्रभावों में स्वतंत्रता का अधिकार, राष्ट्रीय स्वायत्तता, और सरकार की विभाजन शामिल हैं।

अमेरिकी संविधान के प्रभाव से उत्पन्न राजनीतिक प्रणाली में भी गहरा परिणाम है। यहाँ कुछ महत्वपूर्ण प्रभाव दिए जा रहे हैं:

1. संविधान में दिए गए अधिकारों के कारण नागरिकों में सामाजिक संवेदनशीलता बढ़ी है। यहाँ जनता को अपन"
514,डेमोक्रेटिक और रिपब्लिकन पार्टियों के बीच मुख्य अंतर,"अमेरिका में डेमोक्रेटिक और रिपब्लिकन पार्टियाँ दो प्रमुख राजनीतिक पार्टियाँ हैं जो देश की राजनीतिक व्यवस्था में महत्वपूर्ण भूमिका निभाती हैं। ये दोनों पार्टियाँ विभिन्न दृष्टिकोण और मूल्यों को अपनाती हैं।

डेमोक्रेटिक पार्टी विशेष रूप से विश्वास रखती है कि समाज में समानता, न्याय, और सामाजिक सुरक्षा होनी चाहिए। यह पार्टी आमतौर पर सामाजिक कार्यकर्ता, मानवाधिकार और पर्यावरण के पक्षधर हैं। वे आम जनता के हित में बदलाव लाने का प्रयास करते हैं।

वहीं, रिपब्लिकन पार्टी जाति, धर्म, स्वतंत्रता और व्यापार के मामलों में अधिक"
515,डेमोक्रेटिक और रिपब्लिकन पार्टियों के बीच मुख्य अंतर,"अमेरिका के राजनीतिक सिद्धांत में डेमोक्रेटिक और रिपब्लिकन पार्टियों का महत्वपूर्ण स्थान है। ये दोनों पार्टियां अमेरिकी राजनीति में व्यापक प्रभाव रखती हैं और इनके बीच कई मुख्य अंतर हैं।

एक अंतर यह है कि डेमोक्रेटिक पार्टी अधिकतर लिबरल सिद्धांतों का समर्थन करती है, जबकि रिपब्लिकन पार्टी कंसर्वेटिव सिद्धांतों का पक्ष लेती है। डेमोक्रेट्स आम तौर पर समाजवादी नीतियों का समर्थन करते हैं, जैसे कि स्वास्थ्य सुरक्षा, शिक्षा, और कामगारों के अधिकार। वहीं रिपब्लिकन्स आम तौर पर आर्थिक स्वतंत्रता, निजी स्वामित्व, और व्यवसायों क"
517,अमेरिका में गन कंट्रोल नीति पर बहस,"अमेरिका में गन कंट्रोल नीति एक बहुत ही विवादास्पद विषय है। वामपंथी और संविदानशील समूह गन कंट्रोल की सख्ती की मांग करते हैं, जबकि दक्षिणपंथी और धर्मनिरपेक्ष समूह गन स्वतंत्रता के पक्ष में होते हैं।

उस तरह से, लोगों के विचार विभिन्न होते हैं। एक पक्ष कहता है कि गन कंट्रोल की सख्ती से अपराधों में कमी होगी और सामाजिक सुरक्षा में सुधार होगा, जबकि दूसरी ओर यह कहते हैं कि गन स्वतंत्रता से लोग अपनी स्वतंत्रता का अधिकार बनाए रख सकते हैं और अपनी सुरक्षा की जिम्मेदारी ले सकते हैं।

अमेरिका में हर साल हजारों गन हिंसा के मामले होते हैं"
516,अमेरिका में गन कंट्रोल नीति पर बहस,"गन कंट्रोल एक विवादास्पद और चर्चित विषय है, खासकर अमेरिका में। यहाँ पर गन कंट्रोल के समर्थक और विरोधक दोनों दल हैं। विरोधक दल कहता है कि यह एक व्यक्तिगत स्वतंत्रता का प्रशासनीकरण है और इसका महत्वपूर्ण साधन है। वे यह भी कहते हैं कि गन कंट्रोल कानून अवैध गन हथियार के उपयोग से रोकथाम करते हैं।

विपक्षी दल कहता है कि गन कंट्रोल कानून स्वतंत्रता की अनियंत्रित नाकारात्मकता है और यह नागरिकों को स्वतंत्रता से वंचित कर देता है। उनका मानना है कि समस्याओं का समाधान गन कंट्रोल कानून में नहीं है, बल्कि ठोस नीतियों और शिक्षा में ह"
519,अमेरिका में हेल्थकेयर नीति: ओबामाकेयर बनाम निजीकरण,"अमेरिका में हेल्थकेयर नीति एक महत्वपूर्ण और विवादास्पद विषय है, जिसमें विभिन्न सिद्धांतों और प्रणालियों के बीच एक चर्चा है। अमेरिका में हेल्थकेयर के क्षेत्र में दो मुख्य प्रणालियाँ हैं - ओबामाकेयर अधिनियम और निजीकरण।

ओबामाकेयर अधिनियम, जिसे आधिकारिक रूप से पेशकश किया गया था, एक सरकारी हेल्थकेयर प्रणाली है जिसका मुख्य उद्देश्य सभी नागरिकों को सस्ती और उचित हेल्थकेयर सुविधाएं प्रदान करना है। इस प्रणाली में सरकार ने निर्धारित नियमों और मानकों के अनुसार लोगों को हेल्थ इनश्योरेंस कवरेज प्रदान करने के लिए बाध्य किय"
518,अमेरिकी विदेश नीति: चीन और रूस के साथ संबंध,"अमेरिकी विदेश नीति में चीन और रूस के साथ संबंध एक महत्वपूर्ण विषय है। चीन और रूस दोनों भारी निर्देशक देश हैं और उनकी भूमिका वैश्विक राजनीति में महत्वपूर्ण है। अमेरिका के संबंध इन दोनों देशों के साथ अभियानों, व्यापार, वित्त, रक्षा और अन्य क्षेत्रों में महत्वपूर्ण हैं।

चीन से संबंधों में एक मुख्य मुद्दा उसकी अभियानिक गतिविधियों, व्यापार और वित्तीय संबंध हैं। चीन अमेरिका के सबसे बड़े व्यापारिक साथी है और दोनों देशों के बीच व्यापार संबंध अहम है। हाल ही में, दोनों देशों के बीच टेक्नोलॉजी और व"
520,अमेरिका में अप्रवासन नीति और उसकी राजनीति,"अमेरिका में अप्रवासन नीति और उसकी राजनीति एक बहुत महत्वपूर्ण और विवादित विषय है। अप्रवासन या अवैध आसन्नता के कारण अमेरिका ने अपनी नीतियों में कई बदलाव किए हैं। इसके पीछे कई कारण हैं जैसे अर्थव्यवस्था, सुरक्षा, और सामाजिक दबाव।

अमेरिका की अप्रवासन नीति का प्रमुख लक्ष्य गैरकानूनी प्रवासन को रोकना है। इसके लिए अमेरिकी सरकार ने कई कठोर कदम उठाए हैं। उदाहरण के लिए, अमेरिका ने अपने सीमावर्ती देशों के साथ सुरक्षा साझेदारी बढ़ाई है और अप्रवासन के लिए सख्त कानूनों का पालन करवाया है। इसके अतिरिक्त, अम"
521,अमेरिकी सीनेट और हाउस ऑफ रिप्रेजेंटेटिव्स की भूमिका,"अमेरिकी संघीय राजनीति में सीनेट और हाउस ऑफ रिप्रेजेंटेटिव्स दो महत्वपूर्ण संस्थाएं हैं। इन दोनों संस्थाओं का महत्वपूर्ण योगदान है अमेरिकी लोकतंत्र की सुनिश्चित करने में।

सीनेट, जिसे संसद का उच्च सदन भी कहा जाता है, प्रत्येक राज्य से दो सदस्यों को चुनकर भरा जाता है। इन सदस्यों का कार्यकाल 6 वर्ष का होता है और वे राष्ट्रपति द्वारा नियुक्त किए जाते हैं। सीनेट का मुख्य कार्य विधायिका प्रक्रिया में भाग लेना है और विभिन्न राजनीतिक मुद्दों पर विचार-विमर्श करना है।

हाउस ऑफ रिप्रेजेंटेटिव्स, जिसे संसद का निचला सदन भी कहा जात"
523,अमेरिका में अप्रवासन नीति और उसकी राजनीति,"अमेरिका में अप्रवासन नीति एक चरमपंथी और विवादास्पद विषय है। इस विषय पर विभिन्न राजनीतिक दल और समुदाय विचार विभाजित हैं। अप्रवासन नीति के पक्ष में हमें यह दिखाना चाहिए कि इससे अमेरिकी नागरिकों के रोजगार और सुरक्षा में सुधार होगा। उन्हें यह भी महत्वपूर्ण है कि स्वदेशी श्रमिकों को काम के लिए अधिक विकल्प मिलें। विपक्ष में लोग यह दावा करते हैं कि अप्रवासन नीति अमेरिकी वैश्विक स्थिति को कमजोर कर सकती है और विदेशी श्रमिकों के अधिकारों को उजागर कर सकती है।

अमेरिका में अप्रवासन नीति का प्रमुख विषय होता है विदेशी काम"
522,अमेरिका की आर्थिक नीति और राजनीतिक विवाद,"अमेरिका की आर्थिक नीति और राजनीतिक विवाद विश्व के लिए महत्वपूर्ण हैं। अमेरिका दुनिया की सबसे बड़ी अर्थव्यवस्था है और इसकी नीतियों का प्रभाव विश्व के अन्य देशों पर भी होता है। अमेरिका की आर्थिक नीति उसके अर्थव्यवस्था को सुदृढ़ और सुरक्षित बनाए रखने के लिए महत्वपूर्ण है।

हाल ही में, अमेरिका में आर्थिक और राजनीतिक विवाद बढ़ गए हैं। एक ओर, सरकार ने कोविड-19 महामारी के प्रभाव से निपटने के लिए विभिन्न आर्थिक योजनाएं शुरू की हैं, जबकि दूसरी ओर, इन योजनाओं पर संविदानिकता और अन्य राजनीतिक मुद्दों पर विवाद"
513,डेमोक्रेटिक और रिपब्लिकन पार्टियों के बीच मुख्य अंतर,"अमेरिकन राजनीति में डेमोक्रेटिक और रिपब्लिकन पार्टियां दो मुख्य राजनीतिक दल हैं जो देश के नेतृत्व करते हैं। ये दोनों पार्टियां अपने विचारों, मूल्यों और नीतियों में अंतर रखती हैं।

डेमोक्रेटिक पार्टी आम तौर पर लिबरल और प्रगतिशील मानती है। यह पार्टी आम जनता के हित के लिए सामाजिक कार्यक्रमों, वित्तीय एकर्षण कम करने, गरीबी कम करने और जनस्वास्थ्य सुधारने के पक्षधर हैं। डेमोक्रेट्स अक्सर वातावरण, शिक्षा, स्वास्थ्य और शोषण के खिलाफ भी आवाज उठाते हैं।

विपक्ष में, रिपब्लिकन पार्टी अक्सर कंसर्वेटिव और उदार होती है"
524,अमेरिकी सीनेट और हाउस ऑफ रिप्रेजेंटेटिव्स की भूमिका,"अमेरिका में संघीय राज्यतंत्र के संविधानिक ढांचे के अनुसार, संसद के दो सदन होते हैं - सीनेट और हाउस ऑफ रिप्रेजेंटेटिव्स। ये दोनों सदन संघीय राज्यतंत्र की नींव होते हैं और अमेरिकी राजनीति में महत्वपूर्ण भूमिका निभाते हैं।

सीनेट, जिसे उच्च सदन भी कहा जाता है, में प्रत्येक राज्य से दो सदस्य होते हैं, जो कुल मिलाकर 100 सदस्य होते हैं। सीनेट के सदस्यों का कार्यकाल 6 वर्ष का होता है। एक सांसद का चयन राज्य की विधानसभा द्वारा किया जाता है।

हाउस ऑफ रिप्रेजेंटेटिव्स या निचला सदन, जिसे सर्वोच्च सदन भी कहा जाता है, में सदस्यों"
525,अमेरिका में अप्रवासन नीति और उसकी राजनीति,"अमेरिका में अप्रवासन नीति एक महत्वपूर्ण राजनीतिक मुद्दा है जिसपर दिन-प्रतिदिन अधिकारियों, नेताओं और जनता के बीच बहस और विवाद चलता रहता है। अप्रवासन नीति का मुख्य उद्देश्य यह है कि किसी भी देश या क्षेत्र में विदेशी नागरिकों की प्रवेश और निवास का तरीका संयंत्रित रहे और उनके आगमन को नियंत्रित किया जा सके।

अमेरिका में अप्रवासन नीति के मुद्दे बहुत विवादास्पद हैं। एक ओर, कुछ लोग अप्रवासन के खिलाफ हैं और उनका कहना है कि अप्रवासन नीति विदेशी नागरिकों के लिए अनुचित है। दूसरी ओर, कुछ लोग इसे आवश्यक मानते हैं और"
527,अमेरिका में गन कंट्रोल नीति पर बहस,"अमेरिका में गन कंट्रोल एक बहुत चर्चित और विवादास्पद विषय है। गन कंट्रोल का मतलब है किसी भी तरह की अवैध या अविश्वसनीय तरीके से हथियारों की प्राप्ति और उपयोग को नियंत्रित करना। यह नीति अमेरिका में गुण संशोधन के पक्ष और विरोधी दोनों तरफ बहुत जोरदार है।

गुण संशोधन के पक्ष मानते हैं कि गन कंट्रोल से अवैध हथियारों का प्रयोग कम होगा, जिससे जनता की सुरक्षा में सुधार होगा। उनका मानना है कि सख्त नियंत्रण नीतियां अपराधों को रोक सकती हैं और सामाजिक सुरक्षा में सुधार कर सकती हैं।

विरोधी तरफ से यह विचार किया जाता है कि"
529,अमेरिकी सीनेट और हाउस ऑफ रिप्रेजेंटेटिव्स की भूमिका,"अमेरिकी संघीय संविधान के अनुसार, संयुक्त राज्य अमेरिका के संसद का अधिकारिक नाम 'कांग्रेस' है, जिसे दो सदनों में विभाजित किया गया है - सीनेट और हाउस ऑफ रिप्रेजेंटेटिव्स।

सीनेट, जिसे राज्य सभा भी कहा जाता है, प्रत्येक राज्य से दो सांसदों को भेजने का अधिकार देता है। सीनेट की संख्या स्थायी होती है, जिससे राज्यों का बल प्रभावित नहीं होता। सीनेट में प्रत्येक सांसद का कार्यकाल छह वर्ष का होता है।

हाउस ऑफ रिप्रेजेंटेटिव्स, जिसे संसद की निम्न सदन भी कहा जाता है, लोकतंत्रीय रूप से चुने गए सदस्यों के संगठन होता है जो लोगों के"
528,डेमोक्रेटिक और रिपब्लिकन पार्टियों के बीच मुख्य अंतर,"अमेरिका में डेमोक्रेटिक और रिपब्लिकन पार्टियां दो प्रमुख राजनीतिक दल हैं, जो वहाँ की राजनीतिक स्कीम में महत्वपूर्ण भूमिका निभाती हैं। ये दोनों पार्टियां अपनी विचारधारा और मूल्यों में अंतर रखती हैं।

डेमोक्रेटिक पार्टी वामपंथी सोच और सामाजिक न्याय के पक्षधर है। यह पार्टी आम तौर पर सामाजिक कार्यक्रमों, स्वास्थ्य और शिक्षा के लिए अधिक वित्तीय सहायता, पर्यावरण संरक्षण, गुणवत्ता और उन्नति के प्रोत्साहन, गुणवत्ता और उन्नति के प्रोत्साहन, और आम लोगों के हित में नीतियों का समर्थन करती है।

वहीं, रिपब्लिकन पार्टी दाएं क"
526,अमेरिकी सीनेट और हाउस ऑफ रिप्रेजेंटेटिव्स की भूमिका,"अमेरिकी सीनेट और हाउस ऑफ रिप्रेजेंटेटिव्स दोनों ही संघीय संसद के दो सदन हैं जो संयुक्त राज्य अमेरिका की संविधानिक प्रणाली का हिस्सा हैं।

सीनेट: यह एक प्रतिनिधिमंडल है जिसमें प्रत्येक राज्य का समान मात्रा में प्रतिनिधि होता है, चाहे वह राज्य छोटा हो या बड़ा। सीनेट में 100 सीटें होती हैं, जिनमें हर राज्य से दो सीटें होती हैं। सीनेट की भूमिका विधायिका और संसदीय प्रक्रिया में समानता और संतुलन बनाए रखना है।

हाउस ऑफ रिप्रेजेंटेटिव्स: यह एक लोकप्रिय अभिव्यक्तिमंडल है जिसमें प्रत्येक राज्य की आवाज को विभिन्न आधारों पर दर्ज किया"
530,अमेरिका में जलवायु परिवर्तन नीति और राजनीतिक प्रभाव,"अमेरिका में जलवायु परिवर्तन एक महत्वपूर्ण राजनीतिक मुद्दा बन चुका है। विश्व के अन्य हिस्सों की तरह, अमेरिका भी जलवायु परिवर्तन के प्रभावों से प्रभावित हो रहा है। ग्लोबल वार्मिंग, जलवायु परिवर्तन, वन्य जीव उत्थान, और प्राकृतिक आपदाएं आदि इसे प्रभावित कर रहे हैं।

अमेरिकी सरकार ने जलवायु परिवर्तन के लिए विभिन्न नीतियों की घोषणा की है, जैसे कि पेरिस समझौता और क्लीन पावर प्लान। ये नीतियां जलवायु परिवर्तन के प्रभावों को कम करने और पर्यावरण को सुरक्षित बनाने की दिशा में कदम उठाने की कोशिश कर रही हैं।

इन नीतियों के प्र"
531,अमेरिका में नस्लीय न्याय और राजनीतिक सुधार,"अमेरिका में नस्लीय न्याय और राजनीतिक सुधार एक लंबे समय से चर्चा का विषय रहा है। नस्लीय न्याय एक महत्वपूर्ण मुद्दा है जिसे अमेरिकी समाज में गंभीरता से लिया जा रहा है। अमेरिका में नस्लीय भेदभाव के खिलाफ लड़ाई लगातार चल रही है और समुदायों ने इसे एक महत्वपूर्ण मुद्दा बनाया है।

अमेरिका में नस्लीय न्याय के क्षेत्र में कई कदम उठाए गए हैं, जैसे कि नस्लीय भेदभाव के खिलाफ कानूनों में संशोधन करना, समुदायों के बीच समझौतों को प्रोत्साहित करना और नस्लीय समानता को बढ़ावा देना। अमेरिकी न्यायिक प्रणाली ने भ"
532,अमेरिका में मतदाता अधिकार और चुनाव सुधार,"अमेरिका में मतदाता अधिकार और चुनाव सुधार एक महत्वपूर्ण विषय है जो लोकतंत्र के सुदृढ़ीकरण में महत्वपूर्ण भूमिका निभाता है। अमेरिका में मतदाताओं को अपने अधिकारों का उपयोग करने की पूरी स्वतंत्रता होनी चाहिए, जो उन्हें अपने पसंदीदा उम्मीदवारों और नीतियों को चुनने की स्वतंत्रता प्रदान करती है।

चुनाव सुधारों की एक महत्वपूर्ण चरण है वोटर आईडी कार्ड की पहचान और वेरिफिकेशन की प्रक्रिया। इसके माध्यम से चुनावी धांधली को कम किया जा सकता है और वोटर फ्रॉड को रोका जा सकता है। अमेरिका में इस प्रक्रिया को और भी सुरक्षित और प्र"
533,अमेरिकी मीडिया और राजनीति: निष्पक्षता बनाम ध्रुवीकरण,"अमेरिकी मीडिया और राजनीति दो अहम विषय हैं जो एक-दूसरे से गहरे रूप में जुड़े हैं। मीडिया एक महत्वपूर्ण संचार साधन है जो समाचार, विचार और जानकारी को जनता तक पहुंचाता है, जबकि राजनीति एक तंत्र है जो देश की नीतियों और निर्णयों का प्रबंधन करता है।

न्यूज़ मीडिया की निष्पक्षता और धर्म दो अहम सिद्धांत हैं जो सार्वजनिक जानकारी को सही और निष्पक्ष ढंग से प्रस्तुत करने की जिम्मेदारी लेते हैं। लेकिन कुछ बार ऐसा नहीं होता है और मीडिया ध्रुवीकरण का शिकार हो जाता है। धर्म या ध्रुवीकरण का मतलब है किसी एक विचार या दल"
534,अमेरिकी संविधान और उसकी राजनीति पर प्रभाव,"अमेरिकी संविधान एक महत्वपूर्ण दस्तावेज है जो अमेरिकी संघीय राज्य की संविधानिक व्यवस्था की नींव है। यह एक लोकतांत्रिक देश के लिए एक मार्गदर्शिका के रूप में काम करता है और नागरिकों के अधिकार और कर्तव्यों को सुरक्षित करने में मदद करता है।

अमेरिकी संविधान का असर राजनीति पर व्यापक है। यह उसे एक संविधानिक राज्य बनाता है जिसमें सरकार को सीमित अधिकार होते हैं और नागरिकों के अधिकार को सुरक्षित किया जाता है। इसके अलावा, संविधान के स्वतंत्रता, समानता, और न्याय के मूल्यों पर जोर देने से अमेरिकी राजनीति में न्यायप्रधान और समान"
535,अमेरिका में अप्रवासन नीति और उसकी राजनीति,"अमेरिका में अप्रवासन नीति एक महत्वपूर्ण और विवादित विषय है जिसने समाज में गहरे विभाजन का कारण बन दिया है। अप्रवासन नीति अमेरिका में विदेशी नागरिकों के प्रवेश और रहने की अनुमति पर ध्यान केंद्रित करती है। इस विषय पर अमेरिका में दो प्रमुख पक्ष हैं - एक जो इसे बढ़ावा देता है और दूसरा जो इसके विरोध में है।

अप्रवासन नीति के पक्ष में यह दावा किया जाता है कि विदेशी नागरिकों का आना अमेरिकी अर्थव्यवस्था को मजबूत करता है और विविधता को बढ़ावा देता है। उनका मानना है कि अप्रवासन नीति से न केवल अमेरिका को विश्व के विभिन्न"
536,अमेरिका में जलवायु परिवर्तन नीति और राजनीतिक प्रभाव,"अमेरिका में जलवायु परिवर्तन एक गंभीर मुद्दा है जिसका राजनीतिक प्रभाव देश के अन्दर और विदेश में भी महसूस हो रहा है। अमेरिका के विभिन्न प्रशासनों ने इस मुद्दे पर अलग-अलग दृष्टिकोण रखे हैं।

अमेरिका में जलवायु परिवर्तन के प्रति चेतना बढ़ने के साथ, राजनीतिक दलों ने भी इसे अपनी राजनीतिक अगेंडा में शामिल किया है। एक ओर जहाँ डेमोक्रेटिक पार्टी जलवायु परिवर्तन को गंभीरता से लेती है और उसे अपनी नीतियों का महत्वपूर्ण हिस्सा बनाती है, वहीं रिपब्लिकन पार्टी इस मुद्दे पर विभाजित है। कुछ नेता जलवायु परिवर्तन को समर"
537,अमेरिकी संविधान और उसकी राजनीति पर प्रभाव,"अमेरिकी संविधान एक महत्वपूर्ण दस्तावेज है जिसने अमेरिकी राजनीति और समाज को व्यापक रूप से प्रभावित किया है। इसके निर्माणकर्ताओं ने उच्चतम नैतिकता, स्वतंत्रता और समानता के आदर्शों पर आधारित संविधान तैयार किया। अमेरिकी संविधान के माध्यम से नागरिकों को अपने अधिकारों की रक्षा और स्वतंत्रता का अधिकार मिला है।

अमेरिकी संविधान के प्रमुख विशेषताएं जैसे कि त्रिकोणीय शक्ति, संविधानीय संरचना, संविधानीय संशोधन और सर्वोच्चता के सिद्धांत ने अमेरिकी राजनीति को एक मजबूत आधार दिया है। इसके अलावा, अमेरिकी संविधान ने"
538,डेमोक्रेटिक और रिपब्लिकन पार्टियों के बीच मुख्य अंतर,"अमेरिकी राजनीति में डेमोक्रेटिक और रिपब्लिकन पार्टियाँ दो प्रमुख दल हैं। ये दोनों पार्टियाँ अमेरिकी संविधान के कार्यावली तथा राजनीतिक प्रक्रियाओं में महत्वपूर्ण भूमिका निभाती हैं। इन दोनों पार्टियों के बीच कई मुख्य अंतर हैं।

डेमोक्रेटिक पार्टी वामपंथी पक्ष की ओर से आमतौर पर झुकी हुई मानी जाती है, जबकि रिपब्लिकन पार्टी दक्षिणपंथी पक्ष की ओर झुकी हुई है। डेमोक्रेटिक पार्टी जोड़े और अलगाव की अधिक समर्थक है, जबकि रिपब्लिकन पार्टी राष्ट्रवाद और राष्ट्रभक्ति की भावना को अधिक महत्व देती है।

डेमोक्रेटिक पार्टी के"
539,अमेरिका में अप्रवासन नीति और उसकी राजनीति,"अमेरिका एक देश है जो विविधता का देश माना जाता है, जिसमें लाखों लोग विभिन्न देशों से आकर बसे हुए हैं। हालांकि, अमेरिका में अप्रवासन यानी अवैध आप्रवास को लेकर भी कड़े कानून हैं। अमेरिका की अप्रवासन नीति और उसकी राजनीति सामान्य रूप से विवादित हैं और इस पर दिवंगत विचार-विचार होते रहते हैं।

अमेरिका में अप्रवासन का मुख्य कारण अवैध तरीके से देश में प्रवेश करने का प्रयास है। विभिन्न वजहों से लोग अप्रवासन का रास्ता चुनते हैं, जैसे कि आर्थिक असामर्थ्य, राजनीतिक उथल-पुथल, जनसंख्या दबाव आदि। अमेरिकी संव"
540,अमेरिका की आर्थिक नीति और राजनीतिक विवाद,"अमेरिका की आर्थिक नीति और राजनीतिक विवाद एक महत्वपूर्ण और चर्चित विषय है। अमेरिका के आर्थिक नीति के मुख्य धाराएं वित्तीय स्थिति, कर, बाजार, और निवेशों पर निर्भर करती हैं। आर्थिक नीति के बारे में विभिन्न दलों के बीच विवाद होते रहते हैं। डेमोक्रेट और रिपब्लिकन पार्टियों के बीच आर्थिक विवाद अक्सर देखे जाते हैं।

अमेरिका में वित्तीय नीति को लेकर विवाद बहुत होते हैं, जिसमें कई मुद्दे शामिल होते हैं जैसे कि कर कटौती, बजट, और निर्यात-आयात की नीति। आर्थिक नीति में बाजार के नियमों, व्यापारिक गतिविधियों, और न"
542,अमेरिकी मीडिया और राजनीति: निष्पक्षता बनाम ध्रुवीकरण,"अमेरिकी मीडिया और राजनीति के बीच निष्पक्षता और ध्रुवीकरण के मुद्दे एक दृढ़ जुड़ाव हैं। मीडिया का मुख्य कार्य जनता को सच्चाई और निष्पक्ष समाचार पहुंचाना होता है, जिससे लोग सही निर्णय ले सकें। लेकिन अमेरिकी मीडिया में ध्रुवीकरण के मामले भी सामने आते हैं।

ध्रुवीकरण का मतलब है किसी एक दल या सोच की पक्षपातिक धारा को बढ़ावा देना। अमेरिकी मीडिया में ध्रुवीकरण के कुछ उदाहरण हैं, जैसे किसी नेता या दल के पक्ष में खबरें बड़े चर्चे में आती हैं और उसके विरोधी को नकारात्मक ढंग से पेश किया जाता है।

निष्पक्षत"
543,अमेरिका में गन कंट्रोल नीति पर बहस,"अमेरिका में गन कंट्रोल एक बहुत ही विवादास्पद विषय है। एक ओर वहाँ कुछ लोग गन कंट्रोल के पक्ष में हैं जो कि गन वापसी को रोकने की जरूरत को महत्वपूर्ण मानते हैं, जबकि दूसरी ओर विरोधी तरफ लोग हैं जो गन कंट्रोल के खिलाफ हैं और अपने अधिकार की रक्षा करना चाहते हैं।

गन कंट्रोल के पक्ष में होने वाले लोग यह मानते हैं कि गन संपत्ति का उपयोग अपराधों को कम करने में मदद कर सकता है, और इससे गुनाहगारों के हाथ में गन संपत्ति न होने से अपराधों का संख्या कम होगी। उन्हें लगता है कि गन कंट्रोल कानूनों के माध्यम से गुनाहगारों के पास गन की पहुं"
544,अमेरिका में अप्रवासन नीति और उसकी राजनीति,"अमेरिका में अप्रवासन नीति एक महत्वपूर्ण राजनीतिक मुद्दा है जिसने देश की सार्वजनिक चरम स्वतंत्रता और सुरक्षा के बीच एक मजबूत संतुलन बनाने का प्रयास किया है। अप्रवासन नीति का मुख्य उद्देश्य अमेरिकी सीमाओं को सुरक्षित रखना है और अनधिकृत प्रवासन को रोकना है।

अमेरिका में अप्रवासन नीति की राजनीति विवादास्पद है, और इस पर विभिन्न स्थिति में अलग-अलग राजनीतिक दलों के बीच मतभेद रहते हैं। कुछ लोग इसे राष्ट्रप्रेम के आदान-प्रदान के रूप में देखते हैं जबकि कुछ लोग इसे मानवाधिकारों के खिलाफ एक अत्याचार मानते हैं।

अम"
545,अमेरिकी मीडिया और राजनीति: निष्पक्षता बनाम ध्रुवीकरण,"अमेरिका में मीडिया और राजनीति के बीच निष्पक्षता और ध्रुवीकरण के मुद्दे बहुत महत्वपूर्ण हैं। मीडिया की भूमिका राजनीति में निष्पक्षता को बनाए रखने में महत्वपूर्ण होती है, क्योंकि यह लोगों को सही जानकारी और विचारों से रूबरू कराती है।

हाल ही में, अमेरिकी मीडिया ने ध्रुवीकरण के मामले में कई बार समाचार को गलत तरीके से प्रस्तुत किया है। ध्रुवीकरण के कारण, मीडिया को एक विशेष पक्ष की ओर झुकाने का आरोप भी लगा है। इससे न केवल लोगों को गलत जानकारी मिलती है, बल्कि राजनीतिक विवादों में भी और ज्यादा उथल-पुथल होती है।

निष्पक"
541,अमेरिका में हेल्थकेयर नीति: ओबामाकेयर बनाम निजीकरण,"अमेरिका में हेल्थकेयर नीति एक बहुत ही महत्वपूर्ण और विवादास्पद विषय है। इसमें दो प्रमुख दरवाजे हैं - एक ओबामाकेयर योजना और दूसरा निजीकरण। 

ओबामाकेयर योजना, जिसे आधिकारिक रूप से पेश किया गया था, अमेरिकी नागरिकों को सस्ती और पहुंचने वाली स्वास्थ्य सेवाएं प्रदान करने का उद्देश्य रखती थी। इस योजना के तहत, लोगों को स्वास्थ्य बीमा खरीदने के लिए सहायता प्रदान की गई। हालांकि, इस योजना को लेकर कई विवाद भी उठे, और कुछ लोगों ने इसे अवैध और असंविदानिक माना।

विपक्ष में, निजीकरण के पक्षधरों का कहना है कि स"
546,अमेरिकी राजनीति में लॉबिंग और उसका प्रभाव,"लॉबिंग एक प्रक्रिया है जिसमें व्यावसायिक समूह या निर्देशक संगठन अथवा व्यक्ति निर्धारित लक्ष्यों की प्राप्ति के लिए निर्धारित प्रणाली से निरंतर काम करते हैं। अमेरिकी राजनीति में लॉबिंग का महत्वपूर्ण स्थान है और इसका भारी प्रभाव होता है।

अमेरिकी राजनीति में लॉबिंग का प्रभाव विशेष रूप से कांग्रेस और संविदानिक अधिकारों के संस्थानों पर होता है। लॉबिस्ट्स विभिन्न विषयों जैसे स्वास्थ्य, वातावरण, उद्योग, और शिक्षा आदि पर अपने हितों की प्राप्ति के लिए काम करते हैं। वे सांसदों और नेताओं से मिलकर अपने मुद्दों पर प्रभ"
548,अमेरिकी राष्ट्रपति चुनाव प्रणाली: एक विस्तृत विश्लेषण,"अमेरिका में राष्ट्रपति का चयन एक व्यापक प्रक्रिया है जिसमें लोग अपने वोट के माध्यम से एक नेता को चुनने का अधिकार रखते हैं। अमेरिकी राष्ट्रपति चुनाव प्रणाली का विशेषता यह है कि यह एक संघीय प्रणाली है जिसमें राष्ट्रपति के चयन के लिए मतदान करने वाले व्यक्तियों की संख्या का महत्वपूर्ण भूमिका होती है।

अमेरिका में राष्ट्रपति का चयन प्रत्येक चार साल में आयोजित चुनावों के माध्यम से होता है। राष्ट्रपति का चयन करने के लिए वोटर्स को उम्मीदवारों के बीच चुनाव युद्ध के माध्यम से निर्णय लेना पड़ता है। अमेरिका में राष्ट्रपति के चय"
547,अमेरिका में मतदाता अधिकार और चुनाव सुधार,"अमेरिका में मतदाता अधिकार और चुनाव सुधार के मुद्दे अहम रहे हैं। चुनावी प्रक्रिया में सुधार करने की बहुत सी मांगें हैं, जैसे कि मतदान की सुविधा, वोटर आईडी कार्ड की अधिकता, वोटिंग मशीनों की सुरक्षा आदि।

मतदाता अधिकार के मामले में, अमेरिकी नागरिकों को अपना वोट देने का अधिकार है, और इसे किसी भी कारण या विचारधारा के आधार पर नहीं रोका जा सकता। इसके अलावा, लोगों को वोट डालने के लिए उचित सुविधाएं प्रदान की जानी चाहिए ताकि कोई भी व्यक्ति अपना वोट आसानी से डाल सके।

चुनाव सुधार के लिए, वोटर आईडी कार्ड की अधिकत"
549,अमेरिका में गन कंट्रोल नीति पर बहस,"अमेरिका में गन कंट्रोल एक बहुत ही विवादित विषय है। अमेरिका में गन कंट्रोल की नीतियों पर दो पक्ष बने हुए हैं। एक पक्ष का मानना है कि गन कंट्रोल कानूनों के माध्यम से अस्तित्व में बदलाव लाया जाना चाहिए, जबकि दूसरे पक्ष का मानना है कि यह एक व्यक्तिगत स्वतंत्रता मुद्दा है और यहाँ पर कानूनों का कोई व्यापक प्रभाव नहीं होना चाहिए।

गन कंट्रोल की नीतियों को बदलने की आवश्यकता के पीछे कई कारण हैं। गन संदेह के मामले, गन हमले, और आम लोगों की सुरक्षा के मुद्दे इस विवाद को और भी तेजी से बढ़ा देते हैं। विभिन्न गणराज्यों में होने वाले ग"
550,डेमोक्रेटिक और रिपब्लिकन पार्टियों के बीच मुख्य अंतर,"डेमोक्रेटिक और रिपब्लिकन पार्टियों दो सबसे प्रमुख राजनीतिक दल हैं जो संयुक्त राज्य अमेरिका में व्यापक पॉलिटिकल स्पेक्ट्रम को प्रतिनिधित्व करते हैं। ये दोनों पार्टियां विभिन्न दृष्टिकोण, मूल्यों और नीतियों के साथ जुड़े हुए हैं।

डेमोक्रेटिक पार्टी वामपंथी और केंद्रवामी दोनों प्रवृत्ति के पोलिटिकल पार्टी के रूप में जानी जाती है। यह पार्टी सामाजिक न्याय, सामरिक सुरक्षा, आर्थिक न्याय, पर्यावरण संरक्षण और स्वास्थ्य सेवाओं को बढ़ावा देने की मांग करती है।

वहीं, रिपब्लिकन पार्टी एक दक्षिणी पंथी और दक्षिणी विलियमसन"
551,अमेरिकी सीनेट और हाउस ऑफ रिप्रेजेंटेटिव्स की भूमिका,"अमेरिकी सीनेट और हाउस ऑफ रिप्रेजेंटेटिव्स दोनों ही अमेरिकी कांग्रेस के दो प्रमुख शाखाएं हैं। सीनेट और हाउस के सदस्यों को सांसद कहा जाता है और ये दोनों ही अहम निर्णय लेने के लिए मिलकर काम करते हैं।

सीनेट में प्रत्येक राज्य से दो सांसद होते हैं जो छह वर्ष के लिए चुने जाते हैं। यहाँ पर प्रत्येक राज्य का प्रतिनिधित्व होता है और सीनेट की सदस्यता केंद्र सरकार की नीतियों को निर्धारित करने में मदद करती है।

हाउस ऑफ रिप्रेजेंटेटिव्स में सदस्यों की संख्या राज्यों की आबादी के आधार पर तय की जाती है। यह अधिकांश नीतियों को बनाने और कानून सं"
552,अमेरिकी सीनेट और हाउस ऑफ रिप्रेजेंटेटिव्स की भूमिका,"अमेरिका की संविधानिक संरचना में सीनेट और हाउस ऑफ रिप्रेजेंटेटिव्स दोनों ही महत्वपूर्ण संसदीय संस्थाएं हैं। सीनेट का प्रमुख कार्य राज्यों की प्रतिनिधित्व करना है, जबकि हाउस ऑफ रिप्रेजेंटेटिव्स का काम सामान्य जनता की प्रतिनिधित्व करना है।

सीनेट में प्रत्येक राज्य से दो सांसद होते हैं, जबकि हाउस ऑफ रिप्रेजेंटेटिव्स में सदस्यों की संख्या राज्यों की आबादी के आधार पर होती है। सीनेट के सदस्यों का कार्यकाल छह वर्ष होता है, जबकि हाउस ऑफ रिप्रेजेंटेटिव्स के सदस्यों का कार्यकाल दो वर्ष का होता है।

यह दो चैम्बर संसद किसी विधेयक को कानून"
553,अमेरिका में मतदाता अधिकार और चुनाव सुधार,"अमेरिका में मतदाता अधिकार और चुनाव सुधार एक महत्वपूर्ण विषय है जो देश की लोकतंत्रिक प्रक्रिया को मजबूती देता है। चुनाव तंत्र को और भी सुदृढ़ और विश्वसनीय बनाने के लिए मतदाताओं के अधिकारों का सुरक्षा करना अत्यंत महत्वपूर्ण है।

मतदाताओं के अधिकार में सुधार करने के लिए, अमेरिका में कई पहल की गई हैं। इनमें से कुछ मुख्य चरण हैं जैसे नए चुनावी तंत्र की तकनीक, सुरक्षित इलेक्शन इंफ्रास्ट्रक्चर, मतदाताओं के लिए सुविधाएं और शिकायत निवारण प्रक्रिया। इन सुधारों के माध्यम से, मतदाताओं को अधिक भरोसा मिलता है कि उनकी मतदान क"
554,अमेरिका में नस्लीय न्याय और राजनीतिक सुधार,"अमेरिका में नस्लीय न्याय और राजनीतिक सुधार के लिए एक सामाजिक और सांस्कृतिक परिवर्तन की आवश्यकता है। नस्लीय भेदभाव और न्याय की अभिव्यक्ति को रोकने के लिए सख्त क़ानून और नीतियों की आवश्यकता है। अमेरिका में नस्लीय भेदभाव की दिक्कत विभिन्न क्षेत्रों में देखी गई है, जैसे कि पुलिस बल और न्यायिक प्रक्रिया में।

नस्लीय न्याय को सुधारने के लिए, सशक्तिकरण, शिक्षा, और समुदायों के साथ साझेदारी बढ़ाने की आवश्यकता है। नस्लीय न्याय में समानता की बढ़ती मांग के साथ, समुदायों को उनके अधिकारों की सुरक्षा और सहायता प्रदान कर"
555,अमेरिका में नस्लीय न्याय और राजनीतिक सुधार,"अमेरिका में नस्लीय न्याय और राजनीतिक सुधार एक अत्यंत महत्वपूर्ण और चुनौतीपूर्ण विषय है। नस्लीय न्याय का मतलब यह है कि सभी लोगों को समान अधिकार और अवसर प्राप्त होने चाहिए, अनगिनत विभिन्नताओं के बावजूद। अमेरिका एक देश है जिसमें विभिन्न नस्लें, धर्म, और संस्कृतियों के लोग रहते हैं, और इसलिए नस्लीय न्याय का महत्व और आवश्यकता भी उससे अधिक है।

इस संदर्भ में, अमेरिकी सरकार ने कई कदम उठाए हैं जिनका उद्देश्य नस्लीय न्याय में सुधार करना और समानता को बढ़ावा देना है। नस्लीय न्याय और राजनीतिक सुध"
556,अमेरिका में नस्लीय न्याय और राजनीतिक सुधार,"अमेरिका में नस्लीय न्याय और राजनीतिक सुधार के लिए कई महत्वपूर्ण पहलू हैं। नस्लीय न्याय के मामले में, अमेरिका ने विभिन्न कानूनी कदम उठाए हैं जिनका उद्देश्य नस्लीय भेदभाव को कम करना और समानता बढ़ाना है। इसमें अफ्रीकन अमेरिकनों, लैटिनो, एशियाई अमेरिकनों और अन्य अल्पसंख्यक समुदायों के अधिकारों की रक्षा और सुनिश्चिति शामिल है।

अमेरिका में नस्लीय न्याय के क्षेत्र में कानूनी सुधार और संविधानिक संशोधन ने महत्वपूर्ण भूमिका निभाई है। उच्चतम न्यायालय ने नस्लीय भेदभाव के खिलाफ घोषणाएँ की हैं और सं"
557,अमेरिका में गन कंट्रोल नीति पर बहस,"गन कंट्रोल अमेरिका में एक बहुत ही विवादास्पद और महत्वपूर्ण विषय है। गन कंट्रोल के पक्षियों का मानना है कि गन कंट्रोल कानूनों की मदद से हिंसा और दंगों को कम किया जा सकता है। उनका मानना है कि सख्त गन कंट्रोल नीतियां असहज हालातों को रोक सकती है और लोगों की सुरक्षा में मदद कर सकती है।

विपक्षी पक्ष का मानना है कि गन कंट्रोल कानूनों से गरीब और मासूम लोगों की अधिकारों का उल्लंघन हो सकता है। उनका मानना है कि गन कंट्रोल कानूनों से केवल गुनाहगार लोगों को प्रभावित किया जाएगा और मासूम लोगों की सुरक्षा में कोई सुधार नहीं होगा।

अमेरिक"
558,अमेरिकी राजनीति में लॉबिंग और उसका प्रभाव,"लॉबिंग एक प्रकार की राजनीतिक प्रक्रिया है जिसमें व्यापारी समूह या संगठन अपने हितों की सुरक्षा और प्रचार-प्रसार के लिए नीतिकर्ताओं और निर्णायकों के साथ संपर्क साधते हैं। यह अमेरिकी राजनीति में महत्वपूर्ण भूमिका निभाता है और इसका व्यापक प्रभाव होता है।

लॉबिंग के माध्यम से विभिन्न समूह अपने स्वार्थों की प्राप्ति के लिए राजनीतिक नेताओं को प्रेरित करते हैं। यह उन्हें अपने पक्ष की समर्थन करने के लिए प्रेरित करता है जिससे निर्णायक सिद्धांतों पर प्रभाव डालने में मदद मिलती है। इसके फलस्वरूप, लॉबिंग का प्रभाव नीतिकर्ताओं के निर्णयों प"
560,अमेरिकी संविधान और उसकी राजनीति पर प्रभाव,"अमेरिकी संविधान एक महत्वपूर्ण दस्तावेज है जिसने अमेरिकी राष्ट्र को एक व्यवस्थित और लोकतांत्रिक ढांचे में स्थापित किया है। यह संविधान अमेरिकी राजनीति पर गहरा प्रभाव डालता है और देश के नागरिकों के अधिकारों और कर्तव्यों की रक्षा करता है।

अमेरिकी संविधान के महत्वपूर्ण तत्वों में से एक है संविधानिक स्वतंत्रता और स्वतंत्रता के अधिकार। यह संविधान नागरिकों को विचार और अभिव्यक्ति की स्वतंत्रता देता है, जिससे वे स्वतंत्र रूप से अपनी राय व्यक्त कर सकते हैं। इसके अलावा, इसमें नागरिकों के अधिकार की रक्षा के लिए विभिन्न न्यायिक"
559,अमेरिकी संविधान और उसकी राजनीति पर प्रभाव,"अमेरिकी संविधान एक महत्वपूर्ण दस्तावेज है जो अमेरिकी राजनीति को प्रभावित करता है। यह संविधान अमेरिका की सर्वोच्च कानूननियंत्रक प्रणाली है और विभिन्न संविदानिक संशोधनों के माध्यम से समय-समय पर सुधारित भी किया जाता है।

अमेरिकी संविधान के प्रमुख विशेषताएँ शासन की विभाजनता, बलात्कारी शक्ति के विभाजन, स्वतंत्रता का संरक्षण, न्यायपालिका की स्वतंत्रता, स्वतंत्रता के अधिकार और नागरिक स्वतंत्रता की सुरक्षा है। यह संविधान नागरिकों को उनके अधिकार और कर्तव्यों के बारे में जागरूक करता है और सरकार की अधिकारों को सीमित रखने का प्रावध"
561,अमेरिका में नस्लीय न्याय और राजनीतिक सुधार,"अमेरिका में नस्लीय न्याय और राजनीतिक सुधार का विषय एक बहुत ही महत्वपूर्ण और चर्चित विषय है। नस्लीय न्याय और राजनीतिक सुधार का मतलब है कि समाज में नस्लीय भेदभाव को हटाने के लिए कानूनी और सामाजिक कदम उठाए जाएं। अमेरिका में नस्लीय न्याय और राजनीतिक सुधार की दिशा में कई पहल की गई हैं।

अमेरिका में नस्लीय न्याय की दिशा में कई कदम उठाए गए हैं, जैसे अफ्रीकन अमेरिकन के अधिकारों को सुनिश्चित करने के लिए कानूनी प्रावधान करना, नस्लीय भेदभाव के खिलाफ कठोर कानूनी कार्रवाई और नस्लीय जाति के आधार पर पुलिस बल की व्यवस"
562,अमेरिका में जलवायु परिवर्तन नीति और राजनीतिक प्रभाव,"अमेरिका में जलवायु परिवर्तन एक गंभीर चुनौती है जिसका राजनीतिक प्रभाव व्यापक है। अमेरिकी सरकार ने पिछले कुछ दशकों में जलवायु परिवर्तन को गंभीरता से लेने का प्रयास किया है, लेकिन विभिन्न राजनीतिक दलों के बीच इस पर विचार-विमर्श होता रहता है।

जलवायु परिवर्तन के खिलाफ एक दल विश्वास रखता है कि यह एक प्राथमिकता नहीं है और इसका समाधान व्यापक अर्थव्यवस्था को कमजोर कर सकता है। दूसरी ओर, दूसरे दल जलवायु परिवर्तन को गंभीर रूप से लेते हैं और पारिस्थितिकी उत्पीड़न, विपरीतताएं, और प्राकृतिक आपदाओं को देखते हैं। इन"
563,अमेरिकी राष्ट्रपति चुनाव प्रणाली: एक विस्तृत विश्लेषण,"अमेरिका में राष्ट्रपति चुनाव प्रक्रिया एक व्यापक और गंभीर विधान है जो देश के नेता का चयन करता है। अमेरिकी राष्ट्रपति चुनाव प्रणाली में कई महत्वपूर्ण चरण होते हैं।

पहला चरण है पार्टी की प्राथमिक चयन प्रक्रिया, जिसे 'प्राइमरी' कहा जाता है। इसमें पार्टी के उम्मीदवारों के बीच मुकाबला होता है और प्रारंभिक चयन होता है। इसके बाद प्राइमरी विजेता उम्मीदवारों को चुनावी अभियान के लिए नामांकित किया जाता है।

दूसरा चरण है नेता के चयन के लिए राष्ट्रीय चुनाव, जिसे 'जनमत संग्रह' या 'इलेक्टोरल कॉलेज' कहा जाता है। इसमें राष्ट्र के"
565,अमेरिका में जलवायु परिवर्तन नीति और राजनीतिक प्रभाव,"अमेरिका में जलवायु परिवर्तन नीति और राजनीतिक प्रभाव

अमेरिका एक देश है जो जलवायु परिवर्तन के मामले में ग्लोबल लीडरशिप निभा रहा है। अमेरिकी सरकार ने जलवायु परिवर्तन के खिलाफ कार्रवाई करने के लिए कई नीतियों को अपनाया है। पिछली कुछ वर्षों में, अमेरिकी सरकार ने पारिस समझौता को अभिनंदित किया है और जलवायु परिवर्तन के समाधान के लिए कटौती करने का कार्य किया है।

जलवायु परिवर्तन के खिलाफ लड़ाई में अमेरिकी राजनीति का बड़ा प्रभाव देखा जा सकता है। दायर नीतियों में बदलाव के लिए विचारकों और राजनैतिक दलों के बीच अभिवादन ह"
564,अमेरिका में सुप्रीम कोर्ट की भूमिका और प्रभाव,"सुप्रीम कोर्ट अमेरिका की सर्वोच्च न्यायिक प्राधिकरण है जिसका मुख्य कार्य यह है कि यह निर्णय लेना कि क्या किसी कानूनी विधि या कानूनी निर्णय के अनुसार वाणिज्यिक विदेशी व्यापार या अन्य न्यायिक मामले को व्याख्या करने में सहायक है। सुप्रीम कोर्ट के निर्णय अमेरिकी समाज के लिए महत्वपूर्ण होते हैं क्योंकि उनके प्रभाव का दूसरे न्यायिक स्तरों तक फैलाव होता है।

सुप्रीम कोर्ट का मुख्य कार्य राष्ट्रीय स्तर पर कानूनी मामलों में संगठितता और स्थिरता बनाए रखना है। यह कारण है कि सुप्रीम कोर्ट के निर्णय अमेरिकी समाज के लिए निर्णायक होते हैं और उन"
566,अमेरिका में गन कंट्रोल नीति पर बहस,"अमेरिका में गन कंट्रोल नीति एक विवादास्पद विषय है जिसपर देश के नागरिक दोनों पक्षों से अलग-अलग मतरूप रखते हैं। एक ओर, वे लोग हैं जो गन कंट्रोल को समर्थन करते हैं क्योंकि उन्हें लगता है कि गन संदेहातीत बनाने के लिए नीतियां बनानी चाहिए। दूसरी ओर, कुछ लोग इसे व्यक्तिगत स्वतंत्रता के एक महत्वपूर्ण हिस्से के रूप में देखते हैं और इसे प्रतिबंधित करने का विरोध करते हैं।

गन कंट्रोल के समर्थक यह दावा करते हैं कि अधिक सख्त गन कंट्रोल नीतियां अपराधों और हिंसा को कम कर सकती हैं। उनके मान्यता के अनुसार, जब गन्स की खरीदारी की प"
567,अमेरिकी मीडिया और राजनीति: निष्पक्षता बनाम ध्रुवीकरण,"अमेरिकी मीडिया और राजनीति के बीच निष्पक्षता और ध्रुवीकरण का मुद्दा एक बहुत महत्वपूर्ण और विवादास्पद विषय है। एक राष्ट्र के लोकतंत्र में मीडिया की भूमिका निर्विवाद रूप से महत्वपूर्ण है, क्योंकि यह लोगों को सत्य और जानकारी प्रदान करता है जो उनके निर्णयों पर प्रभाव डाल सकती है।

निष्पक्षता की दृष्टि से, मीडिया को सच्चाई और विभिन्न दृष्टिकोणों से समाचार प्रस्तुत करने की जिम्मेदारी होती है। निष्पक्ष मीडिया राजनीतिक घटनाओं को विश्वसनीय तरीके से कवर करता है और लोगों को विभिन्न पक्षों की दृष्टिकोण समझने में मदद कर"
568,अमेरिका में गन कंट्रोल नीति पर बहस,"अमेरिका में गन कंट्रोल एक विवादित विषय है जिस पर लोगों के विचार विभिन्न हैं। एक ओर, यह विश्वास किया जाता है कि गन कंट्रोल की नीतियों से अपराधों और गुनाहों को रोका जा सकता है। दूसरी ओर, कुछ लोग मानते हैं कि यह व्यक्तिगत स्वतंत्रता का उल्लंघन होगा।

सन् 1791 में स्वतंत्रता के दिनों में बनी अमेरिकी संविधान की द्वितीय संशोधना के अनुसार, नागरिकों का अधिकार है कि वे हथियार रख सकें। इसलिए अमेरिका में गन कंट्रोल को लेकर सख्त कानून नहीं हैं। इसके बावजूद, हर साल अमेरिका में हजारों गोलियों से हत्याएं होती हैं और ऐसे मामले बढ"
569,अमेरिका में गन कंट्रोल नीति पर बहस,"अमेरिका में गन कंट्रोल नीति पर बहस एक बहुत ही चर्चित और विवादास्पद विषय है। गन कंट्रोल के पक्ष और विरोधी दोनों तरफ अपने-अपने दृष्टिकोण रखते हैं। गन कंट्रोल के पक्ष में यह दावा किया जाता है कि गन कंट्रोल की नीतियां लागू करने से जनसामान्य की सुरक्षा में सुधार होगा और गन द्वारा होने वाली अपराधों को कम किया जा सकेगा। उनका मानना है कि गन कंट्रोल से हताशा, आत्महत्या और जनहित में होने वाली अन्य खतरों को कम किया जा सकता है।

विरोधी पक्ष का मानना है कि गन कंट्रोल की नीति स्वतंत्रता की कट्टरता को दबा देगी और अपराधिक तत्वों को आम नागर"
570,अमेरिका में जलवायु परिवर्तन नीति और राजनीतिक प्रभाव,"अमेरिका में जलवायु परिवर्तन नीति और राजनीतिक प्रभाव

अमेरिका एक देश है जिसमें जलवायु परिवर्तन ने बड़ी चुनौतियों का सामना किया है और इसका असर उसकी राजनीति पर भी पड़ा है। अमेरिकी राजनीति में जलवायु परिवर्तन को लेकर विभाजन देखा गया है, जहाँ एक ओर कुछ राजनीतिक दल इसे महत्वपूर्ण मुद्दा मानते हैं और उसके लिए कठोर नीतियाँ बनाने की मांग करते हैं, वहीं दूसरी ओर कुछ दल इसे नकारते हैं और उन्हें यह लगता है कि इससे अर्थव्यवस्था पर नकारात्मक प्रभाव पड़ेगा।

अमेरिका में जलवायु परिवर्तन के लिए नीतियों के माध्यम से अ"
571,अमेरिका में अप्रवासन नीति और उसकी राजनीति,"अमेरिका में अप्रवासन नीति एक चरमोत्कर्ष विषय है जो सामाजिक, राजनीतिक और मानवाधिकारों के प्रश्नों पर प्रभाव डालता है। अप्रवासन नीति के तहत अमेरिका में विदेशी नागरिकों को अमेरिकी भूमि पर कितने समय तक रहने की अनुमति है, किस तरह के वीजा उपक्रियाओं के माध्यम से यात्रियों को अमेरिका आने की अनुमति दी जाती है और किसी भी देश से आने वाले व्यक्तियों को अमेरिका में काम करने की अनुमति है या नहीं, इस पर विचार किया जाता है।

अमेरिका की अप्रवासन नीति दुनिया भर से लोगों की ध्यानाकर्षण करती है क्योंकि यह भारी आर्थिक, सामाजिक और राजनीतिक प्रभ"
572,अमेरिकी राष्ट्रपति चुनाव प्रणाली: एक विस्तृत विश्लेषण,"अमेरिकी राष्ट्रपति चुनाव प्रणाली एक परिणामकारी, जनता द्वारा चुनावित अधिकारी का चयन करने वाली विश्व की सबसे बड़ी लोकतंत्रिक प्रणाली है। यह सिस्टम दो स्तरों पर काम करता है - प्राथमिक चुनाव और उसके बाद आयोजित होने वाले गोल-मातों के चुनाव।

प्राथमिक चुनाव में, प्रत्येक राज्य की जनता को अपने प्राथमिक उम्मीदवारों में से चुनाव करने का अधिकार होता है। यह चुनाव राज्यों के आधार पर होता है और इसका मकसद अपने प्राथमिक उम्मीदवार को राष्ट्रपति के लिए चुनना होता है।

जब प्राथमिक चुनावों के परिणाम घोषित होते हैं, तो गोल-मातों के चुनाव का कार"
574,अमेरिका में गन कंट्रोल नीति पर बहस,"अमेरिका में गन कंट्रोल नीति एक दिलचस्प और विवादास्पद विषय है। एक ओर वहाँ लोग अपने अधिकारों के रूप में अपने खुद के सुरक्षा के लिए हथियार रखने के समर्थन में हैं, जबकि दूसरी ओर गन वायलेंस के बढ़ते मामलों के कारण गन कंट्रोल के पक्ष में हैं।

अमेरिका में हर साल हजारों लोग गन वायलेंस के शिकार हो रहे हैं, जिससे सामाजिक और राष्ट्रीय सुरक्षा पर बुरा प्रभाव पड़ रहा है। इस समस्या का हल निकालने के लिए कुछ लोग गन कंट्रोल कानूनों की सख्ती की मांग कर रहे हैं। उनका मानना है कि अधिक सख्त गन कंट्रोल कानून लागू करने से गन वायलेंस क"
573,अमेरिका की आर्थिक नीति और राजनीतिक विवाद,"अमेरिका की आर्थिक नीति और राजनीतिक विवाद एक व्यापक और महत्वपूर्ण विषय है जो दुनिया भर में ध्यान आकर्षित करता है। इसका मुख्य कारण यह है कि अमेरिका विश्व की सबसे बड़ी अर्थव्यवस्था वाला देश है और उसकी नीतियों का व्यापक प्रभाव है। अमेरिका के आर्थिक नीतियों और राजनीतिक विवादों में कई मुद्दे शामिल हैं, जैसे कि कर धारा सुधार, व्यापार नीति, रोजगार, विदेशी नीतियाँ, आर्थिक विकास आदि।

अमेरिका की आर्थिक नीति में विवाद उसकी कर धारा सुधार से जुड़े हुए हैं, क्योंकि अलग-अलग दलों के बीच इस पर विचारधारा भिन्न ह"
577,अमेरिकी सीनेट और हाउस ऑफ रिप्रेजेंटेटिव्स की भूमिका,"अमेरिकी संघीय सरकार में सीनेट और हाउस ऑफ रिप्रेजेंटेटिव्स दोनों ही महत्वपूर्ण संसदीय संस्थान हैं। सीनेट को अमेरिकी संघीय संविधान का ऊपरी सदन कहा जाता है, जबकि हाउस ऑफ रिप्रेजेंटेटिव्स को निचला सदन कहा जाता है। सीनेट का प्रत्येक राज्य से दो सदस्य चुने जाते हैं, जिससे सबसे छोटे राज्य का प्रतिनिधित्व भी होता है। वहीं हाउस ऑफ रिप्रेजेंटेटिव्स के सदस्य लोकसभा के रूप में चुने जाते हैं और उनकी संख्या राज्य की आबादी के आधार पर तय की जाती है।

सीनेट और हाउस ऑफ रिप्रेजेंटेटिव्स के सदस्यों का कार्यकाल चार वर्ष का होता है और"
576,अमेरिकी मीडिया और राजनीति: निष्पक्षता बनाम ध्रुवीकरण,"अमेरिकी मीडिया और राजनीति के बीच एक सहज और गहरा संबंध है। जब से मीडिया का उदय हुआ है, तब से यह राजनीति को प्रभावित करने का एक महत्वपूर्ण माध्यम बन गया है। प्रेस और मीडिया की स्वतंत्रता और निष्पक्षता एक स्वस्थ लोकतंत्र के लिए अत्यंत महत्वपूर्ण हैं।

अमेरिकी मीडिया ने कई ऐतिहासिक घटनाओं में एक महत्वपूर्ण भूमिका निभाई है, जैसे Watergate और Pentagon Papers के मामले। इन मामलों में मीडिया ने सत्यता और न्याय के लिए लड़ा और राजनीतिक अधिकारों की निगरानी की।

हालांकि, आजकल कुछ मीडिया संस्थानों को ध्यान में रखते हुए देखा जा रहा है कि वे"
575,अमेरिकी संविधान और उसकी राजनीति पर प्रभाव,"अमेरिकी संविधान एक ऐतिहासिक दस्तावेज है जो अमेरिकी राष्ट्र के निर्माण के लिए महत्वपूर्ण था। यह एक सुशासन दिनांक है जिसने देश के नागरिकों को स्वतंत्रता, समानता और न्याय के अधिकार दिए। अमेरिकी संविधान न केवल एक कानूनी दस्तावेज है, बल्कि यह एक विचारशील संविधान है जिसने राष्ट्रीय और अंतर्राष्ट्रीय राजनीतिक विचारधाराओं को प्रभावित किया है।

अमेरिकी संविधान ने विभिन्न राष्ट्रीय और अंतर्राष्ट्रीय धाराओं का प्रभाव डाला है। इसने लोकतंत्र, स्वतंत्रता, समानता और न्याय के मूल्यों को प्रोत्साहित किया है। इसके प्रारूपन से अन्य"
578,अमेरिकी मीडिया और राजनीति: निष्पक्षता बनाम ध्रुवीकरण,"अमेरिकी मीडिया और राजनीति के बीच निष्पक्षता और ध्रुवीकरण के मुद्दे एक बहुत महत्वपूर्ण विषय हैं। मीडिया को देश की जनता को सही जानकारी और समाचार पहुंचाने का माध्यम माना जाता है, जबकि राजनीति द्वारा नीतियों और कानूनों का निर्धारण किया जाता है। निष्पक्षता का मतलब है किसी भी विषय पर तथ्यों के आधार पर रिपोर्टिंग करना, जबकि ध्रुवीकरण मतलब होता है किसी विशेष दृष्टिकोण को प्रमुख बनाकर समाचार को प्रस्तुत करना।

अमेरिकी मीडिया और राजनीति के बीच निष्पक्षता का मसला उभरता रहा है। कई बार देखा गया है कि कुछ मीडिया आराम स"
579,अमेरिका में मतदाता अधिकार और चुनाव सुधार,"अमेरिका में मतदाता अधिकार और चुनाव सुधार एक महत्वपूर्ण और विवादास्पद विषय है। चुनाव सुधार के लिए कई कदम उठाए गए हैं, जिनमें वोटर आईडी कार्ड की जरूरत, ऑनलाइन पंजीकरण, अवकाश पर वोटिंग, वीडियो निगरानी, और वोटिंग मशीनों की तकनीकी सुधार शामिल हैं।

मतदाता अधिकार का महत्व इसलिए है क्योंकि यह सुनिश्चित करता है कि सभी नागरिकों को चुनाव में भाग लेने का अधिकार होता है। इसके माध्यम से लोगों को वोट करने का सुविधाजनक तरीका मिलता है और उन्हें चुनावी प्रक्रिया में भागीदार बनाया जा सकता है।

चुनाव सुधार के माध्यम स"
580,अमेरिका में अप्रवासन नीति और उसकी राजनीति,"अमेरिका में अप्रवासन नीति एक महत्वपूर्ण राजनीतिक मुद्दा है जिसपर विभिन्न स्थानीय, राज्यीय और संघीय स्तरों पर चर्चा होती है। अप्रवासन नीति के तहत अमेरिका द्वारा अनुशासित सीमावर्ती प्रवासियों को निर्धारित समय सीमा के भीतर अधिकारिक दस्तावेज़ और प्रक्रियाओं के माध्यम से अप्रवेश दिया जाता है। यह नीति अप्रवासन सुरक्षा और अनुशासन की दृष्टि से आवश्यक मानी जाती है।

अमेरिका की अप्रवासन नीति विवादित है और अक्सर समाज में विवादों का कारण बनती है। कुछ लोग यह मानते हैं कि अप्रवासन नीति कठिनाईयों का कारण बनती है और व्यक"
581,अमेरिकी राष्ट्रपति चुनाव प्रणाली: एक विस्तृत विश्लेषण,"अमेरिका में राष्ट्रपति का चयन एक व्यापक प्रक्रिया है जिसमें नागरिकों की भागीदारी होती है। यहाँ एक विस्तृत विश्लेषण प्रस्तुत किया गया है:

1. प्राथमिक चयन: अमेरिका में राष्ट्रपति चुनाव के लिए प्राथमिक चयन का महत्वपूर्ण भूमिका होती है। यह राज्यों के बीच मतदान के माध्यम से होता है और वहाँ नागरिकों का वोट चुनाव को जीतने के लिए महत्वपूर्ण होता है।

2. राष्ट्रपति के चयन: राष्ट्रपति का चयन चुनाव के द्वितीय चरण में होता है, जिसमें चुने गए प्राथमिक चयनकर्ताओं के द्वारा चुनाव आयोजित किया जाता है।

3. चुनाव प्रणाली: अमेरिका में"
582,अमेरिका में गन कंट्रोल नीति पर बहस,"गन कंट्रोल अमेरिका में एक बहुत ही विवादित विषय है। एक ओर उन लोगों का मानना है कि गन कंट्रोल नीति सशक्त बनाने से अपराधों को रोका जा सकता है, जबकि दूसरी ओर लोग इसे अपने स्वतंत्रता के खिलाफ एक हमला मानते हैं।

अमेरिका में गन कंट्रोल के पक्ष में यह तथ्य है कि गन संवर्धन के कारण हर रोज हजारों लोगों की मौत हो रही है। गन कंट्रोल कानूनों के माध्यम से अस्तित्व में संशोधन करने से यह घटाया जा सकता है। इसके अलावा, गन कंट्रोल कानून उन लोगों की सुरक्षा को भी मजबूत कर सकते हैं जो गन संवर्धन के खिलाफ हैं।

हालांकि, गन कंट्रोल के विरो"
584,अमेरिका में गन कंट्रोल नीति पर बहस,"अमेरिका में गन कंट्रोल नीति एक बहुचर्चित विषय है जिसपर विभिन्न पक्षों में विचारानुसार भावुकता और विवाद रहता है। एक पक्ष मानता है कि गन कंट्रोल कानूनों की सख्ती बढ़ाने से अपराधों में कमी होगी, जबकि दूसरे पक्ष का मानना है कि यह नीतियां निहत्थे लोगों के हक को कमजोर कर सकती है।

अमेरिका में गन कंट्रोल पर बहस का मुख्य कारण है सामाजिक और राजनीतिक विचारधाराएं। एक ओर, लोग स्वतंत्रता की भावना के साथ गन कंट्रोल के पक्ष में हैं, जबकि दूसरी ओर उन्हें अपराधों और हिंसा के खिलाफ लड़ने के लिए गन कंट्रोल की आवश्यकता महसूस होती है।

"
585,अमेरिका में नस्लीय न्याय और राजनीतिक सुधार,"अमेरिका में नस्लीय न्याय और राजनीतिक सुधार के लिए विशेष उल्लेखनीय प्रयास हुए हैं। इन प्रयासों का उद्देश्य नस्लीय भेदभाव को कम करना और समानता को बढ़ावा देना है। 

अमेरिका में न्याय व्यवस्था में नस्लीय भेदभाव को कम करने के लिए कई कदम उठाए गए हैं। उच्चतम न्यायालय ने कई मामलों में नस्लीय भेदभाव के खिलाफ निर्णय दिया है और इसे रोकने के लिए कठोर कार्रवाई की जा रही है। साथ ही, सरकार ने भी नस्लीय न्याय को बढ़ावा देने के लिए विभिन्न संविधानिक संशोधन किए हैं। 

राजनीतिक सुधार के माध्यम से भी नस्लीय समानता को बढ"
586,अमेरिका की आर्थिक नीति और राजनीतिक विवाद,"अमेरिका की आर्थिक नीति और राजनीतिक विवाद विश्व के ध्यान केंद्र में हैं। अमेरिका की आर्थिक नीति और राजनीतिक विवादों का मुख्य कारण विभिन्न दलों के विचारधाराओं में विपरीतताएं हो सकती हैं।

एक पक्ष विश्वास रखता है कि अधिक सरकारी अनुदान और व्यापक कल्याणकारी योजनाएं आर्थिक समस्याओं का समाधान हो सकती हैं, जबकि दूसरे पक्ष इसे फिसड्डी और आर्थिक स्वतंत्रता की भावना को कम करने वाला मानते हैं। इसके अलावा, विभिन्न दल आर्थिक नीति के माध्यम से भी अपनी राजनीतिक अभियान को प्रभावित करने का प्रयास करते हैं।

वर्तमान में, अमेरिका में टैक"
583,अमेरिकी राजनीति में लॉबिंग और उसका प्रभाव,"लॉबिंग अमेरिकी राजनीति में एक महत्वपूर्ण और सामाजिक विचारशील प्रक्रिया है। यहाँ व्यक्तियों और संगठनों का सरकारी नीतियों पर व्यापक प्रभाव डालने का प्रयास होता है। लॉबिस्ट्स अधिकांश बड़े व्यवसायों, उद्योग और सामाजिक समूहों के पक्षपाती होते हैं, जिनका मुख्य उद्देश्य अपने हितों की रक्षा करना होता है।

लॉबिंग का प्रभाव अमेरिकी राजनीति पर सुधारात्मक और नकारात्मक दोनों प्रकार का होता है। सकारात्मक लॉबिंग के द्वारा सांसदों और नेताओं को नई और सुधारित नीतियों के बारे में जानकारी मिलती है और उन्हें सही निर्णय लेने"
587,अमेरिकी सीनेट और हाउस ऑफ रिप्रेजेंटेटिव्स की भूमिका,"अमेरिकी संघीय सरकार में सीनेट और हाउस ऑफ रिप्रेजेंटेटिव्स दोनों ही महत्वपूर्ण संस्थाएं हैं। सीनेट और हाउस ऑफ रिप्रेजेंटेटिव्स दोनों ही कानून निर्माण प्रक्रिया में भाग लेने के लिए जिम्मेदार हैं।

सीनेट में प्रत्येक राज्य के दो सदस्य होते हैं, जो राज्य से निर्वाचित होते हैं। सीनेट का मुख्य कार्य विधायिका के प्रस्तावित क़ानूनों पर मतदान करना है। सीनेट के सदस्यों की संख्या स्थायी होती है जिससे राज्यों के हित की रक्षा की जा सके।

हाउस ऑफ रिप्रेजेंटेटिव्स में सदस्यों की संख्या आधारित होती है अण्ड वह 435 होती है। हाउस ऑफ रिप्रेजेंटेट"
588,अमेरिकी संविधान और उसकी राजनीति पर प्रभाव,"अमेरिकी संविधान एक ऐतिहासिक दस्तावेज है जो संयुक्त राज्य अमेरिका की संविधानिक संरचना को परिभाषित करता है। यह विशेष रूप से अमेरिकी राजनीति पर गहरा प्रभाव डालता है और देश के नागरिकों के अधिकारों और कर्तव्यों को सुनिश्चित करने में महत्वपूर्ण भूमिका निभाता है।

अमेरिकी संविधान विचारशीलता, स्वतंत्रता, और समानता के मूल्यों पर आधारित है। यहाँ तक कि राजनीतिक और सामाजिक समानता के लिए लड़ाई के लिए मार्गदर्शन प्रदान करता है। इसकी संरचना और सामग्री ने दुनिया भर में लोकतांत्रिक राष्ट्रों को प्रेरित किया है।

अमेरिकी संविधान के म"
589,डेमोक्रेटिक और रिपब्लिकन पार्टियों के बीच मुख्य अंतर,"अमेरिका में डेमोक्रेटिक और रिपब्लिकन पार्टियां राष्ट्रीय स्तर पर दो मुख्य राजनीतिक पार्टियां हैं जो अपने विचारों और मूल्यों में अंतर रखती हैं।

डेमोक्रेटिक पार्टी एक केंद्रवामी पार्टी है जिसका मुख्य ध्येय समाजवाद, पारिवारिक राजनीति, और पर्यावरण की देखभाल है। इस पार्टी का समर्थन अक्सर नौजवानों, महिलाओं, गरीबों और अल्पसंख्यक समुदायों से मिलता है। डेमोक्रेटिक पार्टी आम तौर पर समाजवादी नीतियों का पूर्णत: समर्थन करती है और सामाजिक सुरक्षा और अधिकार को महत्व देती है।

विरोधी ओर रिपब्लिकन पार्टी एक दक्षिण-मध्य पार"
590,अमेरिकी सीनेट और हाउस ऑफ रिप्रेजेंटेटिव्स की भूमिका,"अमेरिकी संघीय शासन में सीनेट और हाउस ऑफ रिप्रेजेंटेटिव्स दोनों ही महत्वपूर्ण संसदीय संस्थान हैं। सीनेट और हाउस के सदस्यों का काम देश के कानूनों और नीतियों को गठित करना, संशोधित करना और उनकी जांच करना होता है।

सीनेट में प्रत्येक राज्य के दो सदस्य होते हैं, जबकि हाउस ऑफ रिप्रेजेंटेटिव्स के सदस्यों की संख्या राज्य की आबादी के आधार पर तय की जाती है। सीनेट के सदस्यों का कार्यकाल 6 वर्ष का होता है जबकि हाउस के सदस्यों का कार्यकाल 2 वर्ष का होता है।

अमेरिकी सीनेट की मुख्य भूमिका उसे उच्च अधिकार और सलाहकार के रूप में काम करना ह"
591,अमेरिकी विदेश नीति: चीन और रूस के साथ संबंध,"अमेरिका की विदेश नीति में चीन और रूस के साथ संबंध बहुत महत्वपूर्ण हैं। चीन व रूस दोनों ही अमेरिका के विपक्षी राष्ट्र हैं और इन राष्ट्रों के साथ सबसे बड़ा अमरीकी संघर्ष है। चीन एक बड़ी अर्थव्यवस्था और सैन्य शक्ति है, जबकि रूस एक पुरानी और सामरिक रक्षा शक्ति है।

अमेरिका और चीन के बीच व्यापारी संघर्ष रहता है, जिसमें वस्तुओं की आयात-निर्यात और तकनीकी उत्पादों के मुद्दे शामिल होते हैं। अमेरिका ने चीन के साथ व्यापारिक विवादों को हल करने के लिए विभिन्न उपाय अपनाए हैं, जैसे कि टैरिफ और जांच की वृद्धि।"
592,अमेरिका की आर्थिक नीति और राजनीतिक विवाद,"अमेरिका की आर्थिक नीति और राजनीतिक विवाद दुनिया भर में व्यापक ध्यान और विवादों का केंद्र रहा है। अमेरिकी आर्थिक नीति को लेकर दो प्रमुख दल हैं - गणराज्यीय दल (Democratic Party) और गोपनीय दल (Republican Party)। दोनों दलों के बीच इस नीति पर विवाद हमेशा रहता है।

गणराज्यीय दल विश्वास करता है कि अधिक सामाजिक न्याय के लिए आर्थिक विकास और साम्प्रदायिक न्याय को संबोधित करना चाहिए। उनकी नीतियां आम तौर पर अधिक टैक्स और सार्वजनिक सेवाओं के लिए अधिक निवेश पर आधारित होती हैं। वहीं, गोपनीय दल अधिक निजी क्षेत्र में निवेश बढ़ाने और कम विरासत कर"
593,अमेरिका में सुप्रीम कोर्ट की भूमिका और प्रभाव,"अमेरिका में सुप्रीम कोर्ट एक महत्वपूर्ण संवैधानिक संस्था है जो न्यायिक प्रशासन के लिए अहम भूमिका निभाती है। सुप्रीम कोर्ट का मुख्य काम अमेरिका के संविधान के अनुसार न्याय प्रदान करना है। यह कोर्ट अमेरिकी संविधान के मानकों को सुनिश्चित करने के लिए विवादित मामलों पर निर्णय देती है।

सुप्रीम कोर्ट का प्रभाव अत्यधिक महत्वपूर्ण है क्योंकि इसके निर्णय देश के व्यक्तिगत और सामाजिक जीवन पर सीधा प्रभाव डालते हैं। इसके निर्णय न केवल विवादित मामलों का समाधान करते हैं, बल्कि उन्होंने अमेरिकी समाज के विभिन्न पहलुओं पर भी प्रकार का प्रभाव डाला ह"
594,अमेरिकी संविधान और उसकी राजनीति पर प्रभाव,"अमेरिकी संविधान एक महत्वपूर्ण दस्तावेज है जिसने अमेरिकी राजनीति को एक निर्दिष्ट निर्देशिका प्रदान की है। यह संविधान संविधान सभा द्वारा 1787 में बनाया गया था और इसे 1789 में लागू किया गया था। अमेरिकी संविधान के मुख्य सिद्धांतों में स्वतंत्रता, समानता, न्याय और शांति की सुरक्षा शामिल है।

अमेरिकी संविधान ने अमेरिकी राजनीति पर गहरा प्रभाव डाला है। इसने एक नागरिक समाज की बनावट को पुनर्निर्माण किया है और नागरिकों को अपने हकों और कर्तव्यों की समझ में मदद की है। संविधान ने सिद्ध किया है कि सरकार को जनता की सेवा करना चाहिए और उसे"
595,अमेरिका में गन कंट्रोल नीति पर बहस,"अमेरिका में गन कंट्रोल नीति एक बहुत चर्चित और विवादास्पद विषय है। गन कंट्रोल के पक्ष और विपक्ष दोनों हैं। वहाँ कुछ लोग यह मानते हैं कि गन कंट्रोल की नीतियाँ स्ट्रिक्ट होनी चाहिए, ताकि अपराधों में गन का इस्तेमाल कम हो सके। वहीं, कुछ लोग यह भी मानते हैं कि यह एक व्यक्तिगत स्वतंत्रता का मुद्दा है और इसमें किसी भी प्रकार की पाबंदी नहीं होनी चाहिए।

गन कंट्रोल के पक्ष में यह बात उठाई जाती है कि गन कंट्रोल की सख्त नीतियों से अपराधों में गन का इस्तेमाल कम होगा और सामाजिक सुरक्षा में सुधार होगा। साथ ही, यह भी कहा जाता है कि गन कंट्रोल की"
596,डेमोक्रेटिक और रिपब्लिकन पार्टियों के बीच मुख्य अंतर,"डेमोक्रेटिक और रिपब्लिकन पार्टियों की अद्वितीयता और विचारधारा के साथ नाम के अलावा कई महत्वपूर्ण अंतर हैं। यहां कुछ मुख्य अंतर दिए जा रहे हैं:

1. राजनीतिक विचारधारा: डेमोक्रेटिक पार्टी आम तौर पर लिबरल विचारधारा का पालन करती है, जबकि रिपब्लिकन पार्टी कंसर्वेटिव विचारधारा का पक्ष लेती है।

2. सामाजिक मुद्दे: डेमोक्रेटिक पार्टी आम तौर पर गरीबी और सामाजिक न्याय के पक्ष में होती है, जबकि रिपब्लिकन पार्टी विशेषतः वित्तीय और आर्थिक मुद्दों पर जोर देती है।

3. विदेशी नीति: डेमोक्रेटिक पार्टी मुख्य रूप से संयुक्त राष"
597,अमेरिका में हेल्थकेयर नीति: ओबामाकेयर बनाम निजीकरण,"अमेरिका में हेल्थकेयर नीति एक बहुत ही महत्वपूर्ण और विवादास्पद विषय है। इसमें दो प्रमुख पक्ष हैं - एक ओबामाकेयर जिसे अधिकांश लोग सराहना करते हैं, और एक निजीकरण, जिसके पक्ष में यह कहा जाता है कि स्वतंत्र बाजार तंत्र को हेल्थकेयर के क्षेत्र में लागू किया जाना चाहिए।

ओबामाकेयर नीति को अमेरिका में स्वास्थ्य सुनिश्चित करने के लिए एक कदम माना जाता है। इसके अंतर्गत, सभी नागरिकों को हेल्थ इंश्योरेंस कवरेज की पहुंच सुनिश्चित की गई थी। यह नीति गरीब और असहाय लोगों के लिए बहुत फायदेमंद साबित हुई, जिन्हें अब उचित स्वास्थ"
598,अमेरिकी राष्ट्रपति चुनाव प्रणाली: एक विस्तृत विश्लेषण,"अमेरिकी राष्ट्रपति चुनाव प्रणाली एक बहुउम्मीदी प्रक्रिया है जिसमें व्यापक और जटिल चरण शामिल होते हैं। यह प्रक्रिया चुनाव के अगले साल में नवंबर महीने के पहले मंगलवार को समाप्त होती है।

पहला चरण है राष्ट्रपति उम्मीदवारों के प्राथमिक चरण का, जिसे कैसूस (Caucus) और प्राथमिक (Primary) चरण कहा जाता है। इसमें राष्ट्रपति उम्मीदवार अपने राज्यों में चुनाव जीतने के लिए प्रयास करते हैं।

दूसरा चरण राष्ट्रपति पार्टी के उम्मीदवार का चयन है, जिसमें राष्ट्रपति उम्मीदवार पार्टी अध्यक्ष के रूप में चयनित होते हैं।

तीसरा चरण है राष"
599,अमेरिकी राष्ट्रपति चुनाव प्रणाली: एक विस्तृत विश्लेषण,"अमेरिका में राष्ट्रपति का चयन एक व्यापक प्रक्रिया है जो चार साल में एक बार होती है। यह प्रक्रिया अमेरिकी नागरिकों के द्वारा अपने प्रतिनिधि का चयन करने का महत्वपूर्ण तरीका है।

अमेरिकी राष्ट्रपति का चयन एक चुनाव के माध्यम से किया जाता है जिसे ""पहली मंडली"" और ""दूसरी मंडली"" कहा जाता है। पहली मंडली में राज्य और क्षेत्रीय स्तर पर चुनाव होते हैं, जिसमें व्यक्तियों के संगठन और अभियान की महत्वपूर्ण भूमिका होती है। जीतने वाले उम्मीदवारों को पार्टी के नेता के रूप में चुना जाता है।

दूसरी मंडली में, जीतने वाले उम्मीदवारों को राष"
600,अमेरिकी संविधान और उसकी राजनीति पर प्रभाव,"अमेरिकी संविधान एक महत्वपूर्ण दस्तावेज है जो अमेरिकी राजनीति पर गहरा प्रभाव डालता है। यह संविधान अमेरिकी राष्ट्र के मौलिक अधिकारों, संरचना और कार्यप्रणाली को निर्धारित करता है। यहाँ कुछ मुख्य प्रभावों की चर्चा की जा सकती है:

1. संरचना का सुधार: अमेरिकी संविधान ने एक विचारशील और सुशासित संरचना प्रदान की है जिसमें संविधानीय गणराज्य के सिद्धांतों के अनुसार सत्ताएं वितरित हैं।

2. राजनीतिक स्वतंत्रता: संविधान ने अमेरिकी नागरिकों को विभिन्न प्रकार की स्वतंत्रता और अधिकार दिए हैं जो उन्हें स्वतंत्रता और स्वाधीनता में मदद कर"
601,अमेरिकी सीनेट और हाउस ऑफ रिप्रेजेंटेटिव्स की भूमिका,"अमेरिकी सीनेट और हाउस ऑफ रिप्रेजेंटेटिव्स अमेरिकी संविधान में स्थापित दो प्रमुख संसदीय निकाय हैं। ये दोनों ही निकाय संघीय सरकार के उच्चतम संसदीय निकाय हैं और भारतीय संविधान की राज्य सभा और लोक सभा के समान हैं।

सीनेट की स्थापना की गई थी ताकि प्रत्येक राज्य को समान प्रतिनिधित्व मिल सके और राष्ट्रीय स्तर पर सभी राज्यों की दयनीयता की देखभाल की जा सके। हाउस ऑफ रिप्रेजेंटेटिव्स में सदस्यों का संख्या राज्यों की आबादी के आधार पर निर्धारित होता है।

सीनेट और हाउस ऑफ रिप्रेजेंटेटिव्स मिलकर 'कांग्रेस' को बनाते हैं और ये दोनों"
603,अमेरिका में गन कंट्रोल नीति पर बहस,"गन कंट्रोल अमेरिका में एक बहुत विवादित विषय है। वास्तव में, गन कंट्रोल के पक्ष और विपक्ष दोनों अपने-अपने तर्क देते हैं। पक्ष यह मानते हैं कि गन कंट्रोल कानूनों की मदद से हिंसा और अपराधों को कम किया जा सकता है, जबकि विपक्ष यह मानते हैं कि यह व्यक्तिगत स्वतंत्रता की हनन होगी। 

अमेरिका में गन कंट्रोल के बारे में बहस इसलिए भी होती है क्योंकि यहाँ प्रतिष्ठित गुणसूत्र कंपनियों के लोभ और राजनीतिक दबाव के चलते कानूनों में कोई बदलाव नहीं हो पा रहा है। भारी भारी गुणसूत्र निर्माताओं के लॉबीज़ और नेताओं के समर्थन से अमेरिका में ग"
602,अमेरिकी विदेश नीति: चीन और रूस के साथ संबंध,"अमेरिकी विदेश नीति एक महत्वपूर्ण विषय है जिसपर दुनिया की नजरें हमेशा बनी रहती हैं। विशेषकर अमेरिका के संबंध चीन और रूस के साथ बहुत महत्वपूर्ण हैं। इन तीनों देशों के बीच राजनीतिक, आर्थिक और सांस्कृतिक संबंध गहरे हैं।

चीन के साथ अमेरिका के संबंध विपक्षी हैं, हालांकि दोनों देशों के बीच व्यापार संबंध भी मजबूत हैं। चीन की तेजी से बढ़ती शक्ति ने अमेरिका को चिंतित किया है और इसके कारण दोनों देशों के बीच जलयुद्ध भी संभावित है।

वहीं, रूस के साथ अमेरिका के संबंध भी विपक्षी हैं। दोनों देशों के बीच"
604,डेमोक्रेटिक और रिपब्लिकन पार्टियों के बीच मुख्य अंतर,"अमेरिका में डेमोक्रेटिक और रिपब्लिकन पार्टियाँ दो मुख्य राजनीतिक पार्टियाँ हैं जो देश की राजनीति में महत्वपूर्ण भूमिका निभाती हैं। ये दोनों पार्टियाँ अपने विचारधारा, नीतियों और उद्देश्यों में भिन्न हैं, जिसके कारण उनमें कई अंतर होते हैं।

डेमोक्रेटिक पार्टी अक्सर सामाजिक, आर्थिक और सांस्कृतिक मुद्दों पर ध्यान केंद्रित करती है। इस पार्टी का मुख्य उद्देश्य गरीबी कम करना, सामाजिक समानता बढ़ाना और व्यक्तिगत स्वतंत्रता को मजबूत करना है। वे आम तौर पर सामाजिक कार्यकर्ताओं, युवा और महिलाओं के हित में नीतियाँ बनाती हैं"
605,अमेरिका में सुप्रीम कोर्ट की भूमिका और प्रभाव,"सुप्रीम कोर्ट अमेरिका की सर्वोच्च न्यायिक अदालत है और इसकी भूमिका अत्यंत महत्वपूर्ण है। सुप्रीम कोर्ट के पास अदालती मामलों में अंतिम निर्णय देने की शक्ति होती है और यह निर्णय सम्पूर्ण देश के लिए बाध्यकारी होता है। सुप्रीम कोर्ट के निर्णयों का प्रभाव देश के संविधान और कानूनों पर होता है और यह निर्णय सभी अदालतों के लिए मार्गदर्शक होते हैं।

सुप्रीम कोर्ट के निर्णयों का प्रभाव अमेरिकी समाज पर भी होता है। यह निर्णय राष्ट्रीय स्तर पर न्यायिक दृष्टिकोण स्थापित करते हैं और सामाजिक परिवर्तन को निर्धारित करते हैं। सुप्रीम कोर्ट के"
607,अमेरिकी विदेश नीति: चीन और रूस के साथ संबंध,"अमेरिका की विदेश नीति अक्सर चीन और रूस के साथ संबंधों पर केंद्रित होती है। चीन और रूस दोनों एक बड़ी गणराज्य हैं जिनका अमेरिका के साथ व्यापारिक, रक्षा और राजनीतिक संबंध है।

चीन के साथ, अमेरिका की विदेश नीति में ध्यान रखा जाता है कि दोनों देशों के बीच व्यापार और वित्तीय संबंध मजबूत हों। हाल ही में, चीन के साथ दोनों देशों के बीच व्यापार संबंधों पर टैरिफ को लेकर विवाद भी उठा है। चीन के व्यापारिक और रक्षा नीतियों पर अमेरिका का नजरिया तेजी से बदल रहा है।

दूसरी ओर, अमेरिका और रूस के बीच संबंध भी खीं"
606,अमेरिकी विदेश नीति: चीन और रूस के साथ संबंध,"अमेरिकी विदेश नीति के संदर्भ में चीन और रूस के साथ संबंध एक बहुत महत्वपूर्ण और व्यापक विषय है। चीन एशिया का सबसे बड़ा देश है और रूस यूरोप और एशिया का एक महत्वपूर्ण खिलाड़ी है। अमेरिका की विदेश नीति में चीन और रूस के साथ संबंध उनके राजनीतिक, आर्थिक, सामाजिक और सैन्यिक मुद्दों पर विशेष प्रकार का प्रभाव डालते हैं।

चीन के साथ अमेरिकी संबंधों में व्यापारिक मुद्दे, टेक्नोलॉजी और साइबर सुरक्षा जैसे मुद्दों पर विवाद होता रहता है। दोनों देशों के बीच ट्रेड वार भी होता रहता है। वहीं, रूस के साथ अमेरिकी संबं"
608,डेमोक्रेटिक और रिपब्लिकन पार्टियों के बीच मुख्य अंतर,"अमेरिका में डेमोक्रेटिक और रिपब्लिकन पार्टियाँ दो प्रमुख राजनीतिक दल हैं। ये दोनों पार्टियाँ विभिन्न मुद्दों पर विचार करती हैं और अलग-अलग दृष्टिकोण रखती हैं। 

डेमोक्रेटिक पार्टी विशेष रूप से सामाजिक न्याय, गरीबी की उन्नति, वातावरण संरक्षण, स्वास्थ्य देखभाल, शिक्षा और महिला अधिकारों के पक्षधर है। इस पार्टी के समर्थक अक्सर विशेष रूप से न्यूनतम वेतन को बढ़ाने, विदेशी नीतियों को सुधारने और विदेश में अमेरिकी सैन्य की व्यापक उपस्थिति को कम करने की मांग करते हैं।

विरोधी रिपब्लिकन पार्टी अक्सर अर्थव्यवस्थ"
609,अमेरिकी संविधान और उसकी राजनीति पर प्रभाव,"अमेरिकी संविधान एक महत्वपूर्ण दस्तावेज है जो अमेरिकी राजनीति पर गहरा प्रभाव डालता है। अमेरिकी संविधान ने एक सुरक्षित, स्थिर और संविधानिक ढांचा प्रदान किया है जो देश के नागरिकों के अधिकार और कर्तव्यों को सुनिश्चित करता है।

अमेरिकी संविधान ने एक संविधानिक लघुतांत्रिक प्रणाली स्थापित की है जिसमें तीन शाखाएं - कार्यकारी, विधि और न्यायिक - स्थिर की गई हैं। यह संरचना सुनिश्चित करती है कि कोई भी एक शाखा अधिकार का दुरुपयोग न करे और लोकतंत्र की बल प्रदान करने में मदद करती है।

अमेरिकी संविधान ने नागरिकों को कई महत्वपूर्ण"
612,अमेरिकी संविधान और उसकी राजनीति पर प्रभाव,"अमेरिकी संविधान एक महत्वपूर्ण दस्तावेज है जो संयुक्त राज्य अमेरिका के संविधानिक सिद्धांतों और नीतियों को स्थापित करता है। संविधान ने एक व्यक्ति की अधिकारों और कर्तव्यों को स्पष्ट करने के साथ-साथ सरकारी संरचना, शक्ति विभाजन, और सरकारी प्रणाली को भी प्रदान किया है। यह एक ऐतिहासिक दस्तावेज है जिसने व्यक्ति की स्वतंत्रता और सर्वाधिकार को सुनिश्चित किया है।

अमेरिकी संविधान और उसकी राजनीति का प्रभाव विश्वभर में महत्वपूर्ण है। इसने व्यक्ति की स्वतंत्रता, न्याय, और समानता को प्रोत्साहित किया है और एक लोकतांत्रिक और न्यायप्रिय सामाज"
614,अमेरिका में जलवायु परिवर्तन नीति और राजनीतिक प्रभाव,"अमेरिका में जलवायु परिवर्तन एक गंभीर मुद्दा है जिसका व्यापक प्रभाव है। अमेरिकी संघीय सरकार ने जलवायु परिवर्तन को गंभीरता से लिया है और विभिन्न कदम उठाए हैं जैसे कि पारिस समझौता को स्वीकृति देना, जलवायु परिवर्तन कार्रवाई योजनाएं शुरू करना और ऊर्जा उत्पादन में अधिक स्वच्छ ऊर्जा का उपयोग करना।

जलवायु परिवर्तन के लिए अमेरिकी सरकार ने कई नीतियाँ बनाई हैं, जैसे कि ऊर्जा विकल्पों को प्रोत्साहित करना, वन्यजीव संरक्षण का प्रचार करना, जलवायु परिवर्तन के प्रभावों का अध्ययन करना आदि। इन नीतियों का मुख्य उद्देश्य"
610,अमेरिकी राजनीति में लॉबिंग और उसका प्रभाव,"लॉबिंग एक प्रकार की प्रभावशाली कौशल है जिसे राजनीतिक निर्णय लेने के लिए उपयोग किया जाता है। अमेरिकी राजनीति में लॉबिंग एक महत्वपूर्ण भूमिका निभाता है। यहाँ उपलब्ध जानकारी और संबंधों के माध्यम से लॉबिस्ट विभिन्न राजनीतिक निर्णयकर्ताओं पर अपना प्रभाव डालते हैं। लॉबिस्ट विशेषज्ञता और जानकारी के साथ राजनीतिक प्रक्रिया में अपने मामूली या बड़े मुद्दे के पक्ष में काम करने में सक्षम होते हैं।

अमेरिकी राजनीति में लॉबिस्ट द्वारा किए गए प्रयासों का असर प्रभावशाली होता है। बड़े उद्योग वाणिज्य, एनजीओ,"
611,अमेरिका में मतदाता अधिकार और चुनाव सुधार,"अमेरिका में मतदाता अधिकार और चुनाव सुधार विषय में एक महत्वपूर्ण चरण एक नए युग की ओर बढ़ते हैं। चुनाव सुधारों के लक्ष्य में शामिल हैं मतदान की सुविधाओं का बढ़ावा देना, चुनावी दलों की व्यापक संगठना और उनके विचारों के प्रसार को सुनिश्चित करना, और मतगणना प्रक्रिया को प्रभावी और विश्वसनीय बनाना।

मतदान के अधिकार का महत्व अमेरिकी संविधान में स्थापित है। विभिन्न चुनाव सुधार उपायों में वीवो इलेक्ट्रॉनिक वोटिंग मशीनों का उपयोग, ऑनलाइन मतदान प्रक्रिया, विदेशों बसे नागरिकों के लिए मतदान सुविधा, आधारिक पहचान प्रण"
615,अमेरिका में सुप्रीम कोर्ट की भूमिका और प्रभाव,"सुप्रीम कोर्ट अमेरिका की सर्वोच्च न्यायिक संस्था है जिसका मुख्य काम संविधान की मान्यता की निर्धारण करना है। यह संस्था उन कानूनी मुद्दों पर सुनवाई करती है जिनमें संविधान की व्याख्या और उसके अनुसार कानूनों को अमल में लाने का मामला होता है। सुप्रीम कोर्ट के न्यायाधीशों का नियुक्ति संविधान के धाराओं के अनुसार राष्ट्रपति द्वारा की जाती है।

सुप्रीम कोर्ट की एक महत्वपूर्ण भूमिका यह है कि वह संविधान के मान्यता को रक्षा करती है और संविधान का पालन करने वाली सरकारी नीतियों और कानूनों के खिलाफ न्याय दिलाती है। इसके अलावा, सुप्रीम कोर्ट ने अमे"
616,अमेरिका में हेल्थकेयर नीति: ओबामाकेयर बनाम निजीकरण,"अमेरिका में हेल्थकेयर नीति एक बहुत चर्चित और महत्वपूर्ण विषय है। इसके बारे में दो मुख्य प्रस्ताव हैं - ओबामाकेयर और निजीकरण।

ओबामाकेयर, जिसे आमतौर पर एफ़एक्सए पंजीकरण के रूप में जाना जाता है, अमेरिकी राष्ट्रपति बराक ओबामा द्वारा केयर एक्ट 2010 के अंतर्गत लागू किया गया था। इसका मुख्य उद्देश्य सभी अमेरिकी नागरिकों को सस्ती और उचित स्वास्थ्य सेवाएं प्रदान करना था। इसके तहत, अमेरिकी नागरिकों को स्वास्थ्य बीमा खरीदने के लिए अधिकार था, और न केवल बीमा कंपनियों द्वारा उन्हें बीमित करने से रोका गया था।

व"
617,अमेरिकी संविधान और उसकी राजनीति पर प्रभाव,"अमेरिकी संविधान एक महत्वपूर्ण दस्तावेज है जो संयुक्त राज्य अमेरिका की सरकारी व्यवस्था को परिभाषित करता है। यह एक समाधान है जो संयुक्त राज्य अमेरिका के संविदाताओं द्वारा स्वीकृत होता है, जिसमें सरकार के कार्यकारी, न्यायिक और विधायिका शाखाओं की संरचना और संचालन को परिभाषित किया गया है।

अमेरिकी संविधान ने अमेरिकी राजनीति पर गहरा प्रभाव डाला है। यहाँ पर कुछ मुख्य प्रभावों का उल्लेख किया जा सकता है:

1. प्रभावशाली सरकारी संरचना: अमेरिकी संविधान ने एक विभाजित सरकार की स्थापना की है, जिसमें राष्ट्रीय सरकार और राज्य सरकारों के"
613,अमेरिका की आर्थिक नीति और राजनीतिक विवाद,"अमेरिका की आर्थिक नीति और राजनीतिक विवाद दुनिया भर में चर्चा का विषय बना हुआ है। अमेरिका विश्व की सबसे बड़ी अर्थव्यवस्था वाला देश होने के नाते उसकी आर्थिक नीति का महत्वपूर्ण प्रभाव पूरी दुनिया पर होता है। हाल ही में, कोरोना महामारी की चपेट में आने से अमेरिका की अर्थव्यवस्था पर भी बहुत असर पड़ा है। इसके परिणामस्वरूप अमेरिका में बेरोजगारी बढ़ गई है और लोगों की आर्थिक स्थिति मजबूत नहीं है।

इसके साथ ही, अमेरिका में राजनीतिक विवाद भी गहराई से बढ़ रहे हैं। विभिन्न दलों के बीच विचारविरोध तेजी से बढ़ र"
618,अमेरिका में हेल्थकेयर नीति: ओबामाकेयर बनाम निजीकरण,"अमेरिका में हेल्थकेयर नीति एक बहुत ही महत्वपूर्ण और विवादास्पद विषय है। इसके बारे में दो प्रमुख पक्ष हैं - एक ओबामा सरकार जिसने 2010 में Affordable Care Act (जिसे ओबामाकेयर के नाम से भी जाना जाता है) को लागू किया था, और दूसरा निजीकरण के पक्षधरों का।

ओबामाकेयर का मुख्य लक्ष्य सभी अमेरिकी नागरिकों को सस्ते और उचित स्वास्थ्य सुविधाओं तक पहुंचाना था। इस नीति के तहत, अमेरिकी सरकार ने स्वास्थ्य बीमा कवरेज को बढ़ाने के लिए कई कदम उठाए, जिससे अधिकांश अमेरिकी नागरिकों को स्वास्थ्य सुरक्षा मिलने लगी।

विपक्ष में, निजीकरण के पक्षधरो"
619,अमेरिकी राजनीति में लॉबिंग और उसका प्रभाव,"लॉबिंग एक प्रकार की राजनीतिक प्रक्रिया है जिसमें समूह या व्यक्ति अपने हितों को प्रमोट करने के लिए निरंतर संचार और प्रभाव डालने के लिए राजनीतिक निर्णयकर्ताओं के साथ संपर्क में रहते हैं। अमेरिकी राजनीति में भी लॉबिंग एक महत्वपूर्ण भूमिका निभाता है।

अमेरिकी राजनीति में लॉबिस्ट्स राजनीतिक दलों, संगठनों या कंपनियों के पक्ष को बनाए रखने के लिए काम करते हैं। वे निर्णयकर्ताओं को जानकारी प्रदान करते हैं, विभिन्न मुद्दों पर विचार-विमर्श करते हैं और नीतियों में परिवर्तन के लिए प्रभाव डालने की कोशिश करते हैं।

लॉबिंग का प्रभ"
620,अमेरिकी संविधान और उसकी राजनीति पर प्रभाव,"अमेरिकी संविधान एक महत्वपूर्ण दस्तावेज है जो अमेरिकी संघीय राष्ट्र की आधारशिला है। यह संविधान अमेरिकी संघीय राजनीति पर गहरा प्रभाव डालता है और अमेरिकी समाज की विचारधारा और विशेषता को प्रकट करता है। 

अमेरिकी संविधान ने लोकतंत्रिक सिद्धांतों को मजबूती दी है और नागरिकों को अपने अधिकारों की रक्षा करने का अधिकार दिया है। इसके अलावा, इसने एक विशेष विभाजन किया है जिसमें संविधान से निर्धारित केंद्र और राज्यों के बीच सम्बंधों को स्पष्ट करता है। इसके अलावा, इसने भी नागरिकों को अपने धार्मिक और सामाजिक अधिकारों की र"
621,अमेरिकी मीडिया और राजनीति: निष्पक्षता बनाम ध्रुवीकरण,"अमेरिकी मीडिया और राजनीति के बीच निष्पक्षता और ध्रुवीकरण एक महत्वपूर्ण और विवादास्पद विषय है। मीडिया की भूमिका राजनीतिक घटनाओं को सार्वजनिक करने में महत्वपूर्ण होती है, लेकिन कई बार इसका उपयोग निष्पक्षता की दिशा में नहीं होता। ध्रुवीकरण एक समस्यात्मक मामला है जिसमें मीडिया एक पक्ष की दिशा में स्थायी रूप से ढल जाती है।

सामाजिक मीडिया की उछाल ने इस मुद्दे को और भी गंभीर बना दिया है। अमेरिकी मीडिया में निष्पक्षता का मामला विशेष रूप से राजनीतिक विवादों के समय उभरता है। चुनावी अवसरों पर मीडिया का समाचार क"
622,अमेरिका में नस्लीय न्याय और राजनीतिक सुधार,"अमेरिका में नस्लीय न्याय और राजनीतिक सुधार एक लम्बे समय से चर्चा का विषय रहा है। यहां नस्लीय न्याय और राजनीतिक सुधार के संबंध में दो विपक्षी दृष्टिकोण हैं। एक दृष्टिकोण से, नस्लीय न्याय की चरम स्थिति को बढ़ावा देने के लिए कई कदम उठाए गए हैं। इसमें नस्लीय असमानता को कम करने के लिए कानूनी और सामाजिक सुधार किए गए हैं। वे भूमिकापरक विपक्षीता को देखते हैं जो नस्लीय न्याय को अवरुद्ध करती है।

दूसरी दृष्टिकोण से, कुछ लोग इसे राजनीतिक सुधार के रूप में देखते हैं। उनका मानना है कि नस्लीय न्याय"
623,अमेरिकी विदेश नीति: चीन और रूस के साथ संबंध,"अमेरिका की विदेश नीति चीन और रूस के साथ संबंध विशेष महत्व रखती है, क्योंकि इन तीन देशों के बीच सामरिक, आर्थिक, राजनीतिक और सांस्कृतिक संबंध गहरे हैं। अमेरिका के औपचारिक रूप से चीन और रूस के साथ संबंध अक्सर संवाद में देखे जाते हैं, लेकिन इन देशों के साथ रिश्ते कभी-कभी तनावपूर्ण भी हो सकते हैं।

चीन और अमेरिका के बीच आर्थिक संबंध विशेष महत्व रखते हैं। यह दोनों देशों के बीच व्यापार गतिविधियों को बढ़ावा देते हैं। हाल ही में तर्कियां चीन की नीतियों के कारण उभरी हैं, जैसे व्यापारिक टैरिफ और तकनीकी चो"
624,अमेरिकी विदेश नीति: चीन और रूस के साथ संबंध,"अमेरिका की विदेश नीति में चीन और रूस के साथ संबंध विशेष महत्व रखते हैं। चीन एक वृद्धि शील देश है जिसने अंतर्राष्ट्रीय बाजार में अहम स्थान हासिल किया है। चीन को अमेरिका की एक महत्वपूर्ण व्यापारिक साझेदार माना जाता है, लेकिन दोनों देशों के बीच व्यापार संबंधों में टेंशन भी रहती है। चीन के साथ अमेरिका की विदेश नीति में चुनौतियों का सामना करना पड़ता है, जैसे व्यापारिक विवाद, साइबर हमले, और ज्ञान संसाधनों की चोरी।

दूसरी ओर, रूस भी अमेरिका के लिए एक महत्वपूर्ण रक्षा और राजनीतिक साझेदार है। दोनों देशों के बीच व"
625,अमेरिका में गन कंट्रोल नीति पर बहस,"अमेरिका में गन कंट्रोल नीति एक बहुत ही विवादास्पद और चर्चा का विषय है। एक ओर उन लोगों का कहना है कि गन कंट्रोल के कदम लेने से हिंसा और अपराधों में कमी आ सकती है, जबकि दूसरी ओर लोग इसे व्यक्तिगत स्वतंत्रता का हनन मानते हैं।

अमेरिका में गन कंट्रोल के पक्ष में यह तर्क है कि ज्यादातर गुनाहगार अपराधियों के पास गन होते हैं, जिससे हिंसा और गुनाह कम हो सकते हैं। गन कंट्रोल के अनुसार, सख्त नियमों और नियंत्रण के साथ गन की खरीद और रखरखाव करने की अनुमति देनी चाहिए।

विपक्षी तरफ से यह तर्क है कि गन कंट्रोल के नियम बनाने से सामान्य नागर"
626,अमेरिका में मतदाता अधिकार और चुनाव सुधार,"अमेरिका में मतदाता अधिकार और चुनाव सुधार एक महत्वपूर्ण विषय है जो लोकतंत्र के स्वास्थ्य और सुरक्षित चलने के लिए अत्यंत आवश्यक है। अमेरिका में मतदाताओं को उनके मतदान करने के अधिकारों की पूरी सुरक्षा और सुरक्षा उपलब्ध होनी चाहिए। लेकिन हाल ही में हुई चुनाव घोटालों और अनियमितताओं के कारण, चुनाव सुधार की जरूरत महसूस हो रही है।

मतदाताओं के अधिकार को मजबूत करने के लिए नए तकनीकी उपाय अपनाने की आवश्यकता है। इसमें इलेक्ट्रॉनिक वोटिंग, बायोमेट्रिक आईडेंटिफिकेशन, और ब्लॉकचेन तकनीक का उपयोग शामिल है। इन"
627,अमेरिका में गन कंट्रोल नीति पर बहस,"अमेरिका में गन कंट्रोल नीति एक बहुत ही विवादास्पद और चर्चित विषय है। एक ओर से कुछ लोग मानते हैं कि गन कंट्रोल की सख्त नीतियाँ होनी चाहिए ताकि गन वायलेंस को रोका जा सके, जबकि दूसरी ओर से कुछ लोग इसे अपने स्वतंत्रता की हनन समझते हैं।

अमेरिका में हर साल गन वायलेंस से हजारों लोगों की मौत होती है और इसकी वजह से समाज में भय और असुरक्षा की भावना बढ़ती जा रही है। इस समस्या का समाधान गन कंट्रोल नीतियों के माध्यम से हो सकता है। गन कंट्रोल के उपायों में गन धारकों पर प्रतिबंध लगाना, गन लाइसेंसिंग प्रक्रिया को सख्त करना, गन्स की बिक्री"
628,अमेरिका में नस्लीय न्याय और राजनीतिक सुधार,"अमेरिका में नस्लीय न्याय और राजनीतिक सुधार के मुद्दे इतिहास का महत्वपूर्ण हिस्सा रहे हैं। नस्लीय भेदभाव के खिलाफ लड़ाई में अमेरिका ने कई कदम उठाए हैं। 1950 और 1960 के दशक में सिविल राइट्स आंदोलन ने नस्लीय भेदभाव के खिलाफ लड़ाई लड़ी और अधिकारों की सुनिश्चित करने में मदद की। सिविल राइट्स एक्ट 1964 और वोटिंग राइट्स एक्ट 1965 जैसे कानूनों ने नस्लीय भेदभाव को खत्म करने में मदद की।

वर्तमान समय में भी नस्लीय न्याय एक महत्वपूर्ण मुद्दा है। अमेरिका में ब्लैक लाइव्स मैटर (BLM) आंदोलन ने नस्लीय न्य"
629,अमेरिका में हेल्थकेयर नीति: ओबामाकेयर बनाम निजीकरण,"अमेरिका में हेल्थकेयर नीति एक चरमपंथी विषय है जिसने देश में गहरे विभाजन का सामना कराया है। अमेरिका में हेल्थकेयर नीति को लेकर दो प्रमुख पक्ष रहते हैं - एक तरफ है ओबामाकेयर, जिसे अमेरिकी राष्ट्रपति बराक ओबामा ने शुरू किया था, और दूसरी ओर है निजीकरण, जिसमें स्वास्थ्य सेवाएं निजी कंपनियों के द्वारा प्रबंधित होती हैं।

ओबामाकेयर के द्वारा लागू की गई हेल्थकेयर नीति का मुख्य उद्देश्य सभी लोगों को सस्ते और उचित स्वास्थ्य सेवाओं तक पहुंचाना था। इस नीति के तहत, अमेरिकी नागरिकों को महंगी स्वास्थ्य बीमा प्लान्स खरीदने"
630,अमेरिका में मतदाता अधिकार और चुनाव सुधार,"अमेरिका में मतदाता अधिकार और चुनाव सुधार एक महत्वपूर्ण विषय है जिसपर ध्यान दिया जा रहा है। यह सुनिश्चित करना महत्वपूर्ण है कि सभी नागरिकों को चुनावी प्रक्रिया में समान अधिकार हों और किसी भी प्रकार की भ्रष्टाचार या उन्याय के खिलाफ लड़ाई को रोका जाए।

अमेरिका में मतदाता अधिकार को सुनिश्चित करने के लिए विभिन्न कदम उठाए गए हैं, जैसे की ऑनलाइन पंजीकरण, मतदाताओं के सुरक्षित रहने के लिए सुरक्षित व्यक्तिगत जानकारी, चुनावी कार्यक्रम में सभी नागरिकों की भागीदारी आदि। विभिन्न राज्यों में वोटिंग मशीनों की नवीनीकरण किया"
631,अमेरिका में अप्रवासन नीति और उसकी राजनीति,"अमेरिका में अप्रवासन नीति एक अहम राजनीतिक मुद्दा है जिसने गहरे विवादों का सामना किया है। अप्रवासन नीति के माध्यम से सरकार विदेशियों को अमेरिका में आने और रहने की अनुमति प्रदान करती है। इस नीति के तहत विभिन्न विचारधाराओं और राजनीतिक दलों के बीच विवाद हैं।

एक ओर वहाँ लोग हैं जो अप्रवासन नीति के गंभीर विरोधी हैं और मानते हैं कि यह देश की सुरक्षा और रोजगार के अवसरों को खतरे में डाल सकती है। उनका मानना है कि विदेशियों की अधिक संख्या अमेरिकी नागरिकों के रोजगारों को खतरे में डाल सकती है और देश की सुरक्षा को भी प्रभावित क"
632,अमेरिका में हेल्थकेयर नीति: ओबामाकेयर बनाम निजीकरण,"अमेरिका में हेल्थकेयर नीति एक बहुत ही महत्वपूर्ण और विवादास्पद विषय है। वहाँ पर दो मुख्य प्रमुख दृष्टिकोण हैं - एक तरफ ओबामाकेयर नीति और दूसरी ओर निजीकरण।

ओबामाकेयर नीति, जिसे अफ़र्डेबल केयर एक्ट के रूप में भी जाना जाता है, एक ऐसा प्रयास था जिसका उद्देश्य अमेरिकी लोगों को सस्ती और उचित स्वास्थ्य सेवाएं प्रदान करना था। इस नीति के अंतर्गत, सभी नागरिकों को बीमा की सुविधा प्रदान करने का प्रावधान था। इससे बड़ी संख्या में अमेरिकी लोगों को स्वास्थ्य सेवाओं तक पहुंचने में मदद मिलने की उम्मीद थी।

विपक्ष म"
633,अमेरिकी राजनीति में लॉबिंग और उसका प्रभाव,"लॉबिंग एक प्रक्रिया है जिसमें व्यक्ति या समूह सरकारी निर्णयकर्ताओं पर अपने हितों को प्रभावित करने के लिए दबाव डालते हैं। अमेरिकी राजनीति में लॉबिंग एक महत्वपूर्ण भूमिका निभाता है। यहाँ कुछ मुख्य कारण दिए जा रहे हैं:

1. संविदानिक स्वतंत्रता: अमेरिका में संविदान द्वारा नागरिकों को लॉबी करने का अधिकार दिया गया है। इसका परिणाम है कि लोग अपने हितों की रक्षा के लिए अपने प्रतिनिधियों से लॉबी करते हैं।

2. धन का महत्व: अमेरिकी राजनीति में धन का बहुत महत्व है और धन द्वारा लॉबी किया जाता है। कुछ विशेष समूहों के पास अ"
634,डेमोक्रेटिक और रिपब्लिकन पार्टियों के बीच मुख्य अंतर,"अमेरिका में डेमोक्रेटिक पार्टी और रिपब्लिकन पार्टी दो मुख्य राजनीतिक पार्टियां हैं। यह दोनों पार्टियां अपनी विचारधारा, सिद्धांत और नीतियों में अंतर हैं।

डेमोक्रेटिक पार्टी एक सेंटर-वाम मुख्यवादी पार्टी है जो सामाजिक और आर्थिक इंसानी अधिकारों की रक्षा करती है। इस पार्टी का उद्देश्य गरीबी कम करना, व्यापारिक विश्वास को मजबूत करना, और सामाजिक समरसता को बढ़ावा देना है। यह पार्टी आम तौर पर कामगारों, महिलाओं, युवाओं, और माइनॉरिटी जनजातियों के हित में नीतियां बनाती है।

विरोधी में, रिपब्लिकन पार्टी एक सेंटर-द"
635,अमेरिका में नस्लीय न्याय और राजनीतिक सुधार,"अमेरिका में नस्लीय न्याय और राजनीतिक सुधार एक महत्वपूर्ण और चुनौतीपूर्ण विषय है। नस्लीय न्याय का मतलब है विभिन्न नस्लों के लोगों के लिए न्याय की पहुंच को सुनिश्चित करना। अमेरिका में नस्लीय न्याय के क्षेत्र में अभूतपूर्व प्रगति हुई है, लेकिन अभी भी काफी काम बाकी है।

अमेरिका में नस्लीय न्याय को बढ़ावा देने के लिए अनेक कदम उठाए गए हैं। नस्लीय भेदभाव के खिलाफ कड़ी कानूनी कार्रवाई की गई है और समुदायों को समान अधिकारों की सुरक्षा प्राप्त करने के लिए कानूनों में संशोधन किए गए हैं। इसके अलावा, नस्लीय अस"
636,अमेरिका में सुप्रीम कोर्ट की भूमिका और प्रभाव,"सुप्रीम कोर्ट अमेरिका की सर्वोच्च न्यायिक प्राधिकरण है जो संविधान की रक्षा और न्याय को सुनिश्चित करने के लिए जिम्मेदार है। इसकी मुख्य भूमिका यह है कि वह संविधानीय मामलों में अंतिम न्याय देती है और संविधान के मानदंडों की सुरक्षा करती है।

सुप्रीम कोर्ट की सबसे अच्छी बात यह है कि यह निर्भीक, स्वतंत्र और निष्पक्ष होती है। यह न्यायिक निर्णय भारतीय संविधान के माध्यम से निर्धारित होते हैं और सामान्य लोगों के अधिकारों की रक्षा करने में मदद करते हैं।

सुप्रीम कोर्ट के निर्णयों का बड़ा प्रभाव होता है। इसके निर्णय देश के अधिकार"
637,अमेरिकी विदेश नीति: चीन और रूस के साथ संबंध,"अमेरिकी विदेश नीति एक बहुत ही महत्वपूर्ण विषय है, जिसका महत्व विशेषकर चीन और रूस के साथ संबंधों के संदर्भ में बढ़ जाता है। अमेरिका की विदेश नीति में चीन और रूस के साथ संबंधों को लेकर विभिन्न दिक्कतें और संभावनाएं हैं।

चीन के साथ संबंधों की बात करें तो अमेरिका चीन को एक बड़ी चुनौती मानता है। चीन एक भारी अर्थशक्ति है जिसका व्यापारिक और सैन्य बल दुनिया भर में महत्वपूर्ण है। चीन के साथ व्यापार, तकनीकी सहयोग और रक्षा संबंध अमेरिकी नीतिकट में महत्वपूर्ण हैं। वहीं, चीन के अंतर्राष्ट्रीय कार्यक्रम और मानव"
638,अमेरिका में हेल्थकेयर नीति: ओबामाकेयर बनाम निजीकरण,"अमेरिका में हेल्थकेयर नीति एक महत्वपूर्ण और विवादास्पद विषय है, जिसमें दो मुख्य पक्ष हैं - ओबामाकेयर और निजीकरण।

ओबामाकेयर, जिसे अधिकारिक रूप से ""पेटिएंट प्रोटेक्शन एंड अफोर्डेबल केयर एक्ट"" (ACA) कहा जाता है, एक महत्वपूर्ण हेल्थकेयर सुधार नीति थी जो 2010 में अमेरिकी कानून बन गई थी। इसका मुख्य उद्देश्य था सभी अमेरिकी नागरिकों को सस्ते और प्रभावी स्वास्थ्य सुविधाएं प्रदान करना। इसके अंतर्गत, बीमा कंपनियों को अपनी प्री-इक्वलेंट कंडीशन के बिना बीमा प्रदान करने की अनिवार्यता थी।

दूसरी ओर, निजीकरण का पक्ष विश"
639,अमेरिका की आर्थिक नीति और राजनीतिक विवाद,"अमेरिका की आर्थिक नीति और राजनीतिक विवाद दुनिया भर में महत्वपूर्ण हैं। अमेरिका एक विशाल अर्थव्यवस्था और ग्लोबल शक्ति है, इसलिए इसकी आर्थिक नीति का महत्व और प्रभाव अधिक होता है।

अमेरिका की आर्थिक नीति के बारे में विवाद उसकी टैक्स पॉलिसी, व्यापार नीति, बजट, और वित्तीय सुधारों पर होते हैं। विभिन्न दलों और विचारधाराओं के बीच इन मुद्दों पर विपरीत मतभेद होते हैं। उच्च आय वर्ग के लोग और व्यापारी वर्ग अक्सर इस देश की टैक्स पॉलिसी पर विवाद करते हैं, जबकि गरीबी रेखा के नीचे रहने वाले लोग बजट और साम"
640,अमेरिकी मीडिया और राजनीति: निष्पक्षता बनाम ध्रुवीकरण,"अमेरिकी मीडिया और राजनीति के बीच निष्पक्षता और ध्रुवीकरण का मुद्दा एक तगड़ा विवाद है। मीडिया की मुख्य भूमिका जनता को सच्चाई और निष्पक्ष समाचार प्रदान करना होती है, जिससे लोग सही निर्णय ले सकें। लेकिन कुछ लोग मानते हैं कि अमेरिकी मीडिया में निष्पक्षता की कमी है और यह ध्रुवीकरण की दिशा में जा रहा है।

एक दृष्टि से, कुछ मीडिया संगठन जातिवाद, राजनीतिक पक्षपात, और धन के आधार पर समाचार प्रस्तुत कर सकते हैं। इससे लोगों में भ्रम और गलत धारणाएं पैदा हो सकती हैं। इसके अलावा, कुछ मीडिया संस्थान विशेष राजनीतिक दलों"
642,अमेरिका में मतदाता अधिकार और चुनाव सुधार,"अमेरिका में मतदाता अधिकार और चुनाव सुधार एक महत्वपूर्ण और विवादास्पद विषय है। चुनाव सुधार के लक्ष्य में शामिल हैं मतदाताओं के अधिकारों को मजबूत करना, वोटर सप्रेसिरन रोकना, और चुनाव प्रक्रिया को अधिक सुरक्षित और सुविधाजनक बनाना।

अमेरिका में मतदान के अधिकार का महत्वाकांक्षी चरण है, जिसमें मतदान करने वाले नागरिकों को अपनी स्थिति को साबित करने का अधिकार होता है। इसके लिए कई चुनावी आयोग और संगठन अपनी भूमिका निभा रहे हैं ताकि चुनाव प्रक्रिया निष्पक्ष और सुरक्षित हो।

हाल ही में, कुछ राज्यों में चुनाव सुधारों को लेक"
641,अमेरिकी संविधान और उसकी राजनीति पर प्रभाव,"अमेरिकी संविधान एक महत्वपूर्ण दस्तावेज है जो संयुक्त राज्य अमेरिका के संविदानिक ढांचे को परिभाषित करता है। यह एक सुरक्षित मूल लेख है जो देश के संविधान के आदान-प्रदान और कार्यक्रम का निर्धारण करता है। अमेरिकी संविधान का प्रमुख उद्देश्य नागरिकों के स्वतंत्रता और सर्वाधिकार की रक्षा करना है।

अमेरिकी संविधान ने अमेरिकी राजनीति पर गहरा प्रभाव डाला है। यह व्यवस्था नागरिकों को अपने अधिकारों की रक्षा करने का अधिकार देती है और सरकार को सीमित शक्तियों में रखती है। इसके अलावा, संविधान ने बल, न्याय और कानूनी व्यवस्था को"
644,अमेरिकी सीनेट और हाउस ऑफ रिप्रेजेंटेटिव्स की भूमिका,"अमेरिका की संविधानिक संरचना में सीनेट और हाउस ऑफ रिप्रेजेंटेटिव्स दोनों ही महत्वपूर्ण संसदीय संस्थान हैं। सीनेट का मुख्य कार्य राष्ट्रपति द्वारा नामित सदस्यों के माध्यम से राष्ट्रीय स्तर पर कानून निर्माण और समीक्षण करना है। सीनेट में प्रत्येक राज्य से दो सांसद होते हैं, जिन्हें प्रतिनिधित्व कहा जाता है। इसके खिलाफ हाउस ऑफ रिप्रेजेंटेटिव्स में राज्यों की जनसंख्या के आधार पर उपस्थिति होती है और इसका मुख्य कार्य जनता के हित में कानून बनाना है।

सीनेट का मुख्य उद्देश्य राज्यों के हित में कानून निर्माण करना है, जबकि हाउस ऑफ रिप्र"
645,अमेरिकी राजनीति में लॉबिंग और उसका प्रभाव,"लॉबिंग अमेरिकी राजनीति में एक महत्वपूर्ण और प्रभावशाली तंत्र है जिसका उद्देश्य निर्णयकर्ताओं को अपने हितों के लिए प्रभावित करना होता है। लॉबिस्ट्स विभिन्न समूहों, कंपनियों या यातायात के उद्यमों के पक्ष में काम करते हैं और नीतिकर्ताओं को उनके स्टैंड पर समर्थन करते हैं।

अमेरिकी राजनीति में लॉबिंग का प्रभाव विवादित है। कुछ लोग मानते हैं कि यह एक स्वाभाविक प्रक्रिया है जो समृद्धि और विकास की दिशा में महत्वपूर्ण योगदान देती है, जबकि दूसरे इसे एक भ्रष्ट तंत्र के रूप में देखते हैं जो धन के साथ ही राजनीतिक मान्यताओं क"
643,अमेरिका में नस्लीय न्याय और राजनीतिक सुधार,"अमेरिका में नस्लीय न्याय और राजनीतिक सुधार एक दिलचस्प और महत्वपूर्ण विषय है। अमेरिका एक देश है जिसमें विभिन्न नस्लों, जातियों, धर्मों और समुदायों के लोग रहते हैं। इसलिए, नस्लीय न्याय और समानता के मुद्दे यहाँ एक मुख्य चर्चा का विषय बनते हैं।

अमेरिका में नस्लीय न्याय के मामले में कई सुधार किए गए हैं। जिम क्रो नियामक न्यायपालिका के सदस्य, भारतीय मूल के अमेरिकी न्यायाधीश के नेतृत्व में, नस्लीय पृथकवाद के खिलाफ मुकाबले को बढ़ावा दिया गया है। उन्होंने न्यायपालिका में विभिन्न नस्लों को प्रतिनिधित्व द"
646,अमेरिका में सुप्रीम कोर्ट की भूमिका और प्रभाव,"अमेरिका में सुप्रीम कोर्ट एक महत्वपूर्ण संवैधानिक संस्था है जो न्यायिक प्रणाली की रक्षा और सुनिश्चित करने के लिए जिम्मेदार है। यह अमेरिकी संविधान की रक्षा करता है और विभिन्न कानूनी मामलों में न्याय देने का काम करता है। सुप्रीम कोर्ट के न्यायाधीशों की पदस्थापना जीवन भर की होती है और यह आधिकारिक रूप से अमेरिकी न्यायिक प्रणाली का हिस्सा है।

सुप्रीम कोर्ट का प्रभाव अमेरिकी समाज पर व्यापक है। यह कोर्ट अमेरिकी संविधान के मानकों को सुनिश्चित करने में महत्वपूर्ण भूमिका निभाती है और यह निरंतर न्यायिक निर्णयों के माध्यम से समाज में न्याय"
647,अमेरिका में जलवायु परिवर्तन नीति और राजनीतिक प्रभाव,"अमेरिका में जलवायु परिवर्तन नीति एक महत्वपूर्ण और विवादास्पद विषय है जिसका राजनीतिक प्रभाव देश के विकास और सुरक्षा के लिए महत्वपूर्ण है। जलवायु परिवर्तन के कारण अमेरिका में विभिन्न प्रकार की परिस्थितियों में बदलाव देखने को मिल रहा है, जैसे की तेज तापमान बढ़ना, बाढ़, तूफान और जलवायु संकट।

अमेरिकी सरकार ने अंतरराष्ट्रीय स्तर पर जलवायु परिवर्तन के लिए समझौतों में हिस्सेदारी बढ़ाई है और घरेलू स्तर पर भी उत्पादन, ऊर्जा उपयोग और प्रदूषण के नियंत्रण के लिए नीतियों को मजबूत किया है। जलवायु परिवर्तन के लिए"
648,अमेरिका में हेल्थकेयर नीति: ओबामाकेयर बनाम निजीकरण,"अमेरिका में हेल्थकेयर नीति एक महत्वपूर्ण और विवादास्पद विषय है, जिसमें दो प्रमुख पक्ष हैं - एक ओबामाकेयर के द्वारा स्थापित सरकारी हेल्थकेयर योजना और दूसरा निजीकरण यानी निजी कंपनियों द्वारा हेल्थकेयर सेवाओं की प्रदान.

ओबामाकेयर योजना, जिसे अफोर्डेबल केयर एक्ट (एसीए) के रूप में भी जाना जाता है, 2010 में पारित हुई थी और इसका मुख्य उद्देश्य था सभी अमेरिकी नागरिकों को सस्ती और उचित हेल्थकेयर सुविधाएं प्रदान करना। इस योजना के तहत, सरकारी धनराशि का उपयोग करके निजी बीमा कंपनियों के माध्यम से हेल्थकेयर सुविधाएं प्रदान की ज"
649,अमेरिका में नस्लीय न्याय और राजनीतिक सुधार,"अमेरिका में नस्लीय न्याय और राजनीतिक सुधार के लिए तीव्र संघर्ष चल रहा है। नस्लीय न्याय के संदर्भ में, अमेरिका में अंतर-नस्लीय असमानता और अन्याय का मुद्दा गहराई से उभर रहा है। नस्लीय न्याय के क्षेत्र में सरकारी नीतियों में सुधार की मांग बढ़ रही है और सामाजिक संगठनों द्वारा इस मुद्दे पर दबाव डाला जा रहा है।

इसके अतिरिक्त, अमेरिका में नस्लीय न्याय के क्षेत्र में कानूनी बदलाव और न्यायिक प्रणाली में सुधार की जरूरत महसूस की जा रही है। नस्लीय असमानता के खिलाफ लड़ाई में सहायक होने के लिए नई कानूनी व्यवस्था की"
651,अमेरिका में सुप्रीम कोर्ट की भूमिका और प्रभाव,"सुप्रीम कोर्ट अमेरिका की सर्वोच्च न्यायिक संस्था है जिसकी महत्वपूर्ण भूमिका और प्रभाव देश की राजनीति और समाज पर व्यापक है। सुप्रीम कोर्ट के न्यायाधीशों का नियुक्ति आयोग द्वारा किया जाता है और उनकी निर्णयों का देश के कानूनी प्रणाली पर गहरा प्रभाव होता है।

सुप्रीम कोर्ट की मुख्य भूमिका यह है कि वह देश में विवादित मुद्दों पर निर्णय देती है और कानूनी मामलों में अंतिम न्याय देती है। इसके अलावा, सुप्रीम कोर्ट का कार्यक्षेत्र व्यापक है और यह राष्ट्रीय स्तर पर कानूनी मुद्दों पर निर्णय देने की उत्तरदायित्व निभाता है।

सुप्रीम कोर्ट"
652,अमेरिकी राजनीति में लॉबिंग और उसका प्रभाव,"लॉबिंग एक ऐसी प्रक्रिया है जिसमें लोग या संगठन राजनीतिक निर्णयकर्ताओं को प्रभावित करने के लिए अपनी हितों की रक्षा करने के लिए विभिन्न तरीकों से काम करते हैं। अमेरिकी राजनीति में लॉबिंग एक बड़ा क्षेत्र है और यहाँ लोग और संगठन अपने हितों की प्राप्ति के लिए व्यापक रूप से लॉबिंग करते हैं।

लॉबिंग के माध्यम से लोग राजनीतिक नेताओं के साथ संपर्क स्थापित करते हैं और उन्हें अपने मुद्दों के बारे में संज्ञान में लाते हैं। ये लॉबिस्ट निर्णयकर्ताओं को अपनी दृष्टि को समझने में मदद करने के लिए तथा उन्हें अपने मुद्दों की"
653,अमेरिकी विदेश नीति: चीन और रूस के साथ संबंध,"अमेरिकी विदेश नीति एक महत्वपूर्ण विषय है जिसमें चीन और रूस के साथ संबंध एक विशेष रूप से महत्वपूर्ण हैं। अमेरिका की विदेश नीति चीन और रूस के साथ संबंधों पर बहुत ध्यान केंद्रित है क्योंकि ये तीन बड़े देश हैं और उनके साथ सही संबंध बनाए रखना अमेरिका के लिए राजनीतिक, आर्थिक और सुरक्षा स्तर पर महत्वपूर्ण है।

चीन और रूस से अमेरिका के संबंधों में उच्च स्तर पर सहयोग और संघर्ष की स्थिति देखने को मिलती है। चीन के साथ अमेरिका का व्यापारिक संघर्ष चल रहा है, जबकि रूस के साथ विभिन्न विवादित मुद्दों के कारण तनाव बना रहत"
650,अमेरिका में नस्लीय न्याय और राजनीतिक सुधार,"अमेरिका में नस्लीय न्याय और राजनीतिक सुधार दो अहम मुद्दे हैं जिन पर समृद्धि की दिशा में काम किया जा रहा है। नस्लीय न्याय के मामले में, अमेरिका ने अपने इतिहास में रंग-बिरंगे इनाम पाने वाले कदम उठाए हैं। सामाजिक न्याय के लिए लड़ने के लिए अब तक नस्लीय न्याय के कानूनी संरचनों में सुधार किए गए हैं। सरकार ने नस्लीय भेदभाव के खिलाफ कठोर कदम उठाने का आदेश दिया है और पुलिस बलों का पुनर्विचार किया गया है।

विशेष रूप से, ब्लैक लाइव्ज मैटर आंदोलन ने नस्लीय न्याय के मुद्दे को सुरक्षित और सुरक्षित बनाने के लिए म"
654,अमेरिका में हेल्थकेयर नीति: ओबामाकेयर बनाम निजीकरण,"अमेरिका में हेल्थकेयर नीति एक बहुत ही महत्वपूर्ण और विवादास्पद विषय है। इसमें दो मुख्य पक्ष हैं - ओबामाकेयर के द्वारा लागू की गई सरकारी नीति और निजीकरण जिसमें स्वास्थ्य सेवाओं की प्रदान को निजी कंपनियों को सौंपा जाता है।

ओबामाकेयर की नीति का उद्देश्य सभी अमेरिकी नागरिकों को सस्ती और उचित स्वास्थ्य सेवाओं का लाभ दिलाना था। इसने स्वास्थ्य बीमा कवरेज को बढ़ाया, पूरी छूट के बिना पूरे परिवार को शामिल किया और प्री-इक्सिस्टिंग कंडीशन के आधार पर बीमा कवरेज लेने से रोका।

विपक्ष में, निजीकरण के पक्ष में यह दावा किया"
655,डेमोक्रेटिक और रिपब्लिकन पार्टियों के बीच मुख्य अंतर,"अमेरिकन राजनीति में डेमोक्रेटिक और रिपब्लिकन पार्टियां दो मुख्य राजनीतिक पार्टियां हैं, जो देश की राजनीति में महत्वपूर्ण भूमिका निभाती हैं। ये दोनों पार्टियां अपनी विचारधारा और धारावाहिकता में अलग-अलग हैं।

डेमोक्रेटिक पार्टी अमेरिकी राजनीति में विशेष रूप से लीबरल और प्रगतिशील विचारधारा को प्रोत्साहित करती है। इस पार्टी की धारावाहिकता में सामाजिक न्याय, पर्यावरण की सुरक्षा, ग़रीबी की उन्मूलन, शिक्षा और स्वास्थ्य सेवाओं के विस्तार, आधुनिकीकरण और महिला सशक्तिकरण जैसे मुद्दे शामिल हैं।

विपक्ष में, रिपब्ल"
657,अमेरिका में अप्रवासन नीति और उसकी राजनीति,"अमेरिका में अप्रवासन नीति एक चरमपंथी विषय है जो वर्गीकरण, नागरिकता और आसामी सुरक्षा के मुद्दों पर संविदानिक प्रश्नों को उठाता है। यह नीति अमेरिकी सदस्यता अधिनियम, विदेशियों के विचारों और अन्य अनुशासन विधियों के तहत मान्यता प्राप्त करने वाले विदेशियों के लिए सीमाओं और निर्देशों का निर्धारण करती है।

अमेरिका में अप्रवासन नीति का विषय बनने के लिए विदेशियों को कई प्रकार के चुनौतियों का सामना करना पड़ सकता है। इनमें अनुशासनिक तथा नैतिक मामलों के लिए सख्त नियमों का पालन करना, विदेशी नागरिकों के लिए विभिन्न प्रकार की अनु"
656,अमेरिकी संविधान और उसकी राजनीति पर प्रभाव,"अमेरिकी संविधान एक महत्वपूर्ण दस्तावेज है जो अमेरिकी राष्ट्र के संविधानिक ढाँचे को प्रदान करता है। यह एक मौलिक कानून है जो संविधानीय स्वतंत्रता, स्वतंत्रता, और न्याय को सुनिश्चित करने के लिए गठित किया गया है। अमेरिकी संविधान ने अमेरिकी राजनीति पर गहरा प्रभाव डाला है और देश की राजनीतिक संरचना को परिभाषित किया है।

अमेरिकी संविधान ने स्वतंत्रता, समानता, और न्याय के मूल्यों को प्रोत्साहित किया है और लोकतंत्र के मूल्यों को स्थापित किया है। इसने नागरिकों को अपने अधिकारों की रक्षा करने और सरकार की निगरानी में रहने का अधिकार दिया ह"
658,अमेरिका में मतदाता अधिकार और चुनाव सुधार,"अमेरिका में मतदाता अधिकार और चुनाव सुधार एक महत्वपूर्ण विषय है जिसपर लगातार विवाद और चर्चाएं चल रही हैं। मतदाता अधिकार के लिए लड़ाई अमेरिकी संविधान में स्थायी अधिकार के रूप में दिखाई देती है, लेकिन इसके अनुपालन में कई समस्याएं आती रही हैं।

अमेरिका में मतदाताओं के अधिकार की सुरक्षा के लिए कई प्रमुख उपाय हैं, जैसे कि उच्च न्यायालय के निर्णय, विभिन्न संगठनों द्वारा कार्यकर्ताओं की भूमिका और निगरानी, और चुनावी आयोग की निगरानी। यहाँ तक कि चुनाव के दौरान और चुनाव के बाद वोटर सपर्वीलेंस और सुरक्षा के ल"
659,अमेरिका में मतदाता अधिकार और चुनाव सुधार,"अमेरिका में मतदाता अधिकार और चुनाव सुधार एक महत्वपूर्ण और विवादास्पद विषय है। मतदाता अधिकार के तहत हर नागरिक को चुनाव में भाग लेने का अधिकार होता है, और इसे सुनिश्चित करने के लिए अलग-अलग अनुच्छेदों और कानूनों की रचना की गई है।

अमेरिका में चुनाव सुधार के लिए कई प्रमुख पहलू हैं। उनमें से कुछ मुख्य हैं विधायिका प्रणाली के सुधार, मतदाताओं के पंजीकरण प्रक्रिया में सुधार, विदेशी हस्तांतरण के लिए सुरक्षित इलेक्शन इंफ्रास्ट्रक्चर, और विभिन्न जातियों और समुदायों के मतदाताओं के अधिकार की सुरक्षा।

चुनाव सुधार के लिए क"
660,अमेरिका की आर्थिक नीति और राजनीतिक विवाद,"अमेरिका की आर्थिक नीति और राजनीतिक विवाद एक विषय है जिसे आधुनिक समय में बहुत चर्चा किया जा रहा है। अमेरिका एक विशाल देश है जिसमें विभिन्न धर्म, जाति, भाषा और संस्कृतियों के लोग रहते हैं। इसलिए, वहां आर्थिक नीति और राजनीतिक मुद्दे अहम हैं।

अमेरिका में आर्थिक नीति का मुख्य लक्ष्य विकास और समृद्धि को बढ़ावा देना है। इसके लिए सरकार निवेश, नौकरियां और व्यापार को बढ़ावा देने के लिए नीतियों को लागू करती है। हालांकि, इसमें विभिन्न राजनीतिक दलों के बीच विवाद भी होते हैं। उदाहरण के लिए, टैक्स, व्य"
662,अमेरिका में जलवायु परिवर्तन नीति और राजनीतिक प्रभाव,"अमेरिका में जलवायु परिवर्तन का विषय एक गंभीर चर्चा विषय है जिसका व्यापक प्रभाव है। दुनिया भर में अमेरिकी नीतियाँ और निर्णय इस परिवर्तन को नियंत्रित करने के लिए महत्वपूर्ण हैं।

अमेरिका में जलवायु परिवर्तन के लिए नीतियों का विकास और कार्रवाई मुख्य रूप से संयुक्त राष्ट्र और अन्य अंतरराष्ट्रीय मंचों के मानकों और समझौतों पर आधारित है। अमेरिका ने पेरिस समझौते में भाग लिया है जिसमें उसने अपने उच्चतम स्तरीय गैसों की छूट कम करने का लक्ष्य रखा है।

जलवायु परिवर्तन के लिए अमेरिका की राजनीतिक प्रवृत्ति मुख्य रूप स"
661,अमेरिका में हेल्थकेयर नीति: ओबामाकेयर बनाम निजीकरण,"अमेरिका में हेल्थकेयर नीति एक बहुत ही महत्वपूर्ण और विवादास्पद विषय है। इसके संदर्भ में, दो मुख्य विचारधाराएं हैं - ओबामाकेयर और निजीकरण।

ओबामाकेयर, जिसे आधिकारिक रूप से पूरे नाम से ""पेशेवर सुरक्षितता और सस्ती केयर कानून"" कहा जाता है, एक सरकारी स्वास्थ्य रखवाली योजना थी जो 2010 में अमेरिका में प्रभावी हुई थी। इसका मुख्य उद्देश्य सभी अमेरिकी नागरिकों को सस्ते और पेशेवर स्वास्थ्य सुविधाएं प्रदान करना था। इसके अनुसार, सभी अमेरिकी नागरिकों को स्वास्थ्य बीमा खरीदना अनिवार्य था।

विरोधकों का मानना है कि ओबाम"
663,अमेरिका में जलवायु परिवर्तन नीति और राजनीतिक प्रभाव,"अमेरिका में जलवायु परिवर्तन नीति एक महत्वपूर्ण और विवादित विषय है जिसका गहरा प्रभाव है। विज्ञानात्मक समुदाय ने साबित किया है कि जलवायु परिवर्तन मानव क्रियाओं के कारण हो रहा है और इसके परिणामस्वरूप अवसाद, तापमान की वृद्धि, जलवायु परिवर्तन, और प्राकृतिक आपदाएं हो रही हैं।

अमेरिका ने कई नीतियों को अपनाया है जो जलवायु परिवर्तन को रोकने की कोशिश कर रहे हैं। पिछले कुछ वर्षों में, विशेषकर प्रशासनों ने पारिस समझौता, ऊर्जा का सुरक्षित और स्थायी उत्पादन, और ऊर्जा के नए स्रोतों के प्रशासन की नीतियों को बढ़ावा दिया है।

"
664,अमेरिकी विदेश नीति: चीन और रूस के साथ संबंध,"अमेरिकी विदेश नीति में चीन और रूस के संबंध महत्वपूर्ण हैं। चीन व रूस दोनों भारी विपक्षी शक्तियों के रूप में उभर रहे हैं और भूमिकाएँ खेल रहे हैं। अमेरिका ने चीन की तेजी से बढ़ती शक्ति को देखते हुए चाइना के साथ संबंध में अधिक सतर्कता दिखाई है। एशिया-प्रशांत क्षेत्र में चीन की विस्तारवादी नीतियों के खिलाफ अमेरिका ने टिकाऊ विपक्षी बनाने का प्रयास किया है।

वहीं, रूस के साथ भी अमेरिका के संबंध तनावपूर्ण रहे हैं। दोनों देशों के बीच कई मुद्दों पर असहमति होती रही है, जैसे कि उक्रेन, साइबर हमले, और न्यूक्ल"
665,अमेरिका में अप्रवासन नीति और उसकी राजनीति,"अमेरिका में अप्रवासन नीति एक विवादास्पद और चर्चित विषय है जो राष्ट्रीय स्तर पर धर्मनिरपेक्षता, राजनीतिक अभियान और सामाजिक रूप से विभाजितता का विषय बन गया है। अप्रवासन नीति का मुख्य उद्देश्य अमेरिकी सीमाओं को सुरक्षित रखना है और अनधिकृत प्रवासन को रोकना है। इस नीति के तहत, अमेरिकी सीमाओं को पार करने वाले अनधिकृत प्रवासियों को पकड़ा जाता है और उन्हें देश से निकाल दिया जाता है।

अप्रवासन के मुद्दे में अमेरिका में विभिन्न धार्मिक, राजनीतिक और सामाजिक विचारधाराएं हैं। कुछ लोग इसे एक मानवाधिकार का मुद्दा म"
666,अमेरिका में जलवायु परिवर्तन नीति और राजनीतिक प्रभाव,"अमेरिका में जलवायु परिवर्तन एक गंभीर मुद्दा है जिसके लिए सरकार, स्थानीय समुदाय और व्यक्तियों को साथ मिलकर काम करना अत्यंत महत्वपूर्ण है। अमेरिका ने पिछले कुछ वर्षों में जलवायु परिवर्तन के मुद्दे पर गंभीरता से ध्यान दिया है और कई नीतियों को लागू किया है।

अमेरिका ने पैरिस समझौता को समर्थन दिया है जिसमें देश ने अपने जलवायु परिवर्तन से जुड़े लक्ष्यों को पूरा करने के लिए साझेदारी की प्रतिबद्धता जताई है। अमेरिका ने अपनी ऊर्जा नीतियों में भी परिवर्तन किया है और पर्यावरण से मित्रता के लिए कई पहल की है।

जलवायु परिवर्तन के न"
667,अमेरिका में जलवायु परिवर्तन नीति और राजनीतिक प्रभाव,"अमेरिका में जलवायु परिवर्तन नीतियों और राजनीतिक प्रभाव के संदर्भ में विश्वभर में एक महत्वपूर्ण रोल है। अमेरिका एक टॉप कार्बन डाइऑक्साइड उत्सर्जनक देश है और इसका राजनीतिक नेतृत्व जलवायु परिवर्तन के मुद्दे पर सकारात्मक कदम उठाने के लिए जिम्मेदार है।

अमेरिकी राजनीतिक वातावरण में जलवायु परिवर्तन को लेकर विभिन्न मतभेद हैं। एक ओर, विश्वसनीय वैज्ञानिक तथ्यों के आधार पर नीतियों को बनाने की मांग है, जबकि दूसरी ओर, उद्योग और व्यापार के हित में यह काम करने के लिए नीति की प्रतिबद्धता में विलंब उत्पन्न होता है।"
669,अमेरिका में जलवायु परिवर्तन नीति और राजनीतिक प्रभाव,"अमेरिका में जलवायु परिवर्तन एक महत्वपूर्ण राष्ट्रीय मुद्दा है जिसका राजनीतिक प्रभाव भी गहरा है। अमेरिका एक देश है जिसने जलवायु परिवर्तन के खिलाफ कई महत्वपूर्ण कदम उठाए हैं, जैसे कि पेरिस समझौता को पुनरीक्षण करना, वन्यजीव संरक्षण कानूनों को मजबूत करना, और नवीनीकरणीय ऊर्जा के लिए नीतियों को बढ़ावा देना।

इसके साथ ही, अमेरिका में जलवायु परिवर्तन के बारे में चर्चाएं और विवाद भी हैं। कुछ राज्यों और उद्योगों का मानना है कि जलवायु परिवर्तन का असर अत्यधिक व्यवस्थित नहीं है और उसके लिए नीतियों को कम करना च"
668,अमेरिका में अप्रवासन नीति और उसकी राजनीति,"अमेरिका में अप्रवासन नीति एक बहुविध और विवादित विषय है जिसे लेकर राजनीतिक विभाजन है। अप्रवासन नीति का मुख्य उद्देश्य अमेरिकी भूमि पर अनधिकृत प्रवासी और एक तरह से अवैध प्रवासी की रोकथाम करना है। इसके लिए अमेरिकी सरकार ने कई कठोर कदम उठाए हैं, जैसे कि सीमा दीवार का निर्माण और अप्रवासन कानूनों का प्रचार-प्रसार करना।

अप्रवासन नीति के पक्ष विरोध में विचारक द्विधा में हैं। कुछ लोग मानते हैं कि अप्रवासन नीति अमेरिकी नागरिकों के रोजगार को सुरक्षित रखने में मदद करती है और देश की सुरक्षा को मजबूत करती है, जब"
673,अमेरिका में अप्रवासन नीति और उसकी राजनीति,"अमेरिका में अप्रवासन नीति एक महत्वपूर्ण और विवादास्पद विषय है। यह नीति उस व्यक्ति या समूह के लिए लागू होती है जो अमेरिकी भूमि पर आ रहा है और उसे प्रवेश या रहने के अधिकार का दावा कर रहा है।

अमेरिका की अप्रवासन नीति और राजनीति एक संविदानिक मुद्दा है और संविधान के तहत निर्धारित किया जाता है। अमेरिकी संविधान विभिन्न प्रकार के विदेशी नागरिकों के अधिकारों और जिम्मेदारियों को सुनिश्चित करने के लिए उन्हें विभाजित करता है।

अमेरिका में अप्रवासन नीति कई विभिन्न पहलुओं से घिरी हुई है। विभिन्न राज्यों में विदेशियों के"
672,अमेरिका में मतदाता अधिकार और चुनाव सुधार,"अमेरिका में मतदाता अधिकार और चुनाव सुधार एक महत्वपूर्ण विषय है जिसपर ध्यान देने की जरूरत है। चुनावी प्रक्रिया में भ्रष्टाचार और भेदभाव कम करने के लिए, नागरिकों को सही मार्गदर्शन और सुविधाएं उपलब्ध कराना आवश्यक है।

अमेरिका में मतदाताओं के अधिकारों का सबसे महत्वपूर्ण पहलू यह है कि हर नागरिक को चुनाव में भाग लेने का अधिकार होना चाहिए। इसके लिए, सरकार को उन्हें उपयुक्त जानकारी और सुविधाएं प्रदान करनी चाहिए। इसके अलावा, मतदाताओं को यह भी जानकारी देनी चाहिए कि वे कैसे अपना वोट दें और किसी भी प्रकार के दबाव या भ्रष"
671,अमेरिकी मीडिया और राजनीति: निष्पक्षता बनाम ध्रुवीकरण,"अमेरिकी मीडिया और राजनीति का संबंध एक बहुत महत्वपूर्ण और विवादास्पद विषय है। अमेरिकी मीडिया की निष्पक्षता और ध्रुवीकरण की चुनौतियों पर विचार करते हुए, यह उचित है कि हम इस विषय पर गहराई से विचार करें।

अमेरिकी मीडिया को निष्पक्ष और विश्वसनीय बनाना चुनौतीपूर्ण काम है, क्योंकि यहाँ राजनीतिक दलों के बीच कई विचार-विरोध और मतभेद होते हैं। ध्रुवीकरण की समस्या भी उत्पन्न हो सकती है जब मीडिया एक विशेष दल या व्यक्ति के पक्ष में रंग लेता है। इससे सामाजिक विश्वास को क्षति पहुंच सकती है और लोग गलत या अधूरी जान"
674,अमेरिकी संविधान और उसकी राजनीति पर प्रभाव,"अमेरिकी संविधान एक महत्वपूर्ण दस्तावेज है जो संयुक्त राज्य अमेरिका के संविधानिक सिद्धांतों और संरचना को परिभाषित करता ह। इसका प्रारूप 1787 में अमेरिकी संविधान सभा द्वारा तैयार किया गया था। यह एक विशेष रीति से तैयार किया गया है ताकि यह देश के नागरिकों के अधिकारों और कर्तव्यों को सुरक्षित कर सके।

अमेरिकी संविधान ने विभिन्न राजनीतिक प्रणालियों पर भी गहरा प्रभाव डाला है। इसने अमेरिकी राजनीति को एक निर्दिष्ट संविधानिक संरचना और निर्देशिका प्रदान की है जिसके अनुसार सभी कार्य निष्पादित होते हैं। इसके अनुसार, व्यक्त"
670,अमेरिकी राष्ट्रपति चुनाव प्रणाली: एक विस्तृत विश्लेषण,"अमेरिका में राष्ट्रपति चुनाव प्रणाली एक व्यापक प्रक्रिया है जिसमें नागरिकों का वोट द्वारा राष्ट्रपति चुनने का अधिकार होता है। अमेरिकी राष्ट्रपति का चयन प्रत्येक चार साल में आयोजित होते हैं और यह चुनाव प्रक्रिया विशेषतः महत्वपूर्ण होती है क्योंकि यह देश की नीतियों और दिशा निर्धारित करती है।

अमेरिकी राष्ट्रपति चुनाव प्रणाली में एक विशेषता है - चुनाव कॉलेज का प्रणाली। इस प्रणाली के अनुसार, राष्ट्रपति चुनने के लिए वोटर्स की संख्या की बजाय वोट कॉलेज में सदस्यों की संख्या महत्वपूर्ण है। यह 538 वोट कॉलेज के सदस्य होते हैं जिन्ह"
675,अमेरिकी संविधान और उसकी राजनीति पर प्रभाव,"अमेरिकी संविधान एक ऐतिहासिक दस्तावेज है जो अमेरिका के राजनीतिक संरचना और समाज के निर्माण में महत्वपूर्ण भूमिका निभाता है। यह संविधान अमेरिका की संविधानिक प्रणाली का मौलिक आधार है और इसे देश के सर्वोच्च कानून माना जाता है।

अमेरिकी संविधान का प्रमुख उद्देश्य लोकतंत्र की रक्षा करना है। इसके माध्यम से व्यवस्था को निर्धारित किया गया है, सत्ता का विभाजन किया गया है और नागरिकों के अधिकारों की रक्षा की गई है। संविधान में नागरिकों के मौलिक अधिकारों की रक्षा के लिए बिल्लों की भाषा भी उपयोग की गई है जैसे कि स्वतंत्रता, स"
676,अमेरिकी राष्ट्रपति चुनाव प्रणाली: एक विस्तृत विश्लेषण,"अमेरिकी राष्ट्रपति चुनाव प्रणाली एक व्यापक प्रक्रिया है जो अमेरिकी जनता को अपने राष्ट्रपति का चयन करने का अधिकार देती है। इस प्रक्रिया में कई महत्वपूर्ण तिथियाँ शामिल हैं, जैसे की राष्ट्रपति के चयन का दिन, राष्ट्रपति के प्रमुख प्रतिद्वंद्वी के चुनाव दिन, गणराज्यों के चुनाव दिन आदि।

अमेरिका में राष्ट्रपति चुनाव प्रणाली का मूल तत्व ""इलेक्टोरल कॉलेज"" है। इस प्रणाली में, प्रत्येक राज्य के लिए एक निर्वाचक मण्डल होता है जिसे इलेक्टोरल कॉलेज कहा जाता है। इन इलेक्टोरल कॉलेज के सदस्यों का चयन राज्य के निर्वाचन निकाय द्वारा किया ज"
678,अमेरिका में मतदाता अधिकार और चुनाव सुधार,"अमेरिका में मतदाता अधिकार और चुनाव सुधार के मुद्दे ऐतिहासिक और राजनीतिक महत्व रखते हैं। इन विषयों पर विवादें उठती रहती हैं और नीतिगत निर्णय लिए जाते हैं। अमेरिका में मतदाताओं के अधिकार को सुनिश्चित करने के लिए कई कदम उठाए जा रहे हैं।

चुनाव सुरक्षा को बढ़ावा देने के लिए तकनीकी उन्नति का प्रयोग किया जा रहा है। इलेक्ट्रॉनिक वोटिंग मशीनों की जांच और सुरक्षा में सुधार किया जा रहा है। इसके साथ ही, साइबर सुरक्षा के लिए कई तकनीकी उपाय अपनाए जा रहे हैं। मतदान केंद्रों की सुरक्षा को मजबूत करने के लिए भी कदम उठ"
679,अमेरिकी राष्ट्रपति चुनाव प्रणाली: एक विस्तृत विश्लेषण,"अमेरिका में राष्ट्रपति चुनाव प्रणाली एक विस्तृत और संविधानिक प्रक्रिया है जिसमें नागरिकों को अपने राष्ट्रपति का चयन करने का अधिकार होता है। यह प्रक्रिया मात्रा में नहीं, बल्कि गुणों, नीतियों और विचारधारा पर भी आधारित होती है।

अमेरिकी राष्ट्रपति चुनाव प्रणाली दिनांकों के साथ संपन्न होती है। पहले उम्मीदवारों का चयन राष्ट्रीय दलों द्वारा किया जाता है। इसके बाद प्राथमिक चुनाव होते हैं जिसमें प्रत्येक राज्य के लिए चुनाव होता है। चुनाव आयोग द्वारा निर्दिष्ट तारीखों पर आयोजित किए जाते हैं।

फिर उस दिन नागरिकों द्वारा"
677,अमेरिकी सीनेट और हाउस ऑफ रिप्रेजेंटेटिव्स की भूमिका,"अमेरिका की संविधानिक राजनीति में सीनेट और हाउस ऑफ रिप्रेजेंटेटिव्स दो प्रमुख संसदीय संस्थाएं हैं। सीनेट का सदस्य सीनेटर कहलाता है जबकि हाउस ऑफ रिप्रेजेंटेटिव्स के सदस्य को कांग्रेसमैन कहा जाता है। इन दोनों संसदीय संस्थाओं की महत्वपूर्ण भूमिका है अमेरिकी राजनीति में नियमन और प्रतिनिधित्व की सुनिश्चिति करना।

सीनेट और हाउस ऑफ रिप्रेजेंटेटिव्स के सदस्यों का चयन विभिन्न तरीकों से होता है। सीनेट के सदस्यों को राज्यों द्वारा चुना जाता है, हर राज्य के लिए दो सीनेटर होते हैं। हाउस ऑफ रिप्रेजेंटेटिव्स के सदस्य लोकसभा चुनावों"
680,अमेरिकी मीडिया और राजनीति: निष्पक्षता बनाम ध्रुवीकरण,"अमेरिकी मीडिया और राजनीति के बीच निष्पक्षता और ध्रुवीकरण का मुद्दा बहुत चर्चित है। एक पक्ष से, मीडिया को निष्पक्षता की दिशा में चलने की आवश्यकता है ताकि लोग सही और सत्य की जानकारी प्राप्त कर सकें। यह मीडिया की जिम्मेदारी है कि वह राजनीतिक घटनाओं को निष्पक्षता और सच्चाई के साथ पेश करे ताकि लोग सही निर्णय ले सकें।

दूसरी ओर, ध्रुवीकरण का मुद्दा उस समय उभरता है जब मीडिया एक विशेष धारावाहिक, राजनीतिक पक्ष या व्यक्ति के पक्ष में झुक जाता है और उसके खिलाफ राय व्यक्त नहीं करता। ऐसा करने से मीडिया अपनी निष्पक्षता खो द"
681,अमेरिका में हेल्थकेयर नीति: ओबामाकेयर बनाम निजीकरण,"अमेरिका में हेल्थकेयर नीति एक बहुत ही महत्वपूर्ण विषय है जिसपर सरकारों और राज्यों में निर्णय लिए जाते हैं। विशेषकर, ओबामाकेयर अधिनियम और नीचे उसका प्रभाव एवं निजीकरण के पक्ष और विपक्ष के बारे में चर्चा करें।

ओबामाकेयर अधिनियम 2010 में अमेरिकी राष्ट्रपति बाराक ओबामा द्वारा पारित किया गया था जिसका मुख्य उद्देश्य था सभी अमेरिकी नागरिकों को उचित चिकित्सा सुविधाएं प्रदान करना। इस अधिनियम के तहत, लाखों अमेरिकी नागरिकों को स्वास्थ्य बीमा कवरेज प्राप्त करने का मौका मिला।

हालांकि, ओबामाकेयर अधिनियम को लेकर कई व"
682,डेमोक्रेटिक और रिपब्लिकन पार्टियों के बीच मुख्य अंतर,"डेमोक्रेटिक और रिपब्लिकन पार्टियों अमेरिकी राजनीति में दो प्रमुख दल हैं, जो विभिन्न मुद्दों पर अलग-अलग दृष्टिकोण रखते हैं।

डेमोक्रेटिक पार्टी विशेष रूप से सामाजिक और आर्थिक मुद्दों पर जोर देती है। इस पार्टी का मुख्य ध्यान गरीबी, स्वास्थ्य, शिक्षा, जलवायु परिवर्तन, समरसता, एवं मानवाधिकार पर होता है। वे सामाजिक कार्यकर्ताओं, नारीवादियों और युवाओं के समर्थक होते हैं और आम बजट, स्वास्थ्य देखभाल और शिक्षा के माध्यम से सामाजिक न्याय को बढ़ावा देते हैं।

वहीं, रिपब्लिकन पार्टी मुख्य रूप से आर्थिक और राष"
684,अमेरिकी मीडिया और राजनीति: निष्पक्षता बनाम ध्रुवीकरण,"अमेरिका में मीडिया और राजनीति के बीच निष्पक्षता और ध्रुवीकरण का मुद्दा बहुत चर्चा का विषय है। एक ओर, मीडिया को निष्पक्ष होने की जिम्मेदारी होती है, ताकि लोग सही और विश्वसनीय जानकारी प्राप्त कर सकें। दूसरी ओर, राजनीतिक ध्रुवीकरण का आरोप लगाया जाता है कि मीडिया एक पक्षपाती स्थिति लेती है और अपनी राय को लोगों तक पहुंचाने में सक्षम नहीं होती।

अमेरिकी मीडिया के विभिन्न स्रोतों में निष्पक्षता का स्तर भिन्न हो सकता है। कुछ मीडिया संस्थान अपनी निष्पक्षता की गरिमा बनाए रखने के लिए काम करते हैं, जबकि कुछ अन्य अपने दर्शकों"
683,अमेरिका में मतदाता अधिकार और चुनाव सुधार,"अमेरिका में मतदाता अधिकार और चुनाव सुधार के मुद्दे एक बहुत महत्वपूर्ण विषय हैं। चुनावी प्रक्रिया की निष्पादन में न्याय और समानता की सुनिश्चिति के लिए मतदाताओं का समर्थन और प्रोत्साहन किया जाना चाहिए।

अमेरिका में मतदाता अधिकार को बढ़ावा देने के लिए कई प्रमुख कदम उठाए गए हैं। विभिन्न राज्यों में निर्वाचन आयोग बनाए गए हैं जो चुनावी प्रक्रिया को सुनिश्चित करने के लिए काम करते हैं। इन आयोगों का मुख्य उद्देश्य यह है कि हर नागरिक को चुनावी प्रक्रिया में भाग लेने का अधिकार हो। साथ ही, विभिन्न चुनावी पहलुओं में समानता और न्य"
685,अमेरिका में सुप्रीम कोर्ट की भूमिका और प्रभाव,"अमेरिका में सुप्रीम कोर्ट एक महत्वपूर्ण संवैधानिक संस्था है जो न्याय के क्षेत्र में महत्वपूर्ण निर्णय लेने के लिए जिम्मेदार है। सुप्रीम कोर्ट का मुख्य कार्य संविधान की व्याख्या करना और कानूनी मुद्दों पर निर्णय देना है। इसके फैसले अमेरिकी समाज के लिए बहुत महत्वपूर्ण होते हैं और इसका सीधा प्रभाव देश की राजनीति और समाज पर होता है।

सुप्रीम कोर्ट के निर्णय अमेरिकी समाज के विभिन्न विवादित मुद्दों पर अंतिम शब्द कहे जाते हैं, जैसे धर्म, नागरिक अधिकार, व्यापार, नीति आदि। सुप्रीम कोर्ट के निर्णय देश के अन्य न्यायिक प्रणालियों के"
686,अमेरिकी सीनेट और हाउस ऑफ रिप्रेजेंटेटिव्स की भूमिका,"अमेरिकी सीनेट और हाउस ऑफ रिप्रेजेंटेटिव्स अमेरिकी संविधान के दोनों परिसरों में सदस्यता रखने वाली दोनों संसदीय संस्थाएं हैं। सीनेट का प्रतिनिधित्व राज्यों के मुख्यालय से होता है, जबकि हाउस ऑफ रिप्रेजेंटेटिव्स के सदस्यों का चयन लोकसभा चुनावों द्वारा होता है। यह दोनों संस्थाएं संविधान के द्वारा निर्धारित कानूनन द्विपक्षीय प्रणाली में काम करती हैं।

सीनेट का प्रतिनिधित्व सदानुवादी दल और गठबंधनीय दल दोनों के सदस्य होते हैं। सीनेट के सदस्य की संख्या स्थायी होती है, जबकि हाउस ऑफ रिप्रेजेंटेटिव्स की सदस्यता की सीमा संव"
687,अमेरिका में सुप्रीम कोर्ट की भूमिका और प्रभाव,"सुप्रीम कोर्ट अमेरिका की सर्वोच्च न्यायिक संस्था है जिसका महत्वपूर्ण स्थान है। यह संविधान के राष्ट्रीय स्तर पर न्यायिक प्राधिकरण के रूप में काम करता है और इसकी मुख्य दायित्व है कि वह न्यायिक समीक्षा करे और संविधान के अनुसार निर्णय दें।

सुप्रीम कोर्ट का प्रभाव अमेरिकी समाज पर गहरा पड़ता है। इसके निर्णय देश के कानूनी प्रणाली, संविधान और समाज पर प्रभाव डालते हैं। इसके निर्णय सामाजिक और राजनीतिक मुद्दों पर भी बहुत गहरा प्रभाव डालते हैं और समाज की दिशा निर्देशित करते हैं।

सुप्रीम कोर्ट के निर्णयों की समानता, निष्पक्षता और न्याय"
689,अमेरिका में अप्रवासन नीति और उसकी राजनीति,"अमेरिका में अप्रवासन नीति और उसकी राजनीति एक बहुत ही महत्वपूर्ण और विवादित विषय है। अमेरिका एक देश है जो विभिन्न धर्म, भाषा और संस्कृतियों का घर है और इसलिए वहाँ अप्रवासन के मुद्दे बहुत महत्वपूर्ण हैं।

अमेरिका की नीति अप्रवासन को लेकर विभिन्न दृष्टिकोण रखती है। सामान्यतः, अमेरिकी अप्रवासन नीति शांतिपूर्ण होने की कोशिश करती है लेकिन इस पर विवाद रहता है कि किस तरह से इसे कार्यान्वित किया जाए। कुछ लोग अप्रवासन को लेकर कड़ी नीतियों की मांग करते हैं जबकि कुछ लोग समर्थन देते हैं कि अप्रवासन को अधिक व्यापक"
688,अमेरिकी संविधान और उसकी राजनीति पर प्रभाव,"अमेरिकी संविधान एक महत्वपूर्ण दस्तावेज है जिसने अमेरिका की राजनीति और समाज को गहराई से प्रभावित किया है। यह एक संविधानिक दस्तावेज होने के साथ-साथ एक जीवंत दस्तावेज भी है जो अमेरिकी समाज की मूलभूत अधिकारों और कर्तव्यों को परिभाषित करता है।

अमेरिकी संविधान का प्रमुख लक्ष्य लोकतंत्र की स्थापना करना था। इसने नागरिकों को स्वतंत्रता, समानता, और न्याय के अधिकार प्रदान किए हैं। इसके अलावा, इसने सरकार की विभिन्न शाखाओं के बीच संतुलन और नियंत्रण बनाए रखने के लिए विभाजन की सिद्धांत को भी स्वीकार किया है।

अमेरिकी संविधान के प्रारू"
690,अमेरिकी मीडिया और राजनीति: निष्पक्षता बनाम ध्रुवीकरण,"अमेरिकी मीडिया और राजनीति दोनों ही एक बड़ा और महत्वपूर्ण भूमिका निभाते हैं और इनका एक दूसरे पर सीधा प्रभाव होता है। मीडिया राजनीति की दुनिया को सामाजिक, राजनैतिक और आर्थिक मामलों के रूप में दर्शाता है, जबकि राजनीति मीडिया के माध्यम से अपने संदेश को लोगों तक पहुंचाने का प्रयास करती है।

हाल ही में, अमेरिकी मीडिया और राजनीति के बीच निष्पक्षता बनाम ध्रुवीकरण का मुद्दा उभरा है। निष्पक्षता का मतलब है किसी भी खबर या मुद्दे को जानकारी के सत्य के आधार पर प्रस्तुत करना, जबकि ध्रुवीकरण का मतलब है किसी विशेष पक्ष की प्रवृत"
692,अमेरिकी सीनेट और हाउस ऑफ रिप्रेजेंटेटिव्स की भूमिका,"अमेरिकी संघीय संविधान के अनुसार, संयुक्त राज्य अमेरिका के संसद को कांग्रेस कहा जाता है जिसमें दो सदन होते हैं - सीनेट और हाउस ऑफ रिप्रेजेंटेटिव्स। ये दोनों सदन संयुक्त राज्य अमेरिका के विधायिका निकाय होते हैं।

सीनेट: सीनेट का प्रतिनिधित्व सभाकी संख्या निश्चित होती है जिसमें हर राज्य के लिए दो सदस्य होते हैं। इस से हर राज्य को बराबरी का वोट मिलता है चाहे वह बड़ा हो या छोटा। सीनेट की भूमिका महत्वपूर्ण है क्योंकि यह राष्ट्रीय नीतियों पर निर्णय लेने में सहायक होता है और राज्यों के हितों की रक्षा करता है।

हाउस ऑफ रिप्रेज"
691,अमेरिका में अप्रवासन नीति और उसकी राजनीति,"अमेरिका में अप्रवासन नीति एक विवादास्पद और चरमपंथी विषय है जिसने राजनीतिक और सामाजिक विरोध को उजागर किया है। अप्रवासन नीति के अनुसार, अमेरिका अवैध तरीके से राष्ट्रीय सीमा पार करनेवाले लोगों को गिरफ्तार कर सकता है और उन्हें देश से निकाल सकता है।

अमेरिका में अप्रवासन नीति के प्रति विभिन्न दलों के विचार अलग-अलग हैं। कुछ लोग इसे बेहतर सुरक्षा की दृष्टि से देखते हैं, जबकि कुछ लोग इसे मानवाधिकारों के उल्लंघन के रूप में देखते हैं। इस विषय पर राजनीतिक दलों के बीच विवाद रहता है और यह एक महत्वपूर्ण चुनाव"
693,डेमोक्रेटिक और रिपब्लिकन पार्टियों के बीच मुख्य अंतर,"अमेरिका की राजनीतिक स्थिति में डेमोक्रेटिक और रिपब्लिकन पार्टियों का महत्वपूर्ण स्थान है। ये दोनों पार्टियाँ अमेरिकी राजनीति में व्यापक रूप से शामिल हैं और दोनों के बीच कई महत्वपूर्ण अंतर हैं।

डेमोक्रेटिक पार्टी एक लीबरल पार्टी है जो विभिन्न मुद्दों पर समाजवादी स्थान लेती है। इसका मुख्य ध्यान सामाजिक और आर्थिक न्याय, विदेशनीति में डिप्लोमेसी और पर्यावरण के प्रति सजगता पर होता है। वह आम तौर पर अधिकांश निवासी, महिलाएं, युवा और अलगाववादी समुदायों के समर्थकों की पार्टी के रूप में परिभाषित होती है।

वहीं, रिपब्ल"
694,डेमोक्रेटिक और रिपब्लिकन पार्टियों के बीच मुख्य अंतर,"अमेरिकन राजनीति में डेमोक्रेटिक और रिपब्लिकन पार्टियाँ दो मुख्य दल हैं, जिनके बीच कई महत्वपूर्ण अंतर हैं।

1. विचारधारा: डेमोक्रेटिक पार्टी मुख्य रूप से विश्वास करती है कि सरकार को समाज की समस्याओं का समाधान करने में मदद करना चाहिए, जबकि रिपब्लिकन पार्टी विश्वास रखती है कि व्यक्ति को स्वतंत्रता और स्वायत्तता का अधिकार होना चाहिए।

2. सामर्थ्य और समर्थन: डेमोक्रेटिक पार्टी आम तौर पर गरीबों, बेरोजगारों और महिलाओं के समर्थन में विशेष ध्यान देती है, जबकि रिपब्लिकन पार्टी व्यापारियों, व्यवसायियों और व्यक्तिगत स्वतंत्रता क"
695,अमेरिका में सुप्रीम कोर्ट की भूमिका और प्रभाव,"सुप्रीम कोर्ट अमेरिका की सर्वोच्च न्यायिक संस्था है जिसका मुख्य कार्य राष्ट्रीय स्तर पर कानूनी मामलों का निर्णय देना है। सुप्रीम कोर्ट के न्यायाधीशों का चयन राष्ट्रपति द्वारा किया जाता है और उनकी पद की अवधि आयु सीमा तक होती है। सुप्रीम कोर्ट का महत्वपूर्ण कार्य यह है कि वह देश के संविधान को सुरक्षित रखता है और न्यायिक निर्णय देकर संविधान के मूल्यों की रक्षा करता है।

सुप्रीम कोर्ट की भूमिका और प्रभाव अमेरिका में विशेष महत्व रखते हैं। यह न्यायिक शाखा कानूनी मामलों को न्यायिक दृष्टिकोण से देखती है और महत्वपूर्ण फैसलों पर"
699,अमेरिका में सुप्रीम कोर्ट की भूमिका और प्रभाव,"अमेरिका में सुप्रीम कोर्ट एक महत्वपूर्ण संवैधानिक संस्था है जिसका मुख्य कार्य अमेरिकी संविधान की व्याख्या और न्यायिक निर्णय लेना है। यह कोर्ट देश के सर्वोच्च न्यायिक संस्थान के रूप में कार्य करता है और इसके निर्णयों का पालन सभी न्यायिक स्थानों के लिए अनिवार्य होता है।

सुप्रीम कोर्ट के न्यायाधीशों की नियुक्ति अमेरिकी राष्ट्रपति द्वारा की जाती है और उनकी पदावनति आंतरिक विवादों के बिना होती है। सुप्रीम कोर्ट के निर्णयों का पालन सम्पूर्ण देशवासियों के लिए अनिवार्य होता है और इसका प्रभाव देश के न्यायिक प्रणाली पर होता है।

सुप्र"
697,अमेरिका में अप्रवासन नीति और उसकी राजनीति,"अमेरिका में अप्रवासन नीति और उसकी राजनीति एक महत्वपूर्ण और विवादास्पद विषय है। अमेरिका एक देश है जो विभिन्न भौगोलिक, सांस्कृतिक और धर्मिक पृष्ठभूमियों से लोगों को आकर्षित करता है। इसलिए, अप्रवासन या अनुमति रहित प्रवासन के मुद्दे अमेरिकी राजनीति में महत्वपूर्ण स्थान रखते हैं।

अमेरिका की अप्रवासन नीति और राजनीति का मुख्य उद्देश्य अवैध प्रवासन को रोकना है और देश की सुरक्षा और सुरक्षा को मजबूत करना है। अमेरिकी सरकार ने विभिन्न उपाय अपनाए हैं जैसे कि वीजा प्रक्रिया, सीमा पर निगरानी, अनुबंधित उचित द"
698,अमेरिकी राष्ट्रपति चुनाव प्रणाली: एक विस्तृत विश्लेषण,"अमेरिका में राष्ट्रपति चुनाव प्रणाली एक व्यापक और प्रभावशाली प्रक्रिया है जिसमें लाखों लोग भाग लेते हैं। यह प्रक्रिया चार साल में एक बार होती है और यह देश के विशाल आकार और विविधता को दर्शाती है।

अमेरिकी राष्ट्रपति चुनाव प्रक्रिया दो चरणों में होती है - प्राथमिक चरण और सामान्य चरण। प्राथमिक चरण में पार्टी के उम्मीदवारों के बीच प्रतिस्पर्धा होती है, जिसमें वोटर्स को अपने जिले या राज्य से एक उम्मीदवार का चयन करना होता है। उम्मीदवार जिसके पास सबसे अधिक वोट होते हैं, वह पार्टी का उम्मीदवार बन जाता है।

सामान्य चरण में"
696,अमेरिकी विदेश नीति: चीन और रूस के साथ संबंध,"अमेरिकी विदेश नीति के महत्वपूर्ण पहलुओं में एक है अमेरिका के संबंध चीन और रूस के साथ। इन तीन देशों के बीच रिश्तों में संतुलन की दरकार है ताकि विश्व की सुरक्षा और विकास में सहयोग किया जा सके।

चीन के साथ अमेरिका के संबंध मुख्य रूप से आर्थिक, रक्षा और विज्ञान विकास क्षेत्रों पर आधारित हैं। दोनों देशों के बीच व्यापार के मामले महत्वपूर्ण हैं, लेकिन तकनीकी चोरी, सायबर हमले और चीन की उत्पादन क्षमता के बढ़ने के संदर्भ में अमेरिका के संबंध तनावपूर्ण भी हैं।

दूसरी ओर, अमेरिका के संबंध रूस के साथ भी महत्वपूर्ण हैं। य"
700,अमेरिका में सुप्रीम कोर्ट की भूमिका और प्रभाव,"अमेरिका में सुप्रीम कोर्ट एक महत्वपूर्ण संस्था है जो संविधान के प्रमाणिक अर्थ को समझने और न्याय की सुनिश्चित करने का काम करती है। यह संस्था अमेरिकी संविधान की रक्षा करने और उसके प्रावधानों को गारंटी करने का जिम्मेदार है। सुप्रीम कोर्ट के न्यायाधीशों की संख्या 9 होती है, जिनमें मुख्य न्यायाधीश भी शामिल है।

सुप्रीम कोर्ट की भूमिका अत्यंत महत्वपूर्ण है क्योंकि इसके निर्णय देश के भविष्य पर बहुत बड़ा प्रभाव डालते हैं। सुप्रीम कोर्ट के निर्णय संविधान के अर्थ और उसके व्याख्यान को स्पष्ट करते हैं, जिससे राष्ट्र के न्यायिक संरचना में स"
703,अमेरिका में हेल्थकेयर नीति: ओबामाकेयर बनाम निजीकरण,"अमेरिका में हेल्थकेयर नीति एक बहुत ही महत्वपूर्ण और विवादास्पद विषय है। इस विषय पर दो बड़ी मान्यताएं हैं - ओबामाकेयर और निजीकरण।

ओबामाकेयर कार्यक्रम, जिसका पूरा नाम ""अफोर्डेबल केयर एक्ट"" है, 2010 में लागू हुआ था। इस कार्यक्रम के द्वारा, अमेरिकी नागरिकों को सस्ती स्वास्थ्य सुविधाएँ प्राप्त करने का अधिकार मिला। इसके माध्यम से, दरिद्र और निर्धन लोग भी अच्छी चिकित्सा सेवाएँ प्राप्त कर सकते हैं। हालांकि, इस कार्यक्रम का प्रतिष्ठान और लागत के मामले में विरोध है।

विरोधियों के मुताबिक, ओबामाकेयर कार्यक्रम ने अस्थायी नौ"
704,अमेरिका में हेल्थकेयर नीति: ओबामाकेयर बनाम निजीकरण,"अमेरिका में हेल्थकेयर नीति एक दिलचस्प और विवादास्पद विषय है, जिसमें दो प्रमुख पक्ष हैं - एक ओबामाकेयर के द्वारा लागू की गई सार्वजनिक स्वास्थ्य सुविधाओं की नीति और दूसरा निजीकरण या निजी हेल्थकेयर की प्रोत्साहना।

ओबामाकेयर के अनुसार, सभी अमेरिकनों को स्वास्थ्य बीमा कवर देना आवश्यक है और इसके लिए Affordable Care Act (एसीए) का गठन किया गया था। इसका मुख्य उद्देश्य सभी अमेरिकी नागरिकों को स्वास्थ्य सुविधाओं और उनकी आर्थिक स्थिति को ध्यान में रखकर कोई भी चिकित्सा सेवाओं तक पहुंचने की सुनिश्चित करना था।

विपक्ष में, निजीकरण के"
702,अमेरिका में अप्रवासन नीति और उसकी राजनीति,"अमेरिका में अप्रवासन नीति एक बहुत ही महत्वपूर्ण और विवादास्पद विषय है। अमेरिका एक देश है जो दुनिया भर से लोगों को आकर्षित करता है और इसलिए वहां अप्रवासन के मुद्दे बहुत अधिक होते हैं। अमेरिका की अप्रवासन नीति और उसकी राजनीति कई विषयों पर आधारित है।

अमेरिका में अप्रवासन का मुख्य कारण आर्थिक है। अमेरिका एक विकसित और सुखशाली देश है और इसलिए वहां अधिकांश लोग अपने लिए बेहतर रोजगार और जीवन की खोज में आते हैं। इसके अलावा राजनीतिक, सामाजिक और धार्मिक कारण भी अप्रवासन का कारण बनते हैं।

अमेरिका की अ"
701,अमेरिकी विदेश नीति: चीन और रूस के साथ संबंध,"अमेरिकी विदेश नीति में चीन और रूस के साथ संबंध एक महत्वपूर्ण और चुनौतीपूर्ण विषय है। चीन और रूस दोनों अमेरिका के विदेश नीति के लिए मुख्य रक्षामंत्री हैं।

चीन के साथ संबंध दोनों देशों के व्यापारिक और रक्षा क्षेत्र में गहराई से जुड़े हुए हैं। चीन के तेजी से बढ़ते शक्तिशाली भूमंडलीय स्थिति ने अमेरिका को चिंतित किया है, और इससे विपक्षी दृष्टिकोण विकसित हुआ है। व्यापारिक विवादों, साइबर हमलों और मानवाधिकारों के मुद्दों पर चीन के साथ टकराव भी बढ़ रहे हैं।

रूस के साथ भी अमेरिका के संबंध मामूली नहीं है"
705,अमेरिका में गन कंट्रोल नीति पर बहस,"गन कंट्रोल नीति अमेरिका में एक विवादास्पद और जटिल विषय है। एक ओर समर्थक इसे बढ़ती हिंसा और दुर्घटनाएं रोकने का माध्यम मानते हैं, जबकि दूसरी ओर कई लोग इसे अपने स्वतंत्रता और सुरक्षा के अधिकार का मुद्दा समझते हैं।

अमेरिका में गन कंट्रोल को लेकर बहस दो बड़े दलों के बीच चल रही है। एक ओर देश में हर साल हजारों लोगों की मौत होती है जिसमें गन वायलेंस का भी अहम योगदान है। इसलिए कई लोग गन कंट्रोल कानूनों की मजबूती की मांग कर रहे हैं। दूसरी ओर, कई लोग अपने स्वतंत्रता अधिकार के तहत गन के मालिक होने पर जोर देते ह"
708,अमेरिकी विदेश नीति: चीन और रूस के साथ संबंध,"अमेरिकी विदेश नीति में चीन और रूस के साथ संबंध एक महत्वपूर्ण और विवादास्पद विषय है। चीन व रूस दोनों अमेरिका के विभिन्न मामलों में महत्वपूर्ण भूमिका निभाते हैं, चाहे वह व्यापारिक मामले हों या राजनीतिक उतरचढ़ाव।

चीन के साथ संबंध दोनों देशों के बीच आर्थिक और रक्षा क्षेत्र में चुनौतियां पैदा करते हैं। अमेरिका चीन के व्यापारिक अभियानों और साइबर हमलों का सामना कर रहा है, जबकि चीन अपने विकासशील भूमिका को बढ़ावा देने के लिए भूमिका अद्यतन कर रहा है।

रूस के साथ अमेरिका के संबंध भी कठिन हैं। दोनों द"
706,अमेरिका में नस्लीय न्याय और राजनीतिक सुधार,"अमेरिका में नस्लीय न्याय और राजनीतिक सुधार के मुद्दे एक दीर्घकालिक और विवादास्पद विषय रहे हैं। नस्लीय न्याय के मामले में, अमेरिका ने अपने इतिहास में कई महत्वपूर्ण कदम उठाए हैं, जैसे कि सिविल राइट्स अधिनियम 1964 और वॉटिंग राइट्स अधिनियम 1965। इन अधिनियमों ने अमेरिकी समाज में नस्लीय विभेदों को कम करने और नस्लीय भेदभाव के खिलाफ लड़ाई में महत्वपूर्ण योगदान दिया।

राजनीतिक सुधार के मामले में, अमेरिका ने वॉटिंग राइट्स अधिनियम 1965 के साथ ही वाणिज्यिक स्थितियों में भी बदलाव किए हैं। नस्लीय न्याय के क"
707,अमेरिका की आर्थिक नीति और राजनीतिक विवाद,"अमेरिका की आर्थिक नीति और राजनीतिक विवाद दुनिया भर में महत्वपूर्ण हैं। अमेरिका एक विकासशील देश है जिसकी आर्थिक नीति और नेतृत्व वैश्विक प्रभाव डालते हैं। यहां दो मुख्य धाराएँ हैं - एक ओर बाजारवादी नीति और दूसरी ओर समाजवादी नीति। बाजारवादी दरअसल व्यापार और निजी क्षेत्र को महत्व देती है, जबकि समाजवादी नीति में सरकारी हस्तक्षेप और सामाजिक न्याय का ध्यान रखा जाता है।

इसके अलावा, अमेरिका में राजनीतिक विवाद भी चरम पर हैं। विभिन्न दलों के बीच विचारविरोध और असहमति के कारण इसे बहुदलीय राजनीति कहा जात"
709,अमेरिका की आर्थिक नीति और राजनीतिक विवाद,"अमेरिका की आर्थिक नीति और राजनीतिक विवाद के बारे में चर्चा करते समय, एक बात स्पष्ट है कि यह दोनों क्षेत्र गहरे संबंधों में हैं और एक दूसरे पर प्रभाव डालते हैं। आर्थिक नीति और राजनीतिक विवाद के बीच कई बार तनाव उत्पन्न होता है।

अमेरिका में आर्थिक नीति का मुख्य उद्देश्य वृद्धि और विकास को बढ़ावा देना है। इसके लिए सरकार नीतियों का तय करती है जो उद्योग, व्यापार, निवेश और रोजगार को बढ़ावा देने की दिशा में काम करती है। हालांकि, कई बार यह नीतियां राजनीतिक विवादों का कारण बन जाती हैं।

अमेरिकी राजनीति में"
710,अमेरिकी विदेश नीति: चीन और रूस के साथ संबंध,"अमेरिकी विदेश नीति एक बहुत महत्वपूर्ण और व्यापक विषय है, जिसमें चीन और रूस के साथ रिलेशनशिप एक विशेष महत्व रखता है। अमेरिका की चीन और रूस के साथ संबंधों में अहम खिसकाव और टकराव देखने को मिलता है।

चीन के साथ, अमेरिका की नीति निरंतर बदलती रही है। चीन के आर्थिक बढ़ते दबाव और राजनीतिक व्यवहार की मुद्दों पर अमेरिका की नजरें बनी रहती हैं। विपक्षी दृष्टिकोण से देखा जाए, दोनों देशों के बीच व्यापारिक उदारीकरण, रक्षा नीति और विविध मुद्दों पर विचार विमर्श किया जाता है।

अमेरिका और रूस के संबंध भी तन"
711,अमेरिका में सुप्रीम कोर्ट की भूमिका और प्रभाव,"सुप्रीम कोर्ट अमेरिका की सबसे ऊँची न्यायिक अदालत है जिसकी भूमिका और प्रभाव देश के न्यायिक तंत्र के साथ-साथ समाज पर भी गहरा प्रभाव डालते हैं। सुप्रीम कोर्ट के न्यायाधीशों का चयन राष्ट्रपति करता है और उनकी नियुक्ति संसद की स्वीकृति के बाद होती है। इस कोर्ट का मुख्य कार्य यह है कि वह संविधान की व्याख्या करती है और अनुसार निर्णय देती है।

सुप्रीम कोर्ट के निर्णयों का देश भर में अत्यंत महत्व होता है, क्योंकि इन निर्णयों का संविधान के अनुसार सामान्य जनता पर सीधा प्रभाव पड़ता है। इसके अलावा, सुप्रीम कोर्ट के निर्णय गहरे सामाजिक और र"
712,अमेरिका में गन कंट्रोल नीति पर बहस,"अमेरिका में गन कंट्रोल नीति पर बहस देश के राजनैतिक और सामाजिक मामलों में एक महत्वपूर्ण विषय है। अमेरिका में गन कंट्रोल के पक्ष और विपक्ष दोनों हैं। वहाँ कुछ लोग कहते हैं कि गन कंट्रोल की नीतियों को मजबूत करना चाहिए ताकि हिंसा और गुनाह को कम किया जा सके। दूसरी ओर, कुछ लोग गन कंट्रोल के पक्ष में नहीं हैं और वे मानते हैं कि यह उनके स्वतंत्रता के अधिकारों का उल्लंघन है।

गन कंट्रोल के पक्ष में विश्वास रखने वाले लोग यह मानते हैं कि अधिक गन कंट्रोल से अपराधों में कमी होगी और समुदाय को सुरक्षित रखा जा सकेगा। वे उस विचार को समर्थन"
714,अमेरिकी राष्ट्रपति चुनाव प्रणाली: एक विस्तृत विश्लेषण,"अमेरिका में राष्ट्रपति चुनाव प्रणाली एक व्यापक और प्रभावशाली प्रक्रिया है जिसमें जनता को अपने नेता का चयन करने का अधिकार होता है। अमेरिकी राष्ट्रपति चुनाव प्रत्येक चार साल में आयोजित होता है। चुनावी प्रक्रिया कई चरणों में विभाजित होती है, जिसमें पहले उम्मीदवारों का चयन होता है, फिर वे अपने पार्टी के नेता के रूप में चुने जाते हैं।

अमेरिकी राष्ट्रपति चुनाव में जनता का वोट महत्वपूर्ण होता है। चुनावी प्रक्रिया में प्राथमिक, क्षेत्रीय और राष्ट्रीय स्तरों पर चुनाव होते हैं। जनता के वोट से सबसे अधिक वोट प्राप्त करने वाले उम्मीद"
713,अमेरिका में अप्रवासन नीति और उसकी राजनीति,"अमेरिका में अप्रवासन नीति और उसकी राजनीति एक बहुचर्चित और महत्वपूर्ण विषय है। इस विषय पर आमरिकी राजनीतिक दलों के बीच विवाद चल रहा है। एक ओर वहाँ कुछ लोग इसे मानवता के धार्मिक और नैतिक दृष्टिकोण से देख रहे हैं, जबकि दूसरी ओर कुछ लोग इसे अपनी देश की सुरक्षा और आर्थिक हित के संदर्भ में देख रहे हैं।

अमेरिका की अप्रवासन नीति के मुख्य धाराएं शामिल हैं अंतर्राष्ट्रीय अप्रवासन, प्रवासन नीति, विदेशी अधिवासन, और विदेशी विद्यार्थियों के लिए वीजा नीति। इन धाराओं के तहत अमेरिका ने विशेष शर्तों और प्रक्रियाओ"
715,अमेरिकी संविधान और उसकी राजनीति पर प्रभाव,"अमेरिकी संविधान एक महत्वपूर्ण दस्तावेज है जिसने अमेरिका की राजनीति और समाज पर गहरा प्रभाव डाला है। यह संविधान स्वतंत्रता, समानता, और न्याय के मूल सिद्धांतों पर आधारित है और भारतीय संविधान के लिए भी महत्वपूर्ण प्रेरणास्त्रोत है।

अमेरिकी संविधान ने सार्वजनिक नेतृत्व, चुनौतियों का सामना करने की क्षमता, और प्रशासनिक सुधारों की आवश्यकता को प्रोत्साहित किया है। इसने राष्ट्रीय एकता, विचारशीलता, और नागरिक स्वतंत्रता को बढ़ावा दिया है। इसके अनुसार, सरकार को नागरिकों की सेवा करने और उनकी रक्षा करने के लिए होनी चाहिए। इसका प"
716,अमेरिका में हेल्थकेयर नीति: ओबामाकेयर बनाम निजीकरण,"अमेरिका में हेल्थकेयर नीति एक बहुत ही महत्वपूर्ण और विवादास्पद विषय है। इसके बारे में दो मुख्य प्रस्तावित मॉडल हैं - एक है ओबामाकेयर या एफएक्सए, और दूसरा है निजीकरण।

ओबामाकेयर अधिनियम, जिसे अक्टूबर 2010 में पारित किया गया था, ने अमेरिकी स्वास्थ्य सेवाओं में कई बदलाव किए। इसका मुख्य उद्देश्य सभी अमेरिकी नागरिकों को सस्ती और उचित स्वास्थ्य सेवाएं प्रदान करना था। यह अधिनियम नए हेल्थ इंश्योरेंस नीतियों को लागू करने का भी मार्ग प्रदान करता है।

विरोधियों का कहना है कि इस अधिनियम ने स्वास्थ्य सेवाओं की लाग"
718,अमेरिकी राष्ट्रपति चुनाव प्रणाली: एक विस्तृत विश्लेषण,"अमेरिकी राष्ट्रपति चुनाव प्रणाली एक व्यापक और जटिल प्रक्रिया है जिसमें लोगों की भागीदारी, वोटिंग, और चयन शामिल है। यह प्रक्रिया संविधान द्वारा निर्धारित है और व्यावसायिक संस्थाओं द्वारा प्रबंधित की जाती है।

अमेरिकी राष्ट्रपति चुनाव प्रणाली में कई चरण होते हैं। पहले चरण में, प्राथमिक चयनकर्ताओं द्वारा एक उम्मीदवार का चयन किया जाता है। इसके बाद राष्ट्रीय समारोह के दौरान, राष्ट्रपति और उप राष्ट्रपति उम्मीदवारों का चयन होता है।

अमेरिकी राष्ट्रपति चुनाव प्रणाली में वोटिंग का महत्वपूर्ण स्थान है। लोग अपने"
717,अमेरिका की आर्थिक नीति और राजनीतिक विवाद,"अमेरिका की आर्थिक नीति और राजनीतिक विवाद एक बहुत ही महत्वपूर्ण और चर्चित विषय है। अमेरिका एक विकासशील देश है जिसकी आर्थिक नीति दुनिया भर में सुदृढ़ है। लेकिन इसके साथ ही अमेरिका में आर्थिक विषमता भी बढ़ रही है जिसके कारण राजनीतिक विवाद भी बढ़ रहे हैं।

अमेरिका में आर्थिक विषमता का सबसे बड़ा कारण अन्यायपूर्ण धन वितरण और विभाजन है। धन का अधिकार एक छोटे ग्रुप के हाथ में होने से आम जनता को विकास का लाभ नहीं मिल पा रहा है। इसके अलावा आर्थिक विषमता के कारण जातिगत, धर्मिक और राजनीतिक विवाद भी बढ़ रह"
719,अमेरिका में अप्रवासन नीति और उसकी राजनीति,"अमेरिका में अप्रवासन नीति एक महत्वपूर्ण राजनीतिक मुद्दा है जो विभिन्न देशों के नागरिकों को सीमाओं को पार करने पर पहुंचने से रोकती है। अमेरिका की अप्रवासन नीति और राजनीति कई तत्वों पर आधारित है, जैसे कि व्यक्तिगत सुरक्षा, राष्ट्रीय सुरक्षा, और आर्थिक विकास।

अमेरिका में अप्रवासन नीति को संभावित आवाज के साथ रखना आवश्यक है। अमेरिका एक विविध समृद्धि और संस्कृतियों का देश है, और विभिन्न देशों के नागरिकों का आना इसे और भी समृद्ध और उत्थानशील बना सकता है। हालांकि, इसके साथ ही अप्रवासन के मामले में सुरक्षा के मामले को भी"
720,अमेरिका में अप्रवासन नीति और उसकी राजनीति,"अमेरिका में अप्रवासन नीति और उसकी राजनीति एक बहुत विवादास्पद और महत्वपूर्ण विषय है। अप्रवासन नीति का मतलब है किसी देश में विदेशी नागरिकों को अपने देश में आने या रहने की अनुमति देने के नियम और शर्तें। अमेरिका में अप्रवासन नीति और राजनीति बहुत व्यापक हैं और विभिन्न कारणों से परिवर्तित हो सकती हैं।

अमेरिका में विदेशी नागरिकों के लिए विभिन्न प्रकार के वीजा होते हैं जैसे की व्यापारिक वीजा, पर्यटन वीजा, छात्र वीजा, श्रम वीजा आदि। इन वीजा की प्राप्ति के लिए विदेशी नागरिकों को निश्चित नियमों और शर्तों का पालन करना पड"
721,अमेरिका की आर्थिक नीति और राजनीतिक विवाद,"अमेरिका की आर्थिक नीति और राजनीतिक विवाद दुनिया भर में चर्चा के केंद्र में हैं। अमेरिका एक विकासशील देश है जिसकी अर्थव्यवस्था व्यापक है और विश्व की अर्थव्यवस्था में महत्वपूर्ण भूमिका निभाती है। हाल ही में, अमेरिकी आर्थिक नीति और राजनीतिक विवादों में तेजी से बदलाव देखने को मिल रहा है।

एक पक्ष से, अमेरिका में उच्च आर्थिक विकास के बावजूद भी असमानता और अर्थव्यवस्था के विभाजन की समस्या है। इसके साथ ही व्यापारिक राजनीति, आर्थिक मामलों पर नजर रखने वाले नेताओं के राजनीतिक विवाद भी बढ़ गए हैं। ट्रेड वॉर्स"
722,अमेरिका में हेल्थकेयर नीति: ओबामाकेयर बनाम निजीकरण,"अमेरिका में हेल्थकेयर नीति एक बड़ा और महत्वपूर्ण विषय है, जिसपर राष्ट्रिय विवाद है। इस विवाद का केंद्र बनाम है ओबामाकेयर और निजीकरण।

ओबामाकेयर, जिसे अफ़्फ़र्डेबिल केयर एक्ट (Affordable Care Act) के नाम से जाना जाता है, एक महत्वपूर्ण स्थापना है जिसका उद्देश्य सभी अमेरिकी नागरिकों को सस्ते और पहुँचे भाव में हेल्थकेयर सुविधाएँ प्रदान करना है। इसके तहत, सरकार ने स्वास्थ्य बीमा की अनिवार्यता लगाई और नए बीमा योजनाओं को शुरू किया जिससे गरीब और असहाय लोगों को भी ठीक सुविधाएँ मिल सकें।

विपक्ष में, निजीकरण के पक्षधरों"
724,अमेरिकी विदेश नीति: चीन और रूस के साथ संबंध,"अमेरिकी विदेश नीति में चीन और रूस के साथ संबंध अत्यंत महत्वपूर्ण हैं। चीन व रूस दुनिया की दो सबसे बड़ी देशों में से हैं और उनका भौगोलिक, राजनीतिक और आर्थिक प्रभाव विश्व में महत्वपूर्ण है। अमेरिका के संबंध चीन और रूस के साथ तनावपूर्ण रहे हैं, खासकर विभिन्न मुद्दों पर विचार-विमर्श करने पर।

चीन के साथ, अमेरिका के बीच व्यापार और वित्तीय मुद्दों के साथ-साथ साउथ चीन सागर और ताइवान जैसे क्षेत्रीय मुद्दों पर विवाद है। इसके अलावा, व्यापारिक नीति और तकनीकी उत्पादों के मामले में भी दोनों देशों के बीच विवाद है"
727,अमेरिकी संविधान और उसकी राजनीति पर प्रभाव,"अमेरिकी संविधान और उसकी राजनीति पर अत्यधिक महत्वपूर्ण प्रभाव है। अमेरिकी संविधान एक ऐतिहासिक दस्तावेज है जो संयुक्त राज्य अमेरिका के संविधानिक ढांचे को परिभाषित करता है। यह एक प्रबंधनीय दस्तावेज है जो सरकार के संरचना, कार्य, और अधिकारों को व्यवस्थित करता है।

अमेरिकी संविधान का प्रभाव राजनीति पर विभिन्न तरीकों से होता है। संविधान के माध्यम से निर्धारित अधिकार और कर्तव्य नागरिकों और सरकारी अधिकारियों के बीच संबंधों को स्पष्ट करते हैं। यहाँ तक कि आम नागरिकों के अधिकारों की सुरक्षा के लिए न्यायालयों का गठन भी"
725,अमेरिकी मीडिया और राजनीति: निष्पक्षता बनाम ध्रुवीकरण,"अमेरिकी मीडिया और राजनीति के बीच निष्पक्षता और ध्रुवीकरण का मुद्दा एक लंबे समय से चर्चा का विषय रहा है। मीडिया का काम होता है सोचने, जानने और जनता को सच्चाई की जानकारी देना, लेकिन कई बार इसका उलटा होता है। अमेरिकी मीडिया में निष्पक्षता की कमी देखने के कारण, राजनीति में ध्रुवीकरण का मामला सामने आता है।

मीडिया के ध्रुवीकरण का प्रमुख कारण है राजनीतिक पक्षपात और विचारधारा के प्रभाव में आना। कई बार मीडिया एक पक्ष की ओर झुका होता है और उस पक्ष की भावनाओं को उभारता है। इससे लोगों में गलत धारणाएं पैदा होती हैं और राज"
723,अमेरिकी मीडिया और राजनीति: निष्पक्षता बनाम ध्रुवीकरण,"अमेरिकी मीडिया और राजनीति के बीच निष्पक्षता और ध्रुवीकरण एक महत्वपूर्ण विवादित विषय है। मीडिया का काम है समाचार को जनता तक पहुंचाना, सत्य को उजागर करना और लोकतंत्र को मजबूत बनाना। लेकिन कुछ दशकों में यह देखा गया है कि अमेरिकी मीडिया का निष्पक्षता से दूर होने का आरोप लगाया जा रहा है।

एक पक्ष के अनुसार, कुछ मीडिया घटनाओं को अपने धृष्टिकोण से प्रस्तुत करती है जिससे वे एक विशेष राजनीतिक या व्यक्तिगत एजेंडा को प्रचारित कर सकती हैं। इससे मीडिया की निष्पक्षता पर संदेह उत्पन्न होता है। दूसरी ओर, कुछ लोग मानते"
728,अमेरिका की आर्थिक नीति और राजनीतिक विवाद,"अमेरिका की आर्थिक नीति और राजनीतिक विवाद एक अत्यंत महत्वपूर्ण और चरमराईण विषय है। अमेरिका एक विशाल देश है जिसकी आर्थिक नीति दुनिया भर में व्यापक प्रभाव डालती है। अमेरिकी आर्थिक नीति में राजनीतिक भीड़ और विवाद हमेशा रहता है।

एक पक्ष से, कुछ लोग यह मानते हैं कि अमेरिका को अपनी आर्थिक नीति में आधारित करना चाहिए। उनका मानना है कि अधिक स्वतंत्रता और निजीकरण से अमेरिकी अर्थव्यवस्था को सुधारा जा सकता है। वे निवेशकों के लिए अधिक अवसर प्रदान करने की बजाय सरकारी हस्तक्षेप कम करने की मांग करते हैं।

दूसरी ओर, विर"
726,अमेरिकी मीडिया और राजनीति: निष्पक्षता बनाम ध्रुवीकरण,"अमेरिकी मीडिया और राजनीति के बीच निष्पक्षता और ध्रुवीकरण एक महत्वपूर्ण और विवादास्पद विषय है। मीडिया को निष्पक्ष और विश्वसनीय होना चाहिए ताकि लोग सही जानकारी प्राप्त कर सकें और स्वतंत्र रूप से अपना विचार व्यक्त कर सकें। हालांकि, कुछ लोग मानते हैं कि अमेरिकी मीडिया में निष्पक्षता कम है और ध्रुवीकरण का सामना करना पड़ रहा है।

राजनीति और मीडिया के इस संबंध को ध्यान में रखते हुए, कुछ लोग मानते हैं कि मीडिया किसी निश्चित राजनीतिक दल या व्यक्ति के पक्ष में होती है और इसके कारण निष्पक्षता की कमी हो जाती है। इसके विपरीत"
730,अमेरिकी राजनीति में लॉबिंग और उसका प्रभाव,"लॉबिंग एक प्रकार की राजनीतिक क्रिया है जिसमें व्यापारी समूह या संगठन अथवा व्यक्ति अपने हितों की प्राप्ति के लिए निरंतर राजनीतिक नेताओं और निर्णायक अधिकारियों से संपर्क में रहते हैं। अमेरिकी राजनीति में भी लॉबिंग एक महत्वपूर्ण भूमिका निभाती है।

लॉबिंग के माध्यम से व्यापारी समूह या लोबिस्ट नेताओं को साकार करने का प्रयास करते हैं ताकि वे अपने हितों की प्राप्ति के लिए नीतियों और कार्यक्रमों को प्रभावित कर सकें। लॉबिस्ट लगातार संगठनों और नेताओं को अपनी दलील और विचारों से प्रभावित करने का प्रयास करते हैं।

अमेरिकी राजन"
729,अमेरिका में हेल्थकेयर नीति: ओबामाकेयर बनाम निजीकरण,"अमेरिका में हेल्थकेयर नीति एक बहुत ही महत्वपूर्ण और विवादित विषय है। इसमें दो प्रमुख पक्ष हैं - एक ओबामाकेयर का राष्ट्रीय स्वास्थ्य सुरक्षा कानून, जिसे आमतौर पर ‘ऑबामाकेयर’ के नाम से जाना जाता है, और दूसरा निजीकरण जिसमें स्वास्थ्य सेवाएं निजी कंपनियों द्वारा प्रदान की जाती हैं।

ओबामाकेयर का मुख्य उद्देश्य सभी अमेरिकी नागरिकों को सस्ती और उचित स्वास्थ्य सेवाएं प्रदान करना था। इस कानून के द्वारा निर्धारित किया गया कि सभी अमेरिकी नागरिकों को स्वास्थ्य बीमा लेना अनिवार्य है। इसके अलावा, यह कानून बीमा कंपनियों पर प्र"
731,अमेरिका की आर्थिक नीति और राजनीतिक विवाद,"अमेरिका एक विशाल देश है जिसमें आर्थिक नीति और राजनीतिक विवाद अक्सर चरम पर होते हैं। विभिन्न राजनीतिक दलों के मजबूत खड़े होने के कारण, आर्थिक नीति पर विवाद हमेशा रहता है। एक पक्ष विकासवादी नीतियों की बढ़ावा देता है, जबकि दूसरी ओर समाजवादी नीतियों को पसंद करती है।

आर्थिक नीति के मुद्दों में टैक्स, व्यापार, उत्पादन और रोजगार के संबंध में विवाद होता है। उदाहरण के लिए, कुछ दल टैक्स कटौती का समर्थन करते हैं जबकि दूसरे कहते हैं कि यह अमीरों को फायदा पहुंचाता है और गरीबों को नुकसान। इसके अलावा, व्य"
732,अमेरिका की आर्थिक नीति और राजनीतिक विवाद,"अमेरिका एक प्रसिद्ध देश है जिसमें व्यापार, औद्योगिकी, और वित्तीय क्षेत्र में बहुत विकास हुआ है। इस विकास के पीछे अमेरिकी आर्थिक नीति का बहुत बड़ा योगदान है। अमेरिका की आर्थिक नीति की मुख्य धाराएं टैक्सेशन, व्यापार में मुफ्त बाजार, बैंकिंग सुविधाएं, और नौकरी निर्माण को प्रोत्साहित करना है।

हाल ही में अमेरिका में आर्थिक नीति और राजनीतिक विवाद काफी देखने को मिला है। अमेरिकी राष्ट्रपति जो बाइडेन ने कोरोना महामारी के दौरान आर्थिक उत्थान के लिए विशेष योजनाएं शुरू की हैं। वह अमेरिकी लोगों को सहायता पहुंचाने क"
733,अमेरिका में मतदाता अधिकार और चुनाव सुधार,"अमेरिका में मतदाता अधिकार और चुनाव सुधार एक महत्वपूर्ण विषय है जिसपर ध्यान देने की आवश्यकता है। मतदाता अधिकार एक महत्वपूर्ण अधिकार है जो एक लोकतांत्रिक समाज में प्रमुख भूमिका निभाता है। यह अधिकार नागरिकों को चुनाव में भाग लेने और अपनी राय व्यक्त करने का अधिकार प्रदान करता है।

चुनाव सुधार को बढ़ावा देने के लिए अमेरिकी सरकार ने कई प्रमुख उपाय अपनाए हैं। इनमें सबसे महत्वपूर्ण है वोटर आईडी कार्ड की पहचान और चुनाव तंत्र की सुरक्षा। वोटर आईडी कार्ड की पहचान विशेष रूप से अवैध चुनावी प्रभावों को रोकन"
734,अमेरिका में अप्रवासन नीति और उसकी राजनीति,"अमेरिका में अप्रवासन नीति और उसकी राजनीति एक महत्वपूर्ण और विवादास्पद विषय है। अप्रवासन नीति के तहत विदेशी नागरिकों को अमेरिका में अवैध रूप से रहने से रोका जाता है। इसके लिए कई विभिन्न कारण हो सकते हैं, जैसे कि सुरक्षा, आर्थिक विकास, रोजगार की सुरक्षा, आदि।

अमेरिका में अप्रवासन नीति की राजनीति देश के संरक्षण और सुरक्षा के लिए महत्वपूर्ण है। इसका मुख्य ध्यान राष्ट्रीय सुरक्षा और अर्थव्यवस्था पर होता है। अमेरिका सरकार को यह सुनिश्चित करने की जिम्मेदारी होती है कि देश में केवल विधिवत तरीके से आए विदेशी नागर"
736,अमेरिका में सुप्रीम कोर्ट की भूमिका और प्रभाव,"सुप्रीम कोर्ट, अमेरिका की सर्वोच्च न्यायिक अदालत है जिसका मुख्य कार्य राष्ट्र के कानूनी मामलों को सुनना और न्याय देना है। इसका मुख्य उद्देश्य संविधान की व्याख्या और सुनिश्चित करना है कि संविधान के अनुसार कानून लागू हो।

सुप्रीम कोर्ट की भूमिका और प्रभाव अमेरिका के न्यायिक तंत्र के साथ ही संविधानिक संरचना की भी गहराई को दर्शाती है। इसकी निर्णय प्राधिकारिक और सामाजिक दिशा निर्देशित करते हैं और सही-गलत की सीमा में न्यायिक संकटों का समाधान करते हैं।

सुप्रीम कोर्ट के निर्णय देश के न्यायिक प्रणाली के विकास में महत्वपूर्ण भूमिका निभात"
738,अमेरिका में हेल्थकेयर नीति: ओबामाकेयर बनाम निजीकरण,"अमेरिका ने हेल्थकेयर क्षेत्र में नीतियों में कई महत्वपूर्ण परिवर्तन किए हैं। इनमें सबसे महत्वपूर्ण और विवादास्पद परिवर्तन ओबामाकेयर और निजीकरण के बीच का मुकाबला है।

ओबामाकेयर अधिनियम 2010 में पारित हुआ, जिसका उद्देश्य अमेरिकी लोगों को सस्ते और उचित स्वास्थ्य सेवाएं प्रदान करना था। इस अधिनियम के तहत, अमेरिकी नागरिकों के लिए बीमा कवरेज को बढ़ावा दिया गया, पूर्वाधिकृत स्थितियों को निरस्त किया गया और विभिन्न स्थितियों में स्वास्थ्य सेवाओं को बढ़ावा दिया गया।

विरोधियों का कहना है कि ओबामाकेयर के अधिनियम ने"
737,अमेरिकी संविधान और उसकी राजनीति पर प्रभाव,"अमेरिकी संविधान और उसकी राजनीति विश्व के लिए महत्वपूर्ण हैं। अमेरिकी संविधान एक ऐतिहासिक दस्तावेज है जिसने एक लोकतांत्रिक और स्वतंत्र राष्ट्र की नींव रखी है। यह एक ऐसा दस्तावेज है जिसने एक विशेष शक्ति विभाजन और निगरानी की व्यवस्था द्वारा भारतीय संविधान को प्रभावित किया है।

अमेरिकी संविधान में नागरिकों के मूलभूत अधिकार और कर्तव्यों की महत्वपूर्णता को प्रकट किया गया है। यह संविधान विभिन्न शाखाओं और सरकारी अधिकारों के बीच संतुलन स्थापित करता है ताकि किसी एक शाखा को अधिकार या अधिकार न दिया जाए।

अमेरिकी"
735,अमेरिकी संविधान और उसकी राजनीति पर प्रभाव,"अमेरिकी संविधान उसकी राजनीति पर गहरा प्रभाव डालता है। यह संविधान अमेरिका की सर्वोच्च कानून है और संविधानीय सुरक्षा प्रदान करता है। यह देश के नागरिकों के मौलिक अधिकारों को संरक्षित करने के लिए अहम है।

अमेरिकी संविधान की मुख्य विशेषताएँ जैसे कि सत्ता की विभाजन, सत्ताधारिता की निगरानी, सरकारी अधिकारों की सीमा, नागरिकों के हक्क की सुरक्षा और व्यक्तिगत स्वतंत्रता का समर्थन करती है। यह संविधान नागरिकों को स्वतंत्रता और न्याय का अधिकार देता है और उन्हें सरकार के खिलाफ भी लड़ने की अनुमति देता है।

अमेरिकी संविधान के तहत राजनी"
739,अमेरिका की आर्थिक नीति और राजनीतिक विवाद,"अमेरिका एक विशालकाय देश है जिसमें आर्थिक नीति और राजनीतिक विवाद अक्सर चरम पर होते रहते हैं। विश्व की लार्जेस्ट इकोनॉमी के रूप में, अमेरिका की आर्थिक नीति दुनिया भर में व्यापक प्रभाव डालती है। अमेरिका में आर्थिक नीतियों पर विपक्षी दलों और राष्ट्रीय नेताओं के बीच विवाद अक्सर स्थायीता का विषय रहता है।

अमेरिका की आर्थिक नीति पर विवाद कई मुद्दों पर हो सकता है, जैसे कर, व्यापार, टैक्स, वित्तीय स्थिति, बजट, तरलता नीति आदि। अमेरिकी संघीय सरकार में राज्यों और केंद्र सरकार के बीच आर्थिक विवाद भी हो सकते हैं।

अमे"
741,अमेरिका में सुप्रीम कोर्ट की भूमिका और प्रभाव,"अमेरिका में सुप्रीम कोर्ट एक महत्वपूर्ण संवैधानिक संस्था है जो न्यायपालिका की एक महत्वपूर्ण भूमिका निभाती है। सुप्रीम कोर्ट के न्यायाधीशों का कार्यकाल आयीनी होता है और वे अपने निर्णयों के माध्यम से विभिन्न मुद्दों पर निर्णय देते हैं जो समाज को संवैधानिक दृष्टिकोण से दिशा देते हैं।

सुप्रीम कोर्ट की भूमिका मुख्य रूप से दो क्षेत्रों में विभाजित है - संवैधानिक और कानूनी मुद्दों पर निर्णय देना और संवैधानिक अधिकारों की सुरक्षा करना। सुप्रीम कोर्ट के निर्णय अमेरिकी समाज में गहरा प्रभाव डालते हैं और इन निर्णयों का द"
740,अमेरिका में गन कंट्रोल नीति पर बहस,"अमेरिका में गन कंट्रोल नीति एक बहुत विवादित विषय है जिस पर देश के नागरिकों के बीच मतभेद हैं। एक ओर उन्हें अपनी सुरक्षा के लिए अधिक गन कंट्रोल की आवश्यकता महसूस होती है, जबकि दूसरी ओर कुछ लोग यकीन रखते हैं कि गन कंट्रोल की सख्त नीतियों से उनकी स्वतंत्रता पर कटने का खतरा है।

अमेरिका में हर वर्ष गन वायलेंस से हजारों लोगों की मौत हो रही है, जिस पर विचार करने की जरूरत है कि क्या सख्त गन कंट्रोल नीति लागू करना समस्या को हल कर सकता है। विभिन्न अध्ययन दिखाते हैं कि जिन राज्यों और क्षेत्रों में गन कंट्रोल कानूनों की सख्ती बढ"
742,अमेरिका में गन कंट्रोल नीति पर बहस,"अमेरिका में गन कंट्रोल नीति एक बहुत ही विवादास्पद विषय है। गन कंट्रोल के समर्थक यह मानते हैं कि सख्त गन कंट्रोल नीतियाँ अस्तित्व में रहती हैं, तो विरोधक इसे निषेध करते हैं क्योंकि वे यह मानते हैं कि यह उनके संविधानीक अधिकारों का उल्लंघन करता है।

अमेरिका में गन कंट्रोल के समर्थक यह कहते हैं कि गन कंट्रोल से अपराधों को रोका जा सकता है, सामाजिक हित में सुधार किया जा सकता है और विभिन्न चरणों के मानसिक रोगों को रोका जा सकता है। वे यह भी मानते हैं कि गन कंट्रोल की नीतियों के माध्यम से स्कूल और सार्वजनिक स्थानों में होने वाले हिंसक हमलो"
743,अमेरिकी संविधान और उसकी राजनीति पर प्रभाव,"अमेरिकी संविधान एक महत्वपूर्ण दस्तावेज है जो अमेरिकी संघीय राज्य की संविधानिक आधारभूत विधि है। इसे 1787 में बनाया गया था और यह विश्व का सबसे पुराना अभिलेखित संविधान है। अमेरिकी संविधान के मुख्य लेखक थे जेम्स मैडिसन, एलेक्जेंडर हैमिल्टन, और जॉन जे। यह संविधान उत्तरी अमेरिका के 13 राज्यों के संघ की स्थापना के बाद बनाया गया था।

अमेरिकी संविधान का असर अमेरिकी राजनीति पर गहरा होता जा रहा है। यह एक ताकतवर और सुदृढ़ संविधान है जिसने व्यावसायिक और राजनीतिक उत्थान को प्रोत्साहित किया है। यह एक संघीय त"
744,अमेरिकी राजनीति में लॉबिंग और उसका प्रभाव,"लॉबिंग एक गतिविधि है जिसमें व्यक्ति या संगठन राजनीतिक निर्णयकर्ताओं को प्रभावित करने के लिए उनसे बातचीत करते हैं। अमेरिकी राजनीति में लॉबिंग का बहुत महत्वपूर्ण स्थान है और इसका अद्यतन और अद्यतित करना आवश्यक है। लॉबिंग के माध्यम से किसी विशेष विषय पर जनता के मान्यताओं को संसदीय निर्णयकर्ताओं तक पहुंचाया जा सकता है। 

लॉबिंग के जरिये विभिन्न समुदायों और उद्योगों की आवाज सुनी जा सकती है जिनके लिए यह मुद्दा महत्वपूर्ण है। अमेरिकी राजनीति में लॉबिंग के माध्यम से नया कानून बनाने, कानूनों में संशो"
746,अमेरिका में अप्रवासन नीति और उसकी राजनीति,"अमेरिका में अप्रवासन नीति एक महत्वपूर्ण राजनीतिक मुद्दा है जिसपर विभिन्न दलों के बीच अखरा है। अप्रवासन नीति का मुख्य उद्देश्य अमेरिका में गैरकानूनी रूप से प्रवेश करने वाले व्यक्तियों को रोकना है। इसके लिए सरकार ने कई नीतियां और क़ानून बनाए हैं जिनका पालन किया जाता है।

अमेरिका में अप्रवासन नीति के तहत विदेशी नागरिकों को केवल विधिवत तरीके से प्रवेश करने की अनुमति दी जाती है। यहाँ पर विभिन्न वीजा प्रकार होते हैं जैसे की द्विपक्षीय, अनुबंध, व्यापारिक, छात्र वीजा आदि। इन वीजा के नियमों का पालन करना अनिवार्य"
745,अमेरिका में अप्रवासन नीति और उसकी राजनीति,"अमेरिका में अप्रवासन नीति एक महत्वपूर्ण राजनीतिक और सामाजिक मुद्दा है जो विवादों का केंद्र बन चुका है। अप्रवासन नीति का मुख्य उद्देश्य अमेरिका में असली नागरिकों को सुरक्षित रखना है और अवैध प्रवासन को रोकना है।

अप्रवासन नीति के माध्यम से विभिन्न प्रवासी वर्गों के लिए अलग-अलग नियम और शर्तें बनाई गई हैं। उदाहरण के लिए, कानूनी रूप से अमेरिका में रहने वाले विदेशी नागरिकों के लिए ह-1ब वीजा की प्रणाली है जो विद्यार्थी, पेशेवर कर्मचारी और व्यवसायिकों को अमेरिका में काम करने की अनुमति देती है। वहीं, अनधिकृत प्र"
748,अमेरिकी राजनीति में लॉबिंग और उसका प्रभाव,"लॉबिंग एक ऐसी प्रक्रिया है जिसमें व्यापारिक समूह या दल किसी सरकारी नीति या कानून के पक्ष में या उसके विपरीत अपनी रुचि और मांग को सरकार के पास प्रस्तुत करते हैं। अमेरिकी राजनीति में लॉबिंग एक महत्वपूर्ण भूमिका निभाता है और यहाँ कई लॉबिस्ट्स व्यक्ति और संगठन काम करते हैं।

लॉबिंग का प्रभाव अमेरिकी राजनीति पर काफी गहरा होता है। धन और संसाधनों के जादू से, लॉबिस्ट्स सरकारी नीतियों को प्रभावित कर सकते हैं। लॉबिंग के माध्यम से विभिन्न सांसदों और नेताओं को प्रभावित किया जा सकता है, ताकि वे नीतियों में परिवर्तन करें या कान"
747,डेमोक्रेटिक और रिपब्लिकन पार्टियों के बीच मुख्य अंतर,"अमेरिकी राजनीति में डेमोक्रेटिक और रिपब्लिकन पार्टियां दो प्रमुख दल हैं, जो देश के राष्ट्रीय नेतृत्व की प्रतियोगिता में शामिल हैं। ये दोनों पार्टियां अपने विचारों, दृष्टिकोणों और नीतियों में काफी भिन्नता रखती हैं।

डेमोक्रेटिक पार्टी अमेरिकी राजनीति में केंद्रीय स्थान रखती है और इसे एक लिबरल पार्टी के रूप में जाना जाता है। यह पार्टी सामाजिक सुरक्षा, व्यापार विरोधी नीतियां, पर्यावरण के प्रति जिम्मेदारी और गुणवत्ता के मामले में सशक्त नीतियों का समर्थक है। डेमोक्रेटिक पार्टी कामगार वर्ग, महिलाएं, अल्पसंख्यक समुद"
749,अमेरिका की आर्थिक नीति और राजनीतिक विवाद,"अमेरिका की आर्थिक नीति और राजनीतिक विवाद दुनिया भर के लोगों के लिए महत्वपूर्ण है। अमेरिका एक विशाल देश है जिसकी आर्थिक नीति वैश्विक अर्थव्यवस्था पर बहुत अधिक प्रभाव डालती है।

अमेरिका की आर्थिक नीति के मुख्य स्तंभ में वित्तीय नीति, व्यापार नीति, औद्योगिक नीति, और कृषि नीति शामिल है। अमेरिका का अर्थव्यवस्था विश्व की सबसे बड़ी अर्थव्यवस्था में से एक है और इसकी नीतियों पर अंतर्राष्ट्रीय समुदाय ध्यान देता है।

हाल ही में, अमेरिका में आर्थिक विवादों की संख्या बढ़ गई है। व्यापार युद्ध, टेक्नोल"
750,अमेरिकी राष्ट्रपति चुनाव प्रणाली: एक विस्तृत विश्लेषण,"अमेरिका में राष्ट्रपति का चयन एक व्यापक प्रक्रिया है जिसमें अमेरिकी नागरिक अपने मतदान से राष्ट्रपति को चुनते हैं। यह प्रक्रिया अगले चार वर्षों के लिए अमेरिका के राष्ट्रपति को तय करती है।

अमेरिकी राष्ट्रपति चुनाव प्रणाली की मुख्यता धाराओं में प्रथम चरण है प्राथमिक चयन (Primary Election) जिसमें दो प्रमुख दल, गोपनाथ और डेमोक्रेटिक दल, अपने उम्मीदवारों का चयन करते हैं। इसके बाद प्राथमिक चयन विजेताओं के बीच यह युद्ध जारी रहता है जिसमें वे अपनी पक्षपातिता को बढ़ावा देने के लिए अपने कार्यक्रमों को लेकर चुनाव लड़ते हैं।

जनता को अपने"
751,अमेरिका में सुप्रीम कोर्ट की भूमिका और प्रभाव,"सुप्रीम कोर्ट अमेरिका की सर्वोच्च न्यायिक प्राधिकरण है और यह देश के संविधान और कानून की प्रामाणिकता और संरक्षा का जिम्मेदार है। सुप्रीम कोर्ट का मुख्य कार्य राष्ट्र के अधिकारों और कर्तव्यों को संरक्षित करना है, और यह किसी भी विधि, नीति या कार्यक्रम की संवैधानिकता को मान्यता प्रदान करता है।

सुप्रीम कोर्ट के न्यायाधीशों का चयन राष्ट्रपति द्वारा किया जाता है और उन्हें संसद की मंजूरी के बिना ही नियुक्ति की जाती है। सुप्रीम कोर्ट के निर्णय निर्वाचनी अथै दण्डात्मक व्यवहार, स्वतंत्रता के मामले, सामाजिक न्याय, धार्मिक स्वतंत्रता, और अन्य"
752,अमेरिकी मीडिया और राजनीति: निष्पक्षता बनाम ध्रुवीकरण,"अमेरिकी मीडिया और राजनीति के बीच निष्पक्षता और ध्रुवीकरण का मुद्दा एक लंबे समय से चर्चा का विषय रहा है। मीडिया की भूमिका राजनीति में अहम है, क्योंकि यह जनता को सूचित करने का माध्यम है और राजनीतिक नेताओं की क्रियावली का जांच-परख करता है।

निष्पक्षता और ध्रुवीकरण के मुद्दे को लेकर अमेरिकी मीडिया ने कई बार खबरों को रंग-ढंग से पेश किया है। निष्पक्षता का मतलब होता है कि मीडिया को सच्चाई को विनिर्दिष्ट तरीके से पेश करना चाहिए, जबकि ध्रुवीकरण मीडिया के पक्षपाती होने की स्थिति को दर्शाता है।

अमेरिकी मीडिया में निष्पक्षत"
754,अमेरिकी सीनेट और हाउस ऑफ रिप्रेजेंटेटिव्स की भूमिका,"अमेरिकी संघीय संसद में सीनेट और हाउस ऑफ रिप्रेजेंटेटिव्स दोनों ही महत्वपूर्ण संसदीय संस्थाएं हैं। सीनेट का कार्यक्षेत्र राष्ट्रीय स्तर पर होता है जबकि हाउस ऑफ रिप्रेजेंटेटिव्स का कार्यक्षेत्र लोकल स्तर पर होता है।

अमेरिकी सीनेट में प्रत्येक राज्य से दो सांसद होते हैं, जो राज्यों के हितों की रक्षा करते हैं। सीनेट का अध्यक्ष उपराष्ट्रपति होता है और यहाँ पर राज्यों के हितों की रक्षा करने के लिए कानून बनाने और स्वीकृत करने का काम होता है।

हाउस ऑफ रिप्रेजेंटेटिव्स में सदस्यों की संख्या राज्य की आबादी के आधार पर निर्धारित होती है। यह"
753,अमेरिकी राजनीति में लॉबिंग और उसका प्रभाव,"लॉबिंग अमेरिकी राजनीति में एक महत्वपूर्ण और प्रभावशाली तंत्र है जिसका उद्देश्य निर्णयकर्ताओं को अपने हितों के लिए प्रभावित करना होता है। यह व्यक्ति, संगठन या कम्पनी द्वारा किया जाता है ताकि उनकी दिशा में निर्णय लिया जाए। अमेरिकी राजनीति में लॉबिंग का प्रमुख कारण है राजनीतिक प्रक्रिया में उच्च स्तर पर लगे निर्णयकर्ताओं का ध्यान आकर्षित करना।

लॉबिंग का प्रभाव अमेरिकी राजनीति पर व्यापक है और इसके कई उम्मीदवार हैं। लॉबिस्ट्स विभिन्न मुद्दों पर निर्णय लेने में पारदर्शिता और अनुपालन के लिए काम करते हैं। इ"
755,अमेरिका में मतदाता अधिकार और चुनाव सुधार,"अमेरिका में मतदाता अधिकार और चुनाव सुधार का मुद्दा एक लंबे समय से विवादास्पद है। चुनावी प्रक्रिया में सुधार करने की जरूरत को गंभीरता से लिया जा रहा है ताकि मतदाताओं को उनके मूल अधिकारों का उपयोग करने में कोई अड़चन न हो।

मतदाताओं के लिए उपलब्ध सुविधाओं में सुधार करने के लिए कई प्रयास किए जा रहे हैं। इनमें मतदाताओं को निर्वाचन केंद्रों की सुविधा में सुधार करना, ऑनलाइन रजिस्ट्रेशन, मतदाता दर्जे को अद्यतन करना, वीवोटर आईडी कार्ड की पहचान के लिए विभिन्न पहचान कार्डों को स्वीकार करना और अवसरों को बढ़ाना शामिल है"
756,अमेरिका में सुप्रीम कोर्ट की भूमिका और प्रभाव,"सुप्रीम कोर्ट अमेरिका की उच्चतम न्यायिक संस्था है जो संविधान की शिक्षा को सुनिश्चित करने के लिए जिम्मेदार है। सुप्रीम कोर्ट के न्यायाधीशों का कार्यक्षेत्र संविधान के विवादित प्रावधानों को विचार करना है। अमेरिकी संविधान की व्याख्या करना और उसे लागू करना सुप्रीम कोर्ट की मुख्य भूमिका है।

सुप्रीम कोर्ट के निर्णयों का अमेरिकी समाज पर गहरा प्रभाव होता है। इसके निर्णय राष्ट्रीय स्तर पर महत्वपूर्ण नीतियों को प्रभावित कर सकते हैं। इसके निर्णय भी अमेरिकी समाज में सामाजिक परिवर्तन और संविदानिक सुधारों को दर्शा सकते हैं।

सुप्रीम कोर्ट ने अमे"
757,अमेरिका में मतदाता अधिकार और चुनाव सुधार,"अमेरिका में मतदाता अधिकार और चुनाव सुधार एक महत्वपूर्ण विषय है जिसपर नजर रखना आवश्यक है। चुनावी प्रक्रिया में न्याय, समानता और बाल संरक्षण के लिए मतदाताओं के अधिकार की सुनिश्चित करना बहुत महत्वपूर्ण है।

मतदाताओं को चुनाव में भाग लेने के लिए सहायता मिलनी चाहिए, जैसे कि वे पंजीकृत हों, उन्हें मतदान केंद्रों तक पहुंचाने के लिए विभिन्न सुविधाएं हों और उन्हें सही जानकारी और गाइडेंस मिले। इसके लिए डिजिटल तकनीक का उपयोग करना भी महत्वपूर्ण है ताकि मतदाताओं को चुनाव सम्बंधित जानकारी आसानी से मिल सके।

चुनाव सुधारों"
759,अमेरिकी राष्ट्रपति चुनाव प्रणाली: एक विस्तृत विश्लेषण,"अमेरिकी राष्ट्रपति चुनाव प्रणाली एक व्यापक प्रक्रिया है जिसमें अमेरिकी नागरिकों के द्वारा राष्ट्रपति का चयन होता है। यह चुनाव प्रणाली ज्यादातर चार स्तरों पर संगठित है: प्राथमिक, अंतर्वैयक्तिक, राज्य मतदान और चुनाव कॉलेज।

प्राथमिक चुनावों में, विभिन्न दलों द्वारा उम्मीदवारों का चयन किया जाता है। इन चुनावों में राष्ट्रवादी और गठबंधन वाले दलों के उम्मीदवार प्रतिस्थापित होते हैं।

अंतर्वैयक्तिक चुनावों में, प्राथमिक चुनावों में जीतने वाले उम्मीदवारों के बीच चुनाव होते हैं। इसमें निर्वाचित उम्मीदवारों के"
761,अमेरिकी संविधान और उसकी राजनीति पर प्रभाव,"अमेरिकी संविधान एक महत्वपूर्ण दस्तावेज है जो संयुक्त राज्य अमेरिका के राजनीतिक और सामाजिक संरचना को प्रबंधित करता है। इसका प्रभाव अमेरिकी समाज पर गहरा पड़ता है और विश्व भर में उसकी राजनीति पर प्रभाव डालता है।

संविधान में स्वतंत्रता, समानता और न्याय के मूल सिद्धांत होते हैं जो अमेरिकी समाज की आधारशिला हैं। इसके अलावा, संविधान व्यक्तिगत स्वतंत्रता, धर्मनिरपेक्षता, मीडिया की स्वतंत्रता और अन्य महत्वपूर्ण मुद्दों को भी समर्थन करता है।

अमेरिकी संविधान की राजनीति पर प्रभाव काफी महत्वपूर्ण है। यहां तक कि अमेरिकी नागरिकता,"
760,अमेरिका में सुप्रीम कोर्ट की भूमिका और प्रभाव,"सुप्रीम कोर्ट अमेरिका की सर्वोच्च न्यायिक प्राधिकरण है जो यहाँ के संविधान की स्थिति और व्याख्या करता है। यह कोर्ट संविधान के न्याय को सुनिश्चित करने के लिए जिम्मेदार है और इसके फैसले अमेरिकी समाज पर गहरा प्रभाव डालते हैं।

सुप्रीम कोर्ट के पांच सदस्यों की विशेष चुनौती है कि वे जीवन भर के पद पर रहते हैं और यह उन्हें स्वतंत्रता और विशेष योग्यता के साथ निर्वाचित करते हैं। यह कोर्ट संविधान के अंगीकार और विवाद के समय महत्वपूर्ण निर्णय लेने के लिए जानी जाती है।

सुप्रीम कोर्ट के फैसले अमेरिकी समाज को दिशा देते हैं और सामाजिक परिवर"
758,अमेरिका में हेल्थकेयर नीति: ओबामाकेयर बनाम निजीकरण,"अमेरिका में हेल्थकेयर नीति एक बहुत विवादित और महत्वपूर्ण विषय है, जिसमें देश के स्वास्थ्य सेवाओं की पहुंच, गुणवत्ता और लागत समेत कई पहलुओं पर ध्यान दिया जाता है।

अमेरिका में हेल्थकेयर नीति के विषय में दो मुख्य पक्ष हैं - ""ओबामाकेयर"" और ""निजीकरण""। ओबामाकेयर योजना, जिसे अफ़ोर्डेबल केयर एक्ट (ACA) भी कहा जाता है, एक सरकारी योजना है जिसका मुख्य उद्देश्य सभी अमेरिकी नागरिकों को सस्ते और अच्छे स्वास्थ्य सेवाओं की पहुंच उपलब्ध कराना है। इसके विरोधी पक्ष विश्वास करते हैं कि ऐसे सुधार से रोगी और चिकित्सक के बीच की"
762,अमेरिकी राष्ट्रपति चुनाव प्रणाली: एक विस्तृत विश्लेषण,"अमेरिकी राष्ट्रपति चुनाव प्रणाली एक व्यापक प्रक्रिया है जिसमें अमेरिकी नागरिकों को राष्ट्रपति चुनने का अधिकार होता है। यह प्रक्रिया अद्वितीय है और अमेरिकी संविधान द्वारा निर्धारित है।

प्रधान नामांकन (Primary Nominations): राष्ट्रपति चुनाव प्रक्रिया की शुरुआत प्रधान नामांकन से होती है जिसमें पार्टियों के प्रत्याशी चुने जाते हैं। इन प्रधान नामांकन में विभिन्न राज्यों और क्षेत्रों में मतदाताओं के द्वारा उम्मीदवारों का चयन होता है।

राष्ट्रीय नामांकन समारोह (National Conventions): प्रधान नामांकन के बाद, पार्टियों की राष्ट्रीय समितियां राष्ट्रीय नामांकन समारोह आ"
763,अमेरिकी विदेश नीति: चीन और रूस के साथ संबंध,"अमेरिकी विदेश नीति चीन और रूस के साथ संबंधों पर महत्वपूर्ण प्रभाव डालती है। चीन और रूस दोनों अमेरिका के विपक्षी राष्ट्र हैं जिनके साथ अमेरिका के संबंध समय-समय पर तनावपूर्ण रहते हैं।

चीन के साथ, अमेरिका की व्यापारिक संघर्ष की स्थिति चल रही है। विशेष रूप से चीन के व्यापारिक नीतियों और इंटेलेक्चुअल प्रॉपर्टी के उल्लंघन के कारण दोनों देशों के बीच अद्यतन वार्ता प्रमुख मुद्दा है।

रूस के साथ, सामरिक संबंध भी खींचाव का कारण बनते रहते हैं। रूस की उत्कृष्ट सामरिक तंत्र और अमेरिका की दृष्टिकोण में विभिन्नताए"
764,अमेरिकी मीडिया और राजनीति: निष्पक्षता बनाम ध्रुवीकरण,"अमेरिकी मीडिया और राजनीति के बीच निष्पक्षता और ध्रुवीकरण का मुद्दा एक महत्वपूर्ण विषय बन चुका है। मीडिया का मुख्य ध्येय होता है लोगों तक सच्ची और विश्वसनीय जानकारी पहुंचाना, लेकिन कई बार इसके बजाय वे एक ओर से ध्रुवीकरण का शिकार बन जाते हैं।

राजनीति में निष्पक्षता एक महत्वपूर्ण तत्व है, क्योंकि लोगों को सही जानकारी और समाचार की आवश्यकता होती है ताकि वे सही निर्णय ले सकें। अमेरिकी मीडिया में निष्पक्षता का अभाव देश की जनता को गलत दिशा में ले जा सकता है और राजनीतिक प्रक्रिया को प्रभावित कर सकता है।

ध्रुवीकरण"
765,अमेरिका की आर्थिक नीति और राजनीतिक विवाद,"अमेरिका की आर्थिक नीति और राजनीतिक विवाद दुनिया भर में महत्वपूर्ण हैं। अमेरिका विश्व की एक अग्रणी अर्थव्यवस्था वाली देश है, और इसकी आर्थिक नीति दुनिया भर में व्यापार, निवेश और आर्थिक विकास पर गहरा प्रभाव डालती है।

हाल ही में, अमेरिका में आर्थिक नीति और राजनीतिक विवादों के कारण समाचारों में बहुत चर्चा हो रही है। एक ओर यहाँ तक कि कोरोना महामारी के कारण आर्थिक मंदी और बेरोज़गारी जैसी समस्याएं हैं, तो दूसरी ओर तरह तरह के राजनीतिक विवाद भी चरम पर हैं।

व्यापारिक युद्ध, व्यापारिक नीति, टैरिफ्स, कार उद्योग,"
766,अमेरिका में गन कंट्रोल नीति पर बहस,"अमेरिका में गन कंट्रोल नीति पर बहस समाज में गहराती विवादों का विषय रहा है। एक ओर समर्थक विचारधारा यह मानती है कि गन कंट्रोल के कठोर नियमों के माध्यम से अपराधों और हिंसा को कम किया जा सकता है। उनका मानना है कि अधिक संख्या में गन्स उपयोगकर्ताओं के हाथ में होने से अपराधों के जरिए होने वाली हिंसा को रोका जा सकता है।

दूसरी ओर, गन कंट्रोल के पक्षधरों का मानना है कि यह एक व्यक्तिगत स्वतंत्रता का मुद्दा है और यह संविधानिक अधिकार है। वे समझते हैं कि गन्स का धरना समर्थन करना किसी भी अधिकार का एक हिस्सा है और इस अधिकार को कम करने का प्रयास व"
767,अमेरिका में गन कंट्रोल नीति पर बहस,"अमेरिका में गन कंट्रोल नीति पर बहस एक बहुत महत्वपूर्ण और विवादित विषय है। गन कंट्रोल के पक्ष में रहने वाले लोग कहते हैं कि गन कंट्रोल नीतियां हत्याओं को रोकने में मदद कर सकती हैं, गुनाहगारों के हाथ से गन क्राइम को कम कर सकती हैं और सामाजिक सुरक्षा को बढ़ा सकती है। विपक्ष में रहने वाले लोग इसे निजता और स्वतंत्रता के हक का उल्लंघन मानते हैं।

अमेरिका में गन कंट्रोल को लेकर तमाम बहसों के बावजूद, इसे लेकर कोई स्पष्ट नैतिक और सामाजिक सहमति नहीं है। गन कंट्रोल नीतियां स्थानीय, राज्यीय और संघीय स्तर पर विभिन्न रूपों में मान्यता"
768,अमेरिकी संविधान और उसकी राजनीति पर प्रभाव,"अमेरिकी संविधान एक महत्वपूर्ण दस्तावेज है जो संयुक्त राज्य अमेरिका की आधारशिला है। इसका प्रभाव सिर्फ अमेरिकी राजनीति पर ही नहीं, बल्कि विश्व की राजनीति पर भी है। संविधान में संरचना, सत्ताधारी व्यक्तियों के कर्तव्य, नागरिकों के अधिकार और कर्तव्य तथा सरकार के लिए सीमाएँ और निर्देश शामिल हैं।

अमेरिकी संविधान और उसकी राजनीति के प्रभाव की एक बड़ी उदाहरण है स्वतंत्रता संविधान के माध्यम से लिया जाने वाला निर्णय। इसके माध्यम से अमेरिका ने ब्रिटिश शासन से आजादी प्राप्त की थी। इसके बाद संविधान ने अमेरिकी राजनीति को ए"
769,अमेरिकी मीडिया और राजनीति: निष्पक्षता बनाम ध्रुवीकरण,"अमेरिकी मीडिया और राजनीति के बीच निष्पक्षता बनाम ध्रुवीकरण एक महत्वपूर्ण और विवादास्पद विषय है। पत्रकारिता की भूमिका होती है कि वह समाचारों का व्यापकता और विस्तृतता सुनिश्चित करे ताकि लोग सही जानकारी प्राप्त कर सकें। हालांकि, विभिन्न मीडिया संगठनों को अक्सर निष्पक्षता पर संदेह उत्पन्न करने के लिए आरोपित किया जाता है।

अमेरिका में राजनीति एक बहुदलीय प्रक्रिया है जिसमें विभिन्न दल, विचारधाराएं और हितधाराएं शामिल हैं। मीडिया का कार्य यह होता है कि वह लोगों को सटीक और समर्पित जानकारी प्रदान करें ताकि वे सही निर्णय"
770,अमेरिकी विदेश नीति: चीन और रूस के साथ संबंध,"अमेरिका की विदेश नीति बहुत महत्वपूर्ण है जब वह अपने संबंध रखता है चीन और रूस के साथ। चीन और रूस दोनों ही अमेरिका के लिए बड़े भूमिका निभाते हैं, चाहे वह व्यापारिक मामलों, रक्षा या विदेशी नीति के क्षेत्र में हो।

अमेरिका-चीन संबंध दुनिया के सबसे बड़े आर्थिक संगठनों में से एक हैं। चीन अमेरिका का बड़ा व्यापारी है और दोनों देशों के बीच व्यापार का मौजूद होना दुनिया के अर्थव्यवस्थाओं को प्रभावित करता है। हालांकि, विभिन्न विवादों के बावजूद, दोनों देशों के बीच व्यापारी संबंध जारी हैं।

अमेरिका-रू"
771,अमेरिकी मीडिया और राजनीति: निष्पक्षता बनाम ध्रुवीकरण,"अमेरिकी मीडिया और राजनीति के बीच निष्पक्षता और ध्रुवीकरण का मुद्दा एक बड़ा विवादित विषय है। एक ओर, मीडिया को निष्पक्ष होने की दावा करना चाहिए ताकि लोग सही और सत्य की जानकारी प्राप्त कर सकें। वहीं, दूसरी ओर, ध्रुवीकरण का आरोप लगाया जाता है कि मीडिया ने अपने विचारों को प्रस्तुत करने में धार्मिक, राजनीतिक या इच्छाशक्ति के आधार पर किया है।

अमेरिकी मीडिया का एक बड़ा समूह न्यूज़ चैनल, अखबार, रेडियो और ऑनलाइन प्लेटफार्मों से मिलकर बना है। यहां तक कि सोशल मीडिया भी एक महत्वपूर्ण स्रोत बन गया है। इन मीडिया"
772,अमेरिका में गन कंट्रोल नीति पर बहस,"अमेरिका में गन कंट्रोल नीति एक बहुविवादित मुद्दा है जिसपर लोगों के विचार विभिन्न हैं। एक ओर, इसके पक्ष में यह कहा जाता है कि गन कंट्रोल से अपराधों को रोका जा सकता है और लोगों की सुरक्षा में सुधार किया जा सकता है। विरोधियों का मानना है कि यह नीति नागरिकों की निजी स्वतंत्रता को खतरे में डाल सकती है और उनकी स्वतंत्रता को कम कर सकती है।

अमेरिका में हर साल हजारों लोग गन वायलेंस से मर जाते हैं। इसलिए कई लोग सोचते हैं कि सख्त गन कंट्रोल कानून बनाए जाने चाहिए। इसके विरोधी लोग मानते हैं कि अगर सामाजिक समस्याओं का समाधान किया जाए तो"
774,अमेरिकी राष्ट्रपति चुनाव प्रणाली: एक विस्तृत विश्लेषण,"अमेरिका में राष्ट्रपति का चयन एक व्यापक प्रक्रिया है जो कई चरणों से गुजरती है। इस प्रक्रिया में जीरो बायां कोलेज और पार्टी कार्यकर्ताओं की भागीदारी होती है। यहाँ अमेरिकी राष्ट्रपति चुनाव प्रणाली के मुख्य चरणों का विवरण है:

1. प्राथमिक चरण: राष्ट्रपति चुनाव की प्रारंभिक चरण में प्रत्येक पार्टी अपने उम्मीदवार को चुनती है। यह चरण राज्यों के कार्यकर्ताओं और पार्टी के सदस्यों के बीच वोटिंग के माध्यम से होता है।

2. राष्ट्रीय समारोह: चयनित उम्मीदवादों को राष्ट्रीय समारोह के दौरान पार्टी कार्यकर्ताओं और नागरिकों के सामने प्रस्तुत"
773,अमेरिकी राजनीति में लॉबिंग और उसका प्रभाव,"लॉबिंग एक प्रक्रिया है जिसमें व्यापारिक या सामाजिक समूह अपने हितों की प्राप्ति के लिए राजनीतिज्ञों या सरकारी अधिकारियों के साथ संपर्क साधित करते हैं। अमेरिकी राजनीति में भी लॉबिंग एक महत्वपूर्ण भूमिका निभाता है। यहाँ लॉबिस्ट्स (जो हो सकते हैं व्यापारिक समूह, एनजीओ, या अन्य संगठन) नवीन विधेयक (बिल), नीतियों और कानूनों पर अपने पक्ष को प्रभावित करने के लिए काम करते हैं।

लॉबिंग का प्रभाव अमेरिकी राजनीति पर विवादित है। कुछ लोग मानते हैं कि यह एक महत्वपूर्ण तरीका है सरकार को जानकारी प्राप्त करने और सामाजिक समस्याओं का स"
775,अमेरिकी मीडिया और राजनीति: निष्पक्षता बनाम ध्रुवीकरण,"अमेरिकी मीडिया और राजनीति के बीच निष्पक्षता और ध्रुवीकरण के मुद्दे एक दिलचस्प विवाद का विषय बन गए हैं। जब से दूसरी विश्वयुद्ध के बाद अमेरिकी मीडिया ने अपना पैटर्न बदल लिया है, तब से यह मुद्दा गहराता जा रहा है।

एक ओर, मीडिया को निष्पक्ष होने की जिम्मेदारी होती है। उसका काम होता है लोगों को समाचार और जानकारी पहुंचाना, बिना किसी पक्षपात या ध्रुवीकरण के। वे लोगों को विभिन्न दृष्टिकोण से जानकारी प्रदान करने की जिम्मेदारी निभाते हैं। 

दूसरी ओर, राजनीति और मीडिया के बीच ध्रुवीकरण का मामला भी उठता ह"
776,अमेरिकी विदेश नीति: चीन और रूस के साथ संबंध,"अमेरिका की विदेश नीति में चीन और रूस के साथ संबंध विशेष महत्व रखते हैं। चीन को अमेरिका का एक महत्वपूर्ण व्यापारिक साथी माना जाता है, लेकिन दोनों देशों के बीच कई विवाद भी हैं। ट्रेड वार, तकनीकी चोरी, साइबर हमले आदि इनमें से कुछ मुद्दे हैं। अमेरिका चीन के विकास और उसके अधिकारों के साथ गंभीरता से लेकर उलझन में है।

दूसरी ओर, रूस के साथ अमेरिका के संबंध भी तनावपूर्ण रहे हैं। दोनों देशों के बीच कई विवाद हैं, जैसे क्रीमिया मुद्दा, सीरिया में हस्तक्षेप, नाभिकीय हमला आदि। अमेरिका रूस के खिलाफ कड़ी कार्रवाई ल"
777,अमेरिका में जलवायु परिवर्तन नीति और राजनीतिक प्रभाव,"अमेरिका में जलवायु परिवर्तन नीति और राजनीतिक प्रभाव के बारे में चर्चा दुनिया भर में गहराई से चल रही है। अमेरिका ने अपने पिछले कुछ वर्षों में जलवायु परिवर्तन को लेकर कई कदम उठाए हैं, जैसे कि पैरिस समझौते को अनुसरण करने का वादा किया है। इसके अलावा, अमेरिका ने अपनी ऊर्जा नीतियों में भी परिवर्तन किया है और विश्वास किया जा रहा है कि वे अपनी कार्बन उत्सर्जन को घटाने के लिए कठोर उपाय अपनाएंगे।

जलवायु परिवर्तन के मुद्दे ने अमेरिकी राजनीति को भी प्रभावित किया है। विभाजक राजनीतिक विचारधाराएं इस मुद्दे पर भी स्पष्ट हैं"
778,अमेरिका में सुप्रीम कोर्ट की भूमिका और प्रभाव,"सुप्रीम कोर्ट अमेरिका की सर्वोच्च न्यायिक संस्था है जो संविधान के प्रावधानों का पालन करती है और न्यायपालिका के स्तर पर न्याय वितरित करती है। इसका मुख्य कार्य संविधान के मानक में विवादित मुद्दों पर न्याय वितरित करना है। सुप्रीम कोर्ट के न्यायाधीशों का चयन अमेरिका के राष्ट्रपति द्वारा किया जाता है और वे अपने पद पर जीवनभर कार्य करते हैं।

सुप्रीम कोर्ट की भूमिका अत्यंत महत्वपूर्ण है क्योंकि यह न्यायपालिका के निर्णयों को संविधान के मानकों से मिलाकर देती है। यहाँ न्यायाधीशों के निर्णय देश के भविष्य को प्रभावित कर सकते हैं और सामाजिक पर"
779,अमेरिका में अप्रवासन नीति और उसकी राजनीति,"अमेरिका में अप्रवासन नीति एक महत्वपूर्ण राजनीतिक मुद्दा है जिसने विवादों को उत्पन्न किया है। अप्रवासन नीति अमेरिकी सीमाओं पर लोगों के प्रवेश और निकास को नियंत्रित करने के लिए बनाई गई है। यह नीति विभिन्न प्रावधानों और अधिकारों का संग्रह है जो अमेरिकी कानूनों और अंतर्राष्ट्रीय समझौतों पर आधारित है।

अमेरिका में अप्रवासन नीति के प्रमुख तत्व शामिल हैं वीसा प्रक्रिया, ग्रीन कार्ड प्राप्ति, अस्थायी राहत, शरणार्थी विचाराधीनता, और अप्रवासन नीति के उल्लंघन के लिए कार्रवाई। इन तत्वों के माध्यम से सरकार बाहरी लोगों के देश में प्र"
780,अमेरिका में सुप्रीम कोर्ट की भूमिका और प्रभाव,"सुप्रीम कोर्ट अमेरिका की सर्वोच्च न्यायिक संस्था है जो संविधान के व्याख्यान और अमरीकी न्याय प्रणाली के संरक्षण के लिए जिम्मेदार है। सुप्रीम कोर्ट के न्यायाधीशों का नियुक्ति अमेरिकी राष्ट्रपति द्वारा की जाती है और उनका पद पूरी जीवन के लिए होता है। सुप्रीम कोर्ट के निर्णय अमेरिकी समाज के लिए महत्वपूर्ण होते हैं और इन निर्णयों का देशभर में अधिकारियों, न्यायिक प्रणालियों और नागरिकों द्वारा पालन किया जाता है।

सुप्रीम कोर्ट का मुख्य कार्य व्यक्तिगत स्वतंत्रता और संघीय शासन के मध्य बल बनाए रखना है। इसके अलावा, सुप्रीम कोर्ट के न"
781,अमेरिकी सीनेट और हाउस ऑफ रिप्रेजेंटेटिव्स की भूमिका,"अमेरिकी संघीय संसद में सीनेट और हाउस ऑफ रिप्रेजेंटेटिव्स दोनों ही महत्वपूर्ण भूमिका निभाते हैं। सीनेट को अमेरिकी संसद की उच्च सदन के रूप में जाना जाता है, जबकि हाउस ऑफ रिप्रेजेंटेटिव्स को निचला सदन कहा जाता है।

सीनेट में प्रत्येक राज्य से दो सदस्य होते हैं, जिन्हें छह वर्ष के लिए चुना जाता है। इसका मुख्य कार्य निर्णय लेना और संविधान के मामलों पर विचार-विमर्श करना है। हाउस ऑफ रिप्रेजेंटेटिव्स में सदस्यों की संख्या राज्यों की आबादी के आधार पर तय की जाती है, जिन्हें दो साल के लिए चुना जाता है। इसका मुख्य कार्य क"
782,अमेरिका में अप्रवासन नीति और उसकी राजनीति,"अमेरिका में अप्रवासन नीति एक महत्वपूर्ण राजनीतिक मुद्दा है जिसपर विभिन्न दलों के बीच विवाद रहता है। अप्रवासन नीति का मुख्य उद्देश्य विदेशी नागरिकों की आवासीय प्रवेश को नियंत्रित करना है ताकि देश की सुरक्षा और अर्थव्यवस्था पर कोई असर न पड़े।

अमेरिका में अप्रवासन नीति के कुछ मुख्य पहलुओं में से एक है भूमि सीमा की रक्षा। इसमें भूमि सीमा की निगरानी, अवैध प्रवासन के खिलाफ उचित कार्रवाई और सीमा की मजबूती को बढ़ावा देना शामिल है। दूसरा पहलू है विदेशी नागरिकों का प्रवेश। अमेरिका ने विभिन्न देशों के लिए वीज"
784,अमेरिका की आर्थिक नीति और राजनीतिक विवाद,"अमेरिका की आर्थिक नीति और राजनीतिक विवाद दुनिया भर में चर्चा का विषय रहा है। अमेरिका एक विशाल अर्थव्यवस्था और ग्लोबल अगुआर बना हुआ देश है, और इसकी आर्थिक नीति दुनिया की अर्थव्यवस्थाओं पर गहरा प्रभाव डालती है।

हाल ही में, अमेरिका में ट्रेड रिलेशनशिप और टैरिफ्स पर विवाद चरम पर हैं। अमेरिका ने चीन और यूरोप के साथ ट्रेड वार शुरू किया है, जिससे दुनिया भर में उत्पादन और व्यापार को अस्थिरता का सामना करना पड़ रहा है। इसके साथ ही, अमेरिका की अंतर्राष्ट्रीय संबंधों में भी विवाद देखने को मिल रहे हैं, जैसे कि ईरान,"
783,अमेरिका में अप्रवासन नीति और उसकी राजनीति,"अमेरिका में अप्रवासन नीति एक बहुत महत्वपूर्ण और विवादास्पद विषय है। यह नीति उन व्यक्तियों को लेकर है जो अमेरिका में विधिपूर्वक नहीं रह सकते हैं और वहाँ अवैध रूप से रह रहे हैं। इसे अप्रवासन या अवैध आवास कहा जाता है।

अमेरिका में अप्रवासन नीति के संबंध में राजनीतिक विचाराधीनता है। वहाँ एक पक्ष इसे एक सुरक्षा मुद्दा मानता है जो देश की सुरक्षा और कानून व्यवस्था को खतरे में डाल सकता है, जबकि दूसरे पक्ष इसे मानवीयता और न्याय का प्रश्न मानता है।

अमेरिका में अप्रवासन के मुद्दे को हल करने के लिए कई कदम उठाए"
785,अमेरिका में मतदाता अधिकार और चुनाव सुधार,"अमेरिका में मतदाता अधिकार और चुनाव सुधार एक महत्वपूर्ण और विवादित विषय है। चुनाव में सुरक्षित, सुविधाजनक और निष्पक्ष मतदान की सुनिश्चित करने के लिए अमेरिकन सरकार ने कई सुधार किए हैं।

मतदाता अधिकार के मामले में, अमेरिका में नागरिकों को अपनी वोट की रक्षा और उनके मताधिकारों की सुनिश्चित करने के लिए कई कानून और नीतियाँ हैं। इनमें से कुछ महत्वपूर्ण उदाहरण हैं जैसे निर्वाचन पंजीकरण, मतदाता पहचान, और मतदान केंद्रों की सुरक्षा। सरकार ने भ्रष्टाचार और गलत व्यवहार का विरोध करने के लिए भी कठोर कार्रवाई की है।

चुनाव सु"
786,अमेरिका में हेल्थकेयर नीति: ओबामाकेयर बनाम निजीकरण,"अमेरिका में हेल्थकेयर नीति एक बहुत ही महत्वपूर्ण और विवादास्पद विषय है। इसमें पिछले कुछ दशकों में दो मुख्य पक्षों के बीच एक जीवंत विवाद देखने को मिला है - वहाँ एक ओबामाकेयर योजना है जो सार्वजनिक वित्त से हेल्थकेयर की पहुंच को बढ़ाने का प्रयास कर रही है, जबकि दूसरी ओर निजीकरण के पक्ष में लोग हैं जो यह मानते हैं कि व्यक्तिगत स्वतंत्रता और व्यापारी उत्पादकता के लिए निजी सेक्टर में हेल्थकेयर को बेहतर विकल्प है।

ओबामाकेयर के लिए सबसे बड़ा विवाद इसके वित्तीय पहलु हैं। इस योजना में सरकारी निधियों का उपयोग करके स"
787,अमेरिकी सीनेट और हाउस ऑफ रिप्रेजेंटेटिव्स की भूमिका,"अमेरिकी संघीय सरकार में सीनेट और हाउस ऑफ रिप्रेजेंटेटिव्स दोनों ही महत्वपूर्ण संसदीय संस्थाएं हैं। सीनेट को राष्ट्रपति और वहाँ के राज्य सरकारों द्वारा निर्वाचित सदस्यों से गठित होती है, जबकि हाउस ऑफ रिप्रेजेंटेटिव्स को निर्वाचित नागरिकों द्वारा वोट द्वारा चुने गए सदस्यों से गठित किया जाता है।

सीनेट और हाउस ऑफ रिप्रेजेंटेटिव्स का मुख्य कार्य विधान प्रस्ताव लाना, संशोधन करना और मान्यता देना होता है। सीनेट में हर राज्य का दो प्रतिनिधि होता है, जबकि हाउस ऑफ रिप्रेजेंटेटिव्स की सीटें आबादी के आधार पर बाँटी जाती हैं"
788,अमेरिका में मतदाता अधिकार और चुनाव सुधार,"अमेरिका का चुनावी प्रक्रिया एक बड़ी लोकतांत्रिक देश के रूप में एक महत्वपूर्ण स्तंभ है। मतदाताओं को अपने अधिकारों का सही उपयोग करने की जरूरत है ताकि चुनावी प्रक्रिया सुधारित हो सके।

अमेरिकी नागरिकों को अपने मतदान करने के अधिकार की गरिमा को बनाए रखने के लिए कई सुधार किए गए हैं। उनमें से कुछ महत्वपूर्ण सुधार शामिल हैं सार्वजनिक वितरण सूची (Voter Registration List) का पुनरीक्षण करना, इलेक्ट्रॉनिक मतदान तंत्र का उपयोग करना, और मतदान स्थलों की अधिक सुरक्षा उपाय लेना।

चुनाव सुधार के लिए अमेरिका में एक कानून पारित किया गया है, जिसका नाम"
790,अमेरिकी राजनीति में लॉबिंग और उसका प्रभाव,"लॉबिंग एक प्रक्रिया है जिसमें व्यक्ति या समूह निर्धारित लक्ष्यों के लिए राजनीतिक निर्णयकर्ताओं के साथ संपर्क साधते हैं। अमेरिकी राजनीति में लॉबिंग एक महत्वपूर्ण भूमिका निभाता है और इसका भारी प्रभाव होता है।

अमेरिकी राजनीति में लॉबिंग की शुरुआत बहुत पुरानी है। वहाँ पारंपरिक लॉबिस्ट या लॉबिंग संगठनों के अलावा, धार्मिक समूह, उद्योग और व्यापार संगठन, गैर सरकारी संगठन आदि भी लॉबिंग करते हैं। ये सभी समूह राजनीतिक निर्णयों पर अपना प्रभाव डालने की कोशिश करते हैं।

लॉबिस्ट राजनीतिक निर्णयकर"
789,अमेरिका में मतदाता अधिकार और चुनाव सुधार,"अमेरिका में मतदाता अधिकार और चुनाव सुधार विषय ने हाल ही में बहुत चर्चा का विषय बना है। विशेषकर, 2020 के राष्ट्रीय चुनाव के बाद, जब चुनाव प्रक्रिया में कई विवाद उठे। मतदान के अधिकार का महत्व अमेरिकी संविधान में स्थापित है और यह एक महत्वपूर्ण लोकतंत्रिक सिद्धांत है।

चुनाव सुधार के मुद्दे पिछले कुछ सालों में ज्यादा चर्चा में रहे हैं। इनमें से कुछ मुख्य मुद्दे हैं जैसे कि चुनावी पंजीकरण प्रक्रिया, मतदान स्थलों की सुविधा, मतदाताओं की पहचान, वोटिंग मशीनों की सुरक्षा आदि। 

चुनाव सुधार का एक बड़ा कदम वोटिंग मशीनों की स"
791,डेमोक्रेटिक और रिपब्लिकन पार्टियों के बीच मुख्य अंतर,"डेमोक्रेटिक और रिपब्लिकन पार्टियों अमेरिकी राजनीति में दो मुख्य दल हैं जिनका व्यापक प्रभाव है। ये दोनों दल अपने विचारधारा और नीतियों में विभिन्नताएं रखते हैं।

डेमोक्रेटिक पार्टी वामपंथी दल है जो अक्सर सामाजिक और आर्थिक असमानता पर ध्यान केंद्रित करता है। यह पार्टी आम जनता के हित में सरकारी कार्यक्रम और योजनाएं लाने पर जोर देती है और उन्हें समर्थन भी प्राप्त होता है। डेमोक्रेट्स आमतौर पर विदेशनीति में अधिक समर्थक होते हैं और पर्यावरण संरक्षण को महत्व देते हैं।

वहीं, रिपब्लिकन पार्टी दक्षिणपंथी दल है जो विश्वास क"
792,अमेरिकी राजनीति में लॉबिंग और उसका प्रभाव,"लॉबिंग एक प्रमुख राजनीतिक प्रक्रिया है जिसमें व्यक्ति या संगठन सरकारी नीतियों और निर्णयों पर प्रभाव डालने के लिए सरकारी नेताओं और अधिकारियों से संपर्क साधते हैं। यह अमेरिकी राजनीति में भी एक महत्वपूर्ण भूमिका निभाता है।

लॉबिंग का प्रभाव अमेरिकी राजनीति पर दोहराता है। एक ओर, यह सामान्य नागरिकों और विभिन्न समूहों के सुरक्षित हितों की रक्षा करने में मदद कर सकता है। दूसरी ओर, यह धन के बल पर निर्णय लेने का कारण बन सकता है जिससे सामान्य जनता के हितों को नुकसान पहुंच सकता है।

लॉबिंग अमेरिकी राजनीति में धन की भूमिका म"
793,अमेरिकी सीनेट और हाउस ऑफ रिप्रेजेंटेटिव्स की भूमिका,"अमेरिका की संविधानिक राजनीति में सीनेट और हाउस ऑफ रिप्रेजेंटेटिव्स को दो महत्वपूर्ण संस्थान माना जाता है। ये दोनों संसदीय संस्थाएं हैं जिनका महत्वाकांक्षी काम अलग-अलग होता है।

सीनेट, जिसे अमेरिकी संविधान की ऊपरी सदन के रूप में जाना जाता है, एक उच्च सदन है जिसमें 100 सदस्य होते हैं। हर राज्य से दो सदस्य सीनेट में चुने जाते हैं। सीनेट की मुख्य कार्यक्षेत्र नया कानून बनाना, कानूनों पर विचार-विमर्श करना और राष्ट्रीय नीतियों पर सलाह देना है।

हाउस ऑफ रिप्रेजेंटेटिव्स, जिसे अमेरिकी संविधान की निचली सदन के रूप में जान"
794,अमेरिका में जलवायु परिवर्तन नीति और राजनीतिक प्रभाव,"अमेरिका में जलवायु परिवर्तन नीति और राजनीतिक प्रभाव का मसौदा विवादों का केंद्र बना हुआ है। जलवायु परिवर्तन का असर धरती पर हो रहे तापमान वृद्धि, उतापन, और तूफानों की रफ़्तार बढ़ने में दिखाई दे रहा है। अमेरिका ने कई नीतियों को अपनाया है ताकि जलवायु परिवर्तन के संकेतों का सामना कर सके।

अमेरिका ने पैरिस समझौता को पुष्टि की है, जिसमें देश ने अपने उच्चतम ऊर्जा उत्पादन कम करने का लक्ष्य रखा है। इसके बावजूद, पिछले कुछ वर्षों में अमेरिका ने पर्यावरण से संबंधित कई नीतियों में कटौतियाँ की हैं। इसके परिणामस्वरूप,"
795,अमेरिकी संविधान और उसकी राजनीति पर प्रभाव,"अमेरिकी संविधान उसके देश की राजनीति पर गहरा प्रभाव डालता है। यह संविधान एक लिखित दस्तावेज है जो देश के शासन की संरचना, सत्ताधारिता, और अधिकारों को निर्धारित करता है।

अमेरिकी संविधान का मूल उद्देश्य नागरिकों के मौलिक अधिकारों की सुरक्षा करना है। इसमें व्यक्ति के अधिकारों को सुरक्षित करने के साथ-साथ सरकार की सत्ताओं को भी सीमित करने का मंत्र दिया गया है। इसमें विभिन्न संस्थाओं के बीच संतुलन और जिम्मेदारियों का विवरण दिया गया है, जिससे देश का संविधानिक संरचना मजबूत और सुरक्षित रहे।

अमेरिकी संविधान के प्रारूप में भी सम"
796,अमेरिका में सुप्रीम कोर्ट की भूमिका और प्रभाव,"सुप्रीम कोर्ट अमेरिका की सर्वोच्च न्यायिक अदालत है और यह देश के संविधान के प्रावधानों की व्याख्या और निर्धारण करने का कार्य करती है। सुप्रीम कोर्ट के न्यायाधीशों की नियुक्ति जीवन भर की होती है और इन्हें न्यायिक प्राधिकरण की स्वीकृति के बिना नहीं हटाया जा सकता है। यह कोर्ट सिविल और क्रिमिनल मामलों, संविधानीय विवादों और अन्य अहम मुद्दों पर निर्णय देती है।

सुप्रीम कोर्ट की भूमिका अमेरिका में बहुत महत्वपूर्ण है क्योंकि यह न्यायिक संरचना की चौथी स्तंभ है। इसका प्रभाव व्यापक है और इसके निर्णय किसी भी विवाद को सुलझाने में महत"
797,अमेरिका में गन कंट्रोल नीति पर बहस,"अमेरिका में गन कंट्रोल एक महत्वपूर्ण और विवादित विषय है। एक ओर उसके पक्षकार यह मानते हैं कि सख्त गन कंट्रोल नीतियां गुनाहों को कम कर सकती हैं, जबकि दूसरी ओर विरोधी यह दावा करते हैं कि यह नीतियां निशाना लेने वाले अपराधियों को भी आम जनता को बेजान बना सकती हैं।

अमेरिका में गन कंट्रोल के पक्ष में बहुत से लोग हैं जो मानते हैं कि सख्त गन कंट्रोल कानून लागू करने से गुनाहों में कमी आ सकती है। उनका मानना है कि अधिक से अधिक लोगों के पास गन का होना उन्हें सुरक्षित रख सकता है और अपराधों को रोक सकता है। वे इसे एक व्यक्तिगत स्वतंत्रता"
798,अमेरिकी संविधान और उसकी राजनीति पर प्रभाव,"अमेरिकी संविधान एक महत्वपूर्ण दस्तावेज है जो अमेरिकी राजनीति और समाज पर गहरा प्रभाव डालता है। इसके अंतर्गत स्थापित सिद्धांत और मूल्यों ने अमेरिकी समाज को एक विशेष पहचान दी है।

संविधान ने सत्ता को विभाजित करने, सरकारी संस्थाओं को सीमित करने और नागरिकों को मौलिक अधिकार प्रदान करने के माध्यम से सामाजिक न्याय और स्वतंत्रता को सुनिश्चित किया है। इसके अलावा, यह संविधान नागरिकों को स्वतंत्रता, समानता और न्याय के मूल्यों को समर्थन करता है।

अमेरिकी संविधान के प्रारूपने और अंतर्निहित सिद्धांतों का प्रभाव विभिन्न देशों में भी देखा जा सकता ह"
799,अमेरिकी सीनेट और हाउस ऑफ रिप्रेजेंटेटिव्स की भूमिका,"अमेरिकी सीनेट और हाउस ऑफ रिप्रेजेंटेटिव्स अमेरिका की संविधानिक राजनीति में महत्वपूर्ण भूमिका निभाते हैं। एक तरफ सीनेट, जहाँ हर राज्य से दो सीनेटर चुने जाते हैं, दूसरी तरफ हाउस ऑफ रिप्रेजेंटेटिव्स, जिसमें सदस्यों का संख्या प्रत्येक राज्य की आबादी के आधार पर तय की जाती है।

सीनेट की भूमिका यह है कि वह राष्ट्रीय स्तर पर प्रतिनिधित्व प्रदान करती है और राज्यों के हितों की रक्षा करती है। सीनेट के सदस्य देश के व्यापक हित के लिए कदम उठाते हैं और राज्यों के मामलों में सहायता प्रदान करते हैं।

हाउस ऑफ रिप्रेजेंटेटिव्स की भूमिका"
800,अमेरिकी मीडिया और राजनीति: निष्पक्षता बनाम ध्रुवीकरण,"अमेरिका में मीडिया और राजनीति के बीच निष्पक्षता और ध्रुवीकरण का मुद्दा हमेशा समाचार के विमर्श में उठता है। निष्पक्षता मीडिया के मूल्यों में से एक है, जो सार्वजनिक रूप से उपयोगकर्ताओं को सटीक और सही जानकारी प्रदान करने का काम करता है। वहीं, ध्रुवीकरण एक तकनीक है जिसका उद्देश्य व्यक्तियों को किसी निश्चित विचार या सिद्धांत की ओर मोड़ना होता है।

अमेरिकी मीडिया और राजनीति के बीच इस मुद्दे पर कुछ उलझनें उत्पन्न होती हैं। कुछ लोग मानते हैं कि मीडिया निष्पक्ष होना चाहिए और उसे राजनैतिक पक्षपात से दूर रहना चाहिए।"
801,अमेरिकी राष्ट्रपति चुनाव प्रणाली: एक विस्तृत विश्लेषण,"अमेरिकी राष्ट्रपति चुनाव प्रणाली एक विशेष और रुचिकर विषय है। यह प्रक्रिया संविधानिक रूप से निर्धारित है और विशेष प्रक्रियाएं और नियमों के माध्यम से संचालित होती है। अमेरिकी राष्ट्रपति चुनाव प्रणाली अद्वितीय है क्योंकि यह एक मिश्रित प्रणाली है जिसमें लोकतंत्री और संकीर्ण तत्व दोनों होते हैं।

अमेरिकी राष्ट्रपति चुनाव प्रणाली में चुनावी महाद्वीप के माध्यम से चुनाव प्रचालित होते हैं। चुनावी महाद्वीप में योग्य राष्ट्रपति उम्मीदवारों के बीच चुनाव लड़ती हैं। इस प्रक्रिया के दौरान राष्ट्रपति के चयन के लिए इलेक्टोरल कॉलेज के स"
802,अमेरिका में जलवायु परिवर्तन नीति और राजनीतिक प्रभाव,"अमेरिका में जलवायु परिवर्तन नीति और राजनीतिक प्रभाव दुनिया भर में चर्चा का विषय बन गया है। अमेरिका ने अपनी जलवायु परिवर्तन नीतियों में वृद्धि करने का समझाया है और पारिस समझौते को पुनरारंभ करने की प्रतिज्ञा की है। 

अमेरिका के जलवायु परिवर्तन नीतियों का मुख्य उद्देश्य पारिस समझौते के लक्ष्यों को पूरा करना है। इसके लिए अमेरिका ने ग्लोबल वार्मिंग के कारणों को कम करने के लिए जलवायु परिवर्तन के साथ-साथ नवाचारिक तकनीक और ऊर्जा संसाधनों पर निवेश करने का निर्णय लिया है। 

इसके साथ ही, अमेरिका के राजनीतिक प्रभाव भी जलवायु पर"
803,अमेरिका में नस्लीय न्याय और राजनीतिक सुधार,"अमेरिका में नस्लीय न्याय और राजनीतिक सुधार एक लंबे समय से चर्चित और महत्वपूर्ण विषय है। नस्लीय न्याय का मतलब है किसी व्यक्ति को उसकी जाति, धर्म, लिंग, रंग या किसी अन्य विशेषता के कारण न्याय न मिलना। अमेरिका के इतिहास में नस्लीय भेदभाव कई समस्याओं का कारण रहा है, जिसमें जिम क्रो और मार्टिन लूथर किंग जैसे महान व्यक्तियों की संघर्ष की कहानियाँ शामिल हैं।

आज, अमेरिका में नस्लीय न्याय और राजनीतिक सुधार के समर्थक न्याय के लिए संघर्ष कर रहे हैं। न्याय के लिए लड़ रहे व्यक्ति और समूह ने नस्लीय न्याय के खिलाफ"
804,अमेरिका में अप्रवासन नीति और उसकी राजनीति,"अमेरिका में अप्रवासन नीति और उसकी राजनीति एक कठिन और विवादास्पद विषय है। अप्रवासन नीति उन व्यक्तियों या परिवारों को समाज से बाहर निकालने की प्रक्रिया है जिनका वित्तीय स्थिति या कानूनी स्थिति अवैध हो सकती है।

अमेरिका में अप्रवासन नीति के पीछे कई कारण हो सकते हैं, जैसे अवैध विस्तार, उपद्रवित विदेशी कार्यकर्ताओं के आने या अन्य कानूनी उल्लंघनों के मामले। यह नीति अवैध प्रवासी व्यक्तियों की वसूली और उन्हें देश से निकालने के लिए कठिनाई बढ़ा सकती है।

अमेरिका में अप्रवासन नीति को लेकर राजनीतिक विवाद भी है।"
805,अमेरिका में मतदाता अधिकार और चुनाव सुधार,"अमेरिका में मतदाता अधिकार और चुनाव सुधार एक महत्वपूर्ण और विवादास्पद विषय है। चुनाव के निष्पादन में मतदाताओं के अधिकार का सुनिश्चित करना एक सुधारात्मक प्रक्रिया है जो एक स्वस्थ लोकतंत्र के लिए आवश्यक है।

अमेरिका में मतदाताओं के अधिकारों का संरक्षण के लिए कई कानून और नीतियाँ हैं। वे चुनाव के दौरान मतदाताओं को धार्मिकता, जाति, लिंग, या किसी अन्य कारण से भेदभाव से बचाने के लिए निर्धारित किए गए हैं। साथ ही, मतदाताओं को चुनाव के तरीके और निर्वाचन प्रक्रिया के बारे में सही जानकारी प्राप्त करने का अधिकार है।

चुनाव सुध"
806,अमेरिका में नस्लीय न्याय और राजनीतिक सुधार,"अमेरिका में नस्लीय न्याय और राजनीतिक सुधार एक दृढ़ संविधानिक मूल्यांकन के तहत संरक्षित हैं। अमेरिका का इतिहास नस्लीय भेदभाव के खिलाफ लड़ाई का इतिहास है और समाज में समानता और न्याय की भावना अमेरिकी संविधान के मूलभूत सिद्धांतों में समाहित है।

नस्लीय न्याय के क्षेत्र में अमेरिका ने कई महत्वपूर्ण कदम उठाए हैं, जैसे मार्टिन लुथर किंग जूनियर के नेतृत्व में आंध्र नस्लीय अधिकारों की लड़ाई और नस्लीय भेदभाव के खिलाफ संघर्ष। अमेरिका में समाज में नस्लीय समानता को बढ़ावा देने के लिए कई कानूनी कदम भी उठाए"
809,अमेरिकी संविधान और उसकी राजनीति पर प्रभाव,"अमेरिकी संविधान एक महत्वपूर्ण दस्तावेज है जो संयुक्त राज्य अमेरिका के राजनीतिक और संस्कृतिक जीवन को निर्धारित करता है। इसे 1787 में बनाया गया था और यह दुनिया का सबसे पुराना संविधान है। अमेरिकी संविधान के महत्वपूर्ण सिद्धांतों में सहायक भाग, स्वतंत्रता, न्याय, और समानता शामिल हैं।

अमेरिकी संविधान का प्रभाव उसकी राजनीति पर गहरा है। यह दस्तावेज नागरिकों को विभिन्न स्वतंत्रताएं प्रदान करता है, जैसे कि विचार-विमर्श की स्वतंत्रता, धर्म और अभिवादन की स्वतंत्रता, और व्यक्तिगत स्वतंत्रता। इसके साथ ही, इसे अधिकारों और कर्तव्य"
808,अमेरिका में जलवायु परिवर्तन नीति और राजनीतिक प्रभाव,"अमेरिका में जलवायु परिवर्तन नीति और राजनीतिक प्रभाव

अमेरिका में जलवायु परिवर्तन नीति एक महत्वपूर्ण और विवादास्पद विषय है। इसका प्रमुख कारण है अमेरिका की वैश्विक ऊर्जा उपभोक्ता संख्या और ग्लोबल कार्बन उत्सर्जन के लिए अमेरिकी अर्थव्यवस्था की विशेषता। जलवायु परिवर्तन के परिणामस्वरूप, अमेरिकी सरकार ने विभिन्न प्राकृतिक ऊर्जा स्रोतों का उपयोग बढ़ाने, जलवायु परिवर्तन के लिए नकारात्मक प्रभाव को कम करने, और जलवायु परिवर्तन के संभावित प्रभावों से लड़ने के लिए कई नीतियाँ बनाई हैं।

अमेरिका में जलवायु परिवर्तन"
807,अमेरिकी राजनीति में लॉबिंग और उसका प्रभाव,"लॉबिंग अमेरिकी राजनीति में एक महत्वपूर्ण और व्यापक प्रथा है जिसका असर सीधे या अप्रत्यक्ष रूप से निर्धारित करने में होता है। लॉबिस्ट्स विभिन्न व्यापार क्षेत्रों, समाजसेवा संगठनों, या और संगठनों के पक्ष में राजनीतिक नेताओं और निर्णायककर्ताओं के साथ संपर्क साधारित करते हैं। लॉबिंग का मुख्य उद्देश्य नीतियों और कानूनों के निर्माण और प्रदर्शन में उनके हितों की रक्षा करना होता है।

लॉबिंग का प्रभाव अमेरिकी राजनीति पर सामाजिक, आर्थिक, और राजनीतिक दृष्टिकोण से गहरा पड़ता है। लॉबिस्ट्स के द्वारा राजनीतिक नेताओं को"
810,अमेरिका में गन कंट्रोल नीति पर बहस,"अमेरिका में गन कंट्रोल नीति के बारे में विवाद लगातार चल रहा है। एक ओर उन लोगों के समर्थन में हैं जो मानते हैं कि गन कंट्रोल कानूनों को मजबूत किया जाना चाहिए। उनका मानना है कि गन कंट्रोल से हिंसा और गोलीबारी को कम किया जा सकता है। दूसरी ओर, वे लोग हैं जो समझते हैं कि गन कंट्रोल कानून व्यक्तिगत स्वतंत्रता को हानि पहुंचाते हैं। उनका मानना है कि यह उनका अधिकार है कि वे अपनी सुरक्षा के लिए गन रखें।

गन कंट्रोल की बहस कई विवादित मुद्दों पर आधारित है। एक मुद्दा यह है कि क्या एक सशक्त गन कंट्रोल नीति हिंसा को कम कर सकती है या नह"
811,अमेरिका में गन कंट्रोल नीति पर बहस,"अमेरिका में गन कंट्रोल नीति के बारे में विवाद सदियों से चल रहा है। वक्त के साथ, इस विषय पर विचारों में भिन्नता बढ़ गई है और लोगों के दृष्टिकोण भी परिवर्तित हो गए हैं।

एक ओर, कुछ लोग गन कंट्रोल के पक्ष में हैं। उनका मानना है कि गन कंट्रोल नीतियों की मदद से अपराधों को कम किया जा सकता है और सामाजिक सुरक्षा में सुधार किया जा सकता है। उनका यह दावा है कि गन कंट्रोल से जनसंख्या की सुरक्षा में सुधार होगा और हिंसा को कम किया जा सकेगा।

दूसरी ओर, कुछ लोग गन कंट्रोल के विरोध में हैं। उनका मानना है कि गन कंट्रोल की नीतियां व्यक्तिग"
813,अमेरिका में मतदाता अधिकार और चुनाव सुधार,"अमेरिका में मतदाता अधिकार और चुनाव सुधार एक महत्वपूर्ण और विवादित विषय है। मतदाता अधिकार का मतलब है कि हर नागरिक को निर्वाचन में भाग लेने का अधिकार होना चाहिए और उसे इसके लिए सहायता मिलनी चाहिए। अमेरिका में इस अधिकार को लेकर कई विवाद और उतापत्ति हैं।

चुनाव सुधार की दृष्टि से, अमेरिका में तकनीकी उन्नति के लिए कई कदम उठाए गए हैं। इसमें इलेक्ट्रॉनिक वोटिंग मशीनों का उपयोग, मतदाताओं की पहचान के लिए बायोमेट्रिक प्रौद्योगिकी का उपयोग, इंटरनेट वोटिंग की संभावना, आदि शामिल है। ये कदम चुनाव प्रक्रिया को"
812,अमेरिकी विदेश नीति: चीन और रूस के साथ संबंध,"अमेरिकी विदेश नीति एक महत्वपूर्ण विषय है, जिसमें चीन और रूस के साथ संबंध विशेष महत्व रखते हैं। अमेरिका की विदेश नीति के क्षेत्र में चीन और रूस दो बड़े खिलाफियों के रूप में दिखाई देते हैं, जिनके साथ अमेरिका के संबंध अक्सर तनावपूर्ण होते हैं।

चीन के साथ अमेरिकी संबंध विशेष रूप से ट्रेड और गरीबी कम करने के क्षेत्र में महत्वपूर्ण हैं। दोनों देशों के बीच व्यापार संबंध बहुत बड़े हैं, लेकिन तनाव भी बना रहता है जैसे ट्रेड तंत्र में अन्याय और चोरी के आरोप। विभिन्न क्षेत्रों में भी दोनों देशों के बीच टकराव होता ह"
815,अमेरिकी सीनेट और हाउस ऑफ रिप्रेजेंटेटिव्स की भूमिका,"अमेरिकी संघीय सरकार का एक महत्वपूर्ण हिस्सा है अमेरिकी सीनेट और हाउस ऑफ रिप्रेजेंटेटिव्स। ये दोनों संसदीय संस्थाएं कानूनों को बनाने और देश के नेतृत्व में भाग लेने के लिए जिम्मेदार हैं।

सीनेट और हाउस ऑफ रिप्रेजेंटेटिव्स के सदस्यों का चयन अलग-अलग तरीकों से होता है। सीनेट में प्रत्येक राज्य से दो सदस्य होते हैं, जो राज्य के गवर्नर द्वारा चुने जाते हैं। हाउस ऑफ रिप्रेजेंटेटिव्स में सदस्यों का चयन जनता के मतदान के आधार पर होता है।

इन दोनों संसदों की मुख्य भूमिका यह है कि वे कानूनों का निर्माण करते हैं। कोई भी क"
814,अमेरिका में सुप्रीम कोर्ट की भूमिका और प्रभाव,"अमेरिका में सुप्रीम कोर्ट एक महत्वपूर्ण संवैधानिक संस्था है जो न्याय के क्षेत्र में एक महत्वपूर्ण भूमिका निभाती है। यह कोर्ट अमेरिकी संविधान की व्याख्या करने और सुनिश्चित करने का काम करती है। सुप्रीम कोर्ट के न्यायाधीशों का नियुक्ति जीवन भर के लिए होता है और यह उन्हें निर्दिष्ट समय के लिए किसी भी राजनीतिक दबाव से मुक्त रखता है।

सुप्रीम कोर्ट के निर्णय अमेरिकी समाज पर गहरा प्रभाव डालते हैं। यह कोर्ट न केवल व्यक्तिगत स्वतंत्रता और अधिकारों की रक्षा करती है, बल्कि समाज में समानता और न्याय की भावना को भी मजबूत करती है। सुप्रीम कोर"
816,डेमोक्रेटिक और रिपब्लिकन पार्टियों के बीच मुख्य अंतर,"अमेरिकन राजनीति में डेमोक्रेटिक और रिपब्लिकन पार्टियाँ दो प्रमुख राजनीतिक दल हैं, जिनके बीच कई महत्वपूर्ण अंतर हैं।

1. विचारधारा: डेमोक्रेटिक पार्टी आमतौर पर लीबरल विचारधारा को समर्थन देती है, जबकि रिपब्लिकन पार्टी कंसर्वेटिव विचारधारा को प्रोत्साहित करती है।

2. सामाजिक मुद्दे: डेमोक्रेटिक पार्टी आमतौर पर सामाजिक मुद्दों पर जोर देती है, जैसे कि गरीबी, स्वास्थ्य और शिक्षा। वहीं, रिपब्लिकन पार्टी आमतौर पर आर्थिक मुद्दों पर जोर देती है, जैसे कि कर, निवेश और व्यापार।

3. संरक्षण: डेमोक्रेटिक पार्टी आमतौर पर पर"
817,अमेरिका में गन कंट्रोल नीति पर बहस,"अमेरिका में गन कंट्रोल एक बहुत ही विवादित विषय है। यहाँ एक ओर लोग गन कंट्रोल की और हैं, जो कि गन विशेषज्ञ द्वारा समर्थित हैं, और दूसरी ओर लोग गन कंट्रोल के विरोध में हैं, जिनमें राजनेता, सामाजिक कार्यकर्ता और गुनासंधन समुदाय के सदस्य शामिल हैं।

गन कंट्रोल के पक्षधरों का मुख्य विचार है कि गांवों और शहरों में गन विलयन को कम करके हिंसा को रोका जा सकता है। वे यह भी मानते हैं कि सख्त नियंत्रण नीतियां गुणस्तर की सुरक्षा सुनिश्चित कर सकती हैं। उनके अनुसार, गन कंट्रोल नीतियां अपराधों को कम करने में मदद कर सकती हैं और लोगों"
819,अमेरिका में जलवायु परिवर्तन नीति और राजनीतिक प्रभाव,"अमेरिका में जलवायु परिवर्तन नीति और राजनीतिक प्रभाव विशेष महत्व रखते हैं क्योंकि यह दुनिया की सबसे बड़ी अर्थव्यवस्था की एक है और इसके परिणाम से वैश्विक स्तर पर जलवायु परिवर्तन को नियंत्रित करने में महत्वपूर्ण योगदान देती है।

अमेरिका ने पिछले कुछ वर्षों में जलवायु परिवर्तन को ध्यान में रखते हुए कई महत्वपूर्ण कदम उठाए हैं। पहले, अमेरिका ने 2015 में पेरिस समझौते में शामिल होने के लिए प्रतिबद्धता जताई और जलवायु परिवर्तन के खिलाफ कार्रवाई करने की योजना बनाई। इसके अलावा, अमेरिका ने अपने विभिन्न राज्यों में नई ऊर्ज"
818,अमेरिका में जलवायु परिवर्तन नीति और राजनीतिक प्रभाव,"अमेरिका में जलवायु परिवर्तन एक महत्वपूर्ण और विवादित विषय है जिसने राजनीतिक और सामाजिक विभाजन बढ़ा दिया है। दुनिया भर में वायुमंडलीय परिवर्तन के प्रभाव स्पष्ट दिखाई देने लगे हैं, और अमेरिका इसे अपनी नीतियों में शामिल करने के लिए जोर दे रहा है।

अमेरिका में जलवायु परिवर्तन के लिए नीतियाँ बनाने के पीछे कई कारण हैं। पहला कारण है विज्ञानिक साक्ष्य जो स्थायी परिवर्तन की चिंता को व्यक्त करता है। दूसरा कारण है लोगों की चेतना में वृद्धि, जिन्होंने जलवायु परिवर्तन के प्रभावों को महसूस किया है।

अमेरिका की राजनीति म"
820,अमेरिका की आर्थिक नीति और राजनीतिक विवाद,"अमेरिका की आर्थिक नीति और राजनीतिक विवाद दुनिया भर में बहुत महत्वपूर्ण हैं। अमेरिका दुनिया की सबसे बड़ी अर्थव्यवस्था रखता है और इसकी आर्थिक नीति विश्व अर्थव्यवस्था पर भारी प्रभाव डालती है।

अमेरिका में आर्थिक नीति के मुख्य विषयों में व्यापार, निवेश, कर, बाजार नियामकन, औद्योगिक नीति, और बजट आदि शामिल हैं। इन विषयों पर अमेरिका में विभिन्न विचारधाराएं हैं और इससे राजनीतिक विवाद उत्पन्न हो सकते हैं।

एक विवाद का मुख्य कारण है विचारधाराओं के विपरीत होना। उदाहरण के लिए, कुछ लोग अर्थव्यवस्था म"
821,अमेरिका में गन कंट्रोल नीति पर बहस,"अमेरिका में गन कंट्रोल नीति एक बहुत विवादित विषय है। गन कंट्रोल के पक्ष में यह तथ्य है कि गन्स के अधिक संख्या में होने से अपराधों में इस्तेमाल होने की संभावना बढ़ जाती है। इसके चलते कई लोग मानते हैं कि गन कंट्रोल नीति को मजबूत किया जाना चाहिए।

हालांकि, गन कंट्रोल के विरोधी यह मानते हैं कि यह एक व्यक्तिगत स्वतंत्रता का मुद्दा है और संविधान के द्वारा सुरक्षित है। उनका मत है कि गन्स को निषेधित करने से केवल निरापत्ति का उपाय नहीं है, बल्कि उपराधों का उपचार और भलाई की दिशा में कार्य करना चाहिए।

अमेरिका में हाल के हादसों ने इस म"
822,अमेरिकी राजनीति में लॉबिंग और उसका प्रभाव,"लॉबिंग अमेरिकी राजनीति में एक महत्वपूर्ण भूमिका निभाता है और इसका भारी प्रभाव है। लॉबिंग का मतलब है किसी व्यक्ति या संगठन के द्वारा सरकारी नीतियों और निर्णयों पर प्रभाव डालना। यह व्यापक रूप से राजनीतिक दल, व्यापार संगठन, गैर सरकारी संगठन और अन्य हस्तियों द्वारा किया जाता है।

लॉबिंग का प्रभाव अमेरिकी राजनीति पर दोहरा होता है। एक ओर, यह सरकार के निर्णयों पर साकारात्मक प्रभाव डाल सकता है, जैसे कि किसी विशेष कानून को विपक्ष करना या किसी नीति को समर्थित करना। दूसरी ओर, यह डार्क मनी और कॉरपोरेट इंफ्लुएंस का"
823,अमेरिका में सुप्रीम कोर्ट की भूमिका और प्रभाव,"सुप्रीम कोर्ट अमेरिका का सबसे ऊँचा न्यायिक संस्थान है जिसकी मुख्य भूमिका संविधान की व्याख्या और निर्धारण करना है। सुप्रीम कोर्ट के न्यायाधीशों का नियुक्ति जीवन भर की होती है और वे संविधान के अनुसार अपने फैसलों को देते हैं।

सुप्रीम कोर्ट के फैसले अमेरिकी समाज को गहरे प्रभाव पड़ते हैं। इसके फैसलों से समाज में न्याय और समानता का संदेश मिलता है। इसके फैसलों के आधार पर नई विधियाँ बनती हैं और व्यक्तिगत स्वतंत्रता की सीमाएं निर्धारित होती हैं।

सुप्रीम कोर्ट के फैसलों का प्रभाव सिर्फ अमेरिकी समाज पर ही सीमित नहीं है, बल्कि इसके फ"
824,अमेरिकी राजनीति में लॉबिंग और उसका प्रभाव,"लॉबिंग अमेरिकी राजनीति में एक महत्वपूर्ण और व्यापक व्यवसाय है जिसका असर सियासी निर्णयों पर होता है। लॉबिस्ट्स विभिन्न समूहों, कंपनियों, उद्यमियों या स्वयंसेवी संगठनों की हैमायत लेकर विभिन्न सरकारी निर्णयकर्ताओं के साथ संपर्क साधारित करते हैं। उनका उद्देश्य अपने हितों की रक्षा करना, नीतियों को प्रभावित करना और निर्णयकर्ताओं को अपनी पक्ष से दृष्टिकोण देने में सहायक होना होता है।

लॉबिंग का प्रभाव अमेरिकी राजनीति पर अनिवार्य है, क्योंकि वहाँ कई निर्णयकर्ता और नीति निर्माता होते हैं जिन्हें आम जनता की मांगों"
825,अमेरिका में अप्रवासन नीति और उसकी राजनीति,"अमेरिका में अप्रवासन नीति एक बहुदूरी और चुनौतीपूर्ण विषय है। यहाँ अमेरिका में अप्रवासन की नीति और उसकी राजनीति के बारे में बात की जाएगी।

अमेरिका अपनी अप्रवासन नीति को देश की सुरक्षा, अर्थव्यवस्था और सामाजिक परिवर्तनों के संदर्भ में तैयार करता है। अमेरिका के अप्रवासन नीति का मुख्य ध्येय असंविदानिक प्रवासन को रोकना और देश की सीमाओं को सुरक्षित रखना है। अमेरिका के अप्रवासन नीति में विवादित विषयों जैसे कि अप्रवासनीय अधिकार, प्रवासी श्रम और विदेशी छात्रों के विचार को लेकर विवाद भी हैं।

अमेरिका में अप्रवासन"
826,डेमोक्रेटिक और रिपब्लिकन पार्टियों के बीच मुख्य अंतर,"अमेरिकी राजनीति में डेमोक्रेटिक और रिपब्लिकन पार्टियाँ दो मुख्य राष्ट्रीय पार्टियाँ हैं, जो संघीय स्तर पर बहुमती और विपक्षी पार्टियों के रूप में काम करती हैं। ये दोनों पार्टियाँ अमेरिकी राजनीति के दो प्रमुख दल हैं और उनका प्रभाव राष्ट्रीय और अंतरराष्ट्रीय स्तर पर महत्वपूर्ण है।

डेमोक्रेटिक पार्टी अक्सर सामाजिक और आर्थिक विषयों पर अधिक ध्यान केंद्रित करती है, जबकि रिपब्लिकन पार्टी आम तौर पर राष्ट्रीय सुरक्षा, आर्थिक मुद्दे और व्यक्तिगत स्वतंत्रता पर ज्यादा जोर देती है। डेमोक्रेटिक पार्टी आम तौर पर सोशल प्रोग्रेसिविज"
828,डेमोक्रेटिक और रिपब्लिकन पार्टियों के बीच मुख्य अंतर,"अमेरिका में डेमोक्रेटिक और रिपब्लिकन पार्टियां दो मुख्य राजनीतिक दल हैं जिनका प्रभाव देश की राजनीति पर व्यापक है। ये दोनों पार्टियां अपनी विचारधारा, नीतियों और उद्देश्यों में भिन्नता रखती हैं। 

डेमोक्रेटिक पार्टी एक केंद्रवादी दल है जो समाजवादी और प्रगतिशील विचारधारा का समर्थन करता है। इस पार्टी का मुख्य उद्देश्य सामाजिक न्याय, समानता, और कुल फर्ज का पालन करना है। डेमोक्रेट्स आम तौर पर सरकारी इन्वेस्टमेंट, स्वास्थ्य देखभाल, शिक्षा, और पर्यावरण के प्रचारक होते हैं। 

विरोधी तरफ, रिपब्लिकन पार्टी एक दक्षिणी कें"
827,अमेरिकी राजनीति में लॉबिंग और उसका प्रभाव,"लॉबिंग अमेरिकी राजनीति का एक महत्वपूर्ण हिस्सा है जिसका असर राजनीतिक निर्णयों पर होता है। लॉबिंग एक प्रक्रिया है जिसमें संगठन या व्यक्ति राजनीतिक नेताओं या निर्णायक स्तर के अधिकारियों से मिलकर उनके विचारों और नीतियों को प्रभावित करने का प्रयास करते हैं।

लॉबिस्ट्स राजनीतिक दलों और सरकारी विभागों के साथ मिलकर नीतियों और कानूनों पर प्रभाव डालने का काम करते हैं। वे अपने ग्राहकों के हित में नीतियों को प्रभावित करने के लिए रणनीतियाँ बनाते हैं।

लॉबिंग का प्रभाव अमेरिकी राजनीति पर मुख्य रूप से तीन तरह से होता है। पहले, वे"
830,अमेरिका की आर्थिक नीति और राजनीतिक विवाद,"अमेरिका की आर्थिक नीति और राजनीतिक विवाद विश्व के एक प्रमुख धारावाहिक विषय हैं। अमेरिका एक विशाल अर्थव्यवस्था और विश्व की सबसे बड़ी अर्थव्यवस्था है, इसलिए इसकी आर्थिक नीति दुनिया भर में महत्वपूर्ण है।

अमेरिका की आर्थिक नीति के इस समय में कुछ मुख्य विवाद हैं जैसे कि कर, व्यापार नीति, औद्योगिक नीति, और निवेश नीति। उदाहरण के लिए, ट्रंप प्रशासन ने कर संबंधी नियमों में कई परिवर्तन किए हैं, जिससे अमेरिकी कम्पनियों के लिए अन्यायपूर्ण लग सकता है और अधिक उत्पादन की दिशा में प्रेरित कर सकता है। दूसरी ओर, विश"
829,अमेरिका में अप्रवासन नीति और उसकी राजनीति,"अमेरिका में अप्रवासन नीति और उसकी राजनीति का मुद्दा वर्तमान में बहुत चर्चा का विषय बन गया है। अमेरिका एक ऐसा देश है जहाँ विभिन्न कारणों से लोग आकर्षित होते हैं, जैसे अध्ययन, काम, परिवारिक जुड़ाव, या धर्मिक कारण। इसके परिणामस्वरूप, अप्रवासन और अवैध आवास काफी समस्याओं का कारण बन रहा है।

राष्ट्रपति जो बाइडेन की सरकार ने अपने कार्यकाल में अप्रवासन नीति में सुधार करने की कई प्रमुख पहल की हैं। इनमें से एक है डीएचएस के रिवर्सल, जिससे अमेरिकी शिक्षा या काम के लिए आए छात्रों और पेशेवरों को अपने देश में रहने की अ"
832,अमेरिका में अप्रवासन नीति और उसकी राजनीति,"अमेरिका में अप्रवासन नीति एक महत्वपूर्ण राजनीतिक मुद्दा है जिसपर विभिन्न पक्षों के बीच गहरा विचार है। अप्रवासन नीति का मुद्दा उठने का कारण अमेरिका में बढ़ते अप्रवासी श्रमिकों की संख्या है, जो विभिन्न क्षेत्रों में काम करने और रहने के लिए अमेरिका में प्रवेश करते हैं। इन अप्रवासी श्रमिकों के आने के साथ ही भारी मात्रा में जनजाति और आपातकालीन अनुस्थानों से भागे हुए लोग भी अमेरिका में आ जाते हैं।

अप्रवासन नीति का मुद्दा अमेरिका में राजनीतिक विवाद का विषय बन गया है। कुछ लोग इसे नकारते हैं और मानते हैं कि अप्रवासन नीति"
833,अमेरिका में जलवायु परिवर्तन नीति और राजनीतिक प्रभाव,"अमेरिका में जलवायु परिवर्तन नीति और राजनीतिक प्रभाव के बारे में चर्चा दुनिया भर में चरम पर है। इसका सबसे बड़ा कारण है अमेरिका की भूमि और पानी के संसाधनों की अत्यधिक उपयोग के कारण बदलते मौसम का प्रभाव। अमेरिका के राजनीतिक नेता इस मुद्दे पर गंभीरता से ध्यान दे रहे हैं।

जलवायु परिवर्तन के प्रभाव को ध्यान में रखते हुए, अमेरिका ने पेरिस समझौते में शामिल होने का एलान किया है। इसके तहत, अमेरिकी सरकार ने उच्चतम पायलट और ऊर्जा उत्पादन के लक्ष्यों को सुनिश्चित करने के लिए कई कदम उठाए हैं। पेरिस समझौते के अंतर्गत, अमेर"
831,अमेरिकी राजनीति में लॉबिंग और उसका प्रभाव,"लॉबिंग एक प्रकार की राजनीतिक क्रिया है जिसमें व्यक्ति या समूह सरकार या सांसदों को अपने हितों के लिए प्रेरित करते हैं। अमेरिकी राजनीति में लॉबिंग एक बहुत महत्वपूर्ण भूमिका निभा रहा है। यहां कई लॉबी ग्रुप्स हैं जो अपने हितों की रक्षा करने के लिए सरकारी नीतियों पर प्रभाव डालते हैं।

लॉबिंग का प्रभाव अमेरिकी राजनीति पर दोहराया जा सकता है। वहां कई गहरी जांच की जरूरत है कि किस तरह से लॉबिस्ट्स ने नीतियों पर प्रभाव डाला है। वे धन के माध्यम से राजनीतिक निर्णयों को मोल लेते हैं और अपने हितों के लिए नीतियों को पलटने की कोश"
834,अमेरिका की आर्थिक नीति और राजनीतिक विवाद,"अमेरिका की आर्थिक नीति और राजनीतिक विवाद विश्व के लिए महत्वपूर्ण हैं। अमेरिका दुनिया की सबसे बड़ी अर्थव्यवस्था रखता है और इसकी नीतियों और निर्णयों का असर दुनिया भर में पड़ता है। हाल ही में, अमेरिका में आर्थिक नीति और राजनीतिक विवादों में तेजी से बदलाव देखने को मिल रहा है।

आर्थिक नीति में अमेरिका ने व्यापार नीति, कर नीति, बजट नीति और नौकरी नीति में बदलाव किए हैं। इन बदलावों का मुख्य उद्देश्य अमेरिकी अर्थव्यवस्था को मजबूत करना है। हालांकि, इसके साथ ही राजनीतिक विवाद भी तेजी से बढ़ रहे हैं। विभ"
835,अमेरिका में सुप्रीम कोर्ट की भूमिका और प्रभाव,"सुप्रीम कोर्ट अमेरिका की सर्वोच्च न्यायिक संस्था है जो संविधान की रक्षा और न्याय कार्य करती है। यह कोर्ट अमेरिकी संविधान के अनुसार न्यायिक प्राधिकरण का स्थान रखती है और इसका प्रधान कार्य यह है कि विभिन्न कानूनी मुद्दों पर निर्णय करना।

सुप्रीम कोर्ट की भूमिका अत्यंत महत्वपूर्ण है क्योंकि यह कोर्ट संविधान के प्रावधानों की रक्षा करती है और उन्हें समझाने और व्याख्या करने का कार्य करती है। इसके निर्णय अमेरिकी समाज पर गहरा प्रभाव डाल सकते हैं क्योंकि इन निर्णयों का प्रभाव पूरे राष्ट्र में महसूस होता है।

सुप्रीम कोर्ट के निर्णयों का प्र"
836,अमेरिका में जलवायु परिवर्तन नीति और राजनीतिक प्रभाव,"अमेरिका में जलवायु परिवर्तन नीति और राजनीतिक प्रभाव पर हमें ध्यान देना चाहिए, क्योंकि यह एक गंभीर मुद्दा है जिसका असर सभी वर्गों पर हो रहा है। अमेरिका ने पारिस समझौते में अपनी प्रतिबद्धता जताई है कि वह 2030 तक अपने ग्रीनहाउस गैस उत्सर्जन को 26-28% घटा देगा। इसके लिए अमेरिकी सरकार ने कई नीतियों को अमल में लाने का प्रयास किया है।

जलवायु परिवर्तन के निरंतरता की बजाय, इस विषय पर राजनीतिक विभाजन भी देखने को मिलता है। देश में विभिन्न दलों और समूहों के बीच इस मुद्दे पर विचारविमर्श हो रहा है। एक ओर से, प्रौद्योगिकी विक"
837,अमेरिकी मीडिया और राजनीति: निष्पक्षता बनाम ध्रुवीकरण,"अमेरिकी मीडिया और राजनीति के बीच निष्पक्षता और ध्रुवीकरण के मुद्दे एक दिलचस्प और महत्वपूर्ण विवादित विषय हैं। मीडिया का काम होता है समाचार को जनता तक पहुंचाना, सत्य और वास्तविकता को दर्शाना और लोगों को जानकारी प्रदान करना। इसके बावजूद, कुछ लोग मानते हैं कि अमेरिकी मीडिया में निष्पक्षता की कमी है और यह पक्षपात और ध्रुवीकरण की ओर जा रही है।

मीडिया के कुछ चैनल और पत्रिकाएं राजनीतिक पक्ष की प्रोत्साहन करती हैं और उनके पक्ष को बढ़ावा देती हैं। इससे निष्पक्षता की कमी होती है और लोगों को सही जानकारी से वंचित किया ज"
838,अमेरिका में मतदाता अधिकार और चुनाव सुधार,"अमेरिका में मतदाता अधिकार और चुनाव सुधार दो महत्वपूर्ण मुद्दे हैं जो देश की लोकतंत्रिक प्रक्रिया के लिए अत्यंत महत्वपूर्ण हैं। मतदाताओं को उनके वोट को खारिज करने के बिना सुनिश्चित किया जाना चाहिए ताकि चुनाव प्रक्रिया में निष्पक्षता बनी रहे। इसके लिए अमेरिकी संविधान ने कई अधिकार और सुरक्षा उपाय स्थापित किए हैं।

चुनाव सुधार के संदर्भ में, अमेरिका में विभिन्न राज्यों में चुनावी प्रक्रिया को सुधारने का प्रयास किया जा रहा है। इसमें मतदान केन्द्रों की सुविधा, वोटर आईडेंटिफिकेशन, इलेक्ट्रॉनिक वोटिंग मशीनों की सुरक्षा, वोट"
839,अमेरिकी राजनीति में लॉबिंग और उसका प्रभाव,"लॉबिंग एक प्रक्रिया है जिसमें संगठित व्यापारी समूह और दलों द्वारा राजनीतिक निर्णयकर्ताओं को प्रभावित करने के लिए किया जाता है। इसका मुख्य उद्देश्य सरकारी नीतियों में प्रभाव डालना होता है। अमेरिकी राजनीति में भी लॉबिंग एक महत्वपूर्ण भूमिका निभाता है।

अमेरिकी राजनीति में लॉबिंग का प्रभाव विवादित है। कुछ लोग इसे एक लोकतंत्रिक प्रक्रिया के रूप में देखते हैं जिसके माध्यम से समुदायों की आवाज सरकारी नीतियों में शामिल होती है। वे मानते हैं कि लॉबिंग से सरकार को विभिन्न समुदायों की दिक्कतों के बारे में जानकारी प्राप"
841,अमेरिका की आर्थिक नीति और राजनीतिक विवाद,"अमेरिका की आर्थिक नीति और राजनीतिक विवाद वर्तमान समय में एक महत्वपूर्ण विषय है। अमेरिका एक गहरे आर्थिक और राजनीतिक विवाद में फंसा हुआ है जिसकी वजह से देश की गति और विकास पर प्रभाव पड़ रहा है।

आर्थिक नीति के मामले में, अमेरिका के अंदर उभरते विषमताओं ने देश को दुनिया भर में आर्थिक दीवार के रूप में बनाया है। विभिन्न आर्थिक विचारधाराएं और नीतियाँ देश के भीतर विभिन्न वर्गों के बीच विवाद उत्पन्न कर रही हैं। आधुनिकीकरण की प्रक्रिया, वित्तीय न्यायसंगतता, व्यापारिक नीतियाँ और कर नीति जैसे मुद्दे देश के विकास"
840,अमेरिका में हेल्थकेयर नीति: ओबामाकेयर बनाम निजीकरण,"अमेरिका में हेल्थकेयर नीति एक बहुत ही महत्वपूर्ण और विवादास्पद विषय है। इसमें विभिन्न पक्षों के बीच जीवन और मौत के मामलों के निर्धारण सहित अनेक चुनौतियां उत्पन्न हो रही हैं।

अमेरिका में हेल्थकेयर नीति में दो प्रमुख पहलू हैं - ओबामाकेयर और निजीकरण। ओबामाकेयर योजना का मुख्य उद्देश्य सभी लोगों को सस्ती और उचित स्वास्थ्य सेवाएं प्रदान करना था। इस योजना के द्वारा अमेरिकी सरकार ने स्वास्थ्य बीमा कवरेज को बढ़ावा दिया और कई लोगों को नई सुविधाएं प्रदान की।

विरोधी दलों का कहना है कि ओबामाकेयर योजना ने सरकार क"
843,अमेरिकी मीडिया और राजनीति: निष्पक्षता बनाम ध्रुवीकरण,"अमेरिकी मीडिया और राजनीति एक बहुत महत्वपूर्ण और विवादास्पद विषय है। दोनों का संबंध गहरा है और एक-दूसरे पर प्रभाव डालते हैं। मीडिया की भूमिका राजनीति में निष्पक्षता और ध्रुवीकरण को बनाए रखने में महत्वपूर्ण है।

मीडिया को जनता को जानकारी और जागरूक करने का माध्यम माना जाता है, लेकिन इसके साथ ही उसकी निष्पक्षता पर भी विशेष ध्यान देना चाहिए। अमेरिकी मीडिया में निष्पक्षता की कमी और ध्रुवीकरण की वजह से कई बार राजनीतिक पक्षपात दिखाई देता है। चुनावी रिपोर्टिंग, विचार-विमर्श और जनता के सामान्य ज्ञान को गलत दिशा"
844,अमेरिका में जलवायु परिवर्तन नीति और राजनीतिक प्रभाव,"अमेरिका में जलवायु परिवर्तन नीति और राजनीतिक प्रभाव

अमेरिका में जलवायु परिवर्तन नीति और राजनीतिक प्रभाव आज के दिनों में गंभीर चुनौती बन गए हैं। विज्ञानात्मक साक्षात्कार और डेटा के आधार पर यह स्पष्ट हो चुका है कि जलवायु परिवर्तन के कारण धरती पर अस्थिरता और विपरीत परिणाम हो रहे हैं। इस समस्या का समाधान करने के लिए अमेरिकी सरकार ने कई नीतियों को शुरू किया है।

अमेरिका ने पेरिस समझौते को समर्थन दिया है जिसमें अमेरिका ने अपने उत्सर्जनों को कम करने के लिए विभिन्न प्रयास किये हैं। इसके अलावा, अमेरिका ने अपनी ऊर्जा नीतियो"
842,अमेरिका में मतदाता अधिकार और चुनाव सुधार,"अमेरिका में मतदाता अधिकार और चुनाव सुधार एक महत्वपूर्ण विषय है जिसपर विवाद चल रहा है। अमेरिका में चुनावी प्रक्रिया को लेकर अनेक विवाद उठ रहे हैं, जैसे की मतदाताओं के अधिकार और चुनावी धारा में सुधार।

मतदाताओं के अधिकार की सुरक्षा एक महत्वपूर्ण मुद्दा है। इसके लिए चुनावी प्रक्रिया में विश्वासनीयता और पारदर्शिता को बढ़ावा देना जरूरी है। अमेरिका में चुनावी धारा में सुधार की आवश्यकता को लेकर विभिन्न दलों के बीच विवाद चल रहा है।

चुनाव सुधार के तहत, नई तकनीकी उपायों को लागू किया जा रहा है जिससे मतदाताओं"
845,डेमोक्रेटिक और रिपब्लिकन पार्टियों के बीच मुख्य अंतर,"अमेरिकन राजनीति में डेमोक्रेटिक और रिपब्लिकन पार्टियां दो प्रमुख राजनीतिक पार्टियां हैं। ये दोनों पार्टियां अमेरिकी राजनीति के लिए महत्वपूर्ण हैं, लेकिन इनमें कई मुख्य अंतर हैं।

डेमोक्रेटिक पार्टी राष्ट्रवादी और प्रगतिशील विचारधारा का पालन करती है। यह पार्टी आमतौर पर किसान, श्रमिक, महिला और माईनॉरिटी के हित में राजनीति करती है। वे सामाजिक न्याय, स्वतंत्रता के अधिकार, उच्च शिक्षा, और आर्थिक समृद्धि को महत्व देते हैं।

वहीं, रिपब्लिकन पार्टी एक संवाद के आधार पर चलने वाली पार्टी है। इस पार्टी को राष्ट्रवादी, आर्थिक"
847,अमेरिका में सुप्रीम कोर्ट की भूमिका और प्रभाव,"सुप्रीम कोर्ट अमेरिका की सर्वोच्च न्यायिक संस्था है जिसका मुख्य कार्य अमेरिकी संविधान के अनुसार न्याय देना है। सुप्रीम कोर्ट के न्यायाधीशों का चयन अमेरिकी राष्ट्रपति द्वारा किया जाता है और उनकी पदोन्नति आम मंजूरी के बाद होती है।

सुप्रीम कोर्ट की महत्वपूर्ण भूमिका है कि यह अमेरिकी संविधान की विचारधारा और मूल्यों को समझने और सुनिश्चित करने का कार्य करती है। इसके निर्णय समाज पर गहरा प्रभाव डालते हैं और राष्ट्रीय स्तर पर न्यायिक स्थापनाओं को निर्धारित करते हैं। इसके निर्णय न केवल अमेरिका में बल्कि पूरे विश्व में महत्वपूर्ण म"
848,अमेरिका में हेल्थकेयर नीति: ओबामाकेयर बनाम निजीकरण,"अमेरिका में हेल्थकेयर नीति एक बहुत ही महत्वपूर्ण और विवादास्पद विषय है, जिसमें आम लोग, राजनीतिक दल और संगठनों के बीच विवाद रहता है। इसमें दो मुख्य पहलू हैं - एक ओबामाकेयर योजना और दूसरा निजीकरण।

ओबामाकेयर योजना, जिसे आधिकारिक रूप से प्रेसीडेंट ऑबामा केयर एक्ट (ACA) के नाम से जाना जाता है, 2010 में पारित की गई थी। इसका मुख्य उद्देश्य था सभी अमेरिकी नागरिकों को सस्ते और उचित स्वास्थ्य सेवाएं प्रदान करना। इस योजना के तहत, लोगों को हेल्थ इनश्योरेंस प्लान्स में शामिल होने के लिए मदद मिलती है।

दूसरी ओर"
849,अमेरिका में अप्रवासन नीति और उसकी राजनीति,"अमेरिका में अप्रवासन नीति एक बहुदिशा और विवादास्पद विषय है जिसने राष्ट्रीय और अंतरराष्ट्रीय स्तर पर ध्यान आकर्षित किया है। अप्रवासन नीति अमेरिकी सरकार की एक मुख्य राजनीतिक मुद्दा है जिसके तहत विदेशी नागरिकों के द्वारा अमेरिका में प्रवेश और रहने की अनुमति दी जाती है।

अमेरिका में अप्रवासन नीति के तहत विभिन्न विचारधाराएं हैं जैसे के अधिकारिक स्थिति, शर्तें, और सीमाएं। इसने विभिन्न वर्गों के लोगों के लिए अलग-अलग प्रवेश प्रक्रियाएं तय की हैं जैसे के वाणिज्यिक या पर्यटक वीजा, कार्यकर्ता वीजा, छात्र वीजा आ"
850,अमेरिका में जलवायु परिवर्तन नीति और राजनीतिक प्रभाव,"अमेरिका में जलवायु परिवर्तन नीति और राजनीतिक प्रभाव

अमेरिका एक विशाल देश है जिसमें जलवायु परिवर्तन एक महत्वपूर्ण और विवादास्पद विषय है। विज्ञानात्मक समूह ने साबित किया है कि मानव कार्यों के कारण ग्लोबल वार्मिंग और जलवायु परिवर्तन जैसे जलवायु परिवर्तन के प्रावधान का कारण बन रहे हैं। इसलिए, अमेरिकी सरकार ने जलवायु परिवर्तन को रोकने और उसका प्रभाव कम करने के लिए कई नीतियां बनाई हैं।

अमेरिका ने पेरिस समझौते में हिस्सा लेकर जलवायु परिवर्तन के खिलाफ कदम उठाये हैं। इस समझौते के अनुसार, अमेरिका ने अपने इमिशन क"
851,अमेरिका में मतदाता अधिकार और चुनाव सुधार,"अमेरिका में मतदाता अधिकार और चुनाव सुधार का मुद्दा एक लम्बे समय से चर्चा का विषय रहा है। अमेरिकी नागरिकों के मताधिकारों का सुनिश्चित करने के लिए कई कदम उठाए गए हैं, जैसे कि चुनावी पंजीकरण की सुविधा, वोटिंग बूथों की सुविधाएं, विशिष्ट वर्गों के लिए वोटिंग विकल्प और विदेशी राजनीतिक दान की प्रतिबंधन।

अमेरिका में चुनाव सुधार के लिए कई गैर सरकारी संगठन और सामाजिक संगठन भी कार्य कर रहे हैं। इन संगठनों ने चुनावी तंत्र को अधिक सुरक्षित और पारदर्शी बनाने के लिए अद्यतन करने की मांग की है।

मतदाताओं को चुनावी प्रक्र"
852,अमेरिका की आर्थिक नीति और राजनीतिक विवाद,"अमेरिका की आर्थिक नीति और राजनीतिक विवाद एक महत्वपूर्ण विषय है जिसपर विभिन्न दलों के बीच चर्चाएं होती रहती हैं। अमेरिका की आर्थिक नीति विवादों का केंद्र है क्योंकि यह देश एक विशाल अर्थव्यवस्था और व्यापक वित्तीय बाजार के साथ विश्व की सबसे बड़ी अर्थव्यवस्था है।

राजनीतिक दलों के बीच आर्थिक नीति पर विवाद उसके लक्ष्यों, उपायों और प्रभावों पर निर्भर करता है। विभिन्न दलों और नेताओं की विचारधारा अक्सर इस बारे में भिन्न होती है, जैसे कम टैक्स देने वाले विरोधी दल और अधिक सरकारी खर्च को समर्थित करने वाले दल।

"
853,अमेरिकी राजनीति में लॉबिंग और उसका प्रभाव,"लॉबिंग एक प्रक्रिया है जिसमें व्यापारिक समूह या गैर सरकारी संगठन अथवा व्यक्ति सरकारी नीतियों और निर्णयों पर प्रभाव डालने के लिए सरकारी नेताओं और अधिकारियों से संपर्क साधते हैं। अमेरिकी राजनीति में लॉबिंग एक महत्वपूर्ण भूमिका निभाता है और प्रभावशाली बनाता है।

लॉबिंग के माध्यम से व्यापारिक समूह और गैर सरकारी संगठन अपने हितों की रक्षा करने के लिए सरकारी नीतियों में परिवर्तन करवाने के प्रयास करते हैं। वे अपनी समस्याओं और मांगों को सरकारी नेताओं तक पहुंचाने के लिए लॉबिस्ट का सहारा लेते हैं।

अमेरिकी राजनीति म"
855,अमेरिकी सीनेट और हाउस ऑफ रिप्रेजेंटेटिव्स की भूमिका,"अमेरिकी संघीय सरकार के तीन मुख्य अंग हैं: उच्च न्यायालय, संघीय संसद और संघीय सरकार। संघीय संसद को दो सदनों में विभाजित किया गया है: सीनेट और हाउस ऑफ रिप्रेजेंटेटिव्स। यह दोनों सदन विधायकों की जनता द्वारा चुनी जाती हैं।

सीनेट, जिसे उच्च सदन भी कहा जाता है, संघीय संसद का वर्णनीय अंग है। हर राज्य का सीनेट में दो सदस्य होते हैं, जिन्हें राज्य संसद प्रमुख चुनता है। सीनेट का मुख्य कार्य राज्यों के हितों की रक्षा करना है और उनकी प्रतिनिधित्व करना है।

हाउस ऑफ रिप्रेजेंटेटिव्स, जिसे प्रतिनिधि सभा भी कहा जाता है,"
854,अमेरिकी संविधान और उसकी राजनीति पर प्रभाव,"अमेरिकी संविधान एक महत्वपूर्ण दस्तावेज है जिसने अमेरिका की राजनीति और समाज को गहरे प्रभाव से परिभाषित किया है। संविधान ने एक मजबूत संविधानिक आधार प्रदान किया है जिसने देश को एक लोकतांत्रिक और संप्रेषणशील राष्ट्र के रूप में स्थापित किया है।

अमेरिकी संविधान का प्रमुख उद्देश्य नागरिकों के अधिकार और स्वतंत्रता की रक्षा करना है। इसके अलावा, यह राष्ट्र के विभिन्न संस्थाओं और राजनीतिक प्रक्रियाओं की सीमाएं तय करता है, जिससे सांप्रदायिकता, अत्याचार और अन्य शक्तियों का दुरुपयोग रोका जा सकता है।

संविधान ने अमेरिकी राजनीति पर"
856,अमेरिकी मीडिया और राजनीति: निष्पक्षता बनाम ध्रुवीकरण,"अमेरिकी मीडिया और राजनीति के बीच निष्पक्षता बनाम ध्रुवीकरण एक महत्वपूर्ण विवादित विषय है। मीडिया की भूमिका है समाचार का वितरण करना, लोगों को जानकारी देना और समाज में जागरूकता फैलाना। इसके साथ ही राजनीतिक विचारों को प्रभावित करने का भी बड़ा दायित्व होता है।

निष्पक्षता का मतलब है कि मीडिया न्यूज और तथ्यों को पारदर्शी रूप से पेश करे, बिना किसी पक्षपात या पक्षधरावाही के। ध्रुवीकरण का मतलब है किसी विशेष दृष्टिकोण या संगठन की ओर से समाचार को प्रकाशित करना। यह राजनीतिक उद्देश्यों के लिए किया जाता है।

अमेरिकी म"
858,अमेरिका में मतदाता अधिकार और चुनाव सुधार,"अमेरिका में मतदाता अधिकार और चुनाव सुधार एक महत्वपूर्ण और विवादित विषय है। चुनावी प्रक्रिया को सुरक्षित, निष्पक्ष और सुरक्षित बनाने के लिए कई प्रतिबद्धताएं ली जाती हैं।

मतदाता अधिकार के मामले में, अमेरिकी नागरिकों को चुनाव में भाग लेने का अधिकार है और उन्हें किसी भी प्रकार की भेदभाव, धमकी या विवादित विचारों से बचाने का अधिकार है। अमेरिका में चुनाव सुधार के कई पहलू हैं जैसे कि वोटिंग मशीनों की सुरक्षा, वोटर आईडी की जरूरत, मेल-इन वोटिंग की प्रक्रिया, चुनावी डेटा की सुरक्षा आदि।

हाल ही में, अमेरिका में चुनाव सु"
857,अमेरिकी राजनीति में लॉबिंग और उसका प्रभाव,"लॉबिंग एक ऐसी प्रक्रिया है जिसमें व्यक्ति या संगठन राजनीतिक निर्णयकर्ताओं या सरकारी अधिकारियों के साथ संपर्क स्थापित करते हैं ताकि वे अपने हितों को प्राथमिकता दे। अमेरिकी राजनीति में लॉबिंग एक बड़ा और महत्वपूर्ण भाग है। यहाँ कुछ कारण दिये जा रहे हैं जिनके कारण लॉबिंग इतना महत्वपूर्ण है -

पहला कारण है कि लॉबिस्ट्स (लॉबी करने वाले व्यक्ति) शक्तिशाली और धनी लोग होते हैं जिनके पास बहुत सारा संसाधन होता है। इससे उन्हें अपने हितों के लिए राजनीतिक निर्णयकर्ताओं का समर्थन प्राप्त करने में मदद मिलती है।

दूसरा क"
860,अमेरिका में अप्रवासन नीति और उसकी राजनीति,"अमेरिका में अप्रवासन नीति और उसकी राजनीति एक महत्वपूर्ण और विवादित विषय है। अप्रवासन नीति का मुख्य उद्देश्य अमेरिकी नागरिकों की रक्षा और सुरक्षा है, साथ ही विदेशी लोगों के प्रवेश को नियंत्रित करना भी शामिल है।

इस नीति के प्रमुख तत्वों में से एक है वीजा प्रक्रिया, जिसके माध्यम से विदेशी लोग अमेरिका में प्रवेश कर सकते हैं। वीजा प्रक्रिया में विभिन्न श्रेणियां हैं जैसे की भ्रमण वीजा, कार्य वीजा, छात्र वीजा आदि। इन वीजा कैटेगरीज के लिए अलग-अलग नियम और उत्तराधिकारी अधिकारियों का निर्धारण होता है।

अप्रवासन नी"
862,अमेरिका में नस्लीय न्याय और राजनीतिक सुधार,"अमेरिका में नस्लीय न्याय और राजनीतिक सुधार के लिए एक लंबे समय से संघर्ष चल रहा है। नस्लीय भेदभाव के खिलाफ लड़ाई में कई महत्वपूर्ण कदम उठाए गए हैं, जिनमें समुदायों के साथ गहरी जुड़वाई को बढ़ावा देना, न्यायिक प्रक्रियाओं को सुधारना और नस्लीय न्याय के लिए विशेष न्यायिक प्रणाली को स्थापित करना शामिल है।

राजनीतिक सुधार के संदर्भ में, अमेरिका में नस्लीय न्याय के मुद्दे को लेकर जनसमुदाय में जागरूकता फैलाने का काम हो रहा है। नस्लीय भेदभाव के खिलाफ लड़ाई में सामाजिक संगठनों, शिक्षा संस्थानों और राजनीतिक"
861,अमेरिका में अप्रवासन नीति और उसकी राजनीति,"अमेरिका में अप्रवासन नीति एक चरमपंथी और विवादास्पद विषय है जो राजनीतिक और सामाजिक चरणों पर प्रभाव डालता है। अप्रवासन नीति के तहत विदेशी नागरिकों को अमेरिका में आने या रहने की अनुमति सीमित की जाती है। इसका मुख्य उद्देश्य अमेरिकी नागरिकों के रोजगार की सुरक्षा और अमेरिका की आर्थिक संरक्षा को सुनिश्चित करना है।

अप्रवासन नीति के पक्ष और विपक्ष दोनों हैं। एक ओर कुछ लोग इसे विदेशी कामगारों के शोषण के रूप में देखते हैं, जबकि दूसरी ओर यह उन्हें आर्थिक और सामाजिक लाभ प्रदान करता है। इसका सीमा को बढ़ाने या कम करने"
863,अमेरिका की आर्थिक नीति और राजनीतिक विवाद,"अमेरिका की आर्थिक नीति और राजनीतिक विवाद एक विषय है जिसपर व्यापक चर्चा होती रहती है। अमेरिका दुनिया की सबसे बड़ी अर्थव्यवस्था रखने वाला देश है, और इसकी नीतियों और राजनीतिक निर्णयों का व्यापक प्रभाव होता है।

एक पक्ष से, अमेरिका की आर्थिक नीति ने देश को विश्वासयोग्यता और समृद्धि की ऊंचाइयों तक पहुंचाया है। अमेरिका की नीतियाँ और कार्यवाही प्रदानकर्ताओं, उत्पादकों, और नागरिकों को संरक्षित करने में मदद करती हैं।

दूसरी ओर, इसकी नीतियों पर विपक्षियों की भी चिंताएं हैं। कुछ लोग इसे अधिकता के लिए भू"
859,अमेरिका में नस्लीय न्याय और राजनीतिक सुधार,"अमेरिका में नस्लीय न्याय और राजनीतिक सुधार एक महत्वपूर्ण विषय है जो समाज में गहरे परिवर्तन का संकेत देता है। अमेरिका एक समृद्ध देश है जिसमें विभिन्न नस्लों, धर्मों और सांस्कृतिक समृद्धियों का संगम है। हालांकि, नस्लीय भेदभाव, उत्पीड़न और विवाद भी इस समाज में मौजूद हैं।

नस्लीय न्याय और राजनीतिक सुधार के लिए कई कदम उठाए गए हैं। नस्लीय भेदभाव को कम करने के लिए कई कानूनी उपाय और सामाजिक परिवर्तन किए गए हैं। अमेरिका में विभिन्न निगम, संगठन और सरकारी अवयव नस्लीय भेदभाव के खिलाफ कड़ी कार्रवाई कर"
864,अमेरिका की आर्थिक नीति और राजनीतिक विवाद,"अमेरिका की आर्थिक नीति और राजनीतिक विवाद विश्व के ध्यान केंद्र में रहा है। अमेरिका एक विकसित देश होने के नाते अपनी आर्थिक नीतियों को लेकर अपने स्थान को मजबूत करने का प्रयास कर रहा है। विवाद इसलिए खड़ा होता है क्योंकि अलग-अलग धारणाएं और विचार इसके चारों ओर घूमते रहते हैं।

एक ओर, वहाँ कुछ लोग हैं जो यकीन करते हैं कि आर्थिक वृद्धि के लिए कम टैक्स देने और व्यापार को बढ़ावा देने से ही सही होगा। दूसरी ओर, कुछ लोग यह मानते हैं कि समाज में सामाजिक और आर्थिक असमानता को कम करने के लिए अधिक टैक्स और सरकारी योजन"
865,अमेरिका की आर्थिक नीति और राजनीतिक विवाद,"अमेरिका की आर्थिक नीति और राजनीतिक विवाद दुनिया भर में चर्चा का विषय रहा है। अमेरिका की आर्थिक नीति और राजनीति का महत्व उसके भारी आर्थिक शक्ति और विदेशी नीतियों पर है। 

अमेरिकी आर्थिक नीति के कई मुख्य तत्व हैं, जैसे कि कर, व्यापार नीति, बजट, और आर्थिक विकास की योजनाएं। इन नीतियों पर राज्य और केंद्र सरकार के बीच विवाद होते रहते हैं। 

वर्तमान में, अमेरिका में टैक्स नीति, व्यापार नीति, बजट और आर्थिक नीति पर बहुमत विचारधारा है। एक ओर देमोक्रेट पार्टी अधिकतर सामाजिक कार्यक्रमों पर ध्यान केंद्रित करती है, जबकि"
867,अमेरिकी राष्ट्रपति चुनाव प्रणाली: एक विस्तृत विश्लेषण,"अमेरिका में राष्ट्रपति चुनाव प्रणाली एक व्यापक प्रक्रिया है जिसमें लोगों को अपने प्रतिनिधि का चयन करने का मौका दिया जाता है। यह प्रक्रिया चार स्तरों पर होती है: प्राथमिक चुनाव, राज्यों की चुनाव महासभा, चुनाव कोलेज, और अंततः चुनाव परिणाम का घोषणा।

प्राथमिक चुनाव में प्रत्येक राज्य में चुनाव होता है जिसमें लोग अपने पसंदीदा उम्मीदवार का चयन करते हैं। यहां जीतने वाले उम्मीदवार को राज्य के चुनाव महासभा के लिए नामांकित किया जाता है। राज्यों की चुनाव महासभा में उम्मीदवारों को चुनने का काम होता है। इसके बाद चुनाव कोलेज के सदस"
866,अमेरिका में अप्रवासन नीति और उसकी राजनीति,"अमेरिका में अप्रवासन नीति एक महत्वपूर्ण राजनीतिक विषय है जिसे लेकर विभिन्न मतभेद होते रहते हैं। अप्रवासन नीति यहाँ आने वाले विदेशी नागरिकों के लिए किस प्रकार की योजना प्रस्तुत करनी चाहिए, उनके विभिन्न सेटलमेंट की प्रक्रिया, विदेशियों की सुरक्षा, और नागरिकता के अधिकारों के प्रति जिम्मेदारी के बारे में निर्धारित करती है।

अमेरिका में अप्रवासन नीति के लिए विभिन्न पक्ष मान्यता रखते हैं। कुछ लोग इसे सख्त करने की मांग करते हैं जिससे अप्रवासन की संख्या कम हो, जबकि कुछ लोग इसे उत्तेजना के रूप में देखते हैं और चाहते हैं कि अप्र"
868,अमेरिकी मीडिया और राजनीति: निष्पक्षता बनाम ध्रुवीकरण,"अमेरिकी मीडिया और राजनीति के बीच निष्पक्षता और ध्रुवीकरण का मुद्दा एक बहुत अहम विषय है। मीडिया का ध्यान विभिन्न राजनीतिक मुद्दों पर बनाए रखना चाहिए, लेकिन कई बार इस ध्यान को ध्रुवीकरण के कारण हटा दिया जाता है। राजनीतिक पक्षपात और ध्रुवीकरण से यदि मीडिया प्रभावित होता है, तो यह लोगों को सही जानकारी नहीं प्रदान कर पाता।

मीडिया को निष्पक्ष रहने की जिम्मेदारी होती है ताकि लोगों को सटीक और सच्ची जानकारी मिले। लेकिन कुछ मीडिया घरों में बैठे लोगों को ध्रुवीकरण करने के लिए प्रेरित करता है, जिससे समाज में भ्रांति फ"
869,अमेरिका में गन कंट्रोल नीति पर बहस,"अमेरिका में गन कंट्रोल नीति एक बहुत ही विवादास्पद विषय है। एक ओर वहाँ कुछ लोग गन कंट्रोल के पक्ष में हैं, जिन्हें लगता है कि अधिक सख्त गन कंट्रोल कानून बनाए जाने चाहिए ताकि गन वायलेंस को कम किया जा सके। दूसरी ओर हैं लोग जो गन कंट्रोल के खिलाफ हैं, जिन्हें लगता है कि यह उनके अधिकारों का उल्लंघन है।

अमेरिका में गन कंट्रोल के पक्षधर विचारकों का कहना है कि गन कंट्रोल कानूनों के माध्यम से गन द्वारा होने वाली हिंसा को कम किया जा सकता है। इनके मुताबिक, अधिक सख्त गन कंट्रोल कानून बनाकर गन संचयन, बिक्री और उपयोग पर नियंत"
870,अमेरिका में हेल्थकेयर नीति: ओबामाकेयर बनाम निजीकरण,"अमेरिका में हेल्थकेयर नीति एक महत्वपूर्ण और विवादास्पद विषय है। इसमें दो मुख्य दल हैं - एक ओबामा सरकार जिसने Affordable Care Act (ऑबामाकेयर) को लागू किया था, और दूसरा विचारधारा जो निजीकरण को प्राथमिकता देती है।

ऑबामाकेयर के मुख्य लक्ष्य थे सभी अमेरिकी नागरिकों को सस्ते और उचित स्वास्थ्य सुविधाओं तक पहुंचाना। इसके तहत, सरकारी योजनाएं बढ़ाई गईं और स्वास्थ्य बीमा कंपनियों को नए नियमों का पालन करने के लिए बाधाएं लागू की गईं। इससे कई गरीब और असहाय लोगों को स्वास्थ्य सुविधाएं मिलने लगीं।

विरोधियों का कहना है कि ऑब"
871,अमेरिका में नस्लीय न्याय और राजनीतिक सुधार,"अमेरिका एक देश है जहाँ नस्लीय न्याय और राजनीतिक सुधार की चुनौतियां हैं। नस्लीय न्याय के मामले में, अमेरिका के समाज में अभिव्यक्ति की स्वतंत्रता एक महत्वपूर्ण मुद्दा है। लंबे समय तक नस्लीय असमानता, जातिवाद और भेदभाव का सामना करना पड़ा है। हालांकि, कई कानूनी और सामाजिक पहलूँ अब इस मुद्दे को सुलझाने की कोशिश कर रहे हैं।

राजनीतिक सुधार के मामले में, अमेरिका में लंबे समय तक कई विवादित मुद्दे रहे हैं। विभिन्न दल और समूहों के बीच विचारविरोध और इच्छाशक्ति के मुद्दे उभरते रहते हैं। राजनीतिक सदनों में अक्सर"
873,अमेरिकी राजनीति में लॉबिंग और उसका प्रभाव,"लॉबिंग एक प्रक्रिया है जिसमें व्यापारिक समूह, शोषित समुदाय, उद्योग और अन्य संगठनों द्वारा राजनीतिक नेताओं और निर्णायककर्ताओं को प्रभावित करने का प्रयास किया जाता है। अमेरिकी राजनीति में लॉबिंग एक महत्वपूर्ण भूमिका निभाता है जिसका प्रभाव समाज, अर्थव्यवस्था और राजनीति पर होता है।

लॉबिंग के माध्यम से व्यापारिक समूह और उद्योग कई मुद्दों पर अपने हितों की रक्षा करने की कोशिश करते हैं। इसके लिए वे निर्णायककर्ताओं द्वारा जारी की गई नीतियों और कानूनों पर प्रभाव डालने का प्रयास करते हैं। लॉबिस्ट्स नेताओं को व"
872,अमेरिका में नस्लीय न्याय और राजनीतिक सुधार,"अमेरिका में नस्लीय न्याय और राजनीतिक सुधार एक महत्वपूर्ण और विवादास्पद विषय है। इसके बारे में बात करते समय, हमें देखना चाहिए कि कैसे इसका प्रभाव राष्ट्रीय स्तर पर महसूस होता है।

नस्लीय न्याय का मकसद है समाज में समानता और न्याय की स्थापना करना। यह आवश्यक है क्योंकि अमेरिका में नस्लीय और जातिवादी भेदभाव अभी भी मौजूद है। नस्लीय न्याय के माध्यम से समाज में समानता और न्याय को बढ़ावा मिलता है, जिससे समाज में एकता और समरसता का संदेश फैलता है।

राजनीतिक सुधार की दृष्टि से, नस्लीय न्याय को समर्थन देना और इसे संव"
874,अमेरिकी मीडिया और राजनीति: निष्पक्षता बनाम ध्रुवीकरण,"अमेरिकी मीडिया और राजनीति के बीच निष्पक्षता और ध्रुवीकरण का मुद्दा एक बहुत ही महत्वपूर्ण और विवादास्पद विषय है। मीडिया का उद्देश्य समाचार को लोगों तक पहुंचाना और सार्वजनिक दृष्टिकोण प्रस्तुत करना होता है, जिससे लोग सही और विश्वसनीय जानकारी प्राप्त कर सकें। हालांकि, कई बार ऐसा देखा गया है कि मीडिया अपनी राजनीतिक दलीलों या विचारों को प्रस्तुत करने के लिए निष्पक्षता का उल्लंघन कर देता है।

ध्रुवीकरण का मतलब है किसी विशेष दिशा या मत की ओर मीडिया की रुचि दिखाना, जिससे व्यक्ति या समूह के मानने वाले अधिक हो जाते ह"
875,अमेरिकी सीनेट और हाउस ऑफ रिप्रेजेंटेटिव्स की भूमिका,"अमेरिकी सीनेट और हाउस ऑफ रिप्रेजेंटेटिव्स दोनों ही संसदीय संस्थाएं हैं जो संयुक्त राज्य अमेरिका की व्यवस्था में महत्वपूर्ण भूमिका निभाती हैं। सीनेट और हाउस ऑफ रिप्रेजेंटेटिव्स के सदस्यों को कांग्रेस कहा जाता है।

सीनेट में प्रत्येक राज्य के लिए दो सांसद होते हैं, जो राज्य के उच्चतम अधिकारियों द्वारा चुने जाते हैं। हाउस ऑफ रिप्रेजेंटेटिव्स में सदस्यों की संख्या राज्य की आबादी के आधार पर तय की जाती है, जिससे छोटे राज्यों के लिए एक सदस्य होता है जबकि बड़े राज्यों के लिए कई सदस्य होते हैं।

यह दोनों संसदीय सं"
876,अमेरिका में हेल्थकेयर नीति: ओबामाकेयर बनाम निजीकरण,"अमेरिका में हेल्थकेयर नीति एक बड़ा और गंभीर विषय है जिसने देश में व्यापक चर्चाएं और विभिन्न मतभेदों को उत्पन्न किया है। एक ओर अमेरिकी अधिकारियों के अनुसार, अमेरिका के हेल्थकेयर प्रणाली में निजीकरण को बढ़ावा देना चाहिए। इसके विपरीत, दूसरी ओर, अधिकांश लोग समर्थन करते हैं कि हेल्थकेयर को जनता के लिए सस्ता और पहुँचने योग्य बनाने के लिए सरकारी निवेश की आवश्यकता है।

एक प्रमुख विवाद का मुद्दा ओबामाकेयर कायम रहा है, जिसे ""आवाजेदार देखभाल कायदा"" के नाम से भी जाना जाता है। इस कायदे के जरिये, अमेरिकी सरकार न"
877,अमेरिका में सुप्रीम कोर्ट की भूमिका और प्रभाव,"सुप्रीम कोर्ट अमेरिका की सर्वोच्च न्यायिक संस्था है जिसका मुख्य उद्देश्य यह है कि यह संविधान के धाराओं के प्रति निष्ठावान रहकर न्याय कार्य करे। सुप्रीम कोर्ट के न्यायाधीशों का चयन अमेरिकी राष्ट्रपति द्वारा किया जाता है और वे अपने पद पर स्थानीय न्यायिक प्रणाली के न्यायाधीशों से अलग हैं।

सुप्रीम कोर्ट का महत्वपूर्ण कार्य यह है कि यह न्यायिक निर्णयों के माध्यम से संविधान की व्याख्या करता है और नई-नई यानी अभी तक के प्राकृतिक न्याय के विकास के साथ किए गए निर्णयों के माध्यम से संविधान में संशोधन करता है। इसके अलावा, सुप्रीम कोर्ट का"
878,अमेरिका में जलवायु परिवर्तन नीति और राजनीतिक प्रभाव,"अमेरिका में जलवायु परिवर्तन के मुद्दे एक गंभीर रूप से समझे जा रहे हैं। इसके प्रमुख कारणों में जलवायु परिवर्तन के असर, वन्यजीव संरक्षण, जलवायु ऊर्जा के उपयोग और जलवायु परिवर्तन के सामाजिक पहलुओं को ध्यान में रखना शामिल है।

अमेरिका ने पारिस समझौते के तहत अपने उद्देश्यों को साझा किया है जिसमें जलवायु परिवर्तन के प्रति संवेदनशीलता और उसके प्रतिबंध के लिए कठोर कानूनों का समर्थन शामिल है। इसके साथ ही, अमेरिका ने जलवायु परिवर्तन के खिलाफ अपनी राष्ट्रीय नीतियों को मजबूत बनाने के लिए कई पहल की है।

जलवायु परिवर्तन क"
879,अमेरिका में जलवायु परिवर्तन नीति और राजनीतिक प्रभाव,"अमेरिका में जलवायु परिवर्तन नीति और राजनीतिक प्रभाव

जलवायु परिवर्तन एक गंभीर विषय है जिसका असर अमेरिका के विभिन्न क्षेत्रों में महसूस हो रहा है। अमेरिका ने पिछले कुछ दशकों में जलवायु परिवर्तन को गंभीरता से लिया है और इस पर नीतियों का विकास किया है।

अमेरिका ने पेरिस समझौते में शामिल होने के लिए प्रतिबद्धता जताई है और अपने उत्पादन को कम कार्बन प्रदर्शन वाले उत्पादन में बदलने की कार्रवाई की है। इसके अलावा, अमेरिका ने प्रदूषण नियंत्रण, ऊर्जा उत्पादन में योजनाएं और वन्यजीव संरक्षण की पहल की है।

जलवायु परिवर्तन के"
880,अमेरिका में मतदाता अधिकार और चुनाव सुधार,"अमेरिका में मतदाता अधिकार और चुनाव सुधार के मुद्दे विवादित और महत्वपूर्ण हैं। यहाँ कुछ मुख्य चुनाव सुधार के विषयों पर चर्चा की जा रही है।

पहले, मतदाताओं के अधिकार का सुनिश्चित करना अत्यधिक महत्वपूर्ण है। इसका मतलब है कि सभी नागरिकों को चुनाव में भाग लेने का अधिकार होना चाहिए, और उन्हें किसी भी कारण से इससे वंचित नहीं किया जाना चाहिए। इसके लिए विभिन्न उपायों का अनुसरण किया जाना चाहिए, जैसे कि ऑनलाइन रजिस्ट्रेशन, अवकाशी प्रतिशत, और विभिन्न भाषाओं में मतदाता की सुविधा।

दूसरे, चुनावी प्रक्रिया में पारदर्शिता औ"
881,अमेरिका में गन कंट्रोल नीति पर बहस,"अमेरिका में गन कंट्रोल एक बहुत चर्चित और विवादास्पद विषय है। गन कंट्रोल का मतलब है गन्नों के प्रयोग को नियंत्रित करना ताकि अवैध गन धारकों की संख्या कम हो और दरिंदगी की घटनाएं कम हों। अमेरिका में गन कंट्रोल प्रशासनिक, सामाजिक, राजनीतिक और मानसिक स्तर पर विवादित है।

एक ओर गन कंट्रोल के पक्ष में यह दावा किया जाता है कि गन कंट्रोल कानूनों की मदद से जनसंख्या को हिंसा और अपराधों से बचाया जा सकता है। वे मानते हैं कि यदि अवैध गन संचालन को रोक दिया जाए तो दरिंदगी की घटनाएं कम होंगी।

दूसरी ओर, गन कंट्रोल के विरोधी यह"
882,डेमोक्रेटिक और रिपब्लिकन पार्टियों के बीच मुख्य अंतर,"अमेरिकन राजनीति में डेमोक्रेटिक और रिपब्लिकन पार्टियाँ दो मुख्य राजनीतिक दल हैं। ये दोनों पार्टियाँ अपनी विचारधारा, नीतियाँ और मूल्यों में भिन्न होती हैं।

डेमोक्रेटिक पार्टी एक केंद्रवामी दल है जो अधिकांश विषयों पर लिबरल दृष्टिकोण रखता है। यह पार्टी आमतौर पर सामाजिक न्याय, जनस्वास्थ्य, पर्यावरण, शिक्षा और आर्थिक समानता के पक्षधर है। डेमोक्रेट्स आमतौर पर सरकारी अधिकार का समर्थन करते हैं और अधिकांश मामलों में नए कानूनों और नीतियों की आवश्यकता मानते हैं।

वहीं, रिपब्लिकन पार्टी एक दाएं केंद्रीय दल ह"
884,अमेरिका में हेल्थकेयर नीति: ओबामाकेयर बनाम निजीकरण,"अमेरिका में हेल्थकेयर सिस्टम ने वर्षों से लोगों के बीमारियों के इलाज की चिंता में बदलाव किए हैं। इसके बारे में दो मुख्य दृष्टिकोण हैं - एक ओबामाकेयर नीति और दूसरा है निजीकरण। 

ओबामाकेयर नीति 2010 में लागू हुई थी और इसका मुख्य उद्देश्य सभी अमेरिकी नागरिकों को सस्ती और उचित स्वास्थ्य सुविधाएं प्रदान करना था। इसने बीमारियों के इलाज की उपलब्धता में सुधार किया और दरिद्रता के कारण हेल्थकेयर उपलब्ध नहीं होने के समाधान के लिए कई प्रावधान शामिल किए। 

विपक्ष में, निजीकरण के पक्ष में यह दावा किया गया है कि निजी सेक्टर में स्व"
883,अमेरिका में नस्लीय न्याय और राजनीतिक सुधार,"अमेरिका में नस्लीय न्याय और राजनीतिक सुधार एक गंभीर और महत्वपूर्ण विषय है। नस्लवाद और जातिवाद के खिलाफ लड़ाई देश के इतिहास में एक लम्बी और कठिन यात्रा रही है। अमेरिकन सोसाइटी में नस्लीय भेदभाव को खत्म करने के लिए कई कदम उठाए गए हैं।

क्रांतिकारी संविधान के द्वारा नस्लीय न्याय को सुनिश्चित करने का प्रयास किया जा रहा है। इसके अलावा, सुप्रीम कोर्ट ने विभिन्न ऐतिहासिक फैसलों में नस्लीय अन्याय के खिलाफ अपनी भूमिका निभाई है। चुनावी प्रक्रियाओं में भी नस्लीय भेदभाव को खत्म करने के लिए कई सुधार किए गए हैं।

र"
885,डेमोक्रेटिक और रिपब्लिकन पार्टियों के बीच मुख्य अंतर,"अमेरिकी राजनीति में डेमोक्रेटिक और रिपब्लिकन पार्टियाँ दो मुख्य राष्ट्रीय पार्टियाँ हैं, जो देश के राजनीतिक परिदृश्य को दो विभाजित करती हैं। ये दोनों पार्टियाँ इडियोलॉजी, नीतियों और मूल्यों में विभिन्नताएँ रखती हैं।

डेमोक्रेटिक पार्टी विशेष रूप से समाजवादी, प्रगतिशील और व्यापक दृष्टिकोण वाली पार्टी है। इसके मूल्यों में समाज की सुरक्षा, सामाजिक न्याय, आर्थिक समानता और पर्यावरण के प्रति संवेदनशीलता शामिल हैं। डेमोक्रेटिक पार्टी आम तौर पर राज्य के भरपूर समर्थन, स्वास्थ्य सेवाएं, शिक्षा और सार्वजनिक सुरक्षा के"
887,अमेरिका में गन कंट्रोल नीति पर बहस,"अमेरिका में गन कंट्रोल नीति पर बहस देश के विभिन्न सामाजिक और राजनीतिक दलों के बीच एक बहुचर्चित विषय है। वास्तव में, गन कंट्रोल समर्थक और विरोधी दोनों तरफ अपने-अपने तर्क देते हैं।

गन कंट्रोल समर्थक यह मानते हैं कि गन कंट्रोल की नीतियों के माध्यम से हिंसा और अपराधों को कम किया जा सकता है। वे यह भी समझते हैं कि सख्त गन कंट्रोल कानून बेहतर सुरक्षा सुनिश्चित कर सकते हैं और दरिद्रता को कम करने में मदद कर सकते हैं।

विरोधी दल कहते हैं कि गन कंट्रोल कानूनों से केवल कानून-अवरुद्ध लोग ही प्रभावित होंगे और अपराध वाले उन कानूनों का"
886,अमेरिकी सीनेट और हाउस ऑफ रिप्रेजेंटेटिव्स की भूमिका,"अमेरिकी संघीय सरकार का एक महत्वपूर्ण हिस्सा सीनेट और हाउस ऑफ रिप्रेजेंटेटिव्स है। सीनेट, जिसमें हर राज्य के दो प्रतिनिधि होते हैं, संघीय कानूनों को बनाने और संशोधित करने के लिए जिम्मेदार है। यहाँ तक कि सीनेट की महत्वपूर्ण भूमिका है कानूनों को मान्यता देने के लिए भी। एक व्यक्ति सीनेट के सदस्य कैसे बनता है, इसके लिए कई मापदंड हैं जैसे कि उम्र, नागरिकता, और रहने की स्थिति।

हाउस ऑफ रिप्रेजेंटेटिव्स की सदस्यों की संख्या राज्यों के आधार पर तय की जाती है और उनका मुख्य कार्य है जनता के मुद्दों पर विचार करना और संशोधन प्रस्त"
888,अमेरिका में मतदाता अधिकार और चुनाव सुधार,"अमेरिका में मतदाता अधिकार और चुनाव सुधार के मुद्दे काफी महत्वपूर्ण हैं। चुनाव सुधार को लेकर विभिन्न संगठनों और राजनीतिक दलों के बीच विवाद होता रहता है। इसके बावजूद, चुनाव सुधार के लिए कई कदम उठाए गए हैं।

मतदाताओं के अधिकार की सुरक्षा के लिए कई कानून बनाए गए हैं। यहाँ तक कि मतदाताओं को अपने पहचान को सुरक्षित रखने के लिए भी कई तकनीकी उपाय अपनाए गए हैं। इसके साथ ही, चुनाव कमिशन ने विभिन्न तकनीकी उपायों को भी अपनाया है जिससे चुनाव प्रक्रिया में पारदर्शिता और सुरक्षा बढ़ाई जा सके।

चुनाव सुधार के लिए नए"
889,अमेरिकी विदेश नीति: चीन और रूस के साथ संबंध,"अमेरिका की विदेश नीति एक महत्वपूर्ण विषय है जिसपर दुनिया की नजरें रहती हैं। विशेषकर, अमेरिका के संबंध चीन और रूस के साथ दुनिया के लिए महत्वपूर्ण हैं।

चीन के साथ अमेरिका के संबंध मिश्रित हैं। दोनों देशों के बीच ट्रेड और विपणन के क्षेत्र में तनाव रहता है, लेकिन उनके साथ सहयोग भी होता है। चीन के व्यापारिक उत्थान ने दुनिया भर में आर्थिक परिवर्तन किया है और इसका असर अमेरिका पर भी पड़ रहा है।

दूसरी ओर, अमेरिका के संबंध रूस के साथ भी अधिक तनावपूर्ण हैं। दोनों देशों के बीच राजनीतिक, सैन्यिक और आर्थिक मुद्दो"
891,अमेरिकी राजनीति में लॉबिंग और उसका प्रभाव,"लॉबिंग एक प्रमुख तकनीक है जिसे शक्तिशाली व्यक्तियों या समूहों द्वारा राजनीतिक प्रक्रियाओं पर प्रभाव डालने के लिए प्रयोग किया जाता है। अमेरिकी राजनीति में लॉबिंग एक महत्वपूर्ण भूमिका निभाता है और यहाँ पर विभिन्न दलों, कारगर उद्यमियों और अन्य समूहों द्वारा किया जाता है।

लॉबिंग के जरिए व्यक्तियों या समूहों का लक्ष्य राजनीतिक निर्णयों पर प्रभाव डालना होता है। इसका सीधा परिणाम है कि निर्णय अक्सर लॉबी करने वाले समूह के हित में होता है। यह अमेरिकी राजनीति में धन के माध्यम से ताकत का प्रमुख स्त्रोत बन गया है।

लॉ"
892,अमेरिका की आर्थिक नीति और राजनीतिक विवाद,"अमेरिका की आर्थिक नीति और राजनीतिक विवाद दुनिया भर में महत्वपूर्ण हैं। अमेरिकी आर्थिक नीति और राजनीतिक विवाद का मुख्य केंद्र उसकी अर्थव्यवस्था पर है, जिसमें उच्च आय और निरंतर सुधार की चुनौतियां हैं।

अमेरिका में आर्थिक नीति के मुख्य उद्देश्यों में विकास, रोजगार और उत्पादकता को बढ़ावा देना शामिल है। आर्थिक नीति में कर, निर्यात और आंतरिक वितरण की महत्वपूर्ण भूमिका होती है। हाल ही में, अमेरिकी सरकार ने अपने कर नीति में सुधार किए हैं ताकि व्यापारिक गतिविधियों को बढ़ावा मिल सके।

राजनीतिक विवादों का अमेर"
893,डेमोक्रेटिक और रिपब्लिकन पार्टियों के बीच मुख्य अंतर,"अमेरिका में डेमोक्रेटिक और रिपब्लिकन पार्टियां दो मुख्य राजनीतिक पार्टियां हैं जो देश की राजनीति में महत्वपूर्ण भूमिका निभाती हैं। ये दोनों पार्टियां अपने विचारों और नीतियों में कई अंतर हैं।

डेमोक्रेटिक पार्टी अमेरिका में वामपंथी विचारधारा को प्रतिनिधित्व करती है। यह पार्टी आमतौर पर सामाजिक सुरक्षा, स्वास्थ्य देखभाल, शिक्षा, और पर्यावरण के मुद्दों पर ध्यान केंद्रित करती है। डेमोक्रेट्स आमतौर पर सामाजिक समानता और समरसता की बात करते हैं।

वहीं, रिपब्लिकन पार्टी अमेरिका में दक्षिणपंथी विचारधारा को प्रतिनिधित्व करती है"
890,अमेरिकी विदेश नीति: चीन और रूस के साथ संबंध,"अमेरिकी विदेश नीति एक महत्वपूर्ण विषय है जिसपर विश्व की ध्यान केंद्रित होता है। विशेष रूप से चीन और रूस के साथ अमेरिकी संबंध दुनिया के लिए महत्वपूर्ण हैं।

चीन एक बड़ी अर्थव्यवस्था और विश्व की दूसरी सबसे बड़ी शक्ति है। अमेरिका और चीन के बीच आर्थिक संबंध गहरे हैं, लेकिन तकनीकी और व्यापारिक विवादों के बीच तनाव रहता है। अमेरिका ने चीन की साइबर हमलों, ट्रेड वॉर्स और विचारशीलता के मुद्दों पर नजर रखी है। दोनों देशों के बीच द्विपक्षीय संबंध महत्वपूर्ण हैं और दुनिया की राजनीतिक और आर्थिक दृष"
894,अमेरिकी राजनीति में लॉबिंग और उसका प्रभाव,"लॉबिंग अमेरिकी राजनीति में एक महत्वपूर्ण भूमिका निभाता है। यह एक प्रक्रिया है जिसमें व्यापार, सामाजिक संगठन और अन्य समूह अपने हितों के लिए निर्णयकर्ताओं या निर्णायक संस्थाओं को प्रभावित करने के लिए काम करते हैं। लॉबिस्ट्स राजनेताओं को विभिन्न मुद्दों पर संदेश पहुँचाते हैं और उनके समर्थन या विरोध के लिए प्रयास करते हैं।

अमेरिकी राजनीति में लॉबिंग का प्रभाव प्रमुखतः तीन क्षेत्रों पर दिखाई देता है। पहला, यहाँ लॉबिस्ट्स नए कानूनों या नीतियों के लिए अधिकारियों को प्रेरित करते हैं। दूसरा, वे विभिन्न समूहों के"
895,अमेरिका में हेल्थकेयर नीति: ओबामाकेयर बनाम निजीकरण,"अमेरिका में हेल्थकेयर नीति एक बहुत महत्वपूर्ण और विवादास्पद विषय है। जब राष्ट्रपति बाराक ओबामा ने 2010 में Affordable Care Act (ACA), जिसे ओबामाकेयर के नाम से भी जाना जाता है, को लागू किया, तो इसने अमेरिकन हेल्थकेयर क्षेत्र में क्रांति लाने का प्रयास किया। इस नीति के जरिए, लाखों अमेरिकी नागरिकों को सस्ते और पहुंचने वाले स्वास्थ्य बीमा की सुविधा प्रदान की गई।

हालांकि, ओबामाकेयर को लेकर विपक्ष ने कई सवाल उठाए। वे इसे अधिक व्ययकर और सरकारी हस्तक्षेप मानते थे। उनका मानना था कि निजी बीमा कंपनियों को इस प्रक्रिया में ज्यादा सहयोग देना चाहिए"
896,अमेरिकी राष्ट्रपति चुनाव प्रणाली: एक विस्तृत विश्लेषण,"अमेरिका में राष्ट्रपति चुनाव प्रणाली एक व्यापक और जटिल प्रक्रिया है जिसमें नागरिकों का सार्वजनिक समर्थन प्राप्त किया जाता है। यह प्रक्रिया कई चरणों में संभावित उम्मीदवारों को निर्धारित करती है, और उन्हें राष्ट्रपति पद के लिए प्रतिस्थापित करती है।

पहला चरण है पार्टी की प्राथमिक चुनाव, जिसमें प्रत्येक पार्टी अपने उम्मीदवारों को चुनती है। इसके बाद, प्राथमिक चुनावों में प्रदर्शनशीलता, राजनीतिक अनुभव, नीतियों और सार्वजनिक व्यवहार के आधार पर उम्मीदवारों को दल द्वारा चुना जाता है।

दूसरा चरण है राष्ट्रपति उम्मीदवारों"
897,डेमोक्रेटिक और रिपब्लिकन पार्टियों के बीच मुख्य अंतर,"डेमोक्रेटिक और रिपब्लिकन पार्टियां संयुक्त राज्य अमेरिका की दो प्रमुख राजनीतिक पार्टियां हैं, जो वहाँ की राजनीतिक परिवेश में महत्वपूर्ण भूमिका निभाती हैं। ये दोनों पार्टियां अपनी विचारधारा और नीतियों में कई अंतर रखती हैं।

डेमोक्रेटिक पार्टी वामपंथी मतधारा की पार्टी है, जो सामाजिक और आर्थिक समानता, पर्यावरण संरक्षण, स्वास्थ्य और शिक्षा के विस्तार जैसे मुद्दों पर जोर देती है। डेमोक्रेट्स आमतौर पर सरकारी इंवेस्टमेंट और सामाजिक प्रोग्रामों के बढ़ने की ओर प्रवृत्त होते हैं।

वहीं, रिपब्लिकन पार्टी दक्षिणपंथी मत"
898,अमेरिकी सीनेट और हाउस ऑफ रिप्रेजेंटेटिव्स की भूमिका,"अमेरिकी सीनेट और हाउस ऑफ रिप्रेजेंटेटिव्स दोनों ही संसदीय संस्थाएं हैं जो संयुक्त राज्य अमेरिका की संविधानिक व्यवस्था में महत्वपूर्ण भूमिका निभाती हैं।

सीनेट, जिसे कमरा के रूप में भी जाना जाता है, प्रत्येक राज्य से दो सदस्यों का प्रतिनिधित्व करता है। यह सदस्यों का अधिकार होता है कि वे अपने राज्य के हित में निर्णय लें और राष्ट्र के महत्वपूर्ण मुद्दों पर विचार-विमर्श करें। सीनेट की सदस्यों की संख्या 100 होती है।

हाउस ऑफ रिप्रेजेंटेटिव्स, जिसे सिर्फ ""हाउस"" के रूप में भी जाना जाता है, लोकतंत्रिक रूप से चुने गए प्रतिनिधियो"
899,अमेरिका में गन कंट्रोल नीति पर बहस,"अमेरिका में गन कंट्रोल एक बहुत ही विवादास्पद विषय है। यहां गन कंट्रोल के पक्ष और विरोध में दो बड़ी धाराएं हैं। एक ओर उन लोगों का मानना है कि गन कंट्रोल की प्रक्रिया से अमेरिकी समाज में गुंडागर्दी और हिंसा कम हो सकती है। दूसरी ओर विरोधी धारा यह मानती है कि गन कंट्रोल अधिकांश नियमन समस्याओं का समाधान नहीं है, बल्कि यह नियमित नागरिकों के हक को कम करने की कोशिश है।

इस मुद्दे पर अमेरिकी समाज में गहरी विभाजन दिखाई देता है। कुछ लोग मानते हैं कि अधिक सख्त गन कंट्रोल नीतियां लागू की जानी चाहिए, जिससे जनता की सुरक्षा में सुधार ह"
900,अमेरिका में नस्लीय न्याय और राजनीतिक सुधार,"अमेरिका में नस्लीय न्याय (racial justice) और राजनीतिक सुधार (political reform) दोनों बहुत महत्वपूर्ण विषय हैं। नस्लीय न्याय का मतलब है समाज में सभी लोगों के समान अधिकार और सुरक्षा की सुनिश्चिति करना। अमेरिका में नस्लीय न्याय के मुद्दे ऐतिहासिक रूप से महत्वपूर्ण रहे हैं, और आज भी इस पर अधिकारिक और सामाजिक स्तर पर चर्चा होती रहती है।

नस्लीय न्याय के लिए राजनीतिक सुधार भी जरूरी है। इसके लिए निर्वाचनी प्रक्रियाओं को और भी ट्रांसपेरेंट और निष्पक्ष बनाने की आवश्यकता है। नस्लीय न्याय के लिए समर्पित कानूनी और सामाजिक नीतियों की अमेरिकी सरक"
903,अमेरिकी सीनेट और हाउस ऑफ रिप्रेजेंटेटिव्स की भूमिका,"अमेरिकी संघीय सरकार में सीनेट और हाउस ऑफ रिप्रेजेंटेटिव्स (संसद) दोनों ही महत्वपूर्ण संस्थाएं हैं। संसद की उपस्थिति के कारण अमेरिका गणराज्य के भिन्न-भिन्न पहलुओं का प्रतिनिधित्व करने में सक्षम होता है।

सीनेट अमेरिका की सबसे ऊंची नीति निर्धारण संस्था है और इसमें प्रत्येक राज्य से दो सीनेटर होते हैं, जो कि राज्य के लोगों के प्रतिनिधित्व करते हैं। सीनेट निर्धारण और नीति निर्माण के मामले में बहुत महत्वपूर्ण भूमिका निभाता है।

हाउस ऑफ रिप्रेजेंटेटिव्स कांग्रेस की दूसरी सदस्यता है और इसमें सदस्यों की संख्या राज्य की आबादी"
901,अमेरिकी राजनीति में लॉबिंग और उसका प्रभाव,"लॉबिंग एक कूटनीतिक प्रक्रिया है जिसमें संगठनों या व्यक्तियों द्वारा सरकारी नीतियों और निर्णयों पर प्रभाव डालने का प्रयास किया जाता है। अमेरिकी राजनीति में लॉबिंग एक बहुत बड़ा और महत्वपूर्ण भूमिका निभाता है। यहां कई प्रकार के लॉबिस्ट्स हैं जो विभिन्न समूहों या उद्यमों के हितों की रक्षा करने के लिए काम करते हैं।

लॉबिंग के माध्यम से वे सांसदों और अधिकारियों को अपने स्थान को समझाने के लिए प्रयास करते हैं और उन्हें अपने सुझावों की समर्थन करने के लिए प्रेरित करते हैं। लॉबिस्ट्स अक्सर धन या शक्ति के स्रोत के रूप में क"
902,अमेरिका में सुप्रीम कोर्ट की भूमिका और प्रभाव,"अमेरिका में सुप्रीम कोर्ट एक महत्वपूर्ण संवैधानिक संस्था है जिसका मुख्य कार्य संविधान के अनुरूप कानूनी मुद्दों पर न्याय करना है। सुप्रीम कोर्ट को अमेरिकी राजद्वारा स्थापित किया गया है और इसका मुख्य उद्देश्य यह है कि यह संविधान की रक्षा और उसके प्रावधानों का पालन करें।

सुप्रीम कोर्ट का प्रभाव अमेरिकी राजनीति और कानूनी प्रणाली पर गहरा पड़ता है। यह न केवल संविधान की मान्यता को बनाए रखने में मदद करता है, बल्कि यह निर्णय लेता है जो देश भर में लोकप्रियता प्राप्त करते हैं। सुप्रीम कोर्ट के निर्णय भारतीय समाज के व्यक्तिगत और नागर"
904,अमेरिका में हेल्थकेयर नीति: ओबामाकेयर बनाम निजीकरण,"अमेरिका में हेल्थकेयर नीति एक चरमपंथी विषय है जिसने विभाजित राष्ट्रिय मताधिकारों को उत्पीड़ित किया है। ओबामाकेयर अधिनियम, जिसे अमेरिका के 44वें राष्ट्रपति बराक ओबामा ने 2010 में पारित किया था, एक प्रयास था ताकि सभी अमेरिकी नागरिकों को स्वास्थ्य सुरक्षा की सुविधा प्रदान की जा सके। इस अधिनियम के द्वारा, स्वास्थ्य सुरक्षा की सुविधाएँ सभी के लिए उपलब्ध होनी चाहिए, अनाधिकृत अभिभावकों को शामिल करना होगा, और इसे संभली वाणिज्यिक रूप से व्यवस्थित करना होगा।

विपक्षी दलों ने इसे सुलझाव और कटौती के नाम पर निंदा की है और"
907,अमेरिका में सुप्रीम कोर्ट की भूमिका और प्रभाव,"सुप्रीम कोर्ट अमेरिका की सबसे ऊँची न्यायिक प्राधिकरण है जिसका मुख्य कार्य राष्ट्रीय स्तर पर कानूनी मामलों में न्याय दिलाना है। यह अमेरिकी संविधान की रक्षा करता है और उसे अनुभवी न्यायिकों द्वारा व्याख्यान किया जाता है। सुप्रीम कोर्ट के न्यायाधीशों का नियुक्ति अमेरिकी राष्ट्रपति द्वारा की जाती है और वे आत्मनिर्भर और निष्पक्ष होते हैं।

सुप्रीम कोर्ट की भूमिका अत्यंत महत्वपूर्ण है क्योंकि इसके निर्णयों का देशव्यापी प्रभाव होता है। यह कोर्ट संविधान की व्याख्या करती है, कानूनी मुद्दों पर निर्णय देती है और राष्ट्रीय स्तर"
906,अमेरिका की आर्थिक नीति और राजनीतिक विवाद,"अमेरिका की आर्थिक नीति और राजनीतिक विवाद विश्वास के विषय हैं। इस देश में दो प्रमुख दल हैं - गोपनीय और डेमोक्रेट्स, जो अपनी आर्थिक नीतियों में भिन्नता रखते हैं। जब एक दल सत्ता में होता है, तो वह अपनी आर्थिक नीतियों को लागू करने की कोशिश करता है।

गोपनीय दल अक्सर कम कर देने वाली करवाई को पसंद करता है, जैसे कि कर घटाना और व्यक्तिगत कर दर में कमी करना। वे बजट को कम रखने की कोशिश करते हैं और व्यापारिक संबंधों को बढ़ावा देते हैं। वे उच्च आय वर्ग के लोगों के लिए कर कम करने की दिशा में काम करते हैं।

वहीं, डेमोक्रेट"
905,अमेरिकी विदेश नीति: चीन और रूस के साथ संबंध,"अमेरिकी विदेश नीति में चीन और रूस के साथ संबंध की महत्वपूर्ण भूमिका है। इन तीनों देशों के बीच व्यापार, रक्षा, और राजनीति के क्षेत्र में गहरा संबंध है।

आधुनिक समय में चीन अमेरिका के लिए एक महत्वपूर्ण व्यापारिक साथी है, लेकिन रक्षा और टेक्नोलॉजी के क्षेत्र में चीन को एक चुनौती भी माना जाता है। अमेरिका ने चीन के साथ व्यापारिक संबंधों को बढ़ावा देने के साथ ही चीन के गतिविधियों को निगरानी में रखा है।

दूसरी ओर, रूस भी अमेरिका के लिए एक महत्वपूर्ण भूमिका निभाता है। दोनों देशों के बीच रक्षा, विज्ञान, और अं"
908,अमेरिकी सीनेट और हाउस ऑफ रिप्रेजेंटेटिव्स की भूमिका,"अमेरिकी संघीय संविधान के अनुसार, संयुक्त राज्य अमेरिका में संसद का दो भाग होता है - सीनेट और हाउस ऑफ रिप्रेजेंटेटिव्स। ये दोनों ही निर्वाचित सदस्यों से आगमन करने वाले संसदीय संस्थाएं हैं।

सीनेट अमेरिकी कांग्रेस का वरिष्ठ सदन है जिसमें हर राज्य से दो सांसद होते हैं, जिन्हें सीनेटर कहा जाता है। सीनेट में कुल 100 सीटें होती हैं और यहाँ पार्टी की बहुमत होती है। सीनेट के सदस्यों का कार्यकाल 6 वर्ष का होता है।

हाउस ऑफ रिप्रेजेंटेटिव्स अमेरिकी कांग्रेस का निम्न सदन है, जिसमें सदस्यों की संख्या राज्य की आबादी के आधार पर होती है।"
910,अमेरिकी राष्ट्रपति चुनाव प्रणाली: एक विस्तृत विश्लेषण,"अमेरिका में राष्ट्रपति चुनाव प्रणाली एक अनूठी प्रक्रिया है जिसमें लोकतंत्र के आधार पर राष्ट्रपति का चयन किया जाता है। अमेरिका में राष्ट्रपति का चयन प्रत्येक चार साल में एक बार होता है और यह चुनाव नवंबर महीने में होता है।

अमेरिका के राष्ट्रपति चुनाव प्रणाली में उम्मीदवारों को दो पक्षों के रूप में वर्गीकृत किया जाता है - गठबंधन और प्रतिष्ठान। गठबंधन और प्रतिष्ठान के अलावा भी कई छोटे दल होते हैं जो अपने उम्मीदवारों को प्रस्तुत करते हैं।

अमेरिका में राष्ट्रपति चुनाव प्रणाली का सबसे महत्वपूर्ण चरण राज्यों के प्राथमिक चुन"
909,अमेरिका में नस्लीय न्याय और राजनीतिक सुधार,"अमेरिका में नस्लीय न्याय और राजनीतिक सुधार एक महत्वपूर्ण और चुनौतीपूर्ण विषय है। नस्लीय न्याय का मतलब है व्यक्तियों को उनकी जन्म के आधार पर न्याय देना, जिससे वे समान अधिकारों और अवसरों का आनंद ले सकें। अमेरिका में नस्लीय न्याय के क्षेत्र में कई सुधार किए गए हैं, जैसे कि नस्लीय भेदभाव के खिलाफ कानून, समान वेतन के अधिकार, और नस्लीय असमानता के खिलाफ लड़ाई।

राजनीतिक सुधार भी अमेरिका में महत्वपूर्ण है। यह सुनिश्चित करना आवश्यक है कि सभी व्यक्तियों के अधिकार समान रूप से सुरक्षित हों और उन्हें समान अवस"
912,अमेरिका में अप्रवासन नीति और उसकी राजनीति,"अमेरिका में अप्रवासन नीति एक चरमपंथी और विवादास्पद विषय है। विभिन्न पक्षों और दलों के बीच इस पर अस्थायी और स्थायी बहसें होती रहती हैं। अप्रवासन नीति के पक्ष में रहने वाले वादियों का कहना है कि अप्रवासन केवल विधियों का पालन कर रहे लोगों के लिए है और यह उनकी सुरक्षा और देश की सुरक्षा के लिए महत्वपूर्ण है। दूसरी ओर, उन लोगों का कहना है जो इस नीति के खिलाफ हैं कि यह नीति मानवाधिकारों का उल्लंघन करती है और अप्रावस्य लोगों को निषेधित करती है।

अमेरिका में अप्रवासन नीति के पीछे विभिन्न कारण हो सकते हैं, जैसे आर्थिक हित, र"
911,अमेरिकी संविधान और उसकी राजनीति पर प्रभाव,"अमेरिकी संविधान एक महत्वपूर्ण दस्तावेज है जो अमेरिकी राज्यों और नागरिकों के अधिकारों और कर्तव्यों को सुनिश्चित करने के लिए बनाया गया है। यह संविधान अमेरिकी राजनीति पर गहरा प्रभाव डालता है और देश की नीतियों, न्यायप्रणाली और संविधानिक संरचना को निर्धारित करता है।

अमेरिकी संविधान ने लोकतंत्र की बुनियाद रखी है और नागरिकों को अपने अधिकारों की सुरक्षा और सुरक्षित रहने की गारंटी देता है। इसके अंतर्गत नागरिकों को व्यक्तिगत स्वतंत्रता, समानता और न्याय की गारंटी दी गई है। संविधान ने सरकार की शक्ति को सीमित रखा है और"
913,अमेरिका में अप्रवासन नीति और उसकी राजनीति,"अमेरिका में अप्रवासन नीति एक बहुत महत्वपूर्ण और विवादित विषय है। अप्रवासन नीति का मुख्य उद्देश्य अमेरिकी नागरिकों की रक्षा और सुरक्षा सुनिश्चित करना है। यह नीति विदेशी नागरिकों को अमेरिका में प्रवेश की अनुमति देने या इनके प्रवेश को रोकने के निर्देशों पर आधारित होती है।

अप्रवासन नीति अमेरिका में अंतर्राष्ट्रीय नीतियों, राजनीतिक धारणाओं, सामाजिक मान्यताओं और सुरक्षा की आवश्यकताओं पर निर्भर करती है। इस नीति को स्थायी और अस्थायी नौकायन की दृष्टि से विचार किया जाता है।

अमेरिका में अप्रवासन नीति के बारे में विवाद र"
914,अमेरिकी राष्ट्रपति चुनाव प्रणाली: एक विस्तृत विश्लेषण,"अमेरिका में राष्ट्रपति चुनाव का प्रक्रियात्मक प्रणाली एक व्यापक प्रक्रिया है जिसमें नागरिकों को अपने प्रतिनिधि का चयन करने का अधिकार होता है। यह प्रणाली चयनात्मक विधानसभा (Electoral College) के माध्यम से होती है जिसमें प्रत्येक राज्य को एक संख्या में वोट दी जाती है जो उस राज्य की आबादी और संघीय विधानसभा की सीटों के आधार पर तय की जाती है। जीतने के लिए राष्ट्रपति को कम से कम 270 वोटों की आवश्यकता होती है।

अमेरिकी राष्ट्रपति चुनाव में व्यक्ति एक पार्टी के उम्मीदवार के नाम पर वोट डालते हैं, लेकिन वास्तव में वे उन उम्मीदवारों को चुनने के ल"
915,अमेरिका की आर्थिक नीति और राजनीतिक विवाद,"अमेरिका की आर्थिक नीति और राजनीतिक विवाद विश्व के धरोहरी विषयों में से एक है। इस विषय पर अमेरिकी राजनीति में गहरी वाद-विवाद चल रहा है। एक ओर से राजनीतिक दल अपनी आर्थिक नीतियों को बढ़ावा दे रहे हैं, वहीं दूसरी ओर समर्थक इसे नकार रहे हैं।

अमेरिका में आर्थिक नीति पर विवाद के कुछ मुख्य कारण हैं, जैसे कर, व्यापार नीति, बाजारीय नीति, औद्योगिक नीति और राज्य के रोल की विवादित राजनीति। इन सभी मुद्दों पर राजनीतिक दलों के बीच विरोध देखने को मिलता है।

एक ओर, रिपब्लिकन पार्टी जो अक्सर बजट कटौती का समर्थन क"
916,अमेरिकी विदेश नीति: चीन और रूस के साथ संबंध,"अमेरिकी विदेश नीति का मुख्य लक्ष्य अमेरिका के राष्ट्रीय हितों की रक्षा करना है और विश्व शांति और सुरक्षा को बनाए रखना है। इस संदर्भ में अमेरिका के संबंध चीन और रूस के साथ विशेष महत्व रखते हैं।

चीन एक बड़े और शक्तिशाली देश है जिसका उदय हो रहा है। अमेरिका और चीन के बीच व्यापार संबंध बहुत महत्वपूर्ण हैं, लेकिन इसके बावजूद दोनों देशों के बीच कई मसले हैं। चीन की विस्तारवादी नीतियों और दक्षिण चीन सागर में उसकी दावेदारी के कारण दोनों देशों के बीच तनाव बढ़ रहे हैं।

अमेरिका और रूस के संबंध भी उत्त"
917,अमेरिकी मीडिया और राजनीति: निष्पक्षता बनाम ध्रुवीकरण,"अमेरिकी मीडिया और राजनीति के बीच निष्पक्षता बनाम ध्रुवीकरण एक महत्वपूर्ण और विवादास्पद विषय है। मीडिया का काम होता है समाचार और जानकारी को लोगों तक पहुंचाना, लेकिन जब मीडिया राजनीति में ध्रुवीकरण करने लगता है, तो यह निष्पक्षता को खतरे में डाल सकता है।

अमेरिकी मीडिया का दावा है कि वह निष्पक्ष है, लेकिन कई बार इसका विरोध किया गया है कि वे किसी विशेष धार्मिक, सामाजिक या राजनीतिक पक्ष का समर्थन करते हैं। इसके फलस्वरूप, ध्रुवीकरण की समस्या उत्पन्न होती है और लोगों में भ्रम उत्पन्न होता है।

राजनीति में मीडिया क"
918,डेमोक्रेटिक और रिपब्लिकन पार्टियों के बीच मुख्य अंतर,"अमेरिकी राजनीति में डेमोक्रेटिक और रिपब्लिकन पार्टियां दो मुख्य राजनीतिक दल हैं जो अमेरिकी जनता की रुचियों और मान्यताओं को प्रतिनिधित्व करते हैं। ये दोनों पार्टियां विभिन्न मुद्दों पर विचार करती हैं और उन्हें हल करने के लिए अलग-अलग दृष्टिकोण रखती हैं।

डेमोक्रेटिक पार्टी आम तौर पर विचारशीलता, सामाजिक न्याय, गरीबी की उन्नति, और वातावरणीय मुद्दों पर जोर देती है। इस पार्टी का पक्ष विभिन्न सामाजिक कार्यक्रमों, स्वास्थ्य और शिक्षा सेवाओं, और कानूनी अधिकारों के रक्षण पर है। वे आमतौर पर सरकारी व्यय को बढ़ाने का स"
919,अमेरिकी मीडिया और राजनीति: निष्पक्षता बनाम ध्रुवीकरण,"अमेरिका में मीडिया और राजनीति के बीच निष्पक्षता और ध्रुवीकरण के मुद्दे अहम रहे हैं। मीडिया की भूमिका है कि वह लोगों तक सही और विश्वसनीय समाचार पहुंचाए और समाज में जागरूकता फैलाए। लेकिन अमेरिकी मीडिया में निष्पक्षता की कमी और ध्रुवीकरण की भूमिका ने इस काम को मुश्किल बना दिया है।

राजनीति और मीडिया के बीच का संबंध अमेरिकी समाज में गहराई से जुड़ा हुआ है। राजनीतिक दलों और नेताओं को मीडिया के माध्यम से अपने संदेश को पहुंचाने का मौका मिलता है और मीडिया को भी खबरों को लोगों तक पहुंचाने का काम करना होता है। इस प्रक्रिय"
920,अमेरिकी राष्ट्रपति चुनाव प्रणाली: एक विस्तृत विश्लेषण,"अमेरिका में राष्ट्रपति चुनाव प्रक्रिया एक लम्बा और संवैधानिक प्रक्रिया है जो चुनावी महायुद्ध के रूप में जाना जाता है। यहां एक विस्तृत विश्लेषण है:

1. प्रारंभिक चरण: अमेरिकी राष्ट्रपति चुनाव प्रक्रिया की शुरुआत राज्यों में होने वाले प्राथमिक चरण से होती है, जिसे कैकसस या प्राथमिक चरण कहा जाता है। इसमें पार्टी के उम्मीदवारों के बीच मुकाबला होता है।

2. राष्ट्रीय सम्मेलन: विजेता उम्मीदवाद राष्ट्रीय सम्मेलन में जाते हैं, जहां पार्टी के नामांकन का फैसला होता है।

3. चुनावी महायुद्ध: राष्ट्रीय सम्मेलन के बाद, दो प्रमुख पार्ट"
921,अमेरिका में हेल्थकेयर नीति: ओबामाकेयर बनाम निजीकरण,"अमेरिका में हेल्थकेयर नीति एक दिवंगत विषय है जिसपर विभिन्न राजनीतिक दलों के बीच विवाद होता रहा है। एक पक्ष में ओबामाकेयर जैसी सरकारी नीति का समर्थन किया जाता है जबकि दूसरी ओर निजीकरण का समर्थन किया जाता है।

ओबामाकेयर के तहत तकनीकी उन्नति के साथ स्वास्थ्य सुविधाएं सभी नागरिकों के लिए सुलभ हो जाती हैं। इस नीति में अमेरिकी नागरिकों को स्वास्थ्य बीमा की सुविधा प्रदान की जाती है ताकि वे चिकित्सा सेवाओं का उपयोग कर सकें। इसके बावजूद, इसके समर्थक भी मानते हैं कि इसने सरकारी व्यय को बढ़ावा दिया है और अच्छी स्वास"
922,अमेरिका में सुप्रीम कोर्ट की भूमिका और प्रभाव,"सुप्रीम कोर्ट अमेरिका की सर्वोच्च न्यायिक संस्था है जो संविधान की व्याख्या और संरक्षण करती है। यह संस्था अमेरिकी संविधान द्वारा स्थापित की गई है और इसका मुख्य कार्य यह सुनिश्चित करना है कि संविधान के प्रावधानों का पालन हो रहा है।

सुप्रीम कोर्ट का महत्वपूर्ण कार्य है संविधानीय प्रश्नों को हल करना। इसके अलावा, यह अन्य न्यायिक मुद्दों पर भी निर्णय देता है। सुप्रीम कोर्ट के न्यायाधीशों की नियुक्ति जीवन भर की होती है जिससे वे स्वत: के राजनीतिक पक्ष के पक्षपात से दूर रहते हैं।

सुप्रीम कोर्ट के निर्णयों का प्रभाव अमेरिकी समाज पर अत्यध"
923,अमेरिका में मतदाता अधिकार और चुनाव सुधार,"अमेरिका में मतदाता अधिकार और चुनाव सुधार कानून का महत्वपूर्ण विषय है। यह उन नियमों और विधियों को समेटता है जो नागरिकों को उनके मतदान करने के अधिकारों की रक्षा करते हैं। मतदाता अधिकार उन अधिकारों का समुचित संग्रह है जो एक नागरिक को चुनाव में भाग लेने की स्वतंत्रता और इसके पूर्णता में भागीदारी सुनिश्चित करते हैं।

अमेरिका में मतदाता अधिकार के कई पहलु हैं, जैसे कि यह किसी भी नागरिक को चुनाव में भाग लेने का अधिकार देता है, उसके मतदान को गुप्त रखने की सुरक्षा प्रदान करता है, और मतदान केंद्रों के लिए सुविधाएं उपलब्ध करात"
924,अमेरिका की आर्थिक नीति और राजनीतिक विवाद,"अमेरिका की आर्थिक नीति और राजनीतिक विवाद दुनिया भर में उत्तेजना और चर्चाओं का केंद्र बन चुके हैं। विश्वास किया जाता है कि अमेरिका की आर्थिक स्थिति और नीतियाँ विश्व अर्थव्यवस्था पर बड़ा प्रभाव डालती हैं।

अमेरिका में आर्थिक नीति के मुख्य कारक शामिल हैं उद्योग, वित्तीय सेवाएं, और व्यापार। नई तकनीकी उत्पादों की विकास के साथ-साथ अमेरिका ने विश्व बाजार में अपनी उपस्थिति बढ़ाई है।

हाल ही में, अमेरिका में तरक्कीपसंद और उत्तरदायी आर्थिक नीति के मसलों पर राजनीतिक विवाद चल रहे हैं। विशेष रूप से शेयर बाजार के अस"
846,अमेरिकी राजनीति में लॉबिंग और उसका प्रभाव,"लॉबिंग एक प्रकार की प्रभावशाली राजनीतिक प्रक्रिया है जिसमें संगठित समूह या व्यक्ति अपने हितों की रक्षा करने के लिए निरंतर राजनीतिक नेताओं या निर्णायककर्ताओं से संपर्क में रहते हैं। अमेरिकी राजनीति में लॉबिंग एक महत्वपूर्ण भूमिका निभाता है और इसका प्रभाव भी व्यापक है।

लॉबिंग के माध्यम से हस्तक्षेप करने की क्षमता और समर्थन बढ़ जाता है, जिससे राजनीतिक निर्णयों पर स्पष्ट प्रभाव पड़ता है। लॉबिस्ट अपनी समस्याओं और मुद्दों को निर्दिष्ट करने के लिए नेताओं के साथ काम करते हैं और उन्हें अपने पक्ष को समझने और समर्थन प्राप्त"
925,अमेरिकी राष्ट्रपति चुनाव प्रणाली: एक विस्तृत विश्लेषण,"अमेरिका में राष्ट्रपति का चयन एक व्यापक और गणतांत्रिक प्रक्रिया है जो देश के नागरिकों की भागीदारी पर आधारित है। अमेरिकी राष्ट्रपति चुनाव प्रणाली के तीन मुख्य तत्व हैं: प्राथमिक चुनाव, चुनाव कॉलेज, और संयुक्त राष्ट्रपति-उपराष्ट्रपति चयन।

प्राथमिक चुनाव नवंबर के पहले मंगलवार को होता है, जिसमें नागरिक अपने पसंदीदा अभ्यर्थी को चुनते हैं। इस प्रक्रिया में खुले मतदान के तहत जनता का विचार जाना जाता है।

चुनाव कॉलेज एक विशेष संगठन है जो राष्ट्रपति और उपराष्ट्रपति का चयन करता है। चुनाव कॉलेज के सदस्यों को राज्यों के आध"
926,अमेरिका में सुप्रीम कोर्ट की भूमिका और प्रभाव,"सुप्रीम कोर्ट अमेरिका की सर्वोच्च न्यायिक अदालत है और यह देश के संविधान की रक्षा और निर्वाह करती है। सुप्रीम कोर्ट का मुख्य कार्य यह है कि वह संविधान के मानकों को रखे और उसके अनुरूप फैसले दे। सुप्रीम कोर्ट के न्यायाधीशों की नियुक्ति जीवन भरी होती है और उन्हें उच्च स्तरीय न्यायिक विषयों पर निर्णय देने की जिम्मेदारी होती है।

सुप्रीम कोर्ट का प्रभाव अमेरिकी समाज पर बहुत गहरा पड़ता है। इसके फैसले भारतीय समाज की भी कल्पना को प्रभावित करते हैं। सुप्रीम कोर्ट के फैसले व्यक्तिगत स्वतंत्रता, धार्मिक स्वतंत्रता, न्याय और समानता को ब"
928,अमेरिका में हेल्थकेयर नीति: ओबामाकेयर बनाम निजीकरण,"अमेरिका में हेल्थकेयर नीति एक बहुत ही महत्वपूर्ण और विवादास्पद विषय है। देश में स्वास्थ्य सेवाओं की पहुंच और उसकी गुणवत्ता से जुड़े तमाम मामलों को ध्यान में रखते हुए, विभिन्न सरकारी नीतियां और कानूनी प्रावधानों की जरूरत होती है। 

एक पक्ष से, ओबामाकेयर नीति ने स्वास्थ्य सुनिश्चित करने के लिए कई महत्वपूर्ण कदम उठाए, जैसे कि स्वास्थ्य बीमा कवरेज का विस्तार, पूर्वनिर्धारित स्वास्थ्य अवधि की वृद्धि, एवं गरीब और आर्थिक रूप से कमजोर वर्ग के लोगों के लिए सुविधाएं प्रदान करना। 

दूसरी ओर, निजीकरण के पक्ष में, विश"
927,अमेरिका में मतदाता अधिकार और चुनाव सुधार,"अमेरिका में मतदाता अधिकार और चुनाव सुधार एक महत्वपूर्ण विषय है जिसपर लगातार ध्यान दिया जा रहा है। चुनाव सुधार के लक्ष्य में मतदाताओं को सुविधाजनक और सुरक्षित वोट डालने की सुनिश्चित करना शामिल है। अमेरिका में कई मतदाता अधिकार कानून हैं जो विभिन्न वर्गों के लोगों को वोट डालने में मदद करते हैं।

चुनाव सुधार के तहत, कई नए प्रौद्योगिकी उपाय भी शामिल किए गए हैं। इनमें सुरक्षित इलेक्ट्रॉनिक वोटिंग मशीन, मतदाता कार्ड और इंटरनेट वोटिंग जैसे तकनीकी सुधार शामिल हैं। इन प्रौद्योगिकी उपायों से मतदाताओं"
929,डेमोक्रेटिक और रिपब्लिकन पार्टियों के बीच मुख्य अंतर,"अमेरिका में डेमोक्रेटिक और रिपब्लिकन पार्टियाँ दो प्रमुख राजनीतिक दल हैं जो देश की राजनीति में महत्वपूर्ण भूमिका निभाते हैं। ये दोनों पार्टियाँ अपनी विचारधारा, नीतियाँ और मिशन के माध्यम से अलग-अलग हैं।

डेमोक्रेटिक पार्टी विशेष रूप से प्रगतिशील और लिबरल नीतियों का पक्ष रखती है। यह पार्टी आम तौर पर समाजवादी, कार्यवाहीक, पर्यावरण संरक्षण और मानवाधिकारों के पक्ष में होती है। डेमोक्रेटिक पार्टी बढ़ती जनसंख्या, महिलाओं, और माइनॉरिटीज के हित में काम करने की दिशा में जानी जाती है।

वहीं, रिपब्लिकन पार्टी अधिक देशभ"
930,अमेरिका में हेल्थकेयर नीति: ओबामाकेयर बनाम निजीकरण,"अमेरिका में हेल्थकेयर नीति एक बहुत ही महत्वपूर्ण और विवादास्पद विषय है, जिसमें ओबामाकेयर और निजीकरण के पक्ष विरोध स्पष्ट रूप से आम जनता के सामने हैं।

ओबामाकेयर, जिसे अफ़ोर्डेबल केयर एक्ट के नाम से भी जाना जाता है, एक कोड़ है जिसने अमेरिकी स्वास्थ्य प्रणाली में क्रांति लाई। इस नीति के तहत, सभी अमेरिकी नागरिकों को स्वास्थ्य बीमा कवरेज की सुविधा प्रदान की गई। इसका उद्देश्य सभी के लिए स्वास्थ्य सुरक्षा उपलब्ध कराना था।

वहीं, निजीकरण के पक्ष में विचार किया जाता है कि स्वास्थ्य सेवाएं निजी कंपनियों द्वारा प्रदान की"
931,अमेरिकी राजनीति में लॉबिंग और उसका प्रभाव,"लॉबिंग अमेरिकी राजनीति में एक महत्वपूर्ण और प्रभावशाली कार्यक्रम है जिसके द्वारा व्यापक रूप से सरकारी नीतियों और निर्णयों पर प्रभाव डाला जाता है। लॉबिस्ट्स या लॉबिंग अधिकारियों का काम होता है सांसदों और सरकारी निर्णयकर्ताओं से मिलकर उनकी ध्यानाकर्षण और समर्थन प्राप्त करना। वे विभिन्न समुदायों, उद्योग और निगमों के पक्ष को रखते हैं और उनकी हितैषी बातचीत करते हैं।

लॉबिंग का प्रभाव अमेरिकी राजनीति में व्यापक है। लॉबिस्ट्स के द्वारा संगठित समुदायों और उद्योगों के हित के लिए नीतियों में परिवर्तन करने का"
933,अमेरिका में मतदाता अधिकार और चुनाव सुधार,"अमेरिका में मतदाता अधिकार और चुनाव सुधार के मामले में चिंताजनक स्थिति है। अमेरिका में चुनावी प्रक्रिया में तकनीकी खामियों के कारण चुनाव सुरक्षा और मतदाता अधिकारों को लेकर बहुत सारे सवाल उठ रहे हैं। विशेषकर, मतदाताओं के व्यक्तिगत डेटा की सुरक्षा एक बड़ी चुनौती है।

इस समस्या का हल ढूंढने के लिए, अमेरिकन सरकार और गैर-सरकारी संगठनों के बीच साझेदारी बढ़ानी चाहिए। सुरक्षित इलेक्शन इन्फ्रास्ट्रक्चर और साइबर सुरक्षा के लिए नवाचारी तकनीक का उपयोग करना जरूरी है। विशेषकर, डिजिटल मतदान के लिए सुरक्षा स्थापित करने में ज"
932,अमेरिका में गन कंट्रोल नीति पर बहस,"अमेरिका में गन कंट्रोल एक विवादास्पद और उलझनयुक्त विषय है। एक ओर, इसे गुणसूची अधिकार के साथ जोड़ा जाता है, जबकि दूसरी ओर यह गुनास्तरण को कम करने का प्रयास है। अमेरिका में गन कंट्रोल के पक्ष में हैं कि गन कंट्रोल नीतियां गुनास्तरण को कम करके हिंसा को रोक सकती हैं, जबकि विरोधी पक्ष यह कहते हैं कि यह नीतियां नियंत्रण के साथ नागरिकों के अधिकारों को उल्लंघन करती हैं।

गन कंट्रोल के पक्ष में यह भी विचार किया जाता है कि इससे आतंकवाद की घटनाओं को रोका जा सकता है, साथ ही देश में अपराध को कम किया जा सकता है। एक और दृष्टिको"
934,अमेरिका में हेल्थकेयर नीति: ओबामाकेयर बनाम निजीकरण,"अमेरिका में हेल्थकेयर नीति एक बहुत ही विवादित और महत्वपूर्ण विषय है, जिसमें दो प्रमुख धाराएं हैं - ओबामाकेयर और निजीकरण। ओबामाकेयर अधिनियम, जिसे अमेरिकी राष्ट्रपति बाराक ओबामा ने 2010 में पारित किया था, एक सस्ती स्वास्थ्य सेवा प्रणाली प्रदान करने का प्रयास है। इस अधिनियम के द्वारा, अमेरिकी नागरिकों को स्वास्थ्य बीमा कवरेज की उपलब्धता में सुधार किया गया है।

दूसरी ओर, निजीकरण एक प्रणाली है जिसमें स्वास्थ्य सेवाओं को निजी कंपनियों द्वारा प्रबंधित किया जाता है। निजीकरण का मुख्य उद्देश्य लाभ की वृद्धि और प्रदान की"
935,अमेरिकी संविधान और उसकी राजनीति पर प्रभाव,"अमेरिकी संविधान एक महत्वपूर्ण दस्तावेज है जो संयुक्त राज्य अमेरिका की संरचना और शासन की मुख्य धाराओं को परिभाषित करता है। इसे 1787 में बनाया गया था और यह आज तक अमेरिकी राजनीति और समाज में महत्वपूर्ण भूमिका निभा रहा है।

अमेरिकी संविधान का प्रमुख उद्देश्य लोकतंत्र की सुरक्षा और स्थायित्व सुनिश्चित करना है। इसमें व्यवस्था के विभिन्न अंगों की विभाजन और बल संतुलन के माध्यम से सरकार की अधिकारों की सीमाओं का पालन किया गया है। इसके द्वारा नागरिकों की स्वतंत्रता और अधिकारों की सुरक्षा सुनिश्चित की गई है।

अमेरिकी संविधान का प्र"
936,अमेरिकी संविधान और उसकी राजनीति पर प्रभाव,"अमेरिकी संविधान एक ऐतिहासिक दस्तावेज है जो संयुक्त राज्य अमेरिका की राजनीति और समाज को प्रभावित करने में महत्वपूर्ण भूमिका निभाता है। यह संविधान एक संविदानिक दस्तावेज है जो नागरिकों के अधिकार और कर्तव्यों को स्थापित करता है और सरकार की शक्तियों को सीमित करता है।

अमेरिकी संविधान का मौलिक उद्देश्य नागरिकों के स्वतंत्रता, समानता, और न्याय को सुनिश्चित करना है। इसके द्वारा सरकार की शक्तियों को बाँटने और संरक्षित करने का प्रणाली स्थापित किया गया है। विभिन्न प्रभावशाली धाराएं, जैसे कि संघीयता, विभाजन और निर्वाचन प्रक्रिया,"
937,अमेरिकी मीडिया और राजनीति: निष्पक्षता बनाम ध्रुवीकरण,"अमेरिकी मीडिया और राजनीति के बीच निष्पक्षता और ध्रुवीकरण के मुद्दे एक बहुत महत्वपूर्ण विषय हैं। आजकल, मीडिया की भूमिका राजनीति में बहुत महत्वपूर्ण है और यह देश की जनता को जानकारी प्रदान करने का माध्यम है।

निष्पक्षता का मतलब है कि मीडिया को सच्चाई और न्याय के प्रति समर्पित रहना चाहिए। एक निष्पक्ष मीडिया उसके द्वारा प्रस्तुत की गई जानकारी को सत्यापित करने में विश्वासी होती है और नागरिकों को सही और सटीक जानकारी प्रदान करती है। विपक्ष में उनकी नजर सामाजिक न्याय, राष्ट्रिय हित और सत्य की प्राथमिकता पर होनी चाहिए।

विपक्ष में,"
938,अमेरिका में जलवायु परिवर्तन नीति और राजनीतिक प्रभाव,"अमेरिका में जलवायु परिवर्तन नीति और राजनीतिक प्रभाव के बारे में चर्चा एक महत्वपूर्ण विषय है। अमेरिका ने विश्व के लिए जलवायु परिवर्तन को गंभीरता से लिया है और कई नीतियों को अपनाया है। ज्ञात है कि अमेरिका दुनिया का एक महत्वपूर्ण प्रदूषण उत्पादक है और इसके परिणामस्वरूप जलवायु परिवर्तन के कारणों में से एक माना जाता है।

अमेरिका में जलवायु परिवर्तन से निपटने के लिए कई नीतियां बनाई गई हैं, जैसे कि पारिस समझौता जिसमें अमेरिका ने अपने उत्पादन और उद्योग को कम करने के लिए प्रतिबद्धता जताई है। इसके अलावा, अमेरिका न"
939,अमेरिका में अप्रवासन नीति और उसकी राजनीति,"अमेरिका में अप्रवासन नीति एक महत्वपूर्ण राजनीतिक मुद्दा है जिसपर विभिन्न पक्ष अलग-अलग दृष्टिकोण रखते हैं। अमेरिका के इतिहास में अप्रवासन नीति ने हमेशा हलचल मचाई है और यह एक विवादास्पद विषय रहा है।

अमेरिका में अप्रवासन नीति के पक्ष और विपक्ष दोनों होते हैं। कुछ लोग इसे आर्थिक और सामाजिक दृष्टिकोण से देखते हैं और मानते हैं कि अप्रवासन से देश की अर्थव्यवस्था पर नकारात्मक प्रभाव पड़ता है। वहीं दूसरी ओर कुछ लोग मानते हैं कि अप्रवासन के लिए खुली प्रवृत्ति होनी चाहिए और यह एक स्वतंत्रता का मुद्दा है।

"
941,अमेरिका में मतदाता अधिकार और चुनाव सुधार,"
अमेरिका में मतदाता अधिकार और चुनाव सुधार एक महत्वपूर्ण विषय है जिसपर अक्सर विवाद होता है। मतदाताओं के अधिकार को सुनिश्चित करना एक स्थिर और निष्पक्ष चुनाव प्रक्रिया के लिए अत्यंत महत्वपूर्ण है। इस संदर्भ में, अमेरिकी संविधान ने मतदाताओं को अपने हक का रक्षण करने के लिए कई अधिकार प्रदान किए हैं।

चुनाव सुधार में अमेरिका ने कई कदम उठाए हैं। इसमें ऑटोमेटिक रजिस्ट्रेशन, ई-वोटिंग, अवकाश वोटिंग, फेयर डिस्ट्रिक्टिंग, और वोटिंग सेंटर की सुविधा शामिल है। ये सुधार चुनाव प्रक्रिया को सुगम और अधिक अधिकारिक बन"
943,अमेरिकी संविधान और उसकी राजनीति पर प्रभाव,"अमेरिकी संविधान एक महत्वपूर्ण दस्तावेज है जो अमेरिकी राजनीति और समाज पर गहरा प्रभाव डालता है। यह संविधान अमेरिकी संघर्ष के परिणामस्वरूप बना था और इसमें नागरिकों के अधिकार और कर्तव्यों को सुरक्षित करने के लिए मानक निर्धारित किए गए हैं।

अमेरिकी संविधान के मुख्य विशेषताएँ उसकी संविधानिक स्वतंत्रता, संरचना, और संरचनात्मक संरचना के लिए हैं। इसका प्रभाव अमेरिकी राजनीति पर गहरा है क्योंकि यह नागरिकों के अधिकारों को सुरक्षित करने के लिए एक मानक स्थापित करता है। संविधान ने संघीय और राज्य सरकारों के बीच संबंधों को स्पष्ट"
942,डेमोक्रेटिक और रिपब्लिकन पार्टियों के बीच मुख्य अंतर,"अमेरिका में डेमोक्रेटिक और रिपब्लिकन पार्टियाँ दो प्रमुख राजनीतिक दल हैं, जो देश के राजनीतिक परिदृश्य को प्रभावित करते हैं। ये दोनों पार्टियाँ आमराजनीति की दृष्टि से अपने मूल्यों, नीतियों और मिशन से भिन्न हैं।

डेमोक्रेटिक पार्टी अक्सर सामाजिक और आर्थिक मुद्दों पर जोर देती है। यह पार्टी आमतौर पर सामाजिक न्याय, स्वास्थ्य देखभाल, शिक्षा, आवास, पर्यावरण, और विदेशी नीतियों पर ध्यान केंद्रित करती है। डेमोक्रेटिक पार्टी ज्यादातर मध्यवर्ग और गरीब वर्ग के लोगों के हित में नीतियाँ बनाती है।

विपक्ष में, रिपब्लिकन पार्ट"
944,अमेरिकी राष्ट्रपति चुनाव प्रणाली: एक विस्तृत विश्लेषण,"अमेरिका में राष्ट्रपति चुनाव प्रणाली एक व्यापक और जटिल प्रक्रिया है जिसमें नागरिकों के स्थानीय, राज्य और राष्ट्रीय स्तरों पर चुनावों के माध्यम से उनके प्रतिनिधित्व के लिए चुनाव होते हैं। अमेरिकी राष्ट्रपति का चयन भी इसी प्रक्रिया के तहत होता है।

अमेरिकी राष्ट्रपति का चुनाव प्रत्येक चार साल में आयोजित किया जाता है। यह चुनाव मुख्यत: दो प्रमुख दलों, जो हैं डेमोक्रेट और रिपब्लिकन, के बीच लड़ा जाता है। इसके आलावा अन्य पार्टियों और उम्मीदवारों का भी भागग्रह होता है।

अमेरिकी राष्ट्रपति चुनाव प्रणाली में विशेषता यह है कि यह"
940,डेमोक्रेटिक और रिपब्लिकन पार्टियों के बीच मुख्य अंतर,"अमेरिका में डेमोक्रेटिक और रिपब्लिकन पार्टियां दो बड़ी राजनीतिक पार्टियां हैं, जो लोकसभा और राज्य स्तर पर व्यापक रूप से सक्रिय हैं। ये दोनों पार्टियां अमेरिकी राजनीति में महत्वपूर्ण भूमिका निभाती हैं, लेकिन इनमें कई मुख्य अंतर हैं।

डेमोक्रेटिक पार्टी विभिन्न सामाजिक मुद्दों पर अधिक लिबरल दृष्टिकोण रखती है, जिसमें समाजवादी और प्रोग्रेसिव उपकरण शामिल हैं। इसका मुख्य ध्यान सामाजिक न्याय, व्यावसायिक नीतियां, पर्यावरण, स्वास्थ्य और शिक्षा के मुद्दों पर होता है।

विरोधी रिपब्लिकन पार्टी कानून और क्रम, गरी"
945,अमेरिकी मीडिया और राजनीति: निष्पक्षता बनाम ध्रुवीकरण,"अमेरिकी मीडिया और राजनीति के बीच निष्पक्षता और ध्रुवीकरण के मुद्दे एक लम्बे समय से चर्चा के विषय रहे हैं। मीडिया का काम है समाचार और जानकारी को सार्वजनिक करना, लोगों को जानकारी प्रदान करना और समाज को जागरूक रखना। निष्पक्षता मीडिया का मूल माध्यम होती है जिसके माध्यम से लोग विभिन्न मुद्दों पर निष्पक्ष सूचना प्राप्त कर सकते हैं।

हालांकि, कुछ मीडिया संस्थानों को उनकी पक्षपातिकता का आरोप भी लगता है। ध्रुवीकरण का मतलब है किसी विशिष्ट दृष्टिकोण या मत को अधिक महत्व देना और उसे प्रचारित करना। इससे लोगों का विचार प्रभाव"
946,अमेरिका में मतदाता अधिकार और चुनाव सुधार,"अमेरिका में मतदाता अधिकार और चुनाव सुधार एक महत्वपूर्ण और विवादास्पद विषय है। चुनावी प्रक्रिया के निष्पादन में सामान्य लोगों के मताधिकार का सुनिश्चित करना अच्छा है। अमेरिका में मतदान के लिए विभिन्न प्रक्रियाएं मौजूद हैं, जिनमें वोटर आईडी और पंजीकरण की प्रक्रिया शामिल है।

हाल ही में, अमेरिका में चुनाव सुधार के मुद्दे बड़े हो गए हैं। इनमें वोटर सप्रेशन, वोटर आईडी की जरूरत, वोटिंग मशीनों की सुरक्षा, वोटर रोल अपडेट, वोटर रिजिस्ट्रेशन और अन्य मुद्दे शामिल हैं।

चुनाव सुधार के पक्ष में, यह सुनिश्चित करना जर"
948,अमेरिकी राजनीति में लॉबिंग और उसका प्रभाव,"लॉबिंग एक ऐसी प्रक्रिया है जिसमें समूह या व्यक्ति राजनीतिक निर्णयकर्ताओं को प्रभावित करने के लिए उनसे संपर्क करते हैं। अमेरिकी राजनीति में लॉबिंग एक बड़ी और महत्वपूर्ण भूमिका निभाता है। लॉबिस्ट्स अमेरिकी कांग्रेस और अन्य सरकारी निकायों के सदस्यों के पास जाकर उनके विचारों और प्रस्तावों को प्रस्तुत करते हैं।

लॉबिंग का अमेरिकी राजनीति पर बड़ा प्रभाव है। लॉबिस्ट्स विभिन्न मुद्दों पर सांसदों और नेताओं को समझाते हैं और उनके विचारों को प्रभावित करने की कोशिश करते हैं। इसके माध्यम से वे संघर्ष करते हैं ताकि उनके क"
947,अमेरिका की आर्थिक नीति और राजनीतिक विवाद,"अमेरिका की आर्थिक नीति और राजनीतिक विवाद एक दिलचस्प और महत्वपूर्ण विषय है। अमेरिका एक आर्थिक शक्ति है जिसकी नीतियों और निर्णयों का असर विश्वभर महसूस होता है।

अमेरिका में आर्थिक नीति को लेकर विवाद उमड़ते रहते हैं। एक ओर राष्ट्रीय आर्थिक सुधार की आवश्यकता होती है, जबकि दूसरी ओर नीतियों को लेकर समूचे देश में विपक्षी राजनीतिक दलों के बीच मतभेद होते रहते हैं। विभिन्न राजनीतिक दल अपनी विचारधारा के अनुसार आर्थिक नीतियों पर अलग-अलग नजरिया रखते हैं।

यहाँ अमेरिका में कुछ मुख्य आर्थिक विवाद हैं"
949,अमेरिकी राष्ट्रपति चुनाव प्रणाली: एक विस्तृत विश्लेषण,"अमेरिका में राष्ट्रपति चुनाव प्रणाली एक व्यापक और उत्तरदायित्वपूर्ण प्रक्रिया है। इस प्रक्रिया में चुनाव सालाना होते हैं और इसमें पार्टी की उम्मीदवारों के बीच एक मुकाबला होता है। अमेरिकी राष्ट्रपति चुनाव की प्रक्रिया को चार स्तरों पर संचालित किया जाता है: प्रीमेरी, कैकस, नैशनल कॉन्वेंशन और जनता वोट। प्रारंभ में प्राथमिक चुनाव राज्यों और क्षेत्रों में होते हैं।

प्रीमेरी चुनावों में पार्टी के उम्मीदवारों के बीच मुकाबला होता है, जिसमें वे अपने पक्ष के निम्न संख्या के वोटरों की समर्थन प्राप्त करने की कोशिश करते हैं। फिर कैकस और नै"
950,अमेरिकी विदेश नीति: चीन और रूस के साथ संबंध,"अमेरिका की विदेश नीति का एक महत्वपूर्ण पहलू चीन और रूस के साथ संबंध है। चीन और रूस दोनों ही अमेरिका के लिए रणनीतिक संघर्ष के महत्वपूर्ण खिलाफ हैं। चीन की तेजी से बढ़ती शक्ति और रूस की अद्यतन क्षमता से अमेरिका को जल्दी ही नए चुनौतियों का सामना करना पड़ सकता है।

अमेरिका चीन के साथ तनाव के संबंध में व्यापक दृष्टिकोण रखता है। चीन के अधिकारवादी दावों, व्यापारिक असमानता, साइबर हमले और मानवाधिकारों के प्रति अनादर के लिए अमेरिका ने कई बार चीन को निंदा की है। दूसरी ओर, रूस के साथ भी अमरीका के संबंध तनावपूर"
951,अमेरिका में हेल्थकेयर नीति: ओबामाकेयर बनाम निजीकरण,"अमेरिका में हेल्थकेयर नीति एक बहुत ही महत्वपूर्ण और विवादास्पद विषय है। इसकी चर्चा में दो मुख्य पक्ष हैं - ओबामाकेयर नीति और निजीकरण।

ओबामाकेयर नीति, जिसे अफ़ोर्डेबल केयर एक्ट के रूप में भी जाना जाता है, एक महत्वपूर्ण कदम था जिसका मकसद था सभी अमेरिकी नागरिकों को सस्ती और उचित स्वास्थ्य सुविधाएं प्रदान करना। इस नीति के तहत, लोगों को स्वास्थ्य बीमा खरीदने के लिए मदद मिलती थी और पूरे देश में स्वास्थ्य सेवाओं का स्तर बढ़ाने का प्रयास किया गया।

विरोधियों का मानना है कि ओबामाकेयर नीति ने स्वास्थ्य सेवाओं की ल"
952,अमेरिका में सुप्रीम कोर्ट की भूमिका और प्रभाव,"सुप्रीम कोर्ट अमेरिका का सर्वोच्च न्यायिक संस्थान है जो संविधान के प्रमुख रखवालीकर्ता है। इसकी मुख्य भूमिका यह है कि यह सुनवाई करने के बाद संविधान के अनुसार न्याय केन्द्रित फैसले करता है और अमेरिकी समाज के लिए महत्वपूर्ण न्यायिक दिशानिर्देश प्रस्तुत करता है।

सुप्रीम कोर्ट का प्रभाव अमेरिकी समाज पर व्यापक है। इसके फैसले अमेरिकी संविधान के मानकों को बनाए रखने में महत्वपूर्ण भूमिका निभाते हैं। इसके फैसले न केवल व्यक्तिगत स्वतंत्रता और अधिकारों को सुनिश्चित करते हैं, बल्कि सामाजिक और राजनीतिक मुद्दों पर भी गहरा प्रभाव डालत"
953,अमेरिका में गन कंट्रोल नीति पर बहस,"अमेरिका में गन कंट्रोल नीति एक बहुत ही विवादित विषय है। एक ओर उन लोगों का मानना है कि गन कंट्रोल के नियमों को मजबूत करने से अपराधों का खतरा कम हो सकता है और दूसरी ओर उनके विरोधी यह कहते हैं कि यह उनके अधिकारों की हनन है।

अमेरिका में हर साल हजारों लोग गन वायलेंस की शिकार हो रहे हैं। इसके कारण समाज में डर और असुरक्षा की भावना बढ़ रही है। इस समस्या का समाधान करने के लिए सरकार को कठोर गन कंट्रोल कानूनों को लागू करने की जरूरत है।

गन कंट्रोल कानूनों के अंतर्गत, लोगों को अपनी गन की प्राप्ति के लिए सख्त मापदंड अपनाने पड़ेगे"
954,अमेरिकी राजनीति में लॉबिंग और उसका प्रभाव,"लॉबिंग एक प्रभावशाली तकनीक है जिसे लोग अपने हितों को संविदानशीलता और जनहित के लिए बढ़ावा देने के लिए प्रयोग करते हैं। अमेरिकी राजनीति में लॉबिंग एक महत्वपूर्ण भूमिका निभाता है और इसका गहरा प्रभाव होता है।

लॉबिंग का मुख्य उद्देश्य निर्णयकर्ताओं को अपनी दृष्टि को स्पष्ट करने और अपने हितों की रक्षा करने के लिए उन्हें प्रेरित करना है। यहाँ तक कि बड़ी कंपनियों, संगठनों और गैर-सरकारी संगठन भी लॉबिस्ट्स की सेवाएं लेते हैं ताकि वे अपने हितों को संरक्षित रख सकें।

अमेरिकी राजनीति में लॉबिंग का प्रभाव व"
955,अमेरिका में सुप्रीम कोर्ट की भूमिका और प्रभाव,"सुप्रीम कोर्ट अमेरिका की सर्वोच्च न्यायिक प्राधिकरण है जो संविधान के मानकों को सुनिश्चित करने के लिए जिम्मेदार है। सुप्रीम कोर्ट का मुख्य उद्देश्य यह है कि वह विभिन्न प्रकार के कानूनी मुद्दों और विवादों के निर्णय देता है और संविधान की धाराओं को सुनिश्चित करता है।

सुप्रीम कोर्ट का प्रभाव अमेरिकी समाज पर बहुत गहरा है। यह अमेरिकी समाज के लिए न्याय के प्रति विश्वास को बनाए रखने में महत्वपूर्ण भूमिका निभाता है। इसकी निर्णयकता और अधिकारियों के विचारों का मर्यादित होना लोकप्रियता और विश्वास को बनाए रखने में मदद करता है।

सुप्रीम कोर्ट क"
956,अमेरिका में हेल्थकेयर नीति: ओबामाकेयर बनाम निजीकरण,"अमेरिका में हेल्थकेयर नीति एक बहुत ही महत्वपूर्ण विषय है जिसपर हमेशा तर्क होता रहता है। ओबामाकेयर अधिनियम, जिसे अक्टूबर 2010 में लागू किया गया था, अमेरिकी स्वास्थ्य देखभाल प्रणाली को सुधारने का प्रयास था। इस अधिनियम के जरिए, अमेरिकी सरकार ने लाखों लोगों को स्वास्थ्य बीमा कवरेज प्रदान करने का प्रयास किया।

हालांकि, ओबामाकेयर अधिनियम को लेकर कई विवाद उठे। कुछ लोग इसे सरकारी हस्तक्षेप के रूप में देखते हैं जबकि कुछ लोग इसे स्वतंत्रता की उल्लंघन मानते हैं। इसके बाद, अमेरिकी सरकार ने हेल्थकेयर में निजीकरण को बढ"
957,अमेरिकी सीनेट और हाउस ऑफ रिप्रेजेंटेटिव्स की भूमिका,"अमेरिकी संघीय सरकार में सीनेट और हाउस ऑफ रिप्रेजेंटेटिव्स प्रमुख दो संसदीय संस्थाएं हैं। सीनेट में प्रत्येक राज्य के लिए दो सदस्य होते हैं, जिन्हें सीनेटर कहा जाता है। सीनेट में कुल 100 सीटें होती हैं। हाउस ऑफ रिप्रेजेंटेटिव्स में सदस्यों की संख्या प्रत्येक राज्य की आबादी के आधार पर तय की जाती है और उन्हें कॉन्ग्रेसमैन या कॉन्ग्रेसवुमेन कहा जाता है। हाउस में कुल 435 सदस्य होते हैं।

ये दोनों संसदीय संस्थाएं संघीय कानून निर्माण में भूमिका निभाती हैं। सांसद जनता के हितों को उच्च स्तर पर रखने और संघीय सरकार के कार्यों का सुन"
958,अमेरिकी राजनीति में लॉबिंग और उसका प्रभाव,"लॉबिंग एक प्रक्रिया है जिसमें एक व्यक्ति या समूह निर्धारित नीतियों या कानूनों के पक्ष में विभिन्न सरकारी अधिकारियों या निर्णायक लोगों से संपर्क स्थापित करते हैं। अमेरिकी राजनीति में लॉबिंग का बहुत महत्वपूर्ण भूमिका है और यह वहाँ के नीतियों और निर्णयों पर प्रभाव डाल सकता है।

लॉबिंग के माध्यम से लोबिस्ट राजनीतिक नेताओं और निर्णायक व्यक्तियों को अपने मुद्दे और मामलों के बारे में जानकारी प्रदान करते हैं और उन्हें अपने पक्ष को समझने के लिए प्रेरित करते हैं। लॉबिस्ट नीतियों के बदलाव में सहायक हो सकते हैं और अपने ग्राहक"
959,अमेरिकी सीनेट और हाउस ऑफ रिप्रेजेंटेटिव्स की भूमिका,"अमेरिका में सीनेट और हाउस ऑफ रिप्रेजेंटेटिव्स दोनों ही महत्वपूर्ण संसदीय संस्थान हैं। सीनेट एक प्रमुख संसदीय संस्थान है, जिसमें प्रत्येक राज्य के दो प्रतिनिधि होते हैं। यह सीनेट संयुक्त राज्य अमेरिका के संविधान के अनुसार गठित होता है और राष्ट्रपति के अधिकारों को बाधित करने का काम करता है। सीनेट में हर राज्य को बराबरी का प्रतिनिधित्व मिलता है, जिससे छोटे राज्यों के लोगों का भी ध्यान रखा जा सके।

दूसरी ओर, हाउस ऑफ रिप्रेजेंटेटिव्स एक लोकसभा की भूमिका निभाता है। इसमें सदस्यों का चयन जनता के मताधिकार के आधार पर होता है और"
960,अमेरिकी सीनेट और हाउस ऑफ रिप्रेजेंटेटिव्स की भूमिका,"अमेरिकी संघीय सरकार में सीनेट और हाउस ऑफ रिप्रेजेंटेटिव्स दोनों ही महत्वपूर्ण संस्थान हैं। सीनेट का प्रमुख कार्य राज्यों की प्रतिनिधित्वा करना है, जबकि हाउस ऑफ रिप्रेजेंटेटिव्स का मुख्य कार्य क्षेत्रीय चुनावों के माध्यम से जनता की प्रतिनिधित्वा करना है।

सीनेट में प्रत्येक राज्य के दो सदस्य होते हैं, जो कि प्रत्येक राज्य के लिए बराबर रूप से महत्वपूर्ण होते हैं। सीनेट की सदस्यता का कार्यकाल 6 वर्ष का होता है और इसका छठा हिस्सा हर 2 साल में चुना जाता है।

हाउस ऑफ रिप्रेजेंटेटिव्स में सदस्यों की संख्या आधारित है राज्यों की जनसंख्या पर"
961,अमेरिका में जलवायु परिवर्तन नीति और राजनीतिक प्रभाव,"अमेरिका में जलवायु परिवर्तन नीति और राजनीतिक प्रभाव

अमेरिका एक विशाल देश है जो जलवायु परिवर्तन के साथ निपटने के लिए अग्रणी भूमिका निभा रहा है। विश्व के अन्य हिस्सों की तरह, अमेरिका भी अपनी जलवायु परिवर्तन नीतियों को सुधारने के लिए कठोर कदम उठा रहा है। इसकी मुख्य नीतियों में समर्थन और निवारण के लिए सरकारी नीतियाँ और कानूनी कदम शामिल हैं।

अमेरिका के सबसे पहले जलवायु परिवर्तन नीति के लिए जरूरी कारक है उसकी संगठनात्मक क्षमता और राजनीतिक समर्थन। अमेरिका में सरकारी नीतियों को बनाने और लागू करने के लिए राजनीतिक स"
962,अमेरिका में अप्रवासन नीति और उसकी राजनीति,"अमेरिका में अप्रवासन नीति एक महत्वपूर्ण और विवादास्पद विषय है जो राष्ट्रीय और अंतर्राष्ट्रीय स्तर पर चर्चा का विषय बनता रहता है। विभिन्न राजनीतिक दलों, समुदायों और व्यक्तियों के बीच इस विषय पर मतभेद होते रहते हैं।

अमेरिका में अप्रवासन नीति का मुख्य उद्देश्य देश की सुरक्षा और सुरक्षा के साथ-साथ आर्थिक विकास को बनाए रखना है। इसके तहत विभिन्न विषयों पर नीतियां बनाई जाती हैं जैसे कि वीसा प्रक्रिया, शरणार्थी और अप्रवासन के नियम, बाहरी कामकाजी व्यक्तियों के विषय में नीतियां आदि।

हाल ही में अमेरिका में अप्रवासन"
964,अमेरिकी सीनेट और हाउस ऑफ रिप्रेजेंटेटिव्स की भूमिका,"अमेरिकी सीनेट और हाउस ऑफ रिप्रेजेंटेटिव्स दोनों ही संघीय संसद के दो सदन हैं जो संयुक्त राज्य अमेरिका की सरकार के लिए विधाननिर्माण करने और निर्देशित करने का काम करते हैं। सीनेट में प्रत्येक राज्य से दो सांसद होते हैं, जबकि हाउस ऑफ रिप्रेजेंटेटिव्स में सदस्यों की संख्या राज्य की आबादी के आधार पर तय की जाती है।

सीनेट की भूमिका राष्ट्रपति के नियुक्त सदस्यों की सलाह और सहायता करना है, जबकि हाउस ऑफ रिप्रेजेंटेटिव्स की मुख्य भूमिका जनता के प्रतिनिधित्व करना है। यह दोनों सदन कानूनों को बनाने, संशोधित करने, या खारिज करने के लिए व"
963,अमेरिका में हेल्थकेयर नीति: ओबामाकेयर बनाम निजीकरण,"अमेरिका में हेल्थकेयर नीति एक बहुत ही महत्वपूर्ण विषय है, जिसपर विचार करना और चर्चा करना अत्यंत आवश्यक है। इस विषय पर चर्चा करते समय, दो मुख्य धाराएं हैं - ओबामाकेयर कायम रखने की पक्षधर और हेल्थकेयर को निजीकरण करने की पक्षधर।

ओबामाकेयर नीति को 2010 में लागू किया गया था, जिसका मुख्य उद्देश्य था कि सभी अमेरिकी नागरिकों को सस्ती और उचित स्वास्थ्य सुविधाएं प्राप्त हों। इस नीति ने पूरे देश में हेल्थकेयर की उपलब्धता में सुधार किया और असहाय व्यक्तियों को भी सहायता प्रदान की।

वहीं, निजीकरण के पक्षधर यह मानते हैं कि हेल्थ"
965,अमेरिकी राजनीति में लॉबिंग और उसका प्रभाव,"लॉबिंग एक प्रक्रिया है जिसमें व्यापारिक समूह या इंटरेस्ट ग्रुप्स राजनीतिक निर्णयों पर प्रभाव डालने के लिए निरंतर संपर्क में रहते हैं। अमेरिकी राजनीति में भी लॉबिंग एक महत्वपूर्ण भूमिका निभाता है। यहाँ व्यापारिक समूह, उद्योग और अन्य समूहों द्वारा लॉबिस्ट्स के माध्यम से निर्धारित नीतियों और कानूनों पर प्रभाव डालने का प्रयास किया जाता है।

लॉबिंग का अमेरिकी राजनीति पर व्यापक प्रभाव है। लॉबिस्ट्स राजनीतिक नेताओं और निर्णयकर्ताओं से मिलते हैं, उन्हें अपने मसले के बारे में समझाते हैं और उन्हें अपने हित में"
966,अमेरिका में मतदाता अधिकार और चुनाव सुधार,"अमेरिका की लोकतंत्र में मतदाताओं के अधिकार और चुनाव सुधार केंद्रीय और राज्य स्तर पर विभाजित होते हैं। मतदान एक महत्वपूर्ण सार्वजनिक कार्य है जिसमें नागरिकों को सरकार के चुनावी प्रक्रियाओं में भाग लेने का अधिकार होता है। अमेरिका में मतदान की प्रक्रिया को सुनिश्चित करने के लिए विभिन्न कानून और नियम बनाए गए हैं।

अमेरिका में चुनाव सुधार के कई पहलू हैं, जैसे कि निर्वाचन प्रक्रिया में पारदर्शिता, मतदान की सुरक्षा, विभिन्न समुदायों के लिए मतदान सुविधाएं, और चुनावी भ्रष्टाचार का नियंत्रण। इन सुधारों का उद्देश्य चुनाव प्रक्रिया को निष"
967,अमेरिका में मतदाता अधिकार और चुनाव सुधार,"अमेरिका में मतदाता अधिकार और चुनाव सुधार के मुद्दे ने हाल ही में एक तेजी से बदलते दृश्य को जगह दिया है। जनता के विश्वास और देश की लोकतंत्र की स्थिरता के लिए मतदाता अधिकार और चुनाव सुधार की महत्वपूर्ण भूमिका है।

मतदाता अधिकार सबसे महत्वपूर्ण है क्योंकि यह एक लोकतांत्रिक समाज के मूल तत्व है। अमेरिका में मतदाताओं को उनके अधिकारों का सही से उपयोग करने के लिए प्रोत्साहित किया जाता है। साथ ही, चुनाव सुधार के क्षेत्र में भी विभिन्न पहल की जा रही हैं। इसमें इलेक्ट्रॉनिक वोटिंग, ऑनलाइन पंजीकरण, चुनावी डिजाइन आदि शामिल"
968,अमेरिकी मीडिया और राजनीति: निष्पक्षता बनाम ध्रुवीकरण,"अमेरिकी मीडिया और राजनीति के बीच निष्पक्षता बनाम ध्रुवीकरण एक महत्वपूर्ण और चुनौतीपूर्ण विषय है। मीडिया की भूमिका राजनीति में निष्पक्षता और जानकारी प्रदान करने के लिए महत्वपूर्ण है, लेकिन कई बार यह ध्रुवीकरण की दिशा में भी जा सकती है।

अमेरिकी मीडिया का व्यापक प्रभाव और उसकी प्रभावशीलता के कारण इसे राजनीति में महत्वपूर्ण भूमिका देनी पड़ती है। मीडिया ने राजनीति को लेकर लोगों की जागरूकता और जानकारी को बढ़ावा दिया है, जो एक स्वस्थ लोकतंत्र के लिए आवश्यक है।

हालांकि, कुछ मीडिया संस्थान अपने धर्म के"
969,अमेरिकी सीनेट और हाउस ऑफ रिप्रेजेंटेटिव्स की भूमिका,"अमेरिकी सीनेट और हाउस ऑफ रिप्रेजेंटेटिव्स दोनों ही संसदीय निकाय हैं जो संयुक्त राज्य अमेरिका की संविधानिक व्यवस्था में महत्वपूर्ण भूमिका निभाते हैं।

सीनेट, जिसे 'उपसभा' के रूप में भी जाना जाता है, प्रत्येक राज्य से दो सांसदों का प्रत्यायन करता है जिन्हें छह वर्ष के लिए चुना जाता है। सीनेट के सदस्यों का कार्यकाल राष्ट्रीय स्तर पर महत्वपूर्ण निर्णयों को लेने में मदद करता है।

हाउस ऑफ रिप्रेजेंटेटिव्स राष्ट्रीय स्तर पर निर्णय लेने में सीनेट के साथ सहयोग करता है। यह 435 सदस्यों का संगठन है, जिन्हें प्रत्येक दो साल के लिए"
970,अमेरिका में मतदाता अधिकार और चुनाव सुधार,"अमेरिका में मतदाता अधिकार और चुनाव सुधार के विषय में बहुत चर्चा हो रही है। चुनाव सुधार के माध्यम से लोगों को वोट डालने में आसानी होनी चाहिए और चुनावी प्रक्रिया को निष्पादित करने में सुरक्षित और पारदर्शी होना चाहिए।

मतदाता अधिकार का मतलब है कि हर नागरिक को वोट डालने का अधिकार होना चाहिए और इसे प्रयोग करने में किसी भी प्रकार की बाधा नहीं आनी चाहिए। इसके लिए चुनावी पंजीकरण प्रक्रिया को सुधारने की आवश्यकता है ताकि हर नागरिक अपना वोट देने के लिए पंजीकृत हो सके।

चुनाव सुधार योजनाएं वोटिंग प्रक्रिया को सुरक्षित और पारदर्शी"
972,अमेरिकी राष्ट्रपति चुनाव प्रणाली: एक विस्तृत विश्लेषण,"अमेरिका में राष्ट्रपति चुनाव प्रणाली एक व्यापक और निरंतर प्रक्रिया है जो देश के नेता का चयन करती है। यह प्रक्रिया चार स्तरों पर होती है: प्राथमिक चुनाव, राष्ट्रीय समारोह, प्राथमिक चुनाव केंद्रों और विशेष मतदाता मंचों के माध्यम से होती है। 

प्राथमिक चुनाव अमेरिका के विभिन्न राज्यों और क्षेत्रों में होते हैं और इसमें नामांकन करने वाले उम्मीदवारों का चयन होता है। राष्ट्रीय समारोह दो दलों के उम्मीदवारों के बीच होता है और इसमें राष्ट्रपति और उपराष्ट्रपति के उम्मीदवारों के लिए मतदान होता है। 

चुनाव प्रणाली अमेरिकी संविधान के अनुसार"
971,अमेरिका में जलवायु परिवर्तन नीति और राजनीतिक प्रभाव,"अमेरिका में जलवायु परिवर्तन एक गंभीर मुद्दा है जिसका राजनीतिक प्रभाव व्यापक है। दुनिया भर में जलवायु परिवर्तन की चुनौतियों को ध्यान में रखते हुए, अमेरिकी नीतियों और निर्णयों पर विशेष ध्यान दिया जा रहा है।

अमेरिका ने पेरिस समझौते को स्वीकार किया है जिसके तहत देश ने पारिस समझौते के लक्ष्यों को पूरा करने के लिए उचित कदम उठाने की प्रतिबद्धता जताई है। अमेरिकी सरकार ने जलवायु परिवर्तन के खिलाफ कदम उठाने के लिए विभिन्न नीतियों को अपनाया है, जैसे कि ऊर्जा उत्पादन में नए प्रौद्योगिकी और उन्नत तकनीक का उपयोग करन"
973,डेमोक्रेटिक और रिपब्लिकन पार्टियों के बीच मुख्य अंतर,"डेमोक्रेटिक और रिपब्लिकन पार्टियां अमेरिकन राजनीति में दो प्रमुख दल हैं, जो अमेरिकी जनता के विचारों और मूल्यों को व्यक्त करने में महत्वपूर्ण भूमिका निभाते हैं। 

डेमोक्रेटिक पार्टी विशेष रूप से सामाजिक और आर्थिक मुद्दों पर ध्यान केंद्रित करती है। यह विश्वास करती है कि सरकार को नागरिकों की जरूरतों को पूरा करने में मदद करनी चाहिए। वे आम लोगों के हित में सार्वजनिक स्वास्थ्य, शिक्षा, वित्तीय स्थिति और समुदाय के विकास पर ध्यान केंद्रित करते हैं। 

वहीं, रिपब्लिकन पार्टी आम तौर पर अधिक संरक्षक दृष्टिकोण रखती है। यह मानत"
975,अमेरिका में गन कंट्रोल नीति पर बहस,"अमेरिका में गन कंट्रोल नीति पर एक दिवस्तंबपूर्ण विवाद है। एक ओर, गुण संज्ञान में लेकर, अनेक लोग गन कंट्रोल की सख्त नीतियों की कमी को निशाना बनाते हैं। उनके अनुसार, इस नीति का उल्लंघन गुणवत्ता के निरीक्षण को बढ़ावा देता है और अगर गन कंट्रोल कार्यान्वयन किया जाए, तो अपराध दर में कमी आ सकती है। विरोधी दल इसे व्यक्तिगत स्वतंत्रता का उल्लंघन मानते हैं।

दूसरी ओर, गुण संज्ञान में लेकर, गन कंट्रोल के पक्ष में लोग कहते हैं कि यह एक महत्वपूर्ण कदम है जो जनस्वास्थ्य और सुरक्षा को सुधारने में मदद कर सकता है। उनके मु"
974,अमेरिकी राजनीति में लॉबिंग और उसका प्रभाव,"लॉबिंग एक ऐसी प्रक्रिया है जिसमें व्यक्ति या संगठन सरकारी नीतियों या निर्णयों पर प्रभाव डालने के लिए विभिन्न तरीकों से काम करते हैं। अमेरिकी राजनीति में लॉबिंग एक बड़ा और महत्वपूर्ण कारक है। यहां लॉबिस्ट्स विभिन्न स्तरों पर सरकारी निर्णयकर्ताओं और नेताओं के साथ संपर्क साधारित करते हैं और उनके पक्ष को समर्थित करने का प्रयास करते हैं।

लॉबिंग का प्रभाव अमेरिकी राजनीति पर व्यापक है। इसके माध्यम से कंपनियों, उद्योग धारक, सांस्कृतिक संगठन, गैर सरकारी संगठन आदि अपने हितों की रक्षा करने के लिए सरकारी नीतियों में प्रभ"
977,अमेरिका में अप्रवासन नीति और उसकी राजनीति,"अमेरिका में अप्रवासन नीति और उसकी राजनीति एक महत्वपूर्ण और विवादास्पद विषय है। अप्रवासन नीति अमेरिका की सीमाओं पर गैरकानूनी तरीके से प्रवेश करने की कोशिश करने वाले व्यक्तियों के खिलाफ कार्रवाई करने की प्रक्रिया को संदर्भित करती है।

अमेरिका में अप्रवासन नीति का मुख्य उद्देश्य अमेरिकी सीमाओं की सुरक्षा को सुनिश्चित करना है। इसके अलावा, यह उन व्यक्तियों के खिलाफ कार्रवाई करने की भी जिम्मेदारी लेता है जो अवैध तरीके से अमेरिका में प्रवेश करने का प्रयास करते हैं।

अमेरिका की अप्रवासन नीति और राजनीति निरंतर परिवर्तित होती रहती ह"
976,अमेरिका में मतदाता अधिकार और चुनाव सुधार,"अमेरिका में मतदाता अधिकार और चुनाव सुधार एक महत्वपूर्ण विषय है, जिसे लेकर विभिन्न धार्मिक, सामाजिक और राजनीतिक विचाराधीनता है। चुनाव सुधार के माध्यम से, लोगों को चुनाव में सशक्तिकरण के लिए सही और सुविधाजनक प्रक्रियाएं सुनिश्चित करने के लिए प्रणालियों को सुधारा जा रहा है।

मतदाता अधिकार का मतलब है कि सभी नागरिकों को अपना मतदान करने का अधिकार होना चाहिए और उन्हें इसका विश्वास भी होना चाहिए। अमेरिका में चुनाव सुधार के तहत कई पहलुओं पर ध्यान दिया जा रहा है, जैसे कि चुनावी पंजीकरण की सुविधा, वोटिंग बूथ की सुरक्षा,"
978,अमेरिकी सीनेट और हाउस ऑफ रिप्रेजेंटेटिव्स की भूमिका,"अमेरिका की संविधानिक व्यवस्था में सीनेट और हाउस ऑफ रेप्रेजेंटेटिव्स दोनों ही महत्वपूर्ण संसदीय संस्थाएं हैं। सीनेट और हाउस का मुख्य उद्देश्य लोकतंत्र के मूल सिद्धांतों को बनाए रखना है।

सीनेट, जिसे अमेरिका की उच्च सदन के रूप में जाना जाता है, हर राज्य के दो सदस्यों को भेजता है। यह एक बार हर छठे साल चुने जाते हैं और तीन चरण में चुने जाते हैं। सीनेट के सदस्यों की कार्यकाल छ साल का होता है। सीनेट के सदस्यों का मुख्य कार्य कानूनों का निर्माण और संशोधन करना होता है।

हाउस ऑफ रेप्रेजेंटेटिव्स, जिसे निम्न सदन के रूप में भी"
979,अमेरिकी सीनेट और हाउस ऑफ रिप्रेजेंटेटिव्स की भूमिका,"अमेरिका की संविधानिक राजनीति में सीनेट और हाउस ऑफ रिप्रेजेंटेटिव्स दो महत्वपूर्ण संस्थाएं हैं। सीनेट और हाउस ऑफ रिप्रेजेंटेटिव्स दोनों ही संसदीय संस्थाएं हैं, जिनका काम अमेरिकी संविधान के अनुसार निर्धारित किया गया है।

सीनेट देश के राज्यों को प्रतिनिधित्व करता है। हर राज्य के लिए दो सीनेटर होते हैं, जिन्हें राज्य की सरकार चुनती है। सीनेट में कुल 100 सदस्य होते हैं। सीनेट की मुख्य कार्यक्षेत्र विधायिका से लगभग बराबर होता है।

हाउस ऑफ रिप्रेजेंटेटिव्स, जिसे हाउस कहा जाता है, जनता को प्रतिनिधित्व करता है। इसमें सदस्यों की संख"
980,अमेरिकी विदेश नीति: चीन और रूस के साथ संबंध,"अमेरिकी विदेश नीति एक बड़ा विषय है जिसमें चीन और रूस के साथ संबंध एक महत्वपूर्ण विषय है। अमेरिका की विदेश नीति का एक मुख्य लक्ष्य राष्ट्रों के साथ संबंध मजबूत करना है जिससे वैश्विक सुरक्षा, विकास और सहयोग में मदद मिल सके।

अमेरिका के साथ चीन और रूस के संबंध विशेष महत्व रखते हैं। चीन एक विकासशील देश है जो अमेरिका के लिए एक बड़ा बाजार है और रूस एक बड़ा रक्षा और गैर-प्रभावशाली खिलाफी देश है। अमेरिका के औपचारिक रूप से चीन और रूस के साथ संबंध अधिकांश ट्रेड और सुरक्षा पर निर्भर करते हैं।

च"
981,अमेरिकी सीनेट और हाउस ऑफ रिप्रेजेंटेटिव्स की भूमिका,"अमेरिकी सीनेट और हाउस ऑफ रिप्रेजेंटेटिव्स दोनों ही संघीय संसद के दो पदों को दर्शाते हैं। सीनेट को राज्य की अदालत या फिर सीनेट माउंट कहा जाता है और हाउस ऑफ रिप्रेजेंटेटिव्स को लोक सदन भी कहा जाता है। दोनों ही संसदीय सभाएं संघीय सरकार के अधिकारों को संभालती हैं और निर्णय लेने की प्रक्रिया में भागीदारी करती हैं।

सीनेट में प्रत्येक राज्य को दो प्रतिनिधियों की सीटें होती हैं, जिससे यह संसदीय सभा राज्यों के हितों को मजबूत करने में मदद करती है। वहां अधिकारियों को छह वर्ष के लिए चुना जाता है। हाउस ऑफ रिप्रेजेंटेटिव्स में स"
982,अमेरिका में सुप्रीम कोर्ट की भूमिका और प्रभाव,"सुप्रीम कोर्ट अमेरिका का सर्वोच्च न्यायालय है और यह अमेरिकी संविधान के रखवाला है। सुप्रीम कोर्ट का मुख्य कार्य यह है कि यह निर्णय देना जो अमेरिकी संविधान के मापदंडों के अनुसार बनाए गए हैं। इसके अलावा, सुप्रीम कोर्ट अमेरिका के न्याय प्रणाली में महत्वपूर्ण भूमिका निभाता है जिससे यह देश के लोकतंत्र की स्थिरता और न्याय सुनिश्चित होता है।

सुप्रीम कोर्ट के निर्णयों का प्रभाव अधिकांश एक लंबे समय तक दिखाई देता है और वे देश की राजनीति और सामाजिक संरचना पर भी बड़ा प्रभाव डालते हैं। सुप्रीम कोर्ट के निर्णय न तो केवल कानूनी माम"
983,अमेरिका की आर्थिक नीति और राजनीतिक विवाद,"अमेरिका की आर्थिक नीति और राजनीतिक विवाद एक दिवंगत विषय है जिसने विश्व की ध्यान में रहता है। अमेरिका की आर्थिक नीति विवादित होती रही है, क्योंकि यह दुनिया की सबसे बड़ी अर्थव्यवस्था है और इसके निर्णयों का व्यापक प्रभाव होता है।

अमेरिका में दो प्रमुख आर्थिक दल हैं - डेमोक्रेट्स और रिपब्लिकन्स, जिनके बीच नीति और विचारधारा में अक्सर विवाद होता है। डेमोक्रेट्स अक्सर सामाजिक कार्यक्रमों और कर बढ़ावने पर जोर देते हैं, जबकि रिपब्लिकन्स अक्सर अर्थव्यवस्था में कठोरता को बढ़ावा देते हैं।

अमेरिका के अर्थ"
984,अमेरिका में गन कंट्रोल नीति पर बहस,"अमेरिका में गन कंट्रोल नीति एक बहुत ही विवादित और उच्च चरण विषय है। एक ओर, गन कंट्रोल समर्थक यह मानते हैं कि सख्त नियंत्रण कानून बनाने से अपराधों और हिंसा को रोका जा सकता है। वे यह भी समर्थन करते हैं कि अधिक से अधिक असामाजिक तत्वों के हाथ में गन्स है जो उनका दुरुपयोग कर सकते हैं।

दूसरी ओर, गन कंट्रोल के विरोधी विचारक यह विचार रखते हैं कि गन्स का हक अमेरिकी संविधान का हिस्सा है और यह उनकी निजी स्वतंत्रता का मामला है। उन्हें लगता है कि गन्स को नियंत्रित करने से अच्छे लोगों के हाथ से भी इस्तेमाल करने का हक छीन लिया जा सकत"
985,अमेरिका में मतदाता अधिकार और चुनाव सुधार,"अमेरिका में मतदाता अधिकार और चुनाव सुधार एक महत्वपूर्ण विषय है जो लोकतंत्र की मजबूती को दर्शाता है। इसका मकसद यह है कि हर नागरिक को चुनावी प्रक्रिया में समान अधिकार होने चाहिए और उसका मतदान मुफ्त, सुरक्षित और सुलभ होना चाहिए।

अमेरिका में मतदाता अधिकार को सुनिश्चित करने के लिए कई कदम उठाए जाते हैं। एक तरफ, मतदान केंद्रों को सुरक्षित बनाने के लिए नवाचारी तकनीक का उपयोग किया जाता है। दूसरी तरफ, चुनाव कमीशन के द्वारा चुनाव सुनिश्चित करने के लिए निर्धारित नियमों का पालन किया जाता है।

चुनाव सुधारों का एक मुख्य कार"
987,डेमोक्रेटिक और रिपब्लिकन पार्टियों के बीच मुख्य अंतर,"अमेरिका की राजनीति में डेमोक्रेटिक और रिपब्लिकन पार्टियां दो मुख्य राजनीतिक दल हैं जो देश की राजनीति में महत्वपूर्ण भूमिका निभाती हैं। ये दोनों पार्टियां अपनी विचारधारा और नीतियों में मुख्य भिन्नताएं रखती हैं।

डेमोक्रेटिक पार्टी एक केंद्रीय-वामपंथी पार्टी है जो सामाजिक और आर्थिक समानता, पर्यावरणीय मुद्दों, गरीबी कम करने, शिक्षा और स्वास्थ्य सेवाओं के प्रति प्राथमिकता और गुणरत्नकारी नीतियों का समर्थन करती है। डेमोक्रेटिक पार्टी आमतौर पर गवर्नमेंट की भूमिका को महत्व देती है और नए कानूनों के प्रावधान की दिशा में क"
988,अमेरिका में सुप्रीम कोर्ट की भूमिका और प्रभाव,"सुप्रीम कोर्ट अमेरिका के सर्वोच्च न्यायिक संस्थान के रूप में महत्वपूर्ण भूमिका निभाता है। इसका प्रमुख कार्य यह है कि यह सुनवाई करता है और निर्णय देता है जब किसी मामले में विभिन्न न्यायाधीन अदालतों के फैसले के खिलाफ अपील दाखिल की जाती है। सुप्रीम कोर्ट के फैसले अमेरिकी समाज पर गहरा प्रभाव डाल सकते हैं क्योंकि यह देश की संविधानिक मूल्यों और सिद्धांतों के साथ मेल खाते हैं।

सुप्रीम कोर्ट के क्षेत्र में धार्मिक, सामाजिक, राजनीतिक और आर्थिक मुद्दे शामिल होते हैं। इसके निर्णय देश के नागरिकों के अधिकार और कर्तव्यों को सुनिश्चित करने"
986,अमेरिकी सीनेट और हाउस ऑफ रिप्रेजेंटेटिव्स की भूमिका,"अमेरिका में संसदीय व्यवस्था का एक महत्वपूर्ण हिस्सा सीनेट और हाउस ऑफ रिप्रेजेंटेटिव्स है। सीनेट और हाउस अमेरिकी कांग्रेस के दो अविभाज्य भाग हैं।

सीनेट में प्रत्येक राज्य के दो संसदीय प्रतिनिधि होते हैं, जिन्हें संसदीय सदस्य या सीनेटर कहा जाता है। सीनेट में कुल 100 सीटें होती हैं, जिनमें से हर सीट का कार्यकाल 6 वर्ष का होता है। सीनेट की मुख्य भूमिका यह है कि यह संविधान के उच्चतम न्यायालय की स्वीकृति के साथ कानून बनाने में सहायक होती है।

हाउस ऑफ रिप्रेजेंटेटिव्स में सदस्यों की संख्या आधारित होती है जिसमें प्रत्येक राज्य के आ"
989,अमेरिकी राष्ट्रपति चुनाव प्रणाली: एक विस्तृत विश्लेषण,"अमेरिकी राष्ट्रपति चुनाव प्रणाली एक व्यापक प्रक्रिया है जिसमें अमेरिकी नागरिकों का वोट द्वारा राष्ट्रपति चुना जाता है। यह प्रक्रिया चार स्तरों पर होती है: प्राथमिक चुनाव, राज्यों के चुनाव, महासभा चुनाव और चुनाव कलेजियम।

प्राथमिक चुनाव: यह सबसे पहला चरण है, जिसमें पार्टी के प्रत्याशी अपनी पार्टी के लिए चुनाव लड़ते हैं। यह चुनाव राष्ट्रव्यापी होता है और इसमें प्रत्येक राज्य से उम्मीदवारों को जीतने की आवश्यकता होती है।

राज्यों के चुनाव: जीतने वाले प्राथमिक चुनाव विजेता राष्ट्रपति प्रत्याशी को राज्यों के चुनाव में भी वोट मांग"
990,अमेरिकी राजनीति में लॉबिंग और उसका प्रभाव,"लॉबिंग एक प्रक्रिया है जिसमें व्यापारिक समूह या उनके प्रतिनिधि सरकारी निर्णयकर्ताओं को प्रभावित करने के लिए विभिन्न तरीकों से संपर्क करते हैं। अमेरिकी राजनीति में लॉबिंग एक महत्वपूर्ण भूमिका निभाता है और इसका भारी प्रभाव होता है।

लॉबिंग का प्रभाव अमेरिकी राजनीति पर कई प्रकार से होता है। पहले, लॉबिस्ट्स सरकारी निर्णयकर्ताओं को जानकारी प्रदान करते हैं और उन्हें अपने पक्ष के विषय में समझावा देते हैं। दूसरे, वे विभिन्न नीतियों और विधियों के समर्थन या विरोध में सहायता प्रदान करते हैं। तीसरे, वे धन संग्रहण करके राजनी"
991,अमेरिकी राष्ट्रपति चुनाव प्रणाली: एक विस्तृत विश्लेषण,"अमेरिका में राष्ट्रपति चुनाव प्रक्रिया एक व्यवस्थित और विस्तृत प्रक्रिया है, जिसमें नागरिकों को अपने प्रतिनिधि को चुनने का हक मिलता है। अमेरिकी राष्ट्रपति चुनाव प्रणाली एक चरणिक प्रक्रिया है जो पूरे देश की भावनाओं, विचारों और मान्यताओं का प्रतिबिंब है।

अमेरिकी राष्ट्रपति चुनाव प्रणाली में दो पक्ष शामिल होते हैं - गठबंधन और विपक्ष। गठबंधन के उम्मीदवारों को पार्टी द्वारा चुना जाता है जबकि विपक्षी उम्मीदवारों को अपने आप को प्रस्तुत करना पड़ता है। चुनाव प्रणाली में प्राथमिक चरण होता है जिसमें राज्यों और क्षेत्रों में वोट"
992,अमेरिका में नस्लीय न्याय और राजनीतिक सुधार,"अमेरिका एक देश है जो नस्लीय न्याय और राजनीतिक सुधार के मामले में अपने इतिहास में कई मुख्य कदम उठाता रहा है। नस्लीय भेदभाव और जातिवाद के खिलाफ लड़ाई में अमेरिका ने कई कदम उठाए हैं, जैसे कि नागरिक अधिकारों की संरक्षण, नस्लीय समानता के लिए आंदोलन और कानूनों में सुधार। सिविल अधिकारों के मामले में, अमेरिका ने 1960 के दशक में आये सिविल अधिकारों अधिनियम को पारित करके नस्लीय असमानता को कम करने का प्रयास किया।

इसके अलावा, अमेरिका में नेट न्यूट्रैलिटी एक और महत्वपूर्ण मुद्दा है जिसमें नस्लीय न्याय का महत्वपूर"
994,अमेरिकी विदेश नीति: चीन और रूस के साथ संबंध,"अमेरिकी विदेश नीति में चीन और रूस के साथ संबंध विशेष महत्व रखते हैं। चीन व रूस दोनों विशाल देश हैं जिनका भूमि भाग व अर्थव्यवस्था विशेष महत्व रखता है। अमेरिकी विदेश नीति में इन दोनों देशों के साथ संबंध स्थिरता, सुरक्षा, अर्थव्यवस्था और राजनीति के क्षेत्र में महत्वपूर्ण हैं।

चीन के साथ संबंध में अमेरिका ने एक व्यापक दृष्टिकोण अपनाया है। चीन के साथ व्यापार, वित्तीय और सुरक्षा क्षेत्र में तालमेल बढ़ाने के प्रयास किए गए हैं, लेकिन दोनों देशों के बीच विवाद भी बना रहता है। विभिन्न क्षेत्रों में चीन की बढ"
993,अमेरिका की आर्थिक नीति और राजनीतिक विवाद,"अमेरिका में आर्थिक नीति और राजनीतिक विवाद एक निरंतर चरम पर हैं। यहाँ विभिन्न दल और विचारधाराओं के बीच विवाद होते रहते हैं। एक पक्ष अधिक उदार नीतियों का समर्थन करता है, जबकि दूसरे पक्ष कठोर विचारधाराओं का पक्ष रखते हैं।

अमेरिका में आर्थिक नीति विवाद का मुख्य कारण टैक्स पॉलिसी, व्यापार नीति, बजट और राजनीतिक आदान-प्रदान पर होता है। उदाहरण के लिए, एक दल विकासवादी नीतियों का समर्थन कर सकता है जो अर्थव्यवस्था को बढ़ावा देती है, जबकि दूसरे दल योजनाओं के लिए अधिक नियंत्रण की मांग कर सकते हैं।

इसक"
996,अमेरिकी मीडिया और राजनीति: निष्पक्षता बनाम ध्रुवीकरण,"अमेरिकी मीडिया और राजनीति के बीच निष्पक्षता और ध्रुवीकरण के मामले में एक महत्वपूर्ण विवाद है। एक ओर, मीडिया को निष्पक्षता की आवश्यकता है ताकि लोग सही और विश्वसनीय समाचार प्राप्त कर सकें। दूसरी ओर, ध्रुवीकरण का आरोप लगाया जाता है कि मीडिया द्वारा किया जाने वाला समाचार एक विशेष दल या विचारधारा को प्रोत्साहित करने की कोशिश करता है।

अमेरिका में मीडिया का विश्वासयोग्यता और निष्पक्षता पर कई सवाल उठते हैं। कुछ लोग मानते हैं कि अमेरिकी मीडिया निष्पक्ष नहीं है और वे राजनीतिक ताकतों या धन के दबाव में होते हैं। यह"
995,अमेरिका में सुप्रीम कोर्ट की भूमिका और प्रभाव,"सुप्रीम कोर्ट अमेरिका का सर्वोच्च न्यायिक संस्थान है जिसका मुख्य कार्य यह है कि वह संविधान के धाराओं और कानूनों की व्याख्या और निर्धारण करे। सुप्रीम कोर्ट को अमेरिकी न्याय प्रणाली का चौथा स्तंभ माना जाता है और इसका प्रभाव भी बहुत अधिक है।

सुप्रीम कोर्ट के न्यायाधीशों का चयन राष्ट्रपति द्वारा किया जाता है और यह न्यायिक प्रणाली की स्थिरता और अविचलनीयता को बनाए रखने में महत्वपूर्ण भूमिका निभाता है। सुप्रीम कोर्ट के निर्णय अमेरिकी समाज पर बहुत बड़ा प्रभाव डालते हैं, क्योंकि इसके निर्णय देश के कानूनी मामलों पर स्थायिता और"
998,अमेरिकी सीनेट और हाउस ऑफ रिप्रेजेंटेटिव्स की भूमिका,"अमेरिका में सीनेट और हाउस ऑफ रिप्रेजेंटेटिव्स दोनों ही महत्वपूर्ण संसदीय संस्थाएं हैं। सीनेट को अमेरिकी संविधान के द्वारा स्थापित किया गया है जबकि हाउस ऑफ रिप्रेजेंटेटिव्स को संसदीय निकाय के रूप में बनाया गया है।

सीनेट में प्रत्येक राज्य के दो सदस्य होते हैं, जिन्हें प्रत्येक राज्य की जनता द्वारा चुना जाता है। सीनेट का मुख्य कार्य विधान के प्रस्तावों को अधिकारियों के समक्ष रखना है। सीनेट की महत्वपूर्ण भूमिका यह है कि यह एक सुरक्षित स्थान प्रदान करती है जहाँ राष्ट्रीय मुद्दों पर विचार विमर्श किया जा सकता है और नये कानून"
997,अमेरिका की आर्थिक नीति और राजनीतिक विवाद,"अमेरिका की आर्थिक नीति और राजनीतिक विवाद दुनिया भर में चर्चा का विषय रहा है। अमेरिका एक विशाल अर्थव्यवस्था और विदेशी नीति की दृष्टि से महत्वपूर्ण देश है। इसकी आर्थिक नीति का परिणाम विश्व अर्थव्यवस्था पर प्रभाव डालता है।

अमेरिका में आर्थिक नीति के बारे में विवाद विभिन्न दलों के बीच होते रहते हैं। एक ओर एक ग्रुप न्यायाधीशों द्वारा नियुक्ति के साथ आर्थिक नीति की प्रशंसा करता है, वहीं दूसरी ओर अन्य दल उसे नकारते हैं। बजट, कर, वित्तीय संस्थाओं की नीतियां और अर्थव्यवस्था के विभिन्न पहलुओं पर विचार किया ज"
999,अमेरिका में मतदाता अधिकार और चुनाव सुधार,"अमेरिका में मतदाता अधिकार और चुनाव सुधार एक महत्वपूर्ण और चरमपंथी विषय है। चुनाव सुधार के सन्दर्भ में, अमेरिकी संविधान ने विभिन्न अधिकारों को सुनिश्चित किया है, जिनमें मतदाताओं के चुनावी प्रक्रिया में भागीदारी का अधिकार भी शामिल है। इसके अतिरिक्त, चुनाव कमीशन्स और अन्य संगठनों ने मतदाताओं के अधिकारों को बढ़ावा देने के लिए कई प्रोत्साहनीय कदम उठाए हैं।

मतदाताओं के लिए चुनावी प्रक्रिया में भागीदारी को बढ़ावा देने के लिए अमेरिका में कई पहलू हैं, जैसे कि ऑनलाइन रजिस्ट्रेशन, ई-वोटिंग, और चुनावी पहचान क"
1000,अमेरिका में गन कंट्रोल नीति पर बहस,"अमेरिका में गन कंट्रोल एक बहुत ही चर्चित और विवादास्पद विषय है। यहाँ, एक तरफ उन लोगों का मानना है कि गन कंट्रोल की नीतियों की सख्ती बढ़ाने से हिंसा और अपराधों को कम किया जा सकता है, जबकि दूसरी ओर लोग यह मानते हैं कि यह व्यक्तिगत स्वतंत्रता का उल्लंघन होगा।

अमेरिका में गन कंट्रोल के पक्षधरों का कहना है कि गन कंट्रोल नीतियां अपराधों को रोकने में मददगार हो सकती हैं। उनका मानना है कि गन कंट्रोल के तहत केवल जिन लोगों को ठीक से प्रमाणित और लाइसेंस प्राप्त हैं, सिर्फ उन्हें ही अवैध हथियारों का उपयोग करने की अनुमति होनी चाहिए।"
