Article Number,Topic,Article Content
3,वैक्सीन विकास में नई तकनीकें,"वैक्सीन विकास एक महत्वपूर्ण क्षेत्र है जो स्वास्थ्य सेवाओं के विकास में महत्वपूर्ण योगदान देता है। हाल ही में, कई नई तकनीकें वैक्सीन विकास में उन्नति करने के लिए उपलब्ध हो रही हैं।

पहली तकनीक है mRNA वैक्सीन। इस तकनीक में, वैक्सीन बनाने के लिए मैसेंजर आरएनए उपयोग किया जाता है, जिसके द्वारा शरीर को विशेष प्रोटीन उत्पन्न करने के लिए संकेत दिया जाता है। यह तकनीक कोरोना वायरस वैक्सीनों में प्रयोग की गई है और इसने वैक्सीन विकास को तेजी से आगे बढ़ाया है।

दूसरी तकनीक है वायरल वेक्टर वैक्सीन। इस तकनीक म"
5,जीन थेरेपी की प्रगति,"जीन थेरेपी एक उत्कृष्ट तकनीक है जिसमें वैज्ञानिक अनुसंधान द्वारा व्यक्तियों के जीनों में परिवर्तन किया जाता है ताकि उनकी बीमारियों का इलाज किया जा सके। जीन थेरेपी का उद्देश्य व्यक्तियों के जीनों में पायी जाने वाली गलतियों को ठीक करके उनके रोगों का इलाज करना है। यह एक नवाचारी तकनीक है जो कई बीमारियों के इलाज के लिए एक संभावित समाधान प्रदान कर सकती है।

जीन थेरेपी की प्रगति में बहुत अच्छी उपलब्धियां हुई हैं। इस तकनीक के माध्यम से कैंसर, जीनेटिक विकार, मस्तिष्क रोग, मोटापा, मधुमेह जैसी गंभीर बीमारियों का इलाज"
4,पोषण और आहार में नई खोजें,"पोषण और आहार विज्ञान एवं प्रौद्योगिकी में नवाचारों का क्षेत्र है जो हमारे स्वास्थ्य और विकास के लिए महत्वपूर्ण है। नवीनतम तकनीकी खोजें भोजन के पोषण संरचना, भोजन की समृद्धि, खाद्य सुरक्षा, और भोजन उत्पादन प्रक्रिया में सुधार करने के लिए की जा रही हैं।

आधुनिक विज्ञान ने पोषण में नए दृष्टिकोण और तकनीकों का विकास किया है, जैसे की आहार जीनोमिक्स, सुपरफूड्स, और जीवाणुरोधी खाद्य पदार्थ। आहार जीनोमिक्स के उपयोग से खाद्य पदार्थों की समृद्धि और गुणवत्ता में सुधार किया जा सकता है। सुपरफूड्स में उच"
1,मानसिक स्वास्थ्य और टेक्नोलॉजी,"मानसिक स्वास्थ्य और टेक्नोलॉजी दोनों ही महत्वपूर्ण क्षेत्र हैं जो हमारे दिनचर्या में महत्वपूर्ण भूमिका निभाते हैं। इन दोनों क्षेत्रों का संगम अब नए तरीके से मानसिक स्वास्थ्य को सुधारने में मदद कर रहा है।

टेक्नोलॉजी ने मानसिक स्वास्थ्य के क्षेत्र में कई उपाय प्रस्तुत किए हैं। मानसिक स्वास्थ्य ऐप्स, ऑनलाइन काउंसलिंग, ध्यान और माइंडफुलनेस एप्लिकेशन्स आदि लोगों को अपनी मानसिक स्वास्थ्य की देखभाल करने में मदद करते हैं। ऐसे उपायों से लोग मानसिक रूप से स्वस्थ रहने के लिए सक्षम होते हैं।

विभिन्न शोध भी टेक्नोलॉजी के म"
2,प्राचीन भारतीय विज्ञान और तकनीक,"प्राचीन भारतीय सभ्यता ने विज्ञान और तकनीक के क्षेत्र में अद्भुत योगदान दिया है। भारतीय वैज्ञानिकों ने गणित, खगोल और चिकित्सा के क्षेत्र में अनेक महत्वपूर्ण आविष्कार किए हैं।

गणित के क्षेत्र में, भारतीय गणितज्ञ आर्यभट्ट ने शून्य की अवधारणा दी और गोलार्ध की गणना में उन्होंने महत्वपूर्ण योगदान दिया। खगोल शास्त्र में, वराहमिहिर ने ग्रहों की गति का अध्ययन किया और सूर्य और चंद्रमा के ग्रहण की भविष्यवाणी की। भारतीय चिकित्सा शास्त्र में, चरक और सुश्रुत ने अनेक चिकित्सा सूत्र और औषधि की खोज की।

भ"
6,वैक्सीन विकास में नई तकनीकें,"वैक्सीन विकास में नई तकनीकें

वैक्सीन विकास में नवाचार तकनीकें एक महत्वपूर्ण क्षेत्र हैं जो स्वास्थ्य सेवाओं को सुधारने में महत्वपूर्ण भूमिका निभा रही हैं। इन तकनीकों के उपयोग से वैक्सीनों की विकास प्रक्रिया को तेजी से और प्रभावी बनाया जा सकता है।

एक नई तकनीक है mRNA वैक्सिन, जिसमें mRNA मोलेक्यूल को उपयोग करके विशेष प्रकार की प्रोटीन बनाने की प्रक्रिया को प्रेरित किया जाता है। यह वैक्सीन विकास में विशेष तरीके से सक्रिय होती है और अच्छी प्रतिक्रिया प्रदान करती है।

कैरियर-फ्री तकनीक भी एक और उभरती हुई तकनीक है, जिसमें वैक"
7,जीन थेरेपी की प्रगति,"जीन थेरेपी एक उत्कृष्ट तकनीक है जिसे उपयोग करके विभिन्न रोगों के इलाज में सुधार किया जा सकता है। यह एक विकेंद्रीकरण उपचार प्रक्रिया है जिसमें विशेष जीन को मरीज के शरीर में स्थानांतरित किया जाता है ताकि उसे बीमारी से निपटने में मदद मिल सके।

जीन थेरेपी के क्षेत्र में हाल ही में कई प्रगतियां हुई हैं। उनमें से एक महत्वपूर्ण प्रगति है कि अब इस तकनीक का उपयोग कैंसर जैसी गंभीर बीमारियों के इलाज में भी किया जा रहा है। जीन थेरेपी के जरिए विशेष जीनों को मरीज के कोशिकाओं में पहुंचाकर कैंसर को नष्ट किया जा सकता है।

इसके अल"
8,भारतीय संस्कृति में त्योहारों का महत्व,"भारतीय संस्कृति में त्योहारों का विशेष महत्व है। ये त्योहार वर्षभर में धार्मिक, सामाजिक और सांस्कृतिक गतिविधियों के रूप में मनाए जाते हैं और लोगों को एक साथ एकत्रित करने का अवसर प्रदान करते हैं।

हमारे देश में विभिन्न धर्मों और समुदायों के लोग एक-दूसरे के त्योहारों को मनाते हैं और इस प्रकार एक संवाद की भावना को बढ़ावा देते हैं। इन त्योहारों में जैविक और अजैविक धरोहरों का महत्वपूर्ण स्थान है जो हमारी संस्कृति को मजबूत और विविध बनाए रखते हैं।

त्योहारों के दौरान लोग एक-दूसरे के साथ साझा भोजन करते हैं, मिठ"
9,विश्व की महान वास्तुकला,"वास्तुकला एक विशेष कला शैली है जो मानव सभ्यताओं के सांस्कृतिक और ऐतिहासिक विकास का प्रमुख हिस्सा रही है। वास्तुकला दुनिया भर में विभिन्न रूपों में पाई जाती है, और इसका महत्व उसकी माहिती, शैली, और विविधता में छिपा है।

विश्व की महान वास्तुकला कई ऐतिहासिक स्थलों पर पाई जा सकती है। प्यारे के स्तंभ, ताजमहल, लिनकोलन मेमोरियल, एफिल टॉवर, ग्रैंड कैन्यन, एगीप्ट के पिरामिड, अंग्कोर वाट, और मोचू पिचू जैसे ऐतिहासिक स्थल विश्व की वास्तुकला की महानता का प्रमुख उदाहरण हैं।

इन स्थलों की वास्तुकला में रचनात्मकता, साहित्यिक"
10,खेलों का विकास और उनका सामाजिक प्रभाव,"खेलों का विकास और उनका सामाजिक प्रभाव

खेल न केवल मनोरंजन का साधन है बल्कि इसका व्यक्ति के शारीरिक, मानसिक और सामाजिक विकास में महत्वपूर्ण योगदान होता है। खेलने से व्यक्ति का शारीरिक और मानसिक स्वस्थ्य सुधरता है। खेल से शारीरिक क्षमता, लचीलापन, और संन्यास विकसित होते हैं। इसके साथ ही खेल व्यक्ति की मानसिक स्थिति को भी सुधारता है, उसकी चिंताओं को कम करता है और उसे उत्साही बनाता है। 

खेलों का सामाजिक प्रभाव भी अत्यधिक महत्वपूर्ण है। खेल एक सामाजिक संगठन होता है, जिससे व्यक्ति सामाजिक रूप से सहयोगी बनता है। खेल में टीम"
11,वैक्सीन विकास में नई तकनीकें,"वैक्सीन विकास में नई तकनीकें

वैक्सीन विकास में नई तकनीकें एक महत्वपूर्ण क्षेत्र हैं जो स्वास्थ्य सेवाओं को सुधारने और रोगों से लड़ने में महत्वपूर्ण भूमिका निभा रहे हैं। नई तकनीकें वैक्सीन डिज़ाइन, उत्पादन, और वैक्सीन समाचार में नए दरवाजे खोल रही हैं।

एक ऐसी तकनीक है mRNA वैक्सीन, जो कोविड-19 वैक्सीनों में प्रयोग की गई है। इसमें विशेष तरह के मेसेंजर RNA का उपयोग किया जाता है जो शरीर में वैक्सीन तत्व को उत्पन्न करने के लिए उत्तेजित करता है। यह वैक्सीन सुरक्षित है और तेजी से उत्पन्न किया जा सकता है।

"
13,व्यायाम और फिटनेस ट्रैकिंग ऐप्स,"व्यायाम और फिटनेस ट्रैकिंग ऐप्स आजकल लोगों के लाइफस्टाइल का महत्वपूर्ण हिस्सा बन गए हैं। ये ऐप्स उन्हें स्वस्थ जीवनशैली अपनाने और अपने फिटनेस लक्ष्यों को हासिल करने में मदद करते हैं। 

व्यायाम और फिटनेस ऐप्स कई तरह के सुविधाएं प्रदान करते हैं। वे हमें रोजाना कैसे व्यायाम करना चाहिए, सही डाइट चार्ट, समय सारणी और प्रोग्रेस रिपोर्ट्स के लिए अलर्ट देते हैं। ये ऐप्स हमें अपने व्यायाम कार्यक्रम को मैप और ट्रैक करने में भी मदद करते हैं। 

कुछ प्रमुख व्यायाम और फिटनेस ऐप्स माइफिटनेसपाल, फिटनेस ट्रैकर, गूगल फिट,"
14,व्यायाम और फिटनेस ट्रैकिंग ऐप्स,"आजकल व्यायाम और फिटनेस का ध्यान रखना हमारे लिए बहुत महत्वपूर्ण है। इसके लिए अच्छे और सहायकारी ऐप्स का उपयोग करना भी बेहद उपयुक्त है। आजकल कई ऐप्स उपलब्ध हैं जो हमें हमारे व्यायाम और फिटनेस कार्यक्रम को ट्रैक करने में मदद करते हैं।

ये ऐप्स हमें हमारे दैनिक व्यायाम, भोजन, नींद, उपयोगिता, दिनचर्या आदि को ट्रैक करने में मदद करते हैं। कुछ ऐप्स आपको व्यायाम की निर्देशिका भी प्रदान करते हैं और आपको सही तरीके से व्यायाम करने में मदद करते हैं। इन ऐप्स में आप अपने प्रोग्रेस को भी ट्रैक कर सकते हैं और अपने लक्ष्य"
15,वैक्सीन विकास में नई तकनीकें,"वैक्सीन विकास में नई तकनीकें

वैक्सीन एक महत्वपूर्ण और प्रभावी तरीका है जिसका उपयोग विभिन्न रोगों के खिलाफ सुरक्षा प्रदान करने के लिए किया जाता है। वैक्सीन विकास में नई तकनीकें और अनुसंधान धाराओं का उपयोग किया जा रहा है जो इस क्षेत्र में नए और सुधारित उत्पादों की खोज और विकास को संभव बना रही हैं।

एक ऐसी तकनीक है जिसे ""मेसेंजर आरएनए"" (mRNA) वैक्सीन कहा जाता है, जो कोविड-19 के खिलाफ वैक्सीन विकसित करने में उपयोग किया गया। यह वैक्सीन विकास को तेजी से और प्रभावी बनाने के लिए एक अच्छा उदाहरण है। इस"
12,वैक्सीन विकास में नई तकनीकें,"वैक्सीन विकास में नई तकनीकें

वैक्सीन विकास में नई तकनीकें का उदय हो रहा है जो वैक्सीनों को अधिक प्रभावी और सुरक्षित बनाने में मदद कर रही है। इन नई तकनीकों में से कुछ चरम प्रभावी हो रही हैं और बहुत संभावित है कि वे भविष्य में वैक्सीन विकास को और तेजी से आगे बढ़ाएंगी।

एक ऐसी नई तकनीक है mRNA वैक्सीन, जो कोविड-19 वैक्सीनों में प्रयोग हो चुकी है। यह तकनीक वायरस के खिलाफ बचाव के लिए शरीर में प्रोटीन उत्पन्न करने के लिए मेसेंजर आरएनए मोलेक्यूल का उपयोग करती है। इससे शरीर को वायरस के खिलाफ रोगी बनाने की क"
17,पोषण और आहार में नई खोजें,"पोषण और आहार विज्ञान में नवाचार लाने के लिए निरंतर प्रयास किए जा रहे हैं। यह न केवल मानव स्वास्थ्य के लिए महत्वपूर्ण है, बल्कि पूरे समुदाय के विकास और उत्थान में भी महत्वपूर्ण भूमिका निभाता है। आधुनिक विज्ञान और प्रौद्योगिकी के साथ, वैज्ञानिक अब उन्हें बेहतर आहार और पोषण की संभावनाएं खोजने में सक्षम हैं।

विभिन्न खोजों ने दिखाया है कि उचित पोषण से व्यक्ति की रोग प्रतिरोधक क्षमता मजबूत होती है और उसकी शारीरिक, मानसिक एवं आत्मिक स्थिति में सुधार आता है। इसके लिए विभिन्न न्यूनतम और अधिकतम पोषण सं"
16,व्यायाम और फिटनेस ट्रैकिंग ऐप्स,"आजकल व्यायाम और फिटनेस का माहौल बदल गया है और इसमें तकनीक का भी बड़ा योगदान है। व्यायाम और फिटनेस ट्रैकिंग ऐप्स इसमें महत्वपूर्ण भूमिका निभा रहे हैं। ये ऐप्स उपयोगकर्ताओं को उनके व्यायाम और खान-पान की गतिविधियों को ट्रैक करने में मदद करते हैं।

ये ऐप्स आपको दिनचर्या में व्यायाम की समय-सारणी बनाने में मदद करते हैं, आपके उद्देश्यों और प्राथमिकताओं को ध्यान में रखते हैं, और आपके प्रगति का ट्रैक रखते हैं। इन ऐप्स के माध्यम से आप अपने व्यायाम सत्रों, दौड़-दौड़े, योग, ध्यान आदि को ट्रैक कर सकते ह"
18,पोषण और आहार में नई खोजें,"पोषण और आहार विज्ञान में नवाचार करना बहुत महत्वपूर्ण है। नए खोज और अनुसंधान से हम यह समझने में सक्षम होते हैं कि कैसे विभिन्न आहार तत्व और पोषक तत्व हमारे शरीर को प्रभावित करते हैं और कैसे हम अपने आहार को बेहतर बना सकते हैं।

हाल ही में कई अनुसंधानों ने दिखाया है कि निरंतर जंक फ़ूड खाने से हमारे स्वास्थ्य पर कितना बुरा प्रभाव पड़ता है। इसके विपरीत, पौष्टिक आहार जैसे कि फल, सब्जियाँ, अनाज आदि खाने से हम अपने शरीर को आवश्यक पोषक तत्व प्रदान कर सकते हैं।

वैज्ञानिकों ने भी आहार में योग और ध्यान के महत्व को समझन"
19,जीन थेरेपी की प्रगति,"जीन थेरेपी एक उच्च स्तरीय तकनीक है जिसमें विज्ञान और चिकित्सा का सम्मिलन किया जाता है ताकि वायरस, जैविक प्रोटीन या अन्य जीवाणुओं की जेनेटिक मानवरूप को संशोधित किया जा सके। यह एक विशेष दौरी तकनीक है जो संशोधित जीन को शरीर में पहुंचाने के लिए उपयोग की जाती है।

जीन थेरेपी की प्रगति में विज्ञान ने कई महत्वपूर्ण कदम बढ़ाए हैं। इस तकनीक का उपयोग साइक्लिक डिफेंशन्सी, मस्क्यूलर डिस्ट्रोफी, कैंसर और अन्य जीवाणुओं से संबंधित बीमारियों के इलाज में किया जा रहा है।

नवीनतम जीन थेरेपी प्रौद्योगिकियों का"
21,व्यायाम और फिटनेस ट्रैकिंग ऐप्स,"आजकल व्यायाम और फिटनेस का महत्व सभी के लिए बढ़ गया है। व्यस्त जीवनशैली के कारण लोग अपने स्वास्थ्य का ध्यान रखने के लिए जिम जाने की अधिकांश समय नहीं निकाल पाते हैं। इस समस्या का समाधान करने के लिए व्यायाम और फिटनेस ट्रैकिंग ऐप्स का उपयोग किया जा सकता है।

ये ऐप्स उपयुक्त तकनीक का उपयोग करके आपके व्यायाम की गतिविधियों को ट्रैक करते हैं और आपको स्वस्थ रहने में मदद करते हैं। कुछ ऐप्स व्यायाम की जानकारी जैसे कि कैसे करें, समय, और इंटेंसिटी प्रदान करते हैं। इनमें कई ऐप्स हैं जो आपके खाने-पीने को भी ट्रैक कर"
22,विश्व के आश्चर्यजनक प्राकृतिक स्थल,"विश्व में कई आश्चर्यजनक प्राकृतिक स्थल हैं जो अपनी प्राकृतिक सुंदरता और विशेषताओं के लिए प्रसिद्ध हैं। ये स्थल बार-बार पर्यटकों की आकर्षण का केंद्र बनते हैं और इनकी सुंदरता दर्शनीय होती है।

एक ऐसा प्राकृतिक स्थल है 'ग्रैंड कैनियन' जो अमेरिका में स्थित है। यह विश्व का सबसे गहरा खाड़ी है और इसकी खूबसूरत झीलें और पहाड़ी दृश्य दर्शकों को मोहित करती हैं।

दूसरे तथ्यात्मक स्थल में 'नाइगारा जलप्रपात' भी शामिल है। यह कनाडा और अमेरिका की सीमा पर स्थित है और इसकी ऊंचाई और भव्यता देखने लायक है।

'एयर्स रॉक'"
23,जीन थेरेपी की प्रगति,"जीन थेरेपी एक उच्च प्रौद्योगिकी तकनीक है जिसका उद्देश्य व्यक्ति के जीनों में परिवर्तन करके रोगों का इलाज करना है। यह विज्ञान की एक बहुत बड़ी क्षेत्र है और इसमें नवीनतम तकनीकी उन्नतियों का उपयोग किया जाता है। जीन थेरेपी के माध्यम से विज्ञानशील अनुसंधानकर्ता आजकल विभिन्न जीनों के माध्यम से रोगों के इलाज की दिशा में काम कर रहे हैं।

जीन थेरेपी का उपयोग कैंसर, मधुमेह, अल्जाइमर्स, दिल की बीमारियों, जनसंख्या गणित और अन्य गंभीर रोगों के इलाज में किया जा सकता है। यह एक विशेष जीन को बदलकर रोग को ठीक करने की क्ष"
24,मानसिक स्वास्थ्य और टेक्नोलॉजी,"मानसिक स्वास्थ्य और टेक्नोलॉजी एक साथ जुड़े हुए विषय हैं जो हमारे जीवन को सुविधाजनक बनाने में मदद करते हैं। टेक्नोलॉजी के उपयोग से हम अपने मानसिक स्वास्थ्य को सुधार सकते हैं और इसे बेहतर बना सकते हैं।

आजकल कई मानसिक स्वास्थ्य समस्याएं उभर आई हैं, जैसे कि तनाव, चिंता, डिप्रेशन आदि। इन समस्याओं का सामना करने के लिए हम अलग-अलग तकनीकों का सहारा ले सकते हैं। डिजिटल माध्यमों के जरिए मानो ध्यान देने वाले ऐप्स, मेडिटेशन एप्लीकेशन्स, स्वास्थ्य ट्रैकिंग उपकरण आदि का उपयोग कर सकते हैं। इन तकनीकों की मदद से हम अपने"
20,विश्व के आश्चर्यजनक प्राकृतिक स्थल,"विश्व भर में हमें अनेक आश्चर्यजनक प्राकृतिक स्थल मिलते हैं जो हमें अपने अद्भुतता और शक्ति से प्रभावित करते हैं। ये स्थल विविधता और सुंदरता से भरे होते हैं और इंसान को नए दर्शन दिखाते हैं।

एक ऐसा प्राकृतिक स्थल है 'ग्रैंड कैनयन' जो उत्तरी अमेरिका में स्थित है। यह एक विशाल खाई है जो किलोमीटरों तक फैली हुई है और उसकी गहराई भी कई सैकड़ों मीटरों तक हो सकती है। इसकी दीवारें विविध रंगों में चमकती हैं और इसके आसपास की प्राकृतिक सौंदर्य एक अद्वितीय अनुभव प्रदान करती है।

दूसरा उदाहरण है 'नॉर्वे की फियोर"
26,जीन थेरेपी की प्रगति,"जीन थेरेपी एक उत्कृष्ट तकनीक है जिसका उपयोग विभिन्न रोगों के इलाज में किया जाता है। इस तकनीक में, वैज्ञानिक अनुसंधान द्वारा निर्मित जीन्स को व्यक्ति के शरीर में पहुंचाया जाता है ताकि वे दिन के किसी भी समय किसी भी चिकित्सा समस्या का समाधान कर सकें।

जीन थेरेपी का उद्देश्य असामान्य जीनों के संशोधित प्रतिरूपण को प्रभावित करना है। यह विशेष रोगों के इलाज के लिए काफी प्रभावी है, जैसे कि कैंसर, गुर्दे की बीमारियाँ, जनन क्षमता संबंधी समस्याएं आदि। जीन थेरेपी के उपयोग से रोग के कारणी जीन को साधारण हालात में लौटाया"
25,पोषण और आहार में नई खोजें,"पोषण और आहार एक स्वस्थ और सकारात्मक जीवन जीने के लिए महत्वपूर्ण हैं। आधुनिक जीवनशैली में लोगों के आहार में कई बदलाव हुए हैं, जिनमें ताजा और पौष्टिक आहार की तलाश शामिल है। इसके साथ ही वैज्ञानिक संशोधन भी नई-नई खोजें कर रहा है जो पोषण और आहार के क्षेत्र में नए दरवाजे खोल रहे हैं।

एक नई खोज यह है कि सुपरफूड्स कैसे हमारे स्वास्थ्य को प्रभावित कर सकते हैं। सुपरफूड्स में उच्च मात्रा में पोषक तत्व होते हैं जो विभिन्न रोगों से लड़ने में मदद कर सकते हैं। इनमें अंतरिक्ष से उड़ान भरते जीवन के तत्व भ"
28,विश्व के आश्चर्यजनक प्राकृतिक स्थल,"विश्व भर में हमें अनेक आश्चर्यजनक प्राकृतिक स्थल मिलते हैं जिनकी सुंदरता और विशालता हमें प्रभावित कर देती है। ये स्थल अपनी अद्वितीयता और स्थायित्व के लिए प्रसिद्ध हैं।

एक ऐसा प्राकृतिक स्थल है माउंट एवरेस्ट, जो विश्व की सबसे ऊँची पर्वतश्रेणी है। इसकी ऊँचाई लगभग 8,848 मीटर है और इसे नेपाल और तिब्बत की सीमा में स्थित है। यहाँ पर यात्रियों को अनूठी दृश्यमाला और शानदार पर्वतीय वातावरण का आनंद लेने का मौका मिलता है।

दूसरा उदाहरण है ग्रैंड कैन्यन, जो अमेरिका में स्थित है और दुनिया का सबसे गहरा नाला है"
27,भारतीय संस्कृति में त्योहारों का महत्व,"भारतीय संस्कृति में त्योहारों का बहुत महत्व है। यहाँ त्योहारों का मतलब न केवल धार्मिक अथवा सामाजिक उत्सव होता है, बल्कि इनका एक अद्वितीय सांस्कृतिक महत्व भी है। भारतीय संस्कृति में त्योहारों के माध्यम से लोग एक-दूसरे के साथ मिलने, खुश होने, एकदूसरे के साथ बंधन बनाने और संबंध मजबूत करने का अवसर पाते हैं।

भारतीय संस्कृति में विभिन्न त्योहार हैं जैसे दीपावली, होली, दशहरा, नवरात्रि, रक्षाबंधन, ईद, गणेश चतुर्थी, क्रिष्ण जन्माष्टमी आदि। इन त्योहारों में लोग अपने प्रियजनों के साथ समय बिताते हैं, खु"
29,भारतीय संस्कृति में त्योहारों का महत्व,"भारतीय संस्कृति में त्योहारों का विशेष महत्व है। ये त्योहार हमारी सामाजिक संगठना, सांस्कृतिक विरासत और धार्मिक विश्वासों का प्रतीक हैं। इन त्योहारों के माध्यम से हम अपनी परंपराओं को समझते हैं और उन्हें आगे बढ़ाने का प्रयास करते हैं। 

भारतीय संस्कृति में त्योहारों का आयोजन विशेष उत्साह और खुशियों का संदेश लेकर आता है। ये त्योहार हमें परिवार और समुदाय के साथ एकता और समरसता का महत्व सिखाते हैं। जैसे कि दिवाली के दिन हम सभी एक साथ उत्सव मनाकर अपने परिवार के साथ खुशियों का आनंद लेते हैं। 

त्योहारों के माध्यम से हम अपने संस"
30,टेलीमेडिसिन का भविष्य,"टेलीमेडिसिन एक तकनीकी उन्नति है जो स्वास्थ्य सेवाओं को सुगम और सुलभ बनाती है। इसके माध्यम से लोग विभिन्न स्वास्थ्य सेवाओं का लाभ उठा सकते हैं जैसे कि चिकित्सा परामर्श, निदान, उपचार और देखभाल। टेलीमेडिसिन का उपयोग दूरस्थ लोगों के लिए अधिक सुगमता प्रदान करता है और अस्पतालों और चिकित्सा संस्थानों में भी सुधार करता है।

भविष्य में, टेलीमेडिसिन का उपयोग और भी व्यापक होने की संभावना है। नए तकनीकी उपकरणों की उपलब्धता और इंटरनेट कनेक्टिविटी की सुविधा से लोग अपने स्वास्थ्य देखभाल को लेकर अधिक सक्षम होंगे। इ"
31,खेलों का विकास और उनका सामाजिक प्रभाव,"खेलों का विकास और उनका सामाजिक प्रभाव

खेलों का विकास और उनका सामाजिक प्रभाव विशेष रूप से बच्चों और युवाओं के लिए महत्वपूर्ण है। खेलों के माध्यम से वे न केवल अच्छे खिलाड़ी बनते हैं बल्कि उन्हें अन्य कई महत्वपूर्ण गुणों का विकास भी होता है।

खेल खेलने से व्यक्ति में टीम वर्क, नेतृत्व, सहनशीलता, संन्यास, संयम, उत्साह, और सामर्थ्य की भावनाएं विकसित होती हैं। खेल खेलने से विकलांग लोगों में भी आत्मविश्वास और स्वावलंबन बढ़ता है।

खेलों का सामाजिक प्रभाव भी अत्यंत महत्वपूर्ण है। खेलों के माध्यम से लोग समाज में साम"
32,वैक्सीन विकास में नई तकनीकें,"वैक्सीन विकास में नई तकनीकें

वैक्सीन विकास में नई तकनीकें एक महत्वपूर्ण क्षेत्र हैं जो स्वास्थ्य सेवाओं को सुधारने में महत्वपूर्ण भूमिका निभा रही हैं। इन नई तकनीकों का उपयोग करके वैक्सीनों की अधिक असरकारी और सुरक्षित बनाने का प्रयास किया जा रहा है।

एक नई तकनीक है mRNA वैक्सीन, जिसमें मैसेंजर RNA का उपयोग किया जाता है। यह वैक्सीन कोविड-19 जैसी बीमारियों के खिलाफ विकसित की जा रही है और इसमें जीन शुद्धि और सुरक्षा के लिए नवीनतम तकनीक का उपयोग किया जाता है।

एक और नई तकनीक है DNA वैक्सीन, जिसमें डीएनए"
33,वैक्सीन विकास में नई तकनीकें,"वैक्सीन विकास में नई तकनीकें

वैक्सीन एक महत्वपूर्ण तकनीक है जो रोगों से बचाव में महत्वपूर्ण भूमिका निभाती है। वैक्सीन विकास के लिए नई तकनीकों का उपयोग करने से वैक्सीनों की प्रभावकारिता और सुरक्षा में सुधार हो सकता है।

कुछ नई तकनीकें जैसे जेनेटिक इंजीनियरिंग, रिकंबिनेंट डीएनए, और वायरल वेक्टर्स के उपयोग से वैक्सीनों का विकास किया जा रहा है। जेनेटिक इंजीनियरिंग के द्वारा, वैक्सीन के लिए जीन्स को बदलकर उसकी प्रभावकारिता बढ़ाई जा सकती है। रिकंबिनेंट डीएनए के उपयोग से वैक्सीन के लिए"
35,मानसिक स्वास्थ्य और टेक्नोलॉजी,"मानसिक स्वास्थ्य एक अत्यंत महत्वपूर्ण विषय है जिस पर टेक्नोलॉजी का भी गहरा प्रभाव होता है। आजकल कंप्यूटर, स्मार्टफोन, सोशल मीडिया आदि के उपयोग से हमारे जीवन में बदलाव आया है। यह बदलाव न केवल हमारे दैनिक जीवन को सरल और सुविधाजनक बनाता है बल्कि हमारे मानसिक स्वास्थ्य पर भी गहरा प्रभाव डालता है।

एक पक्ष से, टेक्नोलॉजी ने मानसिक स्वास्थ्य को सुधारने में मदद की है। विभिन्न मोबाइल एप्लिकेशन्स और ऑनलाइन सेवाएं मानसिक स्वास्थ्य समस्याओं का समर्थन करती हैं। मनोरोग विशेषज्ञों के साथ ऑनलाइन काउंसलिंग, मेडिटेशन और यो"
36,जीन थेरेपी की प्रगति,"जीन थेरेपी एक उच्चतम स्तरीय और प्रौद्योगिकी युक्त उपचार पद्धति है जिसका उद्देश्य व्यक्ति के जीनों में परिवर्तन करके रोगों का इलाज करना है। इस तकनीक का उद्भाव 1970 के दशक में हुआ था और तब से यह विज्ञान में क्रांति लाने में सफल रहा है।

जीन थेरेपी के विकास से कई रोगों का इलाज संभव हो गया है, जैसे कैंसर, जीनेटिक रोग, उच्च रक्तचाप, मोटापा आदि। इस उपचार के तरीके में, एक स्वस्थ जीन को रोगी के जीन के विकल्प के रूप में प्रयोग किया जाता है ताकि रोगी के जीन में हुए किसी भी गलती को सुधारा जा सके।

जीन थेरेपी की प्रगत"
34,व्यायाम और फिटनेस ट्रैकिंग ऐप्स,"व्यायाम और फिटनेस ट्रैकिंग ऐप्स आजकल लोगों के जीवन में महत्वपूर्ण भूमिका निभा रहे हैं। ये ऐप्स उन्हें उनके व्यायाम और स्वास्थ्य का ध्यान रखने में मदद करते हैं। 

इन ऐप्स के माध्यम से यूज़र्स अपने व्यायाम सत्र, योग्यता स्तर और खान-पान की जानकारी दर्ज कर सकते हैं। इन ऐप्स के जरिए आप अपने लक्ष्यों को सेट कर सकते हैं और उन्हें पूरा करने के लिए प्रेरित हो सकते हैं। 

कुछ व्यायाम और फिटनेस ट्रैकिंग ऐप्स योग्यता सत्र को ट्रैक करने के साथ-साथ आपके नींद, भोजन और तनाव को भी माप सकते हैं। इससे आपको अपनी दिनचर्या को सुधारन"
37,अंतरिक्ष अन्वेषण का इतिहास,"अंतरिक्ष अन्वेषण एक चुनौतीपूर्ण क्षेत्र है जिसमें मानव समुदाय ने नए संभावनाओं की खोज की है। अंतरिक्ष अनुसंधान का इतिहास लम्बा और उत्कृष्ट है। 

अंतरिक्ष अनुसंधान की शुरुआत रक्षा उद्यान और उत्तरी ध्रुव की ओर अग्रसर हुई। वर्ष 1957 में रूस ने पहला उपग्रह, स्पुतनिक-1, पृथ्वी की ओर उड़ाया। इसके बाद अंतरिक्ष अनुसंधान की दौड़ तेजी से बढ़ी। अमेरिका ने अपने उपग्रह अपोलो कार्यक्रम के माध्यम से मानव को चंद्रमा भेजने में सफलता प्राप्त की। 

आज, बहुलक्षेत्रीय अंतरिक्ष स्टेशन और मंगल अनुसंधान मिशन जैसे उद"
38,मानसिक स्वास्थ्य और टेक्नोलॉजी,"मानसिक स्वास्थ्य और टेक्नोलॉजी दोनों ही महत्वपूर्ण क्षेत्र हैं जो हमारे जीवन को सुखमय और समृद्ध बनाने में मदद करते हैं। आजकल की भागदौड़ भरी जिंदगी में टेक्नोलॉजी हमारे लिए एक महत्वपूर्ण सहायक बन गई है। लेकिन इसके साथ ही मानसिक स्वास्थ्य का ख्याल रखना भी उतना ही जरूरी है।

टेक्नोलॉजी के उपयोग से हमारे जीवन को सरल और आरामदायक बनाने में मदद मिलती है। उच्च गुणवत्ता वाले स्मार्टफोन, एप्लीकेशन, और इंटरनेट सेवाएं हमें विभिन्न क्षेत्रों में सहायता प्रदान करती हैं। यह हमें ज्यादा से ज्यादा जानकारी और संच"
39,खेलों का विकास और उनका सामाजिक प्रभाव,"खेलों का विकास और उनका सामाजिक प्रभाव

खेल एक महत्वपूर्ण साधन है जो हमारे शारीरिक, मानसिक और सामाजिक विकास में महत्वपूर्ण भूमिका निभाता है। खेल न केवल हमें स्वस्थ रखने में मदद करता है बल्कि हमारे सोशल स्किल्स को भी बढ़ावा देता है।

खेल खेलने से हमारी शारीरिक सक्रियता बढ़ती है जिससे हमारी सेहत अच्छी रहती है और विभिन्न बीमारियों से बचने में मदद मिलती है। साथ ही, खेल खेलने से हमें टीमवर्क, नेतृत्व, सहयोग, संघर्ष और समाधान जैसे महत्वपूर्ण सोशल स्किल्स का अभ्यास होता है।

खेलों का सामाजिक प्रभाव भी अत्यधिक महत्वपू"
40,प्राचीन भारतीय विज्ञान और तकनीक,"प्राचीन भारतीय सभ्यता ने विज्ञान और तकनीक के क्षेत्र में भी बहुत योगदान दिया है। भारतीय इतिहास में गणित, भौतिकी, रसायन विज्ञान, ज्योतिष, यंत्रिकी, औषधि-शास्त्र आदि के क्षेत्र में भारतीय वैज्ञानिकों ने अमूल्य योगदान दिया है।

गणित के क्षेत्र में आर्यभट्ट, ब्रह्मगुप्त, महावीराचार्य जैसे वैज्ञानिकों ने शून्य की खोज की, ज्यामिति के नियमों को खोजा और गणित के क्षेत्र में महत्वपूर्ण सिद्धांतों का अध्ययन किया।

भौतिकी क्षेत्र में भारतीय वैज्ञानिक अच्युत कानाद, कपिल मुनि, भास्कराचार्य ने मात्रा, गुण, परम"
42,पोषण और आहार में नई खोजें,"पोषण और आहार में नई खोजें एक महत्वपूर्ण क्षेत्र है जिसमें तकनीकी उन्नति ने बहुत से संभावित नए द्वार खोले हैं। आधुनिक विज्ञान और प्रौद्योगिकी के उपयोग से वैज्ञानिकों और शोधकर्ताओं ने पोषण और आहार से संबंधित कई नई खोजें की हैं।

आजकल जीवाणुओं के माध्यम से आहार की गुणवत्ता में सुधार करने की तकनीक पर काम हो रहा है। जीवाणुओं का उपयोग कृषि उत्पादों की सुरक्षा और गुणवत्ता में सुधार के लिए किया जा रहा है। साथ ही, आहार में पोषक तत्वों की अधिकता और संतुलित पोषण के लिए भी नई तकनीकों का उपयोग किया जा र"
41,विश्व की महान वास्तुकला,"विश्व की महान वास्तुकला एक अद्वितीय और शानदार धरोहर है जो हमें प्राचीन समय की संस्कृति और स्थापत्यकला की विविधता का पता लगाती है। विभिन्न देशों जैसे इंडिया, इजिप्ट, ग्रीस, इटली, चीन, जापान, फ्रांस, जर्मनी आदि में वास्तुकला ने अपनी अलग-अलग पहचान बनाई है।

भारतीय वास्तुकला में खजुराहो, अजंता-एलोरा, खजुराहो, ताजमहल जैसे अद्वितीय संरचनाएं हैं जो आज भी लोगों को प्रेरित कर रही हैं। इजिप्ट के पिरामिड्स, ग्रीस की पार्थेनॉन इस संस्कृति की महिमा का प्रमाण हैं।

वास्तुकला के माध्यम से हम उस समय की सोच, धारणाए"
43,व्यायाम और फिटनेस ट्रैकिंग ऐप्स,"आजकल व्यायाम और फिटनेस ट्रैकिंग ऐप्स का उपयोग करना लोगों के लिए स्वस्थ जीवनशैली का महत्वपूर्ण हिस्सा बन गया है। ये ऐप्स उपयोगकर्ताओं को उनके व्यायाम और आहार की जानकारी संग्रहित करने में मदद करते हैं और उन्हें अपने स्वास्थ्य की देखभाल के लिए संज्ञानात्मक निर्णय लेने में सहायक होते हैं।

ये ऐप्स उपयोगकर्ताओं को उनके प्रतिदिन के व्यायाम, खान-पान, नींद और अन्य स्वास्थ्य संबंधित गतिविधियों को ट्रैक करने में मदद करते हैं। ये गतिविधियां उपयोगकर्ताओं को उनकी लक्ष्यों तक पहुंचने में मदद करती हैं और उन्हें स्व"
44,विश्व की महान वास्तुकला,"वास्तुकला एक विशेष कला है जो मानव सभ्यता के इतिहास का महत्वपूर्ण हिस्सा रही है। वास्तुकला न केवल इमारतों की बनावट को सुंदर बनाती है, बल्कि उसके माध्यम से वहाँ की सांस्कृतिक, ऐतिहासिक और धार्मिक महत्वाकांक्षा को भी दर्शाती है।

विश्व की महान वास्तुकला की चर्चा करने पर कई ऐतिहासिक और सांस्कृतिक स्थल उभरते हैं। इनमें मक्खा का काबा, इटली का पीजा टावर, इंग्लैंड की स्टोनहेंज, इंडोनेशिया का बोरोबुदुर मंदिर, भारत का ताजमहल, चीन का ग्रेट वॉल, इजराइल का गोल्डन डोम, इंका सिविलाइजेशन की मचू पिचू जैसे स्थल शामिल हैं।

इ"
45,विश्व की महान वास्तुकला,"वास्तुकला एक ऐसी कला है जो मानव सभ्यता के विकास का प्रमुख हिस्सा है। वास्तुकला के माध्यम से हम विभिन्न समय की समाजों, संस्कृतियों और स्थलों की भौतिक स्वरूपता को समझ सकते हैं। विश्व की महान वास्तुकला में से कुछ उदाहरण हैं जो सबके दिलों में एक अलग जगह बना चुके हैं।

प्राचीन यूनानी संस्कृति के प्रसिद्ध वास्तुकला के उदाहरण हैं जैसे कि पार्थनोन मंदिर और फिलहेलेनिक आर्किटेक्चर। यहाँ तक कि रोमन संस्कृति के संगमरमर के भवन भी अद्वितीय शैली के उदाहरण हैं।

मध्ययुगीन यूरोप की गोथिक वास्तुकला भी विश्व की महान वास्तुक"
46,अंतरिक्ष अन्वेषण का इतिहास,"अंतरिक्ष अन्वेषण मानवता के लिए एक महत्वपूर्ण क्षेत्र है, जिसमें वैज्ञानिक, तकनीकी और विशेषज्ञ निरंतर नए खोज और अनुसंधान कर रहे हैं। अंतरिक्ष अन्वेषण का इतिहास बहुत पुराना है, लेकिन इसके विकास में विज्ञान और प्रौद्योगिकी के तेजी से विकास के कारण इसकी महत्वता और स्थानिकता बढ़ गई है।

अंतरिक्ष अन्वेषण का आदि वैज्ञानिक और तकनीकी उत्कृष्टता के साथ यूरोप, अरब और चीन में हुआ था। वैज्ञानिक और तकनीकी उन्नति के साथ अंतरिक्ष अन्वेषण का क्षेत्र विस्तृत होता गया।

यद्यपि पहले अंतरिक्ष यातायात मात्र एक क"
47,प्राचीन भारतीय विज्ञान और तकनीक,"प्राचीन भारतीय सभ्यता में विज्ञान और तकनीक का महत्वपूर्ण स्थान रहा है। भारतीय समुदाय ने हजारों वर्षों पहले ही अनेक वैज्ञानिक और तकनीकी अविष्कार किए थे जो आज भी हमारे लिए महत्वपूर्ण हैं।

भारतीय गणित, ज्योतिष, वास्तुकला, आयुर्वेद, योग आदि विज्ञान और तकनीक के क्षेत्र में महत्वपूर्ण योगदान देने के लिए प्रसिद्ध हैं। गणित में शून्य (Zero) का आविष्कार भारत के गणितज्ञों ने किया था, जो आज भी गणित के मूलभूत सिद्धांत है। ज्योतिष विज्ञान ने चंद्रमा, सूर्य और ग्रहों के गति को अध्ययन किया था और भविष्य की पूर"
48,टेलीमेडिसिन का भविष्य,"टेलीमेडिसिन एक विज्ञान है जिसमें चिकित्सा सेवाएं और सलाह दूरस्थ साधनों के माध्यम से प्रदान की जाती है। यह तकनीकी उन्नति का उपयोग करके विशेषज्ञ चिकित्सकों और रोगियों के बीच संचार को सुगम बनाता है।

टेलीमेडिसिन का भविष्य बहुत उज्ज्वल है। इसके द्वारा लोग घर बैठे ही चिकित्सा सेवाएं प्राप्त कर सकेंगे। इससे चिकित्सा सुविधा की पहुंच में वृद्धि होगी और बीमारियों का समय पर इलाज होगा। विशेषज्ञ चिकित्सकों की कमी के कारण अधिकांश गांवों और छोटे शहरों में चिकित्सा सुविधाएं कम हैं, लेकिन टेलीमेडिसिन से लोग इन स्थ"
49,विश्व की महान वास्तुकला,"वास्तुकला एक ऐसी कला है जो हमारी सभ्यता और संस्कृति का प्रतिबिम्ब है। इसके माध्यम से हम अपने इतिहास, धरोहर और सांस्कृतिक विरासत को दर्शाते हैं। विश्व की महान वास्तुकला उस कला का संग्रह है जो न केवल उसकी शैली और स्थानीय विशेषताओं को दर्शाती है, बल्कि उसके समय, विचारधारा और सांस्कृतिक परिप्रेक्ष्य को भी प्रकट करती है।

विश्व की महान वास्तुकला के उदाहरण हैं - प्य्रामिड्स ऑफ ईजिप्ट, ताजमहल, परिस की नोट्रे दाम, अथेंस की पार्थेनन मंदिर, रोमा की कोलोसियम आदि। ये भव्य और अद्वितीय संरचनाएं हमें उन समयों की समृद्ध सांस्कृत"
50,वैक्सीन विकास में नई तकनीकें,"वैक्सीन विकास एक महत्वपूर्ण प्रक्रिया है जो समुदाय के स्वास्थ्य को सुरक्षित रखने में मदद करती है। नवीनतम तकनीकों का उपयोग करके वैक्सीन विकास की गति को तेजी से बढ़ाया जा रहा है।

एक नई तकनीक है mRNA वैक्सीन, जिसमें mRNA मोलेक्यूल का उपयोग किया जाता है। यह वैक्सीन वास्तव में वायरस के खिलाफ रक्षा प्रदान करने के लिए शिक्षा देने के लिए शरीर के ऊतकों को उत्तेजित करती है। mRNA वैक्सीन तेजी से विकसित की जा सकती है और उसे विभिन्न रोगों के खिलाफ वैक्सीन विकसित करने में मदद कर सकती है।

एक और उभरती हुई तकनीक है ऑटोलॉगस व"
51,व्यायाम और फिटनेस ट्रैकिंग ऐप्स,"आजकल व्यायाम और फिटनेस को लेकर लोगों की जागरूकता में बढ़ोतरी हुई है और इसके साथ ही व्यायाम और फिटनेस ट्रैकिंग ऐप्स का भी उपयोग बढ़ रहा है। ये ऐप्स लोगों को उनके व्यायाम और डाइट प्लान को ट्रैक करने में मदद करते हैं और उन्हें मोटिवेट करते हैं।

व्यायाम और फिटनेस ट्रैकिंग ऐप्स की मदद से आप अपने व्यायाम सत्र, दौड़, योगा आदि की जानकारी रेकॉर्ड कर सकते हैं। ये ऐप्स आपके दैनिक व्यायाम का ट्रैक रखने में मदद करेंगे और आपको आगे बढ़ने के लिए प्रेरित करेंगे। इन ऐप्स में आप अपनी व्यायाम सेशन की दूरी, वक"
53,प्राचीन भारतीय विज्ञान और तकनीक,"प्राचीन भारतीय सभ्यता विज्ञान और तकनीक के क्षेत्र में भी अग्रगामी थी। भारतीय संस्कृति ने अनेक शाखाओं में विज्ञान की उत्कृष्टता प्रदर्शित की है। वैदिक साहित्य में सूर्य, चंद्र, ताराएं, ग्रह, नक्षत्र, ग्रहण आदि के बारे में विस्तृत ज्ञान दिया गया है। 

ऋग्वेद में गणित, गणितीय अभियांत्रिकी, खगोल शास्त्र, ज्योतिष, धातुर्ग्यान, वायुर्ग्यान आदि के विषयों पर चर्चा की गई है। भारतीय गणितज्ञ आर्यभट्ट ने ज्योतिष और गणित में अपने योगदान के लिए अत्यधिक प्रसिद्ध हैं। 

समुद्र तरंग, प्रकाश तरंग, ध्वनि तरं"
52,वैक्सीन विकास में नई तकनीकें,"वैक्सीन विकास एक महत्वपूर्ण क्षेत्र है जिसमें नई तकनीकें लागू की जा रही हैं। इन नई तकनीकों में से कुछ मुख्य तकनीकें निम्नलिखित हैं:

1. mRNA वैक्सीन: mRNA वैक्सीन एक नई प्रकार की वैक्सीन है जो जेनेटिक इंजीनियरिंग का उपयोग करती है। यह वैक्सीन वास्तव में शिक्षण देती है और शरीर को विशिष्ट तरह के रोग के खिलाफ रोकथाम करने के लिए अंतिबोडी उत्पन्न करने की क्षमता प्रदान करती है।

2. वेक्टर वैक्सीन: वेक्टर वैक्सीन एक प्रकार की वैक्सीन है जिसमें अन्य वाइरस या बैक्टीरिया का अंश उपयोग किया जाता है जो शरीर में विशेष"
54,विश्व के आश्चर्यजनक प्राकृतिक स्थल,"विश्व भर में हमें कई आश्चर्यजनक प्राकृतिक स्थल देखने को मिलते हैं जिन्हें देखकर हमे न केवल आनंद मिलता है बल्कि हमारे मन को एक नया परिपेक्ष स्थापित होता है। इन स्थलों में अद्वितीय प्राकृतिक सौंदर्य होता है जो हमें अपनी अनन्तता और शक्ति की महत्वाकांक्षा को समझने के लिए प्रेरित करता है।

दुनिया में कारिब सात अरब साल पुराने ग्रैंड कैनियन, अमेरिका का येलोस्टोन राष्ट्रीय पार्क, अफ्रीका की विकट जंगली जीवन की खूबसूरती, न्यूज़ीलैंड के ग्लोबस ट्रेक, और ऑस्ट्रेलिया का ग्रेट बैरियर रीफ जैसे प्राकृतिक स्थल शामिल हैं। इन स्थ"
55,भारतीय संस्कृति में त्योहारों का महत्व,"भारतीय संस्कृति में त्योहारों का विशेष महत्व है। ये त्योहार भारतीय जीवनशैली और संस्कृति के महत्वपूर्ण हिस्से हैं जो समाज को एक साथ लाते हैं और उन्हें एक-दूसरे के साथ जोड़ते हैं। 

भारतीय संस्कृति में त्योहारों का महत्व उसके समृद्धि और एकता को दर्शाता है। ये त्योहार विभिन्न धर्मों, समुदायों और क्षेत्रों में मनाए जाते हैं और लोगों को एक-दूसरे के साथ निकटता महसूस कराते हैं। 

त्योहारों के माध्यम से लोग आपसी सद्भावना, समरसता और समर्पण की भावना को समझते हैं। इन त्योहारों में लोग एक-दूसरे के साथ भागीदारी करते ह"
56,भारतीय संस्कृति में त्योहारों का महत्व,"भारतीय संस्कृति में त्योहारों का बहुत महत्व है। ये त्योहार हमारे समाज को जोड़ते हैं और हमें हमारी परंपराओं के साथ जोड़ते हैं। ये त्योहार हमें एक-दूसरे के साथ और अधिक मजबूत रिश्तों में बांधते हैं।

हमारे देश में विभिन्न धर्मों और समुदायों के अनुसार अलग-अलग त्योहार मनाए जाते हैं। हर त्योहार अपनी खासियत और महत्व रखता है। इन त्योहारों के जरिए हम अपने परिवार और समाज के सदस्यों के साथ समय बिताते हैं और एक-दूसरे की सेवा और संबंधों का महत्व समझते हैं।

त्योहार हमें हमारी सांस्कृतिक धरोहर को समझने का अवसर देते हैं"
57,जीन थेरेपी की प्रगति,"जीन थेरेपी एक उत्कृष्ट तकनीक है जिसे उपयोग करके विभिन्न रोगों के इलाज में मदद मिलती है। यह तकनीक रोग के कारण होने वाली गलत जीनों को सुधारने और उन्हें स्वस्थ जीनों से बदलने की क्षमता रखती है। इस तकनीक के जरिए विज्ञानशील उपकरणों का उपयोग किया जाता है जो निश्चित जीन को पहचानने और संशोधित करने में सक्षम होते हैं।

जीन थेरेपी के उपयोग से कई गंभीर और इलाज कठिन रोगों का समाधान संभव हो रहा है। जैसे कि कैंसर, डायबिटीज, उच्च रक्तचाप, अल्जाइमर, मानसिक रोग, विकार, आदि। इसके साथ ही, जीन थेरेपी एक प्रभावी"
58,प्राचीन भारतीय विज्ञान और तकनीक,"प्राचीन भारतीय सभ्यता एक उच्च स्तर की विज्ञान और तकनीक की धरोहर रखती है। वेद, उपनिषद, पुराण और अन्य प्राचीन भारतीय ग्रंथों में विभिन्न विज्ञानिक और तकनीकी ज्ञान का वर्णन मिलता है। इन ग्रंथों में ज्योतिष, गणित, वास्तु, रसायन विज्ञान, चिकित्सा, गणित, गणितीय न्याय, विमानिका, धातुर्गिया, धातुकर्म, रसशास्त्र, संस्कृत भाषा, वनस्पति विज्ञान, भूगर्भविज्ञान, जलवायुविज्ञान, भूगोल, धर्मशास्त्र, नीतिशास्त्र, व्याकरण, अंकगणित, जीवविज्ञान आदि के विषयों पर विस्तार से चर्चा की गई है।

भारतीय गणितक"
59,वैक्सीन विकास में नई तकनीकें,"वैक्सीन विकास एक महत्वपूर्ण क्षेत्र है जो हमारे समुदाय की स्वास्थ्य सुरक्षा के लिए महत्वपूर्ण है। नई तकनीकों की मदद से वैक्सीन विकास में अब तक कई महत्वपूर्ण सुधार हुए हैं।

प्राथमिक तरीके से, वैक्सीन विकास में अब तक उपयोग की जा रही तकनीकों में गलतियाँ या विफलताएं हो सकती हैं, जिससे परिणाम समय लग सकता है और लागत भी बढ़ सकती है। इस समस्या को हल करने के लिए, नई तकनीकें जैसे कि एमआईपी, क्रिस्पर-सीएसआर, और मोडर्ना तकनीक जैसे उत्कृष्ट तकनीकों का उपयोग किया जा रहा है।

एमआईपी तकनीक वैक्सीन विकास को तेजी"
60,प्राचीन भारतीय विज्ञान और तकनीक,"प्राचीन भारतीय सभ्यता ने विज्ञान और तकनीक के क्षेत्र में अद्वितीय योगदान दिया है। भारत ने अपनी संस्कृति के माध्यम से अनेक विज्ञानिक और तकनीकी अविष्कार किए हैं जिन्होंने दुनिया को चौंका दिया।

भारत ने गणित में 'शून्य' का आविष्कार किया जिसका महत्व विश्वास्तरीय है। भारतीय गणितज्ञ आर्यभट्ट ने 'सूर्य सिधांत' के माध्यम से सूर्य और चंद्रमा की गति का अध्ययन किया। उन्होंने ग्रहों की गति की गणना में भी महत्वपूर्ण योगदान दिया।

भारतीय वैज्ञानिक चारक ने आयुर्वेद का खोज किया, जिसमें उन्होंने औषधीय पौ"
61,प्राचीन भारतीय विज्ञान और तकनीक,"प्राचीन भारत में विज्ञान और तकनीक का महत्वपूर्ण स्थान था। वेद, उपनिषद, पुराणों और अन्य धार्मिक ग्रंथों में भारतीय वैज्ञानिक और तकनीकी ज्ञान की चर्चा मिलती है। भारतीय गणित, ज्योतिष, धातुर्ग्यान, यान्त्रिकी और चिकित्सा क्षेत्र में प्राचीन भारतीय विज्ञान के कई उदाहरण हैं।

भारतीय गणित का विकास बहुत प्राचीन काल से ही हुआ है। भारतीय गणितकार आर्यभट्ट, ब्रह्मगुप्त, भास्कराचार्य, महावीराचार्य, नीलकंठ सोमायाजी जैसे वैज्ञानिकों ने गणित के क्षेत्र में महत्वपूर्ण योगदान दिया।

भारतीय ज्योतिष भी एक प्राचीन व"
62,खेलों का विकास और उनका सामाजिक प्रभाव,"खेलों का विकास और उनका सामाजिक प्रभाव

खेलों का महत्व व्यक्तिगत और सामाजिक विकास में अत्यंत महत्वपूर्ण है। खेल न केवल शारीरिक स्वास्थ्य के लिए अच्छे होते हैं, बल्कि मानसिक स्वास्थ्य, सामाजिक जीवन, और व्यक्तिगत विकास में भी महत्वपूर्ण भूमिका निभाते हैं।

खेल खेलने से व्यक्ति का मानसिक क्षमता में सुधार होता है। खेल में समस्याओं का सामना करना, टीम में सहयोग करना, और हार-जीत का सामना करना व्यक्ति की मानसिक मजबूती को बढ़ाता है। साथ ही, खेलों में सफलता पाने के लिए कठिन परिस्थितियों का सामना करना सीखने का अच्छा तरीका होता है।

सामाज"
64,व्यायाम और फिटनेस ट्रैकिंग ऐप्स,"व्यायाम और फिटनेस ट्रैकिंग ऐप्स आजकल लोगों के जीवन में एक महत्वपूर्ण भूमिका निभा रहे हैं। ये ऐप्स उन्हें अपने स्वास्थ्य और फिटनेस की देखभाल करने में मदद करते हैं। इन ऐप्स की मदद से लोग अपने व्यायाम, खान-पान, नींद और अन्य स्वास्थ्य संबंधित गतिविधियों को ट्रैक कर सकते हैं।

ये ऐप्स उपयोगकर्ताओं को व्यायाम की निर्देशिका, समय और दूरी को ट्रैक करने की सुविधा देते हैं। इनमें कई व्यायाम और योग के वीडियो भी शामिल होते हैं जिनसे उपयोगकर्ता अपने काम का समय निकालकर उन्हें देख सकते हैं। 

इन ऐप्स में आप अपने"
63,विश्व के आश्चर्यजनक प्राकृतिक स्थल,"पृथ्वी पर हमें अनेक आश्चर्यजनक प्राकृतिक स्थल मिलते हैं जो हमें उनकी सुंदरता और शक्ति का अहसास कराते हैं। ये स्थल विभिन्न भागों में होते हैं और लोगों का मनमोहन बना रहते हैं।

दुनिया के सबसे आश्चर्यजनक प्राकृतिक स्थलों में से एक है ग्रैंड कैनयन, जो कनाडा और अमेरिका की सीमा पर स्थित है। यह दुनिया का सबसे लंबा घाटी है और इसकी खूबसूरती देखने वालों को मोह लेती है। फिर भीगांगा जलप्रपात, जो भारत में है, एक अन्य अद्भुत प्राकृतिक स्थल है जो अपनी भव्यता के लिए प्रसिद्ध है।

अन्य आश्चर्यजनक स्थलों में नाइगरा जलप्रपात"
65,खेलों का विकास और उनका सामाजिक प्रभाव,"खेलों का विकास और उनका सामाजिक प्रभाव

खेल न केवल मनोरंजन के लिए होते हैं, बल्कि वे हमारे शारीरिक, मानसिक और सामाजिक विकास में भी महत्वपूर्ण भूमिका निभाते हैं। खेल खेलने से हमारी शारीरिक क्षमता, संतुलन और लचीलापन बढ़ता है। खेल करने से हमारी मानसिक स्थिति में सुधार आता है और हम स्वस्थ मनोवृत्ति बनाए रखते हैं।

सामाजिक दृष्टि से भी खेलों का महत्वपूर्ण योगदान होता है। खेल खेलने से हम सामूहिक भावनाओं को समझते हैं, साझेदारी और टीमवर्क में योगदान करते हैं। टीम खेल में जीत और हार साझा किया जाता है, जिससे हम सहयोग, समर्थ"
66,टेलीमेडिसिन का भविष्य,"टेलीमेडिसिन एक तकनीकी युक्ति है जिसके माध्यम से चिकित्सा सेवाएं दूरस्थ स्थानों पर उपलब्ध की जा सकती हैं। यह तकनीक चिकित्सा पेशेवरों और मरीजों के बीच संचार को सुगम और प्रभावी बनाने में मदद करती है।

टेलीमेडिसिन का भविष्य बहुत उज्जवल है। इसका उपयोग तेजी से बढ़ रहा है और यह चिकित्सा सेवाओं को सुगम बनाने में महत्वपूर्ण भूमिका निभा रहा है। विशेषज्ञों और मरीजों के बीच संचार को मजबूत और अच्छा बनाने के साथ-साथ, टेलीमेडिसिन जीवन बचाने और स्वास्थ्य सेवाओं को सुगम एवं सुलभ बनाने में मदद करती है।

भविष्य म"
69,विश्व की महान वास्तुकला,"वास्तुकला एक विशेष कला है जो मानव इतिहास के साथ साथ विकसित हुई है। वास्तुकला का मुख्य उद्देश्य होता है सुंदर, प्रासंगिक और स्थैतिक भवन या संरचनाओं की रचना करना। इस कला के अंतर्गत भवन, गोलियां, मंदिर, पूल और चर्च जैसी विभिन्न संरचनाएं आती हैं।

विश्व की महान वास्तुकला कई भिन्न समय और स्थानों पर देखी जा सकती है। इनमें से कुछ महान उदाहरण हैं जैसे की एजिप्ट के पिरामिड, इटली की लीना टावर, भारत के खजुराहो मंदिर, फ्रांस की आइफेल टावर और भारत के ताजमहल।

एजिप्ट के पिरामिड एक प्राचीन और महान वास्तुकला का महान उदाहर"
67,पोषण और आहार में नई खोजें,"पोषण और आहार क्षेत्र में नई खोजें हमेशा मानव समाज के लिए महत्वपूर्ण होती रही हैं। यहां कुछ नई खोजें जिन्होंने पोषण और आहार क्षेत्र में बदलाव लाया हैं:

1. जैव तकनीक: जैव तकनीक के उपयोग से खाद्य पदार्थों में पोषक तत्वों की मात्रा बढ़ाई जा सकती है और उनकी गुणवत्ता में सुधार किया जा सकता है।

2. फंगल वेगन: यह एक नई खोज है जिसमें किसान फंगल वेगन पौधों को उगाते हैं। इससे पौधों की पोषण मान बढ़ती है और उनमें विटामिन्स और खनिजों की मात्रा भी बढ़ जाती है।

3. भोजन विकल्प: आजकल वेजेटेरियन और वेगन आह"
68,जीन थेरेपी की प्रगति,"जीन थेरेपी एक उन्नत तकनीक है जिसका उपयोग गंभीर रोगों के इलाज में किया जाता है। यह तकनीक स्वास्थ्य सेवाओं में एक बड़ी क्रांति ला सकती है और लोगों को महंगे और असामान्य इलाज से बचा सकती है। जीन थेरेपी में वैज्ञानिक तथ्यों के आधार पर मानव जीनों में परिवर्तन किया जाता है ताकि किसी खतरनाक रोग का इलाज संभव हो सके। 

जीन थेरेपी का उपयोग कैंसर, दिल की बीमारी, जीनेटिक रोग, मौखिक रोग और बहुत सारी अन्य बीमारियों के इलाज में किया जा रहा है। इस तकनीक का उपयोग करके वैज्ञानिक जानकारी को बढ़ावा दिया जा रहा है और"
72,जीन थेरेपी की प्रगति,"जीन थेरेपी एक विज्ञान क्षेत्र है जिसमें विशेष रूप से व्यक्तिगत और उनके रोगों के लिए जीन का उपयोग किया जाता है। यह एक उत्कृष्ट तकनीक है जिसे उपयोग करके वैज्ञानिक दवाओं या चिकित्सा उपचारों को विकसित किया जा सकता है। जीन थेरेपी का उद्देश्य व्यक्ति के अंग के किसी विशेष हिस्से में निर्दिष्ट जीन को पहुंचाना होता है जिससे उस विशेष रोग का इलाज किया जा सके।

जीन थेरेपी की प्रगति में विज्ञान में विभिन्न उपलब्धियों का एक महत्वपूर्ण योगदान है। इसके माध्यम से विभिन्न जीन थेरेपी उत्पादों का विकास किया गया है जो कई"
73,वैक्सीन विकास में नई तकनीकें,"वैक्सीन विकास में नई तकनीकें वैज्ञानिक समुदाय के लिए एक महत्वपूर्ण क्षेत्र हैं। नवीनतम तकनीकों ने वैक्सीन विकास को तेजी से आगे बढ़ा दिया है और इससे नए और प्रभावी वैक्सीनों की विकास संभावनाएं बढ़ गई हैं।

कुछ मुख्य नई तकनीकें इस प्रकार हैं:

1. mRNA वैक्सीन: mRNA वैक्सीन एक नई प्रकार की वैक्सीन है जो mRNA को इंजेक्शन के माध्यम से शरीर में पहुंचाती है। यह वैक्सीन कोरोनावायरस और अन्य वायरस के खिलाफ प्रभावी है।

2. नैनोटेक्नोलॉजी: नैनोटेक्नोलॉजी का उपयोग वैक्सीनों के विकास में भी किया जा रहा है। यह तक"
74,वैक्सीन विकास में नई तकनीकें,"वैक्सीन विकास में नई तकनीकें

वैक्सीन विकास में नवाचार के कारण आजकल वैक्सीनों की विकास की रफ्तार तेजी से बढ़ रही है। यह नई तकनीकें वैक्सीनों की अधिक असरकारी और सुरक्षित बनाने में मदद कर रही हैं।

1. mRNA वैक्सीन: यह नई तकनीक कोरोना वायरस जैसे वायरस के खिलाफ वैक्सीन विकसित करने में कामयाब साबित हो रही है। mRNA वैक्सीन कारणकारक प्रोटीन को बनाने के लिए मानव जीवन की रक्षा प्रणाली का उपयोग करती है।

2. विकेटर वैक्सीन: इस तकनीक में वायरस के खिलाफ लड़ने के लिए एक गर्भाशय संयंत्र को परिवर्तित किया जाता है। यह व"
71,प्राचीन भारतीय विज्ञान और तकनीक,"प्राचीन भारतीय सभ्यता ने विज्ञान और तकनीक के क्षेत्र में भी बहुत अद्भुत योगदान दिया है। इसके बावजूद, यह जानकरी आजकल कम हो गई है। भारतीय विज्ञान का इतिहास बहुत प्राचीन है। यहां के वैज्ञानिक और गणितज्ञ ने अद्वितीय काम किए हैं।

भारतीय गणितीय गणित का विकास करके एक नया पथ दिखाया है। भारतीय गणित के गणितज्ञ ने शून्य की खोज की और नक्शे के रूप में उसे प्रकट किया। इसके साथ ही, भारतीय वैज्ञानिक ने दूरबीन, अयनांत्र, गणितिक प्रणाली और अन्य उपकरणों का विकास किया।

भारतीय चिकित्सा प्रणाली भी बह"
75,भारतीय संस्कृति में त्योहारों का महत्व,"भारतीय संस्कृति में त्योहारों का अत्यधिक महत्व है। ये त्योहार हमारे समाज के सामाजिक, सांस्कृतिक और आध्यात्मिक जीवन का महत्वपूर्ण हिस्सा हैं। भारत में विभिन्न धर्मों, जातियों और क्षेत्रों के अनुसार अनेक प्रकार के त्योहार मनाए जाते हैं और ये समृद्धि और खुशहाली का प्रतीक हैं।

त्योहार समाज में एकता और समरसता को बढ़ावा देते हैं। वे लोगों को एक साथ लाते हैं और उन्हें अपने रिश्तेदारों, पड़ोसियों और मित्रों के साथ समय बिताने का अवसर देते हैं। इन त्योहारों के दौरान हम सामाजिक अंतराल को कम करते हैं और एक-दूसरे के साथ खुश"
76,वैक्सीन विकास में नई तकनीकें,"वैक्सीन विकास में तकनीकी उन्नति ने महत्वपूर्ण योगदान दिया है और इसने स्वास्थ्य सेवाओं को सुधारा है। नई तकनीकें वैक्सीन विकास को तेजी से और प्रभावी बनाती हैं।

1. mRNA वैक्सीन: mRNA वैक्सीन एक नई प्रकार की वैक्सीन है जो कोविड-19 के खिलाफ विकसित की गई थी। यह वैक्सीन जीन थैरेपी के एक उदाहरण के रूप में काम करती है और इम्यून सिस्टम को बढ़ावा देने के लिए जीन को शरीर में पहुंचाती है।

2. न्यूरल नेटवर्क: एक और तकनीक है जिसे न्यूरल नेटवर्क कहा जाता है, जो वैक्सीन डिजाइन के लिए मशीन लर्निंग का उपयोग करता है।"
78,भारतीय संस्कृति में त्योहारों का महत्व,"भारतीय संस्कृति में त्योहारों का अत्यधिक महत्व है। ये त्योहार हमें अपने रूत, संस्कृति और धार्मिक आधार को याद दिलाते हैं। भारत में विभिन्न धर्मों और क्षेत्रों में अनेक प्रकार के त्योहार मनाए जाते हैं। इन त्योहारों का मुख्य उद्देश्य लोगों के बीच एकता, सद्भावना और सहयोग को बढ़ावा देना है।

त्योहारों के माध्यम से हम अपने परंपरागत मूल्यों को समझते हैं और उन्हें अपने जीवन में अमल में लाते हैं। ये त्योहार हमें अनुष्ठान, संघटन, धर्म और रस्मों की महत्वता को भी सिखाते हैं। गणेश चतुर्थी, दिवाली, होली, दुर्गा पूजा,"
77,जीन थेरेपी की प्रगति,"जीन थेरेपी एक उन्नत तकनीक है जिसका उपयोग विभिन्न रोगों एवं गलतियों के इलाज में किया जाता है। यह तकनीक विज्ञान में महत्वपूर्ण विकास है जिससे अस्वस्थ जीवों को उनकी जननीय संरचना में हुई गलतियों से निपटने का एक नया तरीका प्राप्त हुआ है।

जीन थेरेपी के उदाहरण के रूप में जीन संशोधन, जीन संबंधित रोगों के इलाज के लिए सीधे धरोहर और गैर-धरोहर उपचार शामिल होते हैं। इस तकनीक का उपयोग कैंसर, मधुमेह, अल्जाइमर, मस्तिष्कीय इंस्ट्रोक, किडनी की बीमारियों, गलतीयों और विकलांगता जैसी समस्याओं के इलाज में किया जा र"
80,व्यायाम और फिटनेस ट्रैकिंग ऐप्स,"व्यायाम और फिटनेस ट्रैकिंग ऐप्स आजकल लोगों के लाइफस्टाइल का महत्वपूर्ण हिस्सा बन गए हैं। इन ऐप्स की मदद से हम अपने व्यायाम और डाइट प्लान को बेहतर तरीके से ट्रैक कर सकते हैं और फिट रहने के लिए निरंतर मोटिवेशन बनाए रख सकते हैं।

ये ऐप्स हमें हमारी डेली एक्टिविटी, खाने-पीने की रुचि, नींद और शरीर के अन्य पैरामीटर्स का ट्रैकिंग करने में मदद करते हैं। इनमें कई ऐप्स व्यायाम रुटीन और वर्कआउट प्लान सुझाने में भी मदद करते हैं जो हमें अपने लक्ष्यों को हासिल करने में सहायक हो सकते हैं।

इन ऐप्स के माध्यम से हम अपने प्रोग"
79,जीन थेरेपी की प्रगति,"जीन थेरेपी एक उत्कृष्ट तकनीक है जो रोगों के इलाज में एक नया मोड़ है। यह विज्ञानिक अनुसंधान और प्रौद्योगिकी के साथ-साथ जनमानस के स्वास्थ्य को सुधारने का एक रोचक तरीका है। जीन थेरेपी का उद्देश्य व्यक्ति के जेनोम में संशोधन कर उसके रोग के कारणों को ठीक करना है। 

जीन थेरेपी का उपयोग कैंसर, जीनेटिक रोग, मस्तिष्क के विकार जैसी गंभीर बीमारियों के इलाज में किया जा रहा है। इस तकनीक में, विशेष जीनों को मानव के शरीर में डालकर उनके प्रभाव को नियंत्रित किया जाता है। जीन थेरेपी रोग के कारणों को नियंत्रित करने के साथ-साथ"
82,टेलीमेडिसिन का भविष्य,"टेलीमेडिसिन एक वर्चुअल हेल्थकेयर सेवा है जिसमें डॉक्टर और रोगी वास्तविक समय में आपस में संवाद करते हैं, जिससे वे दूरस्थ रूप से स्वास्थ्य सेवाएं प्राप्त कर सकते हैं। यह तकनीकी उन्नति, इंटरनेट कनेक्टिविटी और वीडियो कॉन्फ्रेंसिंग के माध्यम से संभव होती है।

टेलीमेडिसिन का भविष्य बहुत उज्जवल है। इसके माध्यम से स्वास्थ्य सेवाएं अधिक उपलब्ध होंगी और लोग स्वास्थ्य सेवाओं को अधिक सुविधाजनक तरीके से प्राप्त कर सकेंगे। यह अनुपलब्ध या दूरस्थ स्थानों में रहने वाले लोगों के लिए विशेष रूप से फायदेमंद होगा।

टेलीम"
81,प्राचीन भारतीय विज्ञान और तकनीक,"प्राचीन भारतीय सभ्यता ने अपने समृद्ध विरासत में वैज्ञानिक और तकनीकी गतिविधियों का विशेष महत्व दिया है। वेदों, उपनिषदों, रामायण, महाभारत और अन्य प्राचीन ग्रंथों में बहुत से वैज्ञानिक सिद्धांत और तकनीकी ज्ञान का उल्लेख मिलता है।

भारतीय गणितीय विज्ञान के क्षेत्र में शुद्ध गणित, ज्योतिष, खगोल और गणितीय न्याय आदि उल्लेखनीय योगदान दिया गया है। भारतीय गणित के ग्रंथ ""सुश्रुत संहिता"" और ""आर्यभट्टीय"" आदि विशेष रूप से मशहूर हैं।

भारतीय चिकित्सा विज्ञान में भी बहुत अग्रणी योगदान है। चरक सं"
83,खेलों का विकास और उनका सामाजिक प्रभाव,"खेलों का विकास और उनका सामाजिक प्रभाव

खेलों का खेलना हमारे जीवन में महत्वपूर्ण भूमिका निभाता है। खेल हमें ठंडक महसूस कराते हैं, हमारे शारीरिक और मानसिक स्वास्थ्य का ध्यान रखते हैं, हमें टीम वर्क और सहयोग की भावना सिखाते हैं, और हमें जीवन में सफलता प्राप्त करने के लिए महत्वपूर्ण कौशल प्रदान करते हैं।

खेलों का विकास सामाजिक स्तर पर भी महत्वपूर्ण है। खेल से हमें समर्थन, समर्पण, और सहयोग की भावना सिखाई जाती है। टीम खेल जैसे क्रिकेट, फुटबॉल, और बास्केटबॉल हमें सामरिकता और टीमवर्क के महत्व को समझाते हैं। इसके अलावा,"
84,प्राचीन भारतीय विज्ञान और तकनीक,"प्राचीन भारतीय सभ्यता ने विज्ञान और तकनीक के क्षेत्र में भी अपना महत्वपूर्ण योगदान दिया है। भारतीय इतिहास में वैज्ञानिक और तकनीकी उत्कृष्टता का उल्लेख कई प्राचीन ग्रंथों में मिलता है।

भारतीय गणित, ज्योतिष, वास्तुकला, और आयुर्वेद की विज्ञान परंपराएं विश्व को गर्वित कराती हैं। ऋग्वेद में गणित के सिद्धांतों का उल्लेख है जो मैथमेटिक्स के क्षेत्र में महत्वपूर्ण है। ज्योतिष शास्त्र भी भारतीय विज्ञान का एक महत्वपूर्ण हिस्सा रहा है जिसमें ग्रहों और नक्षत्रों की गति का अध्ययन किया जाता था।

भारतीय वास्तुकला ने"
85,वैक्सीन विकास में नई तकनीकें,"वैक्सीन विकास में नई तकनीकें

वैक्सीन एक महत्वपूर्ण साधन है जो रोगों से लड़ने में मदद करता है। हाल ही में कई नई तकनीकें वैक्सीन विकास में उपयोग की जा रही हैं।

1. mRNA वैक्सीन: mRNA वैक्सीन एक नई प्रकार की वैक्सीन है जो अंतरिक्ष में mRNA के जरिए शरीर को रोग के खिलाफ जन्मजात प्रतिरक्षा प्रदान करती है। यह वैक्सीन कोविड-19 वैक्सीन में सफलतापूर्वक प्रयोग की गई है।

2. विकेक्टर वैक्सीन: विकेक्टर वैक्सीन एक विशेष प्रकार की वैक्सीन है जिसमें अद्वितीय वायरस का अंश शरीर में प्रविष्ट किया जाता है जो रोग के खिलाफ प्रतिरक"
70,विश्व के आश्चर्यजनक प्राकृतिक स्थल,"विश्व भर में कई आश्चर्यजनक प्राकृतिक स्थल हैं जो अपनी अद्भुतता और सुंदरता के लिए प्रसिद्ध हैं। इन स्थलों में विभिन्न प्राकृतिक आकर्षण होते हैं जो लोगों को अपनी ओर खींचते हैं।

एक ऐसा प्राकृतिक स्थल है ग्रैंड कैनयन जो कनाडा में स्थित है। यह दुनिया का सबसे गहरा नाला है जिसकी लम्बाई 446 किलोमीटर है और गहराई करीब 1 किलोमीटर तक है। इसकी खूबसूरती को देखकर लोग हैरान हो जाते हैं।

दूसरा प्राकृतिक स्थल है ग्रीनलैंड की ऐसा एक स्थल जो आपको एक अलग दुनिया में ले जाता है। यहाँ आपको बर्फ की चादर, उजियारे देखने को म"
86,विश्व के आश्चर्यजनक प्राकृतिक स्थल,"पृथ्वी पर अनेक आश्चर्यजनक प्राकृतिक स्थल हैं जो हमें अपनी सुंदरता और विलक्षणता से प्रभावित करते हैं। ये स्थल अपनी विशेषता के लिए प्रसिद्ध हैं और लोगों को आकर्षित करते हैं।

एक ऐसा प्राकृतिक स्थल है 'ग्रैंड कैनयॉन' जो अमेरिका में स्थित है। यहाँ की गहरी खाईयों और लम्बी चट्टानों की सैर दर्शकों को भावुक बना देती है। इसकी सुंदरता और महत्व को देखते हुए यह विश्व धरोहर स्थल के रूप में गणेश्य है।

दूसरा प्रमुख स्थल 'नॉर्वे के फ्ज़ॉर्ड्स' है जो एक नाट्य और प्राकृतिक रूप से बहुत ही सुंदर स्थल है। यहाँ की समुद्र तट की"
88,जीन थेरेपी की प्रगति,"जीन थेरेपी एक उपचार प्रणाली है जिसमें अद्यतन जीनों का उपयोग करके रोगों का इलाज किया जाता है। यह तकनीक जीनों की विकासशील विज्ञान के माध्यम से रोगों के कारणों को समझने और उन्हें ठीक करने के लिए उपयोगी है। जीन थेरेपी की प्रगति ने चिकित्सा क्षेत्र में क्रांति ला दी है।

जीन थेरेपी के माध्यम से विभिन्न रोगों के इलाज की संभावनाएं बढ़ गई हैं। इस तकनीक का उपयोग कैंसर, डायबिटीज, उच्च रक्तचाप, दिल की बीमारियों और ऊतकों के अन्य विकारों के इलाज में किया जा रहा है।

नवीनतम अनुसंधान और प्रौद्योगिकियों ने जीन थेर"
87,विश्व के आश्चर्यजनक प्राकृतिक स्थल,"विश्व भर में हमें कई आश्चर्यजनक प्राकृतिक स्थल मिलते हैं जो हमें अपनी प्राकृतिक सौंदर्य और विविधता से प्रभावित करते हैं। ये स्थल विभिन्न देशों में स्थित हैं और लोगों को अपनी अद्भुतता से प्रेरित करते हैं।

एक ऐसा आश्चर्यजनक स्थल है ग्रेट ब्लू होल, जो बहामास के निकोलस टाउन के निकट स्थित है। यह गहरा नीला समुद्री गड्ढा है जिसका गहराई 202 मीटर तक है। इसे अंतरिक्ष से भी देखा जा सकता है।

अन्य आकर्षक प्राकृतिक स्थल में माइनस क्यूट, नेवाडा, संयुक्त राज्य शामिल है। यह एक गहरी खाई है जिसमें गर्म पानी होता है और जिसे बादलो"
89,व्यायाम और फिटनेस ट्रैकिंग ऐप्स,"व्यायाम और फिटनेस ट्रैकिंग ऐप्स का उपयोग आजकल स्वास्थ्य और फिटनेस के क्षेत्र में एक महत्वपूर्ण भूमिका निभा रहा है। ये ऐप्स उपयोगकर्ताओं को उनके व्यायाम और डाइट डेटा को ट्रैक करने में मदद करते हैं, जिससे वे अपने स्वास्थ्य को बेहतर बनाने के लिए सहायक होते हैं।

ये ऐप्स विभिन्न सुविधाएं प्रदान करते हैं जैसे कि कदम गिनना, उच्चित दाब, दौड़ने की दूरी, व्यायाम की डेटा सटीकता, डाइट की जानकारी, सोने और जागने का समय, फिटनेस गोल्स और स्टेप्स, और अन्य विभिन्न सुविधाएं।

कुछ प्रमुख फिटनेस ट्रैकिंग ऐप्स में गूगल"
90,मानसिक स्वास्थ्य और टेक्नोलॉजी,"मानसिक स्वास्थ्य और टेक्नोलॉजी एक गहरा संबंध रखते हैं। आधुनिक तकनीकी उपकरणों के उपयोग से भी हमारे मानसिक स्वास्थ्य को सुधारा जा सकता है। एक सामान्य उदाहरण है आधुनिक स्मार्टफोन एप्लिकेशन्स जो मानसिक स्वास्थ्य को समर्थन प्रदान करने में मदद कर सकते हैं। 

ध्यान और मेडिटेशन एप्लिकेशन्स मानसिक चिंताओं को कम करने और मानसिक शांति को बढ़ाने में मदद कर सकते हैं। योग और ध्यान के वीडियो ट्यूटोरियल्स भी उपलब्ध हैं जो लोगों को मानसिक स्वास्थ्य के लिए प्राक्टिस करने में मदद कर सकते हैं। 

दूसरे तकनीकी उपकरण जैसे कि ऑनलाइ"
91,व्यायाम और फिटनेस ट्रैकिंग ऐप्स,"व्यायाम और फिटनेस ट्रैकिंग ऐप्स आजकल लोगों के लाइफस्टाइल का महत्वपूर्ण हिस्सा बन गए हैं। ये ऐप्स लोगों को उनके स्वास्थ्य और फिटनेस लक्ष्यों को प्राप्त करने में मदद करते हैं। इन ऐप्स के माध्यम से लोग अपने व्यायाम, खान-पान और नींद की जानकारी को ट्रैक कर सकते हैं और अपनी प्रगति को मॉनिटर कर सकते हैं।

ये ऐप्स व्यायाम कार्यक्रम, कैलोरी ट्रैकिंग, नींद की गुणवत्ता, दैनिक उपाय और भोजन की जानकारी जैसी विभिन्न सुविधाएं प्रदान करते हैं। कुछ ऐप्स मोटिवेशनल टिप्स और लक्ष्यों को हासिल करने के लिए पुष्टि करने की सुविधा भी"
95,भारतीय संस्कृति में त्योहारों का महत्व,"भारतीय संस्कृति में त्योहारों का विशेष महत्व है। ये त्योहार हर्ष और उत्साह का माहौल बनाते हैं और लोगों को एक साथ आने का मौका देते हैं। भारतीय समाज में त्योहारों को धार्मिक, सांस्कृतिक और सामाजिक महत्व होता है।

हर त्योहार अपनी खासियत और महत्व रखता है। उनमें दिवाली, होली, दशहरा, रक्षाबंधन, ईद, बैसाखी, गणेश चतुर्थी, नवरात्रि, दुर्गा पूजा, करवा चौथ, भैया दूज आदि शामिल हैं। ये त्योहार विभिन्न धर्म-संप्रदायों और समुदायों के लोगों के लिए महत्वपूर्ण हैं।

त्योहारों के जरिए लोग एक-दूसरे के साथ उत्स"
92,विश्व के आश्चर्यजनक प्राकृतिक स्थल,"विश्व में कई ऐसे प्राकृतिक स्थल हैं जो अपनी अनूठी सुंदरता और विशेषता के लिए प्रसिद्ध हैं। इन स्थलों में आकर्षक दृश्य, विविध प्राकृतिक आवाज़ और अनूठी प्राकृतिक प्रदर्शनी देखने को मिलता है।

एक ऐसा प्राकृतिक स्थल है 'ग्रैंड कैन्यन' जो अमेरिका में स्थित है। यह विशालकाय नदी घाटी के रूप में मानी जाती है और इसकी ऊँचाई और विस्तार देखकर हर किसी को आश्चर्यचकित कर देता है।

एक और अद्वितीय प्राकृतिक स्थल है 'एयर्स रॉक' जो ऑस्ट्रेलिया में स्थित है। यह विश्व का सबसे बड़ा मोनोलिथ है और इसका रूखा पत्थर देखने वालो"
94,विश्व के आश्चर्यजनक प्राकृतिक स्थल,"पृथ्वी पर कई ऐसे आश्चर्यजनक प्राकृतिक स्थल हैं जो हमें अपनी अद्वितीयता और सुंदरता से प्रभावित करते हैं। ये स्थल विभिन्न भागों में हौज़ाह रहे हैं और नैसर्गिक सामर्थ्य का प्रमाण हैं।

एक ऐसा अद्वितीय स्थल है ग्रैंड कैनयॉन जो अमेरिका में स्थित है। यह गहरे खाईयों से भरा हुआ है और इसकी लंबाई लगभग 277 मील है। यहाँ की दीवारें और चट्टानें अत्यंत प्राकृतिक सौंदर्य का प्रतीक हैं।

दूसरा उल्लेखनीय स्थल है नाईगरा जलप्रपात जो कनाडा और अमेरिका की सीमा पर स्थित है। यह विश्व के सबसे प्रसिद्ध और उच्चतम जलप्रपातों में"
96,अंतरिक्ष अन्वेषण का इतिहास,"अंतरिक्ष अन्वेषण एक रोमांचक क्षेत्र है जिसमें मानवता ने लगातार उन्नति की है। अंतरिक्ष अनुसंधान का इतिहास बहुत पुराना है। समय के साथ, मानव समुदाय ने अंतरिक्ष की रहस्यमयी गहराईयों को खोजने के लिए विभिन्न उपकरणों का उपयोग किया है।

अंतरिक्ष अनुसंधान का प्रारंभ ब्रह्मांड की अद्भुतता और रहस्यों को समझने की इच्छा से हुआ था। इसका पहला कदम रॉकेट्री में हुआ जब चीनी वैज्ञानिक वंग मैं ने 9वीं सदी में रॉकेट बनाया था। इसके बाद जर्मन इंजीनियर वेरनर वॉन ब्राउन ने द्वितीय विश्व युद्ध के बाद रॉकेट्री और अं"
93,पोषण और आहार में नई खोजें,"पोषण और आहार एक व्यक्ति के स्वास्थ्य और विकास के लिए महत्वपूर्ण हैं। नवीनतम शोध और खोजें इस क्षेत्र में नए दरवाजे खोल रही हैं, जो लोगों के जीवन को सुधारने में मदद कर सकती हैं।

आधुनिक पोषण विज्ञान ने कई नए खोजों का संकेत दिया है, जैसे कि फंक्शनल फूड्स, जो विभिन्न रोगों के इलाज के लिए उपयोगी हो सकते हैं। साथ ही, जैव प्रौद्योगिकी के उत्थान से किसानों को नए तरीके से उत्पादन करने में मदद मिल रही है, जिससे उनकी आय बढ़ सकती है और खाद्य सुरक्षा सुनिश्चित हो सकती है।

आधुनिक खोजें भी आहार के प्रबंधन में स"
97,व्यायाम और फिटनेस ट्रैकिंग ऐप्स,"व्यायाम और फिटनेस ट्रैकिंग ऐप्स आजकल लोगों के जीवन का महत्वपूर्ण हिस्सा बन गए हैं। ये ऐप्स उपयोगकर्ताओं को उनके व्यायाम और स्वास्थ्य की देखभाल में मदद करते हैं।

व्यायाम और फिटनेस ट्रैकिंग ऐप्स की मुख्य फायदे में से एक यह है कि ये उपयोगकर्ताओं को उनके लक्ष्यों की दिशा में निरंतर मार्गदर्शन करते हैं। ये ऐप्स उपयोगकर्ताओं के लिए व्यायाम कार्यक्रम तैयार करने में मदद करते हैं, उनके व्यायाम और पोषण की जानकारी रिकॉर्ड करते हैं और उन्हें मोटिवेट करने में सहायक होते हैं।

ये ऐप्स उपयोगकर्ताओं को अपने व्य"
101,व्यायाम और फिटनेस ट्रैकिंग ऐप्स,"आजकल व्यायाम और फिटनेस में रुचि रखने वाले लोग विभिन्न फिटनेस ट्रैकिंग ऐप्स का उपयोग कर अपने स्वास्थ्य का ध्यान रखते हैं। ये ऐप्स उन्हें उनके व्यायाम, आहार, नींद और सामान्य शारीरिक गतिविधियों को ट्रैक करने में मदद करते हैं।

इन ऐप्स की मदद से लोग अपने लक्ष्यों को सेट कर सकते हैं, अपनी प्रगति को ट्रैक कर सकते हैं और निरंतर प्रेरणा प्राप्त कर सकते हैं। ये ऐप्स व्यक्तिगतकृत योजनाएं तैयार करने में मदद करते हैं और सही दिशा में मार्गदर्शन प्रदान करते हैं।

कुछ लोकप्रिय व्यायाम और फिटनेस ट्रैकिंग ऐप्स में 'MyFitnessPal', 'Fitbit',"
99,वैक्सीन विकास में नई तकनीकें,"वैक्सीन एक महत्वपूर्ण साधन है जो संक्रामक रोगों से बचाव में मदद करता है। वैक्सीन विकास की प्रक्रिया में नई तकनीकें जैसे कि जैनोमिक्स, रिकंबिनेंट डीएनए तकनीक और नैनोटेक्नोलॉजी जैसे उत्कृष्ट और विनामूल्य यंत्र का उपयोग किया जा रहा है।

जैनोमिक्स एक नया और प्रभावी तकनीक है जिसमें अभ्यासकर्ताओं को वैक्सीन विकास में उपयोगी जीनों की पहचान करने में मदद मिलती है। इसके साथ ही, रिकंबिनेंट डीएनए तकनीक का उपयोग करके जीनों को वैक्सीन विकास में प्रयोग किया जा रहा है। इस तकनीक में वैक्सीन बनाने के ल"
98,मानसिक स्वास्थ्य और टेक्नोलॉजी,"मानसिक स्वास्थ्य और टेक्नोलॉजी दोनों ही महत्वपूर्ण क्षेत्र हैं जो हमारे जीवन में महत्वपूर्ण भूमिका निभाते हैं। टेक्नोलॉजी के विकास ने हमें तेज़ी से बदलते दुनिया में आगे बढ़ने में मदद की है, जिससे हमारे जीवन को आसान और सुविधाजनक बनाने में मदद मिलती है।

मानसिक स्वास्थ्य भी उसी तरह से महत्वपूर्ण है, क्योंकि एक स्वस्थ मानसिक स्वास्थ्य से युक्त व्यक्ति ही अपनी पूरी क्षमता का उपयोग कर सकता है। टेक्नोलॉजी ने मानसिक स्वास्थ्य के क्षेत्र में भी क्रांति ला दी है। आजकल अनगिनत ऐप्स और ऑनलाइन सेवाएं उपलब्ध हैं जो मेंटल ह"
100,टेलीमेडिसिन का भविष्य,"टेलीमेडिसिन या दूरसंचार चिकित्सा एक प्रौद्योगिकी है जिसमें चिकित्सा सेवाएं और सलाह दूरस्थ संचार के माध्यम से प्रदान की जाती है। यह तकनीकी उन्नति ने चिकित्सा क्षेत्र में क्रांति ला दी है और इसका भविष्य भी बहुत उज्ज्वल और सुरक्षित दिख रहा है।

टेलीमेडिसिन का उपयोग दूरस्थ डायग्नोस्टिक, उपचार और मार्गदर्शन के लिए किया जाता है। यह चिकित्सा सेवाओं के लिए उपलब्धता और पहुंच में सुधार करता है, खासकर उन लोगों के लिए जो ग्रामीण क्षेत्रों या दूरदराज क्षेत्रों में रहते हैं। यह चिकित्सा सेवाओं की गुणवत्ता को बढ़ा"
103,विश्व की महान वास्तुकला,"वास्तुकला एक ऐसी कला है जिसने मानव सभ्यता का विकास किया है और उसकी सांस्कृतिक धरोहर को प्रकट किया है। विश्व की महान वास्तुकला कई प्रकार की है जिनमें मुग़ल वास्तुकला, ग्रीक वास्तुकला, रोमन वास्तुकला और गोथिक वास्तुकला शामिल है।

मुग़ल वास्तुकला को उत्कृष्टता की श्रेणी में रखा जाता है। ताजमहल, फतेहपुर सीकरी, लाल किला, हुमायूं का मकबरा, अकबर का मकबरा, आदि उनकी बड़ी वास्तुकला के उदाहरण हैं। इन स्थलों की सुंदरता, शैली और विस्तृतता ने दुनिया को आकर्षित किया है।

ग्रीक वास्तुकला की विशेषता है उनके शीर्षकारक औ"
105,मानसिक स्वास्थ्य और टेक्नोलॉजी,"मानसिक स्वास्थ्य और टेक्नोलॉजी एक संगम है जो हमारे जीवन को सुगम, सुखद और सुरक्षित बनाने में मदद कर सकता है। टेक्नोलॉजी के उत्पादों ने मानसिक स्वास्थ्य के क्षेत्र में क्रांति ला दी है। 

एक तरफ, वेबसाइटों, मोबाइल एप्लिकेशन्स, और सोशल मीडिया ने मानसिक स्वास्थ्य जागरूकता बढ़ाने में महत्वपूर्ण भूमिका निभाई है। इन तकनीकी उपायों के माध्यम से लोग अपनी मानसिक स्वास्थ्य से जुड़ी समस्याओं पर जानकारी प्राप्त कर सकते हैं और सहायता प्राप्त कर सकते हैं। 

दूसरी ओर, ध्यान में रखने योग्य उपकरण जैसे कि माइंडफुलनेस एप्लिकेशन्स"
104,मानसिक स्वास्थ्य और टेक्नोलॉजी,"मानसिक स्वास्थ्य और टेक्नोलॉजी एक गहरा संबंध रखते हैं। आधुनिक दुनिया में तकनीकी उन्नति के साथ-साथ मानसिक स्वास्थ्य को समझने और इसे सुधारने के लिए भी नई संभावनाएं पैदा हुई हैं। 

एक ओर तकनीकी उपकरणों जैसे स्मार्टफोन, सोशल मीडिया, वर्चुअल रियलिटी, आदि की उपयोगिता से हमारी जिंदगी आसान हो गई है, वहीं दूसरी ओर इन्हीं तकनीकी उपकरणों का अत्यधिक उपयोग हमारी मानसिक स्वास्थ्य पर भी बुरा प्रभाव डाल सकता है। 

आधुनिक जीवनशैली में तनाव, अकेलापन, डिप्रेशन, और अन्य मानसिक समस्याएं बढ़ रही हैं। तकनीकी उपक"
102,विश्व की महान वास्तुकला,"वास्तुकला एक क्षेत्र है जो समाज, संस्कृति, और प्राकृतिक परिवेश के साथ जुड़ी होती है। वास्तुकला की विशेषता यह है कि यह विभिन्न युगों और समय-संदर्भों में विविधता का स्रोत रही है और विभिन्न संस्कृतियों की भावनाओं और विचारधाराओं का प्रतिबिम्ब करती है।

विश्व की महान वास्तुकला में से कुछ प्रमुख उदाहरण शामिल हैं, जैसे कि ताजमहल (भारत), प्योरमिड्स ऑफ गिजा (मिस्र), एफिल टॉवर (फ्रांस), कोलोसियम (इटली), अंग्कोर वाट (कंबोडिया), अक्रोपोलिस (ग्रीस) आदि। ये सभी इतिहास, विज्ञान, और कला के अद्वितीय संगम का प्रतीक हैं।

वास्तुकला क"
106,विश्व की महान वास्तुकला,"विश्व की महान वास्तुकला एक अद्वितीय और विविध विषय है जो हर देश और सभ्यता की अद्वितीयता को प्रकट करती है। वास्तुकला न केवल इमारतों का निर्माण करने की कला है, बल्कि यह मानवीय सोच और सांस्कृतिक गहराई का अभिव्यक्ति भी है।

विश्व की महान वास्तुकला में प्यारे मिस्र के पिरामिड, भारत के ताजमहल, यूरोप के गोथिक कैथेड्रल, चीन की ग्रेट वॉल, इंका इम्पीर आदि शामिल हैं। इन निर्माणों में शैली, सांस्कृतिक मूल्य, और तकनीकी कुशलता का समावेश है।

वास्तुकला का उद्देश्य न केवल सुंदर इमारतें बनाना है, बल्कि इसका उद्देश्य लोगों क"
107,विश्व के आश्चर्यजनक प्राकृतिक स्थल,"विश्व भर में कई आश्चर्यजनक प्राकृतिक स्थल हैं जो अपनी सुंदरता और अनूठापन के लिए प्रसिद्ध हैं। ये स्थल अक्सर लोगों का ध्यान आकर्षित करने के लिए होते हैं और वे यात्रा करने वाले लोगों के बीच बहुत प्रसिद्ध होते हैं।

एक ऐसा प्राकृतिक स्थल है माउंट एवरेस्ट, जो नेपाल और तिब्बत के सीमा पर स्थित है। यह दुनिया का सबसे ऊँचा पर्वत है और यात्रा करने वाले लोगों के बीच बहुत प्रसिद्ध है। इसकी सुंदरता और विचित्रता लोगों को आकर्षित करती है।

एक और मशहूर प्राकृतिक स्थल है ग्रैंड कैन्यन, जो अमेरिका में स्थित है। यह भारतीय महासाग"
108,भारतीय संस्कृति में त्योहारों का महत्व,"भारतीय संस्कृति में त्योहारों का महत्व अत्यधिक है। ये त्योहार भारतीय जीवन के महत्वपूर्ण हिस्से हैं जो समाज में एकता, समरसता और खुशहाली को बढ़ावा देते हैं। भारतीय संस्कृति में विभिन्न धर्मों, जातियों और क्षेत्रों के अनुसार अनेक त्योहार मनाए जाते हैं।

त्योहारों के मनाने से लोगों के बीच एक सामाजिक संबंध और भावनात्मक जड़ें बनती हैं। ये त्योहार लोगों को साझा संदेश देते हैं कि हम सब एक-दूसरे के साथ खुशियों और दुःखों को साझा करने के लिए हैं।

त्योहारों के मनाने से लोगों की भगदड़ भी कम होती है और वे अपने दिन"
109,विश्व की महान वास्तुकला,"वास्तुकला एक ऐसी कला है जो हमारे जीवन को सुंदरता और शांति से भर देती है। इस कला का इतिहास हमें दिखाता है कि विभिन्न समयों और स्थानों पर विभिन्न शैलियों में बनी भवनों ने समाज की सोच और संस्कृति को किस प्रकार प्रभावित किया है।

विश्व की महान वास्तुकला उदाहरणों से भरपूर है। एजिप्ट के प्यारामिड्स, ग्रीक के परियों, रोमन के कोलोसियम, भारत के खजुराहो और अंग्कोर वाट इन कंबोडिया जैसे इस्त्री भवन विविधता का प्रतीक हैं। इन भवनों में वास्तुकला के माध्यम से आध्यात्मिकता, समरसता और सौंदर्य का मिश्रण देखने को मिलता है।

आज के समय म"
110,पोषण और आहार में नई खोजें,"पोषण और आहार एक व्यक्ति के स्वास्थ्य और विकास में महत्वपूर्ण भूमिका निभाते हैं। नवीनतम तकनीकी खोजें इस क्षेत्र में महत्वपूर्ण हैं जो लोगों को स्वस्थ और संतुलित आहार प्रदान करने में मदद कर सकती हैं।

आधुनिक खोज और तकनीक ने पोषण क्षेत्र में कई नए उपाय और संभावनाएं प्रस्तुत की हैं। उदाहरण के लिए, जीनेटिक इंजीनियरिंग के माध्यम से विकसित अनाजों और फलों में विटामिन, प्रोटीन और अन्य पोषक तत्वों की मात्रा बढ़ाने की कोशिश की जा रही है। इससे लोगों को अधिक पोषक खाद्य पदार्थ उपलब्ध हो सकते हैं।

साथ ही, विभिन्न तकनीकी"
111,विश्व के आश्चर्यजनक प्राकृतिक स्थल,"विश्व भर में हमें अनेक आश्चर्यजनक प्राकृतिक स्थल मिलते हैं जो अपनी प्राकृतिक सुंदरता और महत्वपूर्णता के कारण प्रसिद्ध हैं। इन स्थलों में वन्यजीव, वनस्पति, जलस्रोत आदि की अद्भुतता हमें हरान कर देती है।

उदाहरण के लिए, डेथ वॅली न्यूज़ीलैंड में एक अद्वितीय प्राकृतिक स्थल है जिसे 'डेथ वॅली' कहा जाता है क्योंकि यहाँ बहुत सारे पेड़-पौधे मरे हुए दिखाई देते हैं। इसका कारण यह है कि इस स्थल पर जमीन में जो अद्भुत रासायनिक प्रक्रियाएँ होती हैं वह इन पौधों को मरने की स्थिति में ला देती हैं।

फिर, ग्रॅंड कॅन्यॉन जो सं"
112,मानसिक स्वास्थ्य और टेक्नोलॉजी,"मानसिक स्वास्थ्य और टेक्नोलॉजी दोनों ही अहम विषय हैं जिनका महत्व आजकल काफी बढ़ गया है। टेक्नोलॉजी के विकास ने मानव जीवन को कई तरीकों से सरल और सुगम बना दिया है, लेकिन इसके साथ ही इसने मानसिक स्वास्थ्य पर भी असर डाला है।

आजकल कंप्यूटर, मोबाइल फोन, सोशल मीडिया आदि से हम सभी जुड़े हुए हैं। इन डिवाइसेज का अधिक सेवन किया जाना मानसिक तनाव, डिप्रेशन और अकेलापन जैसी समस्याओं का कारण बन सकता है। हालांकि, व्यक्तिगत स्तर पर भी टेक्नोलॉजी का सहायक होना संभव है। उचित तरीके से इस्तेमाल किया गया तो टेक्नोलॉजी म"
113,प्राचीन भारतीय विज्ञान और तकनीक,"प्राचीन भारतीय सभ्यता में विज्ञान और तकनीक का महत्वपूर्ण स्थान रहा है। भारतीय संस्कृति में गणित, खगोलशास्त्र, और औषधि विज्ञान के क्षेत्र में उत्कृष्ट योगदान दिया गया है। भारतीय गणितज्ञ आर्यभट्ट, ब्रह्मगुप्त, और भास्कर जैसे वैज्ञानिकों ने गणित के क्षेत्र में महत्वपूर्ण सिद्धांत और सूत्रों की खोज की थी। उन्होंने शून्य की अवधारणा को स्थापित किया और भूगोल के क्षेत्र में भी गहन अध्ययन किया।

भारतीय खगोलशास्त्रीयों ने भी अपनी श्रेष्ठता प्रकट की। आर्यभट्ट ने सूर्य और चंद्रमा की गति का अच्छे से"
114,अंतरिक्ष अन्वेषण का इतिहास,"अंतरिक्ष अन्वेषण एक रोमांचक और महत्वपूर्ण क्षेत्र है जो हमारे विज्ञानिक समझ और तकनीकी विकास को बढ़ावा देता है। अंतरिक्ष अन्वेषण का इतिहास अत्यंत रोमांचक है जिसमें अनगिनत उपलब्धियों और सफलताओं की खोज की गई है।

अंतरिक्ष अनुसंधान का प्रारंभ विशेष रूप से शताब्दियों पहले से है, जब लोग आसमान को देखकर आकर्षित होते थे। हालांकि, यद्यपि प्राचीन समय में अंतरिक्ष अनुसंधान केवल धार्मिक और तार्किक आधार पर हुआ, लेकिन आधुनिक युग में इसका स्वरूप बदल गया है।

अंतरिक्ष अनुसंधान का आधुनिक युग 20वीं सदी में"
115,विश्व के आश्चर्यजनक प्राकृतिक स्थल,"पृथ्वी पर हमें कई ऐसे आश्चर्यजनक प्राकृतिक स्थल मिलते हैं जो हमें अपनी अद्भुतता और सुंदरता से प्रभावित करते हैं। ये स्थल वास्तव में सृजनात्मकता और प्राकृतिक सौंदर्य के एक अद्वितीय संगम को प्रदर्शित करते हैं।

दुनिया के कई अनोखे प्राकृतिक स्थलों में से कुछ निम्नलिखित हैं:

1. ग्रैंड कैनयॉन, अमेरिका: यह विशाल घाटी इसकी गहराई और विस्तार के लिए प्रसिद्ध है।

2. नाईगरा जलप्रपात, कनाडा-अमेरिका सीमा: यह जलप्रपात अपनी ऊंचाई और व्यापकता के लिए विख्यात है।

3. एयर्स रॉक, अस्ट्रेलिया: यह प्राकृतिक स्थल अपने विशालता और"
116,पोषण और आहार में नई खोजें,"पोषण और आहार विज्ञान में नई खोजें निरंतर हो रही हैं जो हमारे स्वास्थ्य को और भी बेहतर बनाने में मदद करती हैं। नवीनतम अनुसंधानों के अनुसार, विभिन्न पोषणीय तत्वों की सही मात्रा लेना हमारे शरीर के लिए कितना महत्वपूर्ण है, इसे समझने में मदद करता है।

एक नई खोज ने दिखाया है कि आम दाल को भिगोकर खाने से उसमें मौजूद फॉलेटिक एसिड की स्थिति में सुधार होता है, जिससे उसकी पोषक गुणवत्ता बढ़ जाती है। फॉलेटिक एसिड गर्भवती महिलाओं के लिए बहुत महत्वपूर्ण है क्योंकि यह बच्चे के न्यूरल ट्यूब विकास के लिए आवश्यक ह"
117,विश्व के आश्चर्यजनक प्राकृतिक स्थल,"विश्व के आश्चर्यजनक प्राकृतिक स्थलों में से कुछ प्रमुख स्थल हैं जो अपनी सुंदरता और अनूठापन के लिए प्रसिद्ध हैं। ये स्थल विभिन्न प्राकृतिक आकर्षणों के लिए अद्वितीय हैं और लोगों को अपनी अनूठी प्राकृतिक सौंदर्य से प्रेरित करते हैं।

एक ऐसा प्राकृतिक स्थल है माउंट एवरेस्ट, जो दुनिया का सबसे ऊँचा पर्वत है। इसकी ऊँचाई 8,848 मीटर है और यह हिमालय पर्वत श्रृंग के एक हिस्से में स्थित है। इसकी अनूठी सुंदरता और ऊँचाई लोगों को आकर्षित करती है।

दूसरा प्राकृतिक स्थल है ग्रैंड कैनियन, जो नाम से ही अद्वितीय है। यह"
118,भारतीय संस्कृति में त्योहारों का महत्व,"भारतीय संस्कृति में त्योहारों का अत्यधिक महत्व है। ये त्योहार हमारे समाज की सामाजिक, सांस्कृतिक और धार्मिक एकता को बनाए रखने में मददगार साबित होते हैं। भारतीय संस्कृति में विभिन्न धर्मों के त्योहारों को मनाने की परंपरा है, जिन्हें विशेष महत्व दिया जाता है।

त्योहारों के माध्यम से हम अपने परंपरागत मूल्यों और आदर्शों को पुनः जीवंत करते हैं। इन त्योहारों के दौरान हमारी सामाजिक और पारिवारिक बंधनों में मजबूती आती है और समृद्धि की भावना उत्पन्न होती है। विभिन्न त्योहार जैसे दीपावली, होली, दशहरा, ईद, गुरुपूर्णिमा"
119,प्राचीन भारतीय विज्ञान और तकनीक,"प्राचीन भारतीय सभ्यता ने विज्ञान और तकनीक के क्षेत्र में भी अपना महत्वपूर्ण योगदान दिया है। वेदों, पुराणों और अन्य प्राचीन ग्रंथों में भारतीय वैज्ञानिक और तकनीकी ज्ञान का उल्लेख मिलता है।

भारतीय गणित शास्त्र ने शून्य (zero) की खोज की थी, जिसने आज के दौर में गणित को आगे बढ़ाने में महत्वपूर्ण भूमिका निभाई है। भारतीय वैज्ञानिक आर्यभट्ट ने ग्रहण तथा गोलाध्ययन के क्षेत्र में महत्वपूर्ण योगदान दिया। उन्होंने सूर्य और चंद्रमा की गति का अध्ययन किया था।

भारतीय वैज्ञानिक चरक ने आयुर्वेद की रचना क"
121,खेलों का विकास और उनका सामाजिक प्रभाव,"खेल एक महत्वपूर्ण गतिविधि है जो हमारे शारीरिक, मानसिक और सामाजिक विकास में महत्वपूर्ण भूमिका निभाती है। खेलों का विकास न केवल एक व्यक्ति के शारीरिक स्वास्थ्य को बनाए रखने में मदद करता है, बल्कि साथ ही उसके मानसिक स्थिति को मजबूत रखने में भी मदद करता है।

खेलों का खेलना एक सामाजिक संबंधों को मजबूत करने का अच्छा तरीका भी है। खेल में सहभागिता, टीमवर्क, साझेदारी और जीत-हार के अनुभव से हम समाज में अच्छे संबंध बनाना सीखते हैं। इसके अलावा, खेल में नियमों का पालन करना, फेयर प्ले करना और सहयोग करना भी हमें समाज में एक साथ"
123,विश्व की महान वास्तुकला,"वास्तुकला एक ऐसी कला है जो समाज, संस्कृति और ऐतिहासिक परंपराओं को दर्शाती है। इसका महत्वपूर्ण हिस्सा विश्व की महान वास्तुकला है जो विभिन्न देशों और समाजों की धार्मिक, सांस्कृतिक और ऐतिहासिक भूमिकाओं को प्रतिबिम्बित करती है।

भारत में खजुराहो और कोणार्क की मन्दिर वास्तुकला के उत्कृष्ट उदाहरण हैं। इन मन्दिरों की विशेषता उनकी सुंदर कलाकृतियों, शैली और निर्माण तकनीक में है। इन मन्दिरों में वास्तुकला के माध्यम से धार्मिक और सांस्कृतिक संदेशों को समर्थन किया गया है।

इसके साथ ही, यूरोप में रोमन और गोथिक वास्तुकला के"
122,पोषण और आहार में नई खोजें,"पोषण और आहार क्षेत्र में नवाचार लगातार हो रहे हैं जो लोगों के स्वास्थ्य में सुधार लाने में मददगार साबित हो रहे हैं। नई खोजें और तकनीकें भोजन की गुणवत्ता और पोषण स्तर को बेहतर बनाने में मदद कर रही हैं। यह नई खोजें विभिन्न क्षेत्रों में हो रही हैं, जैसे कि जैव प्रौद्योगिकी, खाद्य प्रसंस्करण, और आहार विज्ञान।

जैव प्रौद्योगिकी के विकास से नए पोषणीय खाद्य उत्पाद बनाए जा रहे हैं, जैसे कि जैविक खाद्य उत्पाद और सुपरफूड्स। इन उत्पादों में अधिक पोषक तत्व होते हैं जो स्वास्थ्य के लिए फायदेमंद होत"
120,अंतरिक्ष अन्वेषण का इतिहास,"अंतरिक्ष अन्वेषण एक तकनीकी महाकाव्य के रूप में हमारे समय का महत्वपूर्ण हिस्सा बन गया है। यहां तक कि अंतरिक्ष के अनगिनत रहस्यों की खोज की यात्रा ने हमें सूर्य, चंद्रमा, ग्रह और तारों के बारे में नए ज्ञान का द्वार खोला है।

अंतरिक्ष अन्वेषण का इतिहास उस समय से शुरू होता है जब मानव ने सोचा कि वे अपने पृथ्वी के बाहर जाकर भी जा सकते हैं। पहली बार यूरोपीय अंतरिक्ष यात्री यूरियान कारेलिन ने 1961 में अंतरिक्ष में यात्रा की थी। इसके बाद यूरोप, रूस, अमेरिका और अन्य देशों ने भी अंतरिक्ष में यात्रा की और वहां के रहस्यों की"
125,विश्व की महान वास्तुकला,"वास्तुकला एक विशेष कला शैली है जो मानव सभ्यता के विकास का प्रमुख हिस्सा रही है। वास्तुकला के माध्यम से हम इतिहास, समाज, संस्कृति और विचारों को समझ सकते हैं। विश्व की महान वास्तुकला कहानी हमें उस समय की महत्वाकांक्षा, धार्मिकता, साहस, और कला की महत्वकांक्षा का पता लगाती है जब वे बनाई गई थीं।

एजिया, यूरोप, अफ्रीका, और अमेरिका में अनेक महान वास्तुकला के नमूने मौजूद हैं। उदाहरण के लिए, भारत में ताजमहल, जो एक मुग़ल शाहजहान द्वारा अपनी पत्नी के याद में बनवाया गया था, एक महान वास्तुकला का उत्कृष्ट उदाहरण है।"
124,पोषण और आहार में नई खोजें,"पोषण और आहार एक महत्वपूर्ण विषय है जिस पर नवीनतम खोजें लगातार हो रही हैं। नए तकनीकी उपायों और विज्ञान के नवाचारों के कारण आजकल आहार एवं पोषण की दुनिया में कई बदलाव देखने को मिल रहे हैं।

आधुनिक खोजों में एक बड़ी प्रगति है जिसमें नये पोषण संयंत्रों की खोज की गई है। इन संयंत्रों की मदद से विभिन्न पोषक तत्वों को उचित मात्रा में और सही समय पर प्राप्त किया जा सकता है। इससे लोगों को अच्छे आहार की आसान उपलब्धता होती है और उनके पोषण स्तर को सुनिश्चित किया जा सकता है।

विज्ञान के क्षेत्र में नवाचार की बड़ी उप"
126,अंतरिक्ष अन्वेषण का इतिहास,"अंतरिक्ष अन्वेषण एक रोमांचक और महत्वपूर्ण क्षेत्र है जिसने मानवता की सोच को नये उचाईयों तक पहुंचाया है। अंतरिक्ष की अद्वितीय शोध और अनुसंधान की उपलब्धियों में कई महत्वपूर्ण मोमेंट्स हैं।

अंतरिक्ष अन्वेषण का इतिहास प्रारम्भ होता है 1940 में, जब जर्मन वैज्ञानिक वर्नर वॉन ब्राउन ने विश्व युद्ध के दौरान क्रूज और इंटरकोंटिनेंटल बॉलिस्टिक मिसाइल्स का अविष्कार किया। इसके बाद, अमेरिका ने स्पेस रेस की शुरुआत की और 1957 में सोवियत संघ ने पहला उपग्रह, सपुतनिक-1 को लॉन्च किया।

1961 में, रूस के वैज्ञानिक यू"
127,टेलीमेडिसिन का भविष्य,"टेलीमेडिसिन एक तकनीकी उपाय है जिसके माध्यम से चिकित्सा सेवाएं दी जा सकती हैं, बिना व्यक्ति को चिकित्सालय जाने की आवश्यकता के। यह डिजिटल या इंटरनेट कनेक्शन के माध्यम से विभिन्न स्वास्थ्य सेवाओं की पहुंच को सुविधाजनक बनाता है।

टेलीमेडिसिन का भविष्य बहुत उज्ज्वल है। इसके अनेक लाभ हैं जैसे कि दूरसंचार के माध्यम से दूरस्थ इलाकों में चिकित्सा सेवाओं की पहुंच, इंटरनेट की तेजी के कारण चिकित्सा सेवाएं तेजी से उपलब्ध होने लगी हैं, और रोगी को भी गंभीर बीमारियों की समय-समय पर निगरानी मिलती रहती है।

टेलीमेडिसिन के माध"
129,पोषण और आहार में नई खोजें,"पोषण और आहार विज्ञान क्षेत्र में नवाचार लगातार हो रहे हैं जो स्वस्थ्य जीवनशैली को बेहतर बनाने में मदद कर रहे हैं। नई खोजें और अनुसंधान इस क्षेत्र में महत्वपूर्ण हैं क्योंकि वे हमें अधिक समृद्ध और स्वस्थ्य जीवन जीने के लिए नए तरीके सिखाती हैं।

एक नई खोज जिसने ध्यान आकर्षित किया है, वह है 'न्यूट्रास्टीन्ट्स' या पोषक तत्वों की नई प्रजाति। ये तत्व विभिन्न आहार में पाए जाते हैं जो हमारे शरीर के लिए अत्यंत महत्वपूर्ण होते हैं। इन न्यूट्रास्टीन्ट्स के सेवन से हमारी सेहत में सुधार होता है और विभिन्न बीमारियों स"
128,मानसिक स्वास्थ्य और टेक्नोलॉजी,"मानसिक स्वास्थ्य और टेक्नोलॉजी दोनों हमारे जीवन के महत्वपूर्ण हिस्से हैं। इन दोनों क्षेत्रों के मिलन से हम अपने जीवन में सकारात्मक परिवर्तन ला सकते हैं। टेक्नोलॉजी के उपयोग से हम अपने मानसिक स्वास्थ्य को सुधार सकते हैं।

मानसिक स्वास्थ्य के लिए टेक्नोलॉजी का उपयोग कितना महत्वपूर्ण है, इसका अंदाजा इस तथ्य से लगाया जा सकता है कि आजकल दुनिया भर में दिमागी स्वास्थ्य संबंधित समस्याएं बढ़ती जा रही हैं। उच्च तकनीकी साधनों का उपयोग करके हम अपने मानसिक स्वास्थ्य को सुधार सकते हैं, जैसे कि मेंटल हेल्थ एप्लीकेशन्स, ध्यान"
130,पोषण और आहार में नई खोजें,"पोषण और आहार में नवीनतम खोजें एक महत्वपूर्ण क्षेत्र हैं जो हमारे स्वास्थ्य और दिनचर्या को सुधारने में मदद करती हैं। आधुनिक विज्ञान और प्रौद्योगिकी की मदद से वैज्ञानिक खोजें हमें नए और सुरक्षित आहार के स्रोत प्रदान करती हैं।

एक नई खोज जिसे 'एपिजेनेटिक्स' कहा जाता है, आहार के पोषण के प्रभाव पर ध्यान केंद्रित करती है। यह पद्धति दिखाती है कि आपके आहार और जीवनशैली के कारण आपकी जीन्स को किस प्रकार से प्रभावित किया जा सकता है। इससे आहार के माध्यम से बीमारियों की प्रतिरोधक्षमता में सुधार हो सकता है और आपकी स्वास्थ्य को बेह"
131,पोषण और आहार में नई खोजें,"पोषण और आहार विज्ञान एवं प्रौद्योगिकी में हमेशा नए अध्ययन और खोजों की निरंतर चर्चा रहती है। इसका मुख्य उद्देश्य है मानव स्वास्थ्य में सुधार करना। हाल ही में कई नई खोजें और अध्ययन हुए हैं जिन्होंने पोषण और आहार के महत्वपूर्ण पक्षों पर नयी रोशनी डाली है।

अंतर्राष्ट्रीय खाद्य संरक्षण संगठन (FAO) ने एक अध्ययन में बताया है कि अधिक से अधिक खाद्य फसलों को ताजा करने के लिए सोलर ड्रायर्स का उपयोग करने से मात्राएं बच जाती हैं और उन्हें सुरक्षित रखने में मदद मिलती है। इससे खाद्य सुरक्षा बढ़ती है और भोजन म"
132,पोषण और आहार में नई खोजें,"पोषण और आहार विज्ञान एवं प्रौद्योगिकी में नवाचार लाने के लिए लगातार नई खोजें की जा रही हैं। इन खोजों के माध्यम से लोगों को स्वस्थ और पूर्ण आहार प्रदान किया जा सकता है और उनकी सेहत को बेहतर बनाया जा सकता है।

एक ऐसी नई खोज है ""आहार जेनोमिक्स"" जिसमें आहार के अनुकूल जेनोमिक फीचर्स का अध्ययन किया जाता है। इसके माध्यम से वैज्ञानिक बता सकते हैं कि किस तरह का आहार किस व्यक्ति के लिए सबसे उपयुक्त हो सकता है। इससे व्यक्ति की सेहत, वजन नियंत्रण और अन्य स्वास्थ्य संबंधित मुद्दों का समाधान किया जा सकता है।

एक और न"
133,भारतीय संस्कृति में त्योहारों का महत्व,"भारतीय संस्कृति में त्योहारों का अत्यधिक महत्व है। यहाँ धार्मिक और सांस्कृतिक दृष्टि से त्योहारों का महत्व उठाया जा रहा है।

भारतीय संस्कृति में विभिन्न धर्मों के त्योहार उत्सव के रूप में मनाए जाते हैं। इन उत्सवों के माध्यम से समाज में एकता, सद्भावना और सौहार्द की भावना को बढ़ावा मिलता है। ये त्योहार समाज में एक प्रकार की खुशियों का संचार करते हैं और लोगों को एक साथ लाने में मदद करते हैं।

त्योहारों के द्वारा लोग अपनी परम्पराओं और अपनी संस्कृति को याद करते हैं और उसे महत्व देते हैं। ये त्योहार लोगों को धार्म"
134,अंतरिक्ष अन्वेषण का इतिहास,"अंतरिक्ष अन्वेषण मानवता के लिए एक महत्वपूर्ण क्षेत्र है जिसका इतिहास बहुत पुराना है। प्राचीन समय से ही लोग चाँद, सूर्य और अन्य ग्रहों की ओर दृष्टि दौड़ाते रहे हैं। वे चाँद पर चंद्रयान, सूर्य के चारों ओर ग्रहों की गति आदि के बारे में अनुमान लगाते रहे।

आधुनिक अंतरिक्ष अनुसंधान का आदान-प्रदान 20वीं शताब्दी में होने लगा। 1957 में सोवियत संघ ने वोस्टोक-1 को अंतरिक्ष में भेजकर अंतरिक्ष यात्रा का नया युग आरंभ किया। इसके बाद 1961 में यूरी गागरिन ने अंतरिक्ष में यात्रा की और पूरी दुनिया को आश्चर्यचकित कर दिया"
137,जीन थेरेपी की प्रगति,"जीन थेरेपी एक उत्कृष्ट तकनीक है जिसका उपयोग जीवाणु से लेकर मानव तक कई रोगों के इलाज में किया जाता है। यह तकनीक विज्ञान में एक बड़ी क्रांति मानी जाती है जिसमें मानव जीवन की गुणसूची बदलने की क्षमता होती है। जीन थेरेपी का उद्देश्य विकलांगता, जन्मजात रोग, कैंसर, डायबिटीज, और अन्य जीवाणु संक्रमण के रोगों का इलाज करना है।

जीन थेरेपी का सबसे महत्वपूर्ण सिद्धांत है जीन्स के माध्यम से दोषपूर्ण जीन्स को सही करना। इस तकनीक में वैज्ञानिक तरीके से तैयार किए गए विशेष वेक्टर्स का उपयोग होता है जो सही जीन क"
135,वैक्सीन विकास में नई तकनीकें,"वैक्सीन विकास में नवाचार की तकनीकें वैज्ञानिक समुदाय के लिए एक महत्वपूर्ण क्षेत्र हैं। इन नई तकनीकों के उपयोग से वैक्सीनों को अधिक प्रभावी, सुरक्षित और उत्पादनशील बनाया जा सकता है।

कुछ मुख्य नई तकनीकें शामिल हैं:

1. mRNA वैक्सीन: mRNA वैक्सीन एक प्रौद्योगिकी है जिसमें mRNA को उपयोग करके वैक्सीन विकसित की जाती है। यह तकनीक विकेंद्रीकरण के लिए महत्वपूर्ण है और तेजी से वैक्सीन विकसित करने में मदद करती है।

2. नानोटेक्नोलॉजी: यह तकनीक वैक्सीनों को नैनो-स्केल पर डिज़ाइन करने में मदद करती है। छोटे नैनो"
136,विश्व के आश्चर्यजनक प्राकृतिक स्थल,"विश्व भर में अनेक प्राकृतिक स्थल हैं जो अपनी अद्वितीयता और सुंदरता के लिए प्रसिद्ध हैं। इन स्थलों में से कुछ ऐसे हैं जो अपने आश्चर्यजनक रूप और प्राकृतिक सौंदर्य के लिए विख्यात हैं।

एक ऐसा प्राकृतिक स्थल है ग्रेट ब्लू होल, जो कैरिबियन सागर में स्थित है। यह एक गहरा नीला गर्दभ है जिसकी गहराई करीब १२५ मीटर तक है। इसका आकर्षण उसकी गहराई, रंग, और वातावरण से है जो इसे एक अद्वितीय स्थान बनाता है।

दूसरा उदाहरण है नॉर्वे का फ्जोर्ड्स, जो अपनी लंबी और घनी खाड़ियों के लिए प्रसिद्ध है। यहाँ की प्राकृत"
138,विश्व के आश्चर्यजनक प्राकृतिक स्थल,"विश्व में अनगिनत प्राकृतिक स्थल हैं जिन्हें देखकर हमें आश्चर्य होता है। इन स्थलों में प्राकृतिक सौंदर्य, विविधता और अद्वितीयता होती है।

एक ऐसा प्राकृतिक स्थल है मॉरीया गार्डन, न्यूजीलैंड, जहां आपको सुनहरे रंग की झीलें, उच्च पहाड़ियाँ और बहुत सारी प्राकृतिक सुंदरता देखने को मिलती है। इसके अलावा, ग्रैंड कैनियन, अमेरिका, जोग फॉल्स, इन्डोनेशिया और विक्टोरिया फॉल्स, जिम्बाब्वे, जैसे स्थल भी प्राकृतिक सौंदर्य का अद्वितीय अनुभव प्रदान करते हैं।

दुनिया में विभिन्न बांध, गाड़े, झीलें और वनस्पति स"
139,मानसिक स्वास्थ्य और टेक्नोलॉजी,"मानसिक स्वास्थ्य और टेक्नोलॉजी दोनों हमारे जीवन में महत्वपूर्ण भूमिका निभाते हैं। टेक्नोलॉजी के विकास से हमारे जीवन में कई सुविधाएं आ गई हैं, जिससे हमारी जीवनशैली में सुधार हुआ है। वहीं मानसिक स्वास्थ्य भी हमारे जीवन का एक महत्वपूर्ण हिस्सा है, और यह हमारे शारीरिक स्वास्थ्य के साथ ही हमारी क्षमताओं और कामकाज क्षमता पर भी प्रभाव डालता है।

टेक्नोलॉजी के माध्यम से आजकल हमारे पास आने वाले अनेक साधन हैं जो हमें मानसिक स्वास्थ्य के लिए सहायक हो सकते हैं। ध्यान, मेडिटेशन और स्वास्थ्य एप्लिकेशन्स के उपयोग से हम अपनी मानसिक स"
140,प्राचीन भारतीय विज्ञान और तकनीक,"प्राचीन भारतीय सभ्यता ने वैज्ञानिक और तकनीकी दृष्टिकोण से भी बहुत कुछ योगदान दिया है। भारतीय ऐतिहासिक पुस्तकों और शास्त्रों में इसके उल्लेख मिलते हैं।

वेदों में गणित, ज्योतिष, वास्तुकला, चिकित्सा आदि के विषय में विस्तार से बताया गया है। वेदों में सूर्य और चंद्रमा की गति, नक्षत्रों के स्थिति का अध्ययन, गणितीय कार्यों का वर्णन आदि किया गया है।

भारतीय राष्ट्रीय गणित और खगोल उपकरण (यानि ज्योतिष उपकरण) के उदाहरण हैं। जैसे कि ब्राह्मगुप्त ने भूगोल, गणित और खगोल के क्षेत्र में अपने योगद"
141,मानसिक स्वास्थ्य और टेक्नोलॉजी,"मानसिक स्वास्थ्य और टेक्नोलॉजी दोनों ही महत्वपूर्ण क्षेत्र हैं जो हमारे जीवन को सुविधाजनक और उत्तम बनाने में मदद करते हैं। टेक्नोलॉजी के उपयोग से हम अपने मानसिक स्वास्थ्य को सुधार सकते हैं। 

आधुनिक दुनिया में टेक्नोलॉजी का उपयोग मानसिक स्वास्थ्य की समस्याओं को निवारित करने में मददगार साबित हो रहा है। मानसिक स्वास्थ्य सेवाएं ऑनलाइन प्लेटफॉर्म्स के माध्यम से उपलब्ध हैं जो उपयुक्त सलाह और समर्थन प्रदान करते हैं। यह लोगों को अपनी समस्याओं को साझा करने और उन्हें हल करने के लिए एक सुरक्षित माहौल प्रदान करता है।

दिमागी स्वास"
142,व्यायाम और फिटनेस ट्रैकिंग ऐप्स,"व्यायाम और फिटनेस ट्रैकिंग ऐप्स आजकल लोगों के लिए बहुत महत्वपूर्ण हो गए हैं। ये ऐप्स लोगों को उनके व्यायाम और फिटनेस के लक्ष्यों को पूरा करने में मदद करते हैं। इन ऐप्स की मदद से लोग अपने व्यायाम की प्रगति को ट्रैक कर सकते हैं, अपने आहार का ध्यान रख सकते हैं और अपने स्वास्थ्य को नियंत्रित रख सकते हैं। 

इन ऐप्स में आम तौर पर व्यायाम के लिए अलार्म सेट करने, व्यायाम की वीडियो गाइड, व्यायाम प्लान, कैलोरी काउंटर, स्टेप काउंटर, वजन ट्रैकर, स्वास्थ्य रिपोर्ट्स आदि की सुविधा होती है। 

कुछ लोकप्रिय व्यायाम और फिटनेस ट"
143,टेलीमेडिसिन का भविष्य,"टेलीमेडिसिन एक तकनीकी उपाय है जिसमें डिजिटल प्लेटफॉर्म का उपयोग करके वैद्यकीय सेवाएं प्रदान की जाती हैं, जैसे कि दूरस्थ रूप से अनुशासन और उपचार। यह एक उच्च गुणवत्ता वाली सेवा प्रदान करने का एक अच्छा तरीका है और इसे विभिन्न स्थानों से लोगों की जरूरतों को पूरा करने के लिए उपयोग किया जा सकता है।

टेलीमेडिसिन का भविष्य उज्जवल है। इस तकनीक के माध्यम से लोग अपने स्वास्थ्य सेवाओं तक पहुंचने में काफी सुविधा महसूस करेंगे। विशेषज्ञ डॉक्टरों से दूरस्थ रूप से परामर्श लेने का अवसर होगा, जिससे वे अपनी सेहत की"
144,भारतीय संस्कृति में त्योहारों का महत्व,"भारतीय संस्कृति में त्योहारों का अहम महत्व है। ये त्योहार समाज को एकजुट करने के साथ-साथ उत्सव और खुशियों का माहौल बनाते हैं। भारतीय संस्कृति में विभिन्न धार्मिक, सांस्कृतिक और वैश्विक पर्व उत्सव के रूप में मनाए जाते हैं। ये त्योहार सामाजिक समृद्धि और सांस्कृतिक विकास का आधार बनाते हैं।

भारतीय समाज में त्योहारों का महत्व इसलिए भी है क्योंकि ये समाज में एकता, सद्भावना, सहयोग और भाईचारे की भावना को मजबूत करते हैं। त्योहारों के दौरान लोग एक-दूसरे के साथ समय बिताते हैं, आपसी रिश्तों को मजबूत करते हैं"
146,जीन थेरेपी की प्रगति,"जीन थेरेपी एक उच्च तकनीकी चिकित्सा प्रक्रिया है जिसमें मानव जीवन को बेहतर बनाने के लिए विशेष जीनों का उपयोग किया जाता है। यह एक वर्चुअल चिकित्सा क्षेत्र के रूप में विकसित हुआ है और इसका उद्देश्य विभिन्न जीनों के परिवर्तन के माध्यम से रोगों का इलाज करना है।

जीन थेरेपी की प्रगति में विज्ञान ने बड़ी उपलब्धियां हासिल की हैं। इसके द्वारा कई गंभीर रोगों का इलाज संभव हो रहा है, जैसे कि कैंसर, मधुमेह, मस्तिष्कज की बीमारियां आदि। जीन थेरेपी के माध्यम से विज्ञानी विशेष जीन को अस्थायी या स्थायी रूप से बदल सकते हैं ज"
145,अंतरिक्ष अन्वेषण का इतिहास,"अंतरिक्ष अन्वेषण का इतिहास इंसानियत के लिए एक महत्वपूर्ण मार्गदर्शक यात्रा है। इसका आरंभ अंधेरे में हुआ था, जब लोग सितारों की दिशा और गति को जानने के लिए नक्षत्रों की ओर देखने लगे।

वर्तमान में अंतरिक्ष अन्वेषण अपने शीर्षकाल पर है। 4 अक्टूबर 1957 को सोवियत संघ ने पहला उपग्रह, स्पुटनिक-1, पृथ्वी की ओर भेजा। इसके बाद अंतरिक्ष अनुसंधान में वैज्ञानिक और तकनीकी उन्नति हुई।

1969 में अमेरिकी अंतरिक्ष एजेंसी नासा ने चांद पर मानव की उत्तरी यात्रा की। चांद की अन्वेषण मानव इतिहास का एक महत्वपूर्ण पल था।

अंतर"
147,वैक्सीन विकास में नई तकनीकें,"वैक्सीन विकास में नई तकनीकें

वैक्सीन विकास में नई तकनीकें लगातार उभरती रहती हैं जो सामाजिक स्वास्थ्य को सुरक्षित बनाने में महत्वपूर्ण भूमिका निभा रही हैं। नई तकनीकों ने वैक्सीन विकास में कई समस्याओं का समाधान प्रदान किया है।

एक नई तकनीक है mRNA वैक्सीन, जिसमें संजीवनी RNA शामिल होता है। यह वैक्सीन कोविड-19 जैसी बीमारियों के खिलाफ प्रभावी रूप से काम करती है और उत्पादन में तेजी से जुटी जा सकती है। इस तकनीक के प्रयोग से वैक्सीन विकास में तेजी से और सुरक्षित तरीके से काम होने लगा है।

एक और नई तकनीक है जेनेटिक"
148,विश्व के आश्चर्यजनक प्राकृतिक स्थल,"पृथ्वी पर कई ऐसे आश्चर्यजनक प्राकृतिक स्थल हैं जिन्हें देखकर हमें वास्तव में प्रकृति की अनगिनत काबिलियतों का अहसास होता है। ये स्थल अपनी अद्वितीयता और प्राकृतिक सौंदर्य के लिए विश्व प्रसिद्ध हैं।

एक ऐसा प्राकृतिक स्थल है ग्रेट ब्लू होल, जो बहामास के करीब अटलांटिक महासागर में स्थित है। यह गहरा समुद्री गड्ढा एक अद्वितीय रूप से नीला पानी से भरा होता है और इसका आकार भी बहुत बड़ा होता है। इसकी गहराई करीबन १२६ मीटर तक है।

दूसरा उदाहरण है नॉर्वे का फ्जोर्ड, जो उत्तरी यूरोप में स्थित है। ये गहरी नाले क"
149,भारतीय संस्कृति में त्योहारों का महत्व,"भारतीय संस्कृति में त्योहारों का विशेष महत्व है। ये त्योहार भारतीय जीवन का महत्वपूर्ण हिस्सा हैं और इनके माध्यम से लोग आपसी समरसता, खुशहाली और सामूहिक भावनाओं को साझा करते हैं। भारत में विभिन्न धर्मों और समुदायों के अनुसार अनेक प्रकार के त्योहार मनाए जाते हैं और इनमें विभिन्न धार्मिक, सांस्कृतिक और सामाजिक अवसर शामिल होते हैं।

त्योहारों के माध्यम से लोग अपने रिश्तेदारों, समुदाय के लोगों और समाज के सदस्यों के साथ जुड़ते हैं। इन अवसरों पर लोग एक-दूसरे के साथ खुशी, प्यार और समरसता का अहसास करते हैं। त्योहारों के"
150,टेलीमेडिसिन का भविष्य,"टेलीमेडिसिन एक प्रौद्योगिकी है जिसमें चिकित्सा सेवाएं और सलाहकारी तकनीकों का उपयोग डिजिटल माध्यम के माध्यम से किया जाता है। यह उपयोगकर्ताओं को दूरस्थ स्थान से चिकित्सा सेवाओं तक पहुंचने की सुविधा प्रदान करता है। टेलीमेडिसिन के माध्यम से लोग वैश्विक चिकित्सा सेवाओं का लाभ उठा सकते हैं और अपनी सेहत सुधारने के लिए विशेषज्ञ सलाह प्राप्त कर सकते हैं।

भविष्य में, टेलीमेडिसिन का उपयोग बढ़ने की संभावना है। विशेषकर कोविड-19 जैसी महामारियों के समय पर, टेलीमेडिसिन ने लोगों को उनके घर पर ही चिकित्सा सेवाएं प्राप्त करने का अव"
151,व्यायाम और फिटनेस ट्रैकिंग ऐप्स,"व्यायाम और फिटनेस ट्रैकिंग ऐप्स आजकल लोगों के लाइफस्टाइल का महत्वपूर्ण हिस्सा बन गए हैं। ये ऐप्स योग्यता और स्वास्थ्य को सुनिश्चित करने में मदद करते हैं, जिससे लोग अपने लक्ष्यों को प्राप्त कर सकते हैं।

ये ऐप्स आपको दिनचर्या पर ध्यान केंद्रित करने में मदद करते हैं, साथ ही आपके व्यायाम, भोजन, नींद, ऊर्जा स्तर और अन्य पारंपरिक आंकड़ों को ट्रैक करने में भी सहायक होते हैं। इन ऐप्स में अकाउंट बनाने के बाद आप अपने व्यायाम कार्यक्रम को निर्धारित कर सकते हैं, समय और दूरी को ट्रैक कर सकते हैं और अपनी प्रगति को देख सकते हैं।"
152,विश्व के आश्चर्यजनक प्राकृतिक स्थल,"विश्व में अनेक आश्चर्यजनक प्राकृतिक स्थल हैं जो अपनी अद्भुतता और सौंदर्य के लिए मशहूर हैं। ये स्थल प्राकृतिक विकास और प्राकृतिक प्रक्रियाओं के आश्चर्य उत्पन्न करते हैं और लोगों को आकर्षित करते हैं।

एक ऐसा प्राकृतिक स्थल है ग्रैंड कैनयन, जो कनाडा में स्थित है। यह दुनिया का सबसे गहरा नाला है जिसमें नीला और हरा पानी बहता है और जिसकी खूबसूरती देखने वालों को हैरान कर देती है। इसके अलावा, एफेल टॉवर जैसे स्थल जो प्राकृतिक नहीं हैं, लेकिन उनकी दिव्यता और शैली ने दुनिया भर के लोगों को मोहित किया है।

अंतर्राष"
153,मानसिक स्वास्थ्य और टेक्नोलॉजी,"मानसिक स्वास्थ्य और टेक्नोलॉजी दोनों ही महत्वपूर्ण क्षेत्र हैं जो हमारे दैनिक जीवन का महत्वपूर्ण हिस्सा हैं। मानसिक स्वास्थ्य का मतलब है हमारे मानसिक और भावनात्मक स्थिति का संतुलन जिसमें हम खुश और संतुलित महसूस करते हैं। टेक्नोलॉजी ने हमारे जीवन को कई तरीकों से सरल और सुविधाजनक बना दिया है।

आजकल कई ऐप्स और उपकरण उपलब्ध हैं जो हमें मानसिक स्वास्थ्य को संभालने में मदद कर सकते हैं। मानसिक स्वास्थ्य ऐप्स मानसिक तनाव, चिंता, डिप्रेशन आदि के लिए सुझाव और उपाय प्रदान कर सकते हैं। योगा और मेडिटेशन ऐप्स भी मानसिक स्वास्थ्य क"
154,मानसिक स्वास्थ्य और टेक्नोलॉजी,"मानसिक स्वास्थ्य और टेक्नोलॉजी दोनों ही एक व्यक्ति की जीवन में महत्वपूर्ण भूमिका निभाते हैं। आधुनिक युग में टेक्नोलॉजी का उपयोग मानसिक स्वास्थ्य के समर्थन में किया जा रहा है। इंटरनेट, सोशल मीडिया, मोबाइल ऐप्स और अन्य तकनीकी साधनों के माध्यम से लोग बीमारियों की जानकारी प्राप्त कर सकते हैं, मानसिक स्वास्थ्य से जुड़ी समस्याओं का समर्थन प्राप्त कर सकते हैं और मानसिक स्वास्थ्य विशेषज्ञों से ऑनलाइन सलाह ले सकते हैं।

टेक्नोलॉजी के उपयोग से लोग किसी भी समय और किसी भी स्थान से मानसिक स्वास्थ्य सेवाओं का लाभ उठा सकते हैं। जै"
155,वैक्सीन विकास में नई तकनीकें,"वैक्सीन विकास एक महत्वपूर्ण क्षेत्र है जिसमें नई तकनीकें लागू की जा रही हैं। इन नई तकनीकों के माध्यम से वैक्सीन विकास की प्रक्रिया को तेजी से और प्रभावी बनाया जा रहा है।

1. **मर्जिंग और एक्सोसोमल वैक्सीन्स**: इस तकनीक में वैक्सीन के साथ वायरस के अंश जोड़े जाते हैं ताकि उसका प्रभाव और ज्यादा बढ़ जाए। इससे वैक्सीन की प्रभावकारिता बढ़ती है।

2. **जेनेटिक इंजीनियरिंग**: जेनेटिक इंजीनियरिंग के माध्यम से वैक्सीन के लिए विशेष जीनों को तैयार किया जा सकता है जो विशेष रोग के खिलाफ सुरक्षा प्रदान करते हैं।

3. **मेसें"
156,टेलीमेडिसिन का भविष्य,"टेलीमेडिसिन एक तकनीकी उपाय है जिसमें चिकित्सा सेवाएं और सलाहकारी सेवाएं दूरस्थ माध्यमों के माध्यम से प्रदान की जाती हैं। यह विभिन्न तकनीकी साधनों जैसे वीडियो कॉल, वॉयस कॉल, चैट और ईमेल का उपयोग करके किया जाता है। टेलीमेडिसिन का उपयोग चिकित्सा सेवाओं को सुविधाजनक, कारगर और सस्ते बनाने में मदद कर सकता है।

भविष्य में, टेलीमेडिसिन का उपयोग और भी व्यापक होने की संभावना है। विशेषकर विपणन और ग्राहक सेवा क्षेत्र में, लोग अपने स्वास्थ्य सम्बन्धी समस्याओं के लिए उपयुक्त सलाह और उपचार प्राप्त करने के लिए अधिक डिजिटल त"
157,खेलों का विकास और उनका सामाजिक प्रभाव,"खेलों का हमारे समाज में महत्वपूर्ण स्थान है और इनका विकास समाज के लिए अत्यंत आवश्यक है। खेलों के खेलने से हमारे शारीरिक और मानसिक स्वास्थ्य को सुधारने में मदद मिलती है, साथ ही टीम वर्क और सहयोग का महत्व सिखाती है। खेलों के माध्यम से हम नेतृत्व, व्यक्तिगत विकास और समाज में सहयोग का महत्व समझते हैं।

खेलों का विकास समाज में सामाजिक एवं मानसिक रूप से भी अहम योगदान देता है। खेलों के माध्यम से हम अपनी टीम के सदस्यों के साथ जीवन में आवश्यक सहयोग और समर्थन का महत्व समझते हैं। खेलने से हम अपने दिमाग को तेज करते हैं, अपनी निर्णय क्ष"
159,प्राचीन भारतीय विज्ञान और तकनीक,"प्राचीन भारतीय सभ्यता में विज्ञान और तकनीक का विकास एक महत्वपूर्ण अंश रहा है। भारतीय इतिहास में विज्ञान और तकनीक के क्षेत्र में कई महत्वपूर्ण योगदान हुए हैं। वेदों में गणित, ज्योतिष और अन्य विज्ञानों की जानकारी मिलती है जिन्हें आज भी मान्यता मिलती है।

भारतीय गणित का विकास बहुत पुराना है। भारतीय गणितज्ञ आर्यभट्ट, ब्राह्मगुप्त, भास्कराचार्य आदि ने गणित के क्षेत्र में महत्वपूर्ण योगदान दिया। भारतीय गणितज्ञों ने शून्य की खोज की, ज्यामिति और अलग-अलग गणितीय सिद्धांतों का विकास किया।

भारती"
158,विश्व के आश्चर्यजनक प्राकृतिक स्थल,"पृथ्वी पर कई ऐसे आश्चर्यजनक प्राकृतिक स्थल हैं जो हर वर्ष लाखों यात्री और पर्यटकों को आकर्षित करते हैं। ये स्थल अपने अद्वितीय सौंदर्य और प्राकृतिक स्थिति के लिए प्रसिद्ध हैं।

एक ऐसा प्राकृतिक स्थल है मॉरेनो को झील, जो व्यापक बाइयोडाइवर्सिटी के लिए विख्यात है। यह झील संयुक्त राज्य अमेरिका की युटाह और कोलोरेडो में स्थित है और इसकी सुंदरता आपको अचंभित कर देगी। इसके नीले पानी, उच्च पहाड़ियों के परिप्रेक्ष्य में और वृक्षों के छायादान में चड़ रहे परियावरण का आनंद लेने के लिए यहाँ जाने वाले पर्यटक हमेशा यादगार अन"
161,वैक्सीन विकास में नई तकनीकें,"वैक्सीन विकास में नई तकनीकें एक महत्वपूर्ण क्षेत्र हैं जो स्वास्थ्य सेवाओं को बेहतर बनाने में मदद कर सकती हैं। नवीनतम तकनीकों के उपयोग से वैक्सीन विकास में कई सुधार किए जा रहे हैं।

एक ऐसी नई तकनीक है mRNA वैक्सीन, जो वायरस के DNA की बजाय mRNA का उपयोग करती है। यह तकनीक वैक्सीन विकास को तेजी से और सुरक्षित बनाने में मदद करती है। इसके साथ ही, नैनोटेक्नोलॉजी का उपयोग भी वैक्सीन विकास में किया जा रहा है, जिससे वैक्सीन को शरीर में पहुंचाने की क्षमता बढ़ जाती है।

कई वैक्सीन कंपनियाँ एक्सपरिमेंटल वैक्सीन के विक"
160,पोषण और आहार में नई खोजें,"पोषण और आहार में नई खोजें आजकल तकनीकी विज्ञान के क्षेत्र में बड़ी उन्नति कर रही हैं। इसके फलस्वरूप, नए तकनीकी उपायों द्वारा आहार और पोषण क्षेत्र में नई खोजें की जा रही हैं। एक ऐसी खोज है जिसमें वैज्ञानिकों ने पौधों के अंशों से प्रोटीन को उत्पन्न करने की तकनीक विकसित की है। इस उत्पादन प्रक्रिया के माध्यम से प्रोटीन की मात्रा बढ़ाई जा सकती है जिससे उन्हें विभिन्न आहार उत्पादों में उपयोगिता मिल सके।

इसके अलावा, आधुनिक तकनीक की मदद से खाद्य सुरक्षा को मजबूत किया जा सकता है। विभिन्न कीटनाशक और रोगनिरोधक"
162,अंतरिक्ष अन्वेषण का इतिहास,"अंतरिक्ष अन्वेषण एक उत्कृष्ट और रोमांचक क्षेत्र है जिसमें मानव ज्ञान और तकनीकी क्षमता का उच्च स्तर पर प्रदर्शन होता है। इसका इतिहास बहुत पुराना है और विभिन्न घटनाओं और खोजों के माध्यम से विकसित हुआ है।

अंतरिक्ष अन्वेषण का इतिहास अक्षरशः 20वीं सदी से आरंभ हुआ। 1957 में यूरी गागरिन ने पहली बार मानव को अंतरिक्ष में भेजा था। इसके बाद 1969 में अपोलो 11 मिशन ने चाँद पर पहुंचकर मानवता के लिए ऐतिहासिक कदम उठाया।

अंतरिक्ष अन्वेषण के इतिहास में अनेक महत्वपूर्ण घटनाएं हुई हैं। इनमें वॉयेजर, हबल, चंद्रयान, मं"
163,टेलीमेडिसिन का भविष्य,"टेलीमेडिसिन एक विकल्पिक स्वास्थ्य सेवा है जिसमें डिजिटल प्लेटफॉर्म का उपयोग करके रोगियों को दूरस्थ चिकित्सा सेवाएं प्रदान की जाती है। इसका भविष्य बहुत उज्ज्वल है। इसके मुख्य कारणों में शामिल हैं सुविधाजनक, व्यापक पहुंच, लागत और समय की बचत।

टेलीमेडिसिन की महत्वपूर्ण भूमिका सार्वजनिक स्वास्थ्य के क्षेत्र में है, खासकर उन लोगों के लिए जो ग्रामीण क्षेत्रों और दूरदराज क्षेत्रों में रहते हैं। यह दूरस्थ चिकित्सा सेवाएं बढ़ावा देगा और लोगों को बेहतर स्वास्थ्य सेवाएं प्राप्त करने में मदद करेगा।

टेलीमेडिसिन के"
164,खेलों का विकास और उनका सामाजिक प्रभाव,"खेलों का विकास और उनका सामाजिक प्रभाव

खेलों का महत्व व्यक्तिगत विकास के साथ-साथ समाज में भी अहम भूमिका निभाता है। खेलों के खेलने से व्यक्ति का शारीरिक, मानसिक और सामाजिक विकास होता है। खेलों के माध्यम से व्यक्ति नैतिकता, टीम वर्क, लीडरशिप, सहनशीलता, और सामाजिक जिम्मेदारी जैसी महत्वपूर्ण गुणों का विकास करता है। 

खेलों के खेलने से व्यक्ति की दिमागी क्षमता बढ़ती है और उसकी दिमागी स्थिरता में सुधार होता है। खेलों के माध्यम से व्यक्ति कौशल अभिवृद्धि, समस्या समाधान और नए विचार का सामर्थ्य विकसित करता है।

सामाजिक दृ"
165,विश्व के आश्चर्यजनक प्राकृतिक स्थल,"विश्व भर में हमें कई आश्चर्यजनक प्राकृतिक स्थल मिलते हैं जो अपनी सुंदरता और विशेषता के लिए प्रसिद्ध हैं। ये स्थल विभिन्न प्राकृतिक प्रकारों और परिसरों में हो सकते हैं, जैसे कि पहाड़ियों, जंगलों, झीलों, बादलों और जलप्रपातों में।

एक ऐसा आश्चर्यजनक स्थल है ग्रांड कैनयन जो कनाडा में स्थित है। यह दुनिया का सबसे गहरा नाला है जिसे बनावटी तोर पर बनाया गया है और इसकी खूबसूरती देखने लायक है। फिर, नागारा जलप्रपात कनाडा और अमेरिका की सीमा पर स्थित है और इसकी तेज़ गिरने वाली जल की धारा एक अद्वितीय दृश्य प्रदान करती है।"
167,जीन थेरेपी की प्रगति,"जीन थेरेपी एक उच्च स्तरीय तकनीक है जिसका उपयोग विभिन्न रोगों जैसे कैंसर, जन्मजात रोग, और अन्य जीवाणु संबंधित रोगों के इलाज में किया जाता है। यह विज्ञानिक तथा मेडिकल उत्पादन क्षेत्र में विशेषज्ञता की मांग को ध्यान में रखते हुए विकसित की गई है।

जीन थेरेपी के माध्यम से रोग के कारणी जीनों में परिवर्तन का संशोधन किया जाता है जिससे रोग का इलाज संभव हो सके। यह तकनीक रोग के स्रोत को दबाने और उसके प्रभाव को कम करने में मदद करती है। जीन थेरेपी के उदाहरण में, कैंसर के इलाज के लिए कैमोथेरेपी और रेडिएशन के साथ-साथ"
166,जीन थेरेपी की प्रगति,"जीन थेरेपी एक उत्कृष्ट तकनीक है जिसका उपयोग गंभीर रोगों के इलाज में किया जाता है। यह तकनीक विशेष रूप से वे रोगों के इलाज में काम आती है जिनका कारण जीनेटिक मुताबिकत या गलत जीन होता है। जीन थेरेपी के माध्यम से वैज्ञानिक दृष्टि से रोग के कारण को ठीक किया जा सकता है।

जीन थेरेपी की प्रगति में हमारे द्वारा जीन को संशोधित करने की क्षमता में वृद्धि हुई है। नई तकनीकों के विकास के कारण, जीन थेरेपी को अब अधिक साधारित, सुरक्षित और प्रभावी बनाया जा सकता है। इसके परिणामस्वरूप, कई ऐसे रोग जिनका पहले इलाज मुश्किल था,"
168,मानसिक स्वास्थ्य और टेक्नोलॉजी,"मानसिक स्वास्थ्य और टेक्नोलॉजी दोनों ही एक व्यक्ति के जीवन में महत्वपूर्ण भूमिका निभाते हैं। आजकल की भागदौड़ भरी जिंदगी में लोग अक्सर स्ट्रेस, अवसाद, एंग्जायटी, और अन्य मानसिक समस्याओं का सामना करते हैं। इस समस्याओं का सामना करने के लिए टेक्नोलॉजी एक महत्वपूर्ण सहायक हो सकती है। 

विभिन्न एप्लिकेशन और ऑनलाइन सेवाएं मानसिक स्वास्थ्य को सुधारने में मदद कर सकती हैं। मानसिक स्वास्थ्य से जुड़ी समस्याओं पर काम करने वाले एप्लिकेशन और वेबसाइट्स उपयुक्त सलाह और समर्थन प्रदान कर सकते हैं। योगा और मेडिटेशन ऐप्स, स्वास्थ"
169,व्यायाम और फिटनेस ट्रैकिंग ऐप्स,"आजकल व्यायाम और फिटनेस ट्रैकिंग ऐप्स बहुत ही लोकप्रिय हो रहे हैं। ये ऐप्स उपयोगकर्ताओं को उनके व्यायाम और डाइट प्लान को ट्रैक करने में मदद करते हैं। इन ऐप्स की मदद से उपयोगकर्ता अपने व्यायाम, खाने पीने की आदतें और नींद को ट्रैक कर सकते हैं।

व्यायाम ट्रैकिंग ऐप्स उपयोगकर्ताओं को उनके व्यायाम की समय, दूरी, कैलोरी आदि को ट्रैक करने में मदद करते हैं। ये ऐप्स उपयोगकर्ताओं को मोटिवेट करने में भी मदद करते हैं और अपने लक्ष्यों को प्राप्त करने में सहायक होते हैं।

फिटनेस ट्रैकिंग ऐप्स उपयोगकर्ताओं को उनके ड"
171,प्राचीन भारतीय विज्ञान और तकनीक,"प्राचीन भारत में विज्ञान और तकनीक का इतिहास बहुत प्राचीन है और यहाँ विकसित कई उपकरण और तकनीकी उत्पाद विश्व को दिए हैं। भारतीय गणित, खगोल शास्त्र, चिकित्सा विज्ञान और विज्ञान में भारत के महान योगदानों का उल्लेख किया गया है।

भारतीय गणित का इतिहास बहुत प्राचीन है और भारत ने शून्य की खोज और गणितीय विधियों में महत्वपूर्ण योगदान दिया है। भारतीय गणितज्ञ आर्यभट्ट, ब्राह्मगुप्त, भास्कराचार्य और माधवाचार्य ने गणित के क्षेत्र में महत्वपूर्ण काम किया।

भारतीय खगोल शास्त्र भी विश्व के लिए महत्वपूर्ण था।"
172,जीन थेरेपी की प्रगति,"जीन थेरेपी एक उत्कृष्ट तकनीक है जो गहरी रोगों के इलाज में महत्वपूर्ण योगदान दे रही है। यह तकनीक वैज्ञानिक अनुसंधान के अनुसार व्यक्तिगत जीनों में संशोधन करके रोगों का इलाज करने के लिए प्रयोग की जाती है। जीन थेरेपी के माध्यम से विशेष जीन को मानव शरीर में स्थापित किया जा सकता है जिससे रोग के कारण हो रही असामान्य प्रक्रियाएं संशोधित की जा सकती हैं।

जीन थेरेपी की प्रगति ने कई रोगों के इलाज में महत्वपूर्ण उन्नतियों की है। यह तकनीक कैंसर, जीर्ण रोग, जन्मजात रोग, अल्जाइमर और पारिस्थितिकी जैसी गंभीर बीमारियों क"
170,अंतरिक्ष अन्वेषण का इतिहास,"अंतरिक्ष अन्वेषण एक उच्चतम स्तर का तकनीकी और वैज्ञानिक क्षेत्र है जिसमें मानव का अंतरिक्ष में अन्वेषण, अध्ययन और गबन किया जाता है। इसका इतिहास बहुत पुराना है। विश्व के विभिन्न भागों से वैज्ञानिकों ने अंतरिक्ष का अध्ययन करने के लिए अनेक प्रयास किए हैं।

अंतरिक्ष अन्वेषण का इतिहास विश्व का पहला उपग्रह, सोवियत संघ की स्पुतनिक-1 के लॉन्च से शुरू होता है। इसके बाद वैज्ञानिकों ने अंतरिक्ष के अध्ययन के लिए अनेक उपग्रह लॉन्च किए जैसे कि अपोलो मिशन, वॉयेजर मिशन इत्यादि।

भारत ने भी अंतरिक्ष अन्वेषण में मह"
174,खेलों का विकास और उनका सामाजिक प्रभाव,"खेल हमारे समाज में एक महत्वपूर्ण भूमिका निभाते हैं। खेलों का विकास हमारे दिमाग, शारीरिक स्वास्थ्य, सामाजिक संबंध और आत्मविश्वास में सुधार करता है। खेल न केवल मनोरंजन का साधन है, बल्कि यह हमारे जीवन में सकारात्मक परिवर्तन भी ला सकता है।

खेल खेलने से हमारा दिमाग तेज होता है और हम नए चुनौतियों का सामना करने की क्षमता प्राप्त करते हैं। साथ ही, खेल हमारे शारीरिक स्वास्थ्य को भी बेहतर बनाते हैं और हमें स्वस्थ रहने में मदद करते हैं।

खेलों के माध्यम से हमारे समाज में टीमवर्क, सहयोग, नेतृत्व और सामाजिक योगदान की भावना विकसित होती ह"
173,भारतीय संस्कृति में त्योहारों का महत्व,"भारतीय संस्कृति में त्योहारों का विशेष महत्व है। ये त्योहार भारतीय समाज की विविधता, सामाजिक संबंधों और परंपराओं को जीवंत रखने में मदद करते हैं। इन त्योहारों के माध्यम से लोग एक-दूसरे के साथ जुड़ते हैं, खुशियों का आनंद बाँटते हैं और एक दूसरे के साथ प्यार और समरसता की भावना को स्थायी बनाते हैं।

भारतीय संस्कृति में विभिन्न धर्मों और परंपराओं के अनुसार अनेक प्रकार के त्योहार मनाए जाते हैं। जैसे दिवाली, होली, दुर्गा पूजा, दशहरा, रक्षाबंधन, ईद, गुरुपूर्णिमा आदि। इन त्योहारों के माध्यम से लोग अपनी संस्कृत"
175,विश्व की महान वास्तुकला,"वास्तुकला एक कला है जो मानव सभ्यता का अभिन्न हिस्सा है। वास्तुकला न केवल इमारतों की रचना करने का कार्य है, बल्कि इसका महत्व उन इमारतों की सुंदरता, शैली और स्थायित्व में भी है। विश्व की महान वास्तुकला कहीं भी देखी जा सकती है, चाहे वह पुरातात्विक मिस्र के पिरामिड्स हों या रोमन कोलोसियम।

भारत में भी वास्तुकला का मौलिक महत्व रहा है। हमारे देश में खजुराहो के मंदिर, ताजमहल, खुजराहो के खजुराहो के मंदिर, ताजमहल, खजुराहो के मंदिर, ताजमहल, खजुराहो के मंदिर, ताजमहल, खजुराहो के मंदिर, ताजमहल, खजुराहो के मंदिर, ताजमहल, खजुराह"
176,टेलीमेडिसिन का भविष्य,"टेलीमेडिसिन एक ऐसी तकनीक है जिसमें डिजिटल प्लेटफॉर्म के माध्यम से चिकित्सा सेवाएं प्रदान की जाती हैं। यह तकनीक विभिन्न साधनों जैसे वीडियो कॉल, ऑडियो कॉल, चैट, ईमेल आदि का उपयोग करके रोगियों को चिकित्सा सेवाएं प्राप्त करने की सुविधा प्रदान करती है।

टेलीमेडिसिन का भविष्य बहुत उज्जवल है। इसके माध्यम से लोग अपने घर से ही डॉक्टर से संपर्क कर सकेंगे और अपनी सेहत सम्बंधित समस्याओं का समाधान प्राप्त कर सकेंगे। खासकर ग्रामीण क्षेत्रों में जहाँ चिकित्सकों की कमी होती है, टेलीमेडिसिन बहुत उपयोगी साबित हो सकती है।

इसके साथ ह"
177,खेलों का विकास और उनका सामाजिक प्रभाव,"खेलों का विकास और उनका सामाजिक प्रभाव

खेलों का महत्व व्यक्तिगत विकास के साथ-साथ समाज में भी अहम भूमिका निभाता है। खेलों के खेलने से हमारे दिमाग की कार्यक्षमता बढ़ती है, हमारा शारीरिक स्वास्थ्य बना रहता है और हमारी मानसिक स्थिति में सुधार आता है।

खेलने से हम सामाजिक रूप से भी समृद्धि प्राप्त करते हैं। खेलों के माध्यम से हम साथी खिलाड़ियों के साथ टीम बनाने का मौका प्राप्त करते हैं जिससे हमारी सामरिक और सामाजिक योग्यता में सुधार होता है। इसके साथ हम अन्य खिलाड़ियों के साथ मिलकर रिश्ते बनाते हैं जो हमें समाज में समर्थ बनाते हैं।

ख"
178,खेलों का विकास और उनका सामाजिक प्रभाव,"खेलों का विकास और उनका सामाजिक प्रभाव

खेलों का विकास और सामाजिक प्रभाव एक प्राचीन और महत्वपूर्ण विषय है। खेलों का दिमागी, शारीरिक और आत्मिक विकास में महत्वपूर्ण योगदान होता है। खिलाड़ियों को टीम वर्क, साझा लक्ष्यों की प्राप्ति, सहनशीलता, सामरिक भावना, नेतृत्व, और टीम वर्क करने की क्षमता सिखाते हैं।

खेलों का खेलने से शारीरिक स्वास्थ्य सुधरता है। खेलने से हड्डियों, मांसपेशियों और दिल की क्षमता मजबूत होती है। इसके अलावा, खेलने से संयंत्र और संवेदनशीलता भी बढ़ती है।

सामाजिक दृष्टि से भी, खेलों का खेलना बहुत महत"
179,विश्व की महान वास्तुकला,"वास्तुकला एक विद्या है जो सदियों से मानव सभ्यता के लिए महत्वपूर्ण है। वास्तुकला के माध्यम से हम न केवल खूबसूरत इमारतें बनाते हैं, बल्कि उनमें जीवन की गुणवत्ता भी डालते हैं। विश्व की महान वास्तुकला उसकी सांस्कृतिक धरोहर को प्रकट करती है और उसके ऐतिहासिक और सांस्कृतिक महत्व को उजागर करती है।

प्राचीन यूनानी, रोमन, मिस्रियन, इस्लामी और भारतीय वास्तुकला महत्वपूर्ण मानी जाती हैं। इन सभी संस्कृतियों ने अपनी अद्वितीय वास्तुकला के माध्यम से ऐतिहासिक पुरातत्व को संजीवित किया है।

विश्व की महान वास्तुकला में ताजमहल, प"
180,खेलों का विकास और उनका सामाजिक प्रभाव,"खेलों का विकास और उनका सामाजिक प्रभाव
खेलों का खेलना हमारे जीवन में एक महत्वपूर्ण भूमिका निभाता है। खेलना हमें ताकत और स्वास्थ्य दोनों का आनंद देता है। खेलों के भीतर विभिन्न खेल जैसे क्रिकेट, फुटबॉल, बास्केटबॉल, टेनिस, बैडमिंटन, हॉकी आदि शामिल हैं।

खेलों का खेलना हमें शारीरिक और मानसिक रूप से स्वस्थ रखता है। यह हमें स्वस्थ रखने के साथ ही सामाजिक में भी मदद करता है। खेलों के माध्यम से हम टीम वर्क, सहयोग, नेतृत्व, समर्पण और परिश्रम की कला सीखते हैं।

साथ ही, खेलों का खेलना हमारी सामाजिक योग्यता को भी बढ़ा"
181,प्राचीन भारतीय विज्ञान और तकनीक,"प्राचीन भारतीय सभ्यता ने विज्ञान और तकनीक के क्षेत्र में भी अपना महत्वपूर्ण योगदान दिया है। भारतीय ऐतिहासिक ग्रंथों में विज्ञान और तकनीक के लिए अनेक सूक्तियाँ और विचार मिलते हैं जो आज भी महत्वपूर्ण हैं।

वेदों में गणित, खगोल और वास्तु विज्ञान के बारे में उल्लेख मिलता है। भारतीय गणितज्ञ आर्यभट्ट ने शून्य की खोज की और सूर्य और चंद्रमा की गति का आकलन किया। भारतीय वास्तुकला में गुरुत्वाकर्षण के सिद्धांत का प्रयोग किया गया और इसे अद्वितीय ढंग से व्यवस्थित किया गया।

भारतीय चिकित्सा पद्धतियों में भ"
182,विश्व की महान वास्तुकला,"वास्तुकला एक क्षेत्र है जो मानवीय समृद्धि और सांस्कृतिक विकास को प्रकट करता है। इसके तहत विभिन्न सामाजिक, आर्थिक, धार्मिक और सांस्कृतिक परिप्रेक्ष्य से निर्मित भवन, मंदिर, महल, स्मारक और अन्य स्थापनाएं शामिल हैं। वास्तुकला की एक विशेषता यह है कि यह न केवल भवन बनाने की कला है, बल्कि इसमें मानवता की भावनाएं, सोच और संस्कृति का परिचय भी है।

विश्व की महान वास्तुकला में भारत, यूरोप, एशिया, अफ्रीका और अमेरिका के संस्कृतियों का व्यापक संगम है। भारतीय वास्तुकला में खजुराहो, अजंता-एल्लोरा, ताजमहल, खुजराहो आदि उ"
183,प्राचीन भारतीय विज्ञान और तकनीक,"प्राचीन भारतीय सभ्यता में विज्ञान और तकनीक का महत्वपूर्ण स्थान रहा है। भारतीय इतिहास में कई ऐसे योगदानकर्ता थे जिन्होंने विज्ञान और तकनीक के क्षेत्र में महत्वपूर्ण अनुसंधान और अविष्कार किए हैं।

वेदों में गणित, ज्योतिष, वायु तंत्र, और अन्य विज्ञान शाखाओं की जानकारी मिलती है। भारतीय गणितकार आर्यभट्ट, ज्योतिष के विशेषज्ञ वराहमिहिर, और वायु तंत्र के प्रमुख अविष्कारक भास्कराचार्य जैसे वैज्ञानिकों ने अपने क्षेत्र में महान कार्य किए।

सांस्कृतिक धरोहर में अद्वितीय तकनीकी अविष्कार भी किए गए हैं। भारतीय"
184,खेलों का विकास और उनका सामाजिक प्रभाव,"खेलों का विकास और उनका सामाजिक प्रभाव

खेल एक महत्वपूर्ण गतिविधि है जो हमारे शारीरिक और मानसिक स्वास्थ्य के लिए अत्यंत आवश्यक है। खेलों का हमारे जीवन में बहुत महत्व है और इसका सीधा संबंध हमारे शारीरिक स्वास्थ्य से है। खेल न केवल हमारे शारीरिक स्वास्थ्य को सुधारता है बल्कि हमारे मानसिक स्वास्थ्य को भी मजबूत करता है। 

खेल में भाग लेने से हमें टीम वर्क, सहयोग, नेतृत्व, धैर्य और संघर्ष की क्षमता विकसित होती है। खेल एक अच्छा माध्यम होता है जिसके जरिए हम सामाजिक और मानसिक कौशल विकसित कर सकते हैं। 

खेलों का खेलना और सीखना"
185,टेलीमेडिसिन का भविष्य,"टेलीमेडिसिन एक विज्ञान जो स्वास्थ्य सेवाओं को दूरसंचार तकनीक का उपयोग करके प्रदान करता है। यह डिजिटल उपकरणों, संयुक्त राष्ट्र संयुक्त राष्ट्र और एंटरप्राइज सिस्टम्स को शामिल करता है। टेलीमेडिसिन के उपयोग से रोगी और चिकित्सक दोनों को बेहतर स्वास्थ्य सेवाएं प्राप्त करने में मदद मिलती है। 

टेलीमेडिसिन का भविष्य बहुत उज्जवल है। वर्चुअल कनेक्टिविटी की बढ़ती मांग और तकनीकी उन्नति के साथ, इसका प्रयोग स्वास्थ्य सेवाओं को पहुंचाने के लिए और भी आसान और सुगम बन रहा है। टेलीमेडिसिन के माध्यम से रोगी अपने घर से ही चिकित"
186,विश्व के आश्चर्यजनक प्राकृतिक स्थल,"पृथ्वी पर कई आश्चर्यजनक प्राकृतिक स्थल हैं जिनकी सुंदरता और अनूठापन हमें हरान कर देती है। इन स्थलों में जाकर हमें मानवीय संसाधनों की महत्वता और प्राकृतिक संतुलन के महत्व का अनुभव होता है।

एक ऐसा प्राकृतिक स्थल है नाईगरा जलप्रपात, जो अमेरिका और कनाडा की सीमा पर स्थित है। यह जलप्रपात विश्व का सबसे बड़ा जलप्रपात है और इसकी गिरती जलकी ध्वनि और भव्यता देखने लायक है।

दूसरा इंडोनेशिया का बाली द्वीप जो एक अद्वितीय और कार्यकारी पर्यटन स्थल है। इस द्वीप पर वन्यजीवन, सुंदर जल-जंगल और विशाल समुद्र का सामर्थ्य एक साथ"
187,खेलों का विकास और उनका सामाजिक प्रभाव,"खेलों का विकास और उनका सामाजिक प्रभाव

खेल मानव जीवन का महत्वपूर्ण हिस्सा है जो हमें शारीरिक, मानसिक और सामाजिक रूप से सुदृढ़ बनाता है। खेलों का विकास और उनका सामाजिक प्रभाव दोनों ही बहुत महत्वपूर्ण हैं।

खेल खेलने से हमारे शारीरिक और मानसिक स्वास्थ्य को बढ़ावा मिलता है। खेल खेलने से हमारी ताकत और सहनशीलता बढ़ती है, हमारा मानसिक तंदुरुस्त रहता है और हमें तनाव से राहत मिलती है। खेलों के माध्यम से हम अपने आपको स्वतंत्र महसूस करते हैं और अच्छी तरह से सामाजिक जीवन का आनंद लेते हैं।

खेलों का सामाजिक प्रभाव भी बहुत महत"
188,जीन थेरेपी की प्रगति,"जीन थेरेपी एक उत्कृष्ट तकनीक है जिसका उपयोग विभिन्न जन्मजात रोगों और जीवाणुओं से लड़ने में किया जाता है। यह एक प्रौद्योगिकी है जिसमें वैज्ञानिक तथाकथित जीनों का उपयोग किया जाता है जो व्यक्तिगत उपचार के लिए संशोधित किए जाते हैं। जीन थेरेपी का प्रमुख उद्देश्य रोग के कारणों को ठीक करना है ताकि रोग का संयंत्र स्थाई रूप से सुधार सके।

जीन थेरेपी की प्रगति में वैज्ञानिकों ने अनेक विजय प्राप्त की हैं। उन्होंने मानव जीवन को बचाने और उनके जीवन की गुणवत्ता को बढ़ाने के लिए नई दिशाएं खोजी हैं"
190,विश्व की महान वास्तुकला,"वास्तुकला एक ऐसा क्षेत्र है जिसने विश्वभर में अपनी अद्भुत और महानतम रचनाओं के लिए पहचान बनाई है। यह एक विशेष कला है जो मानव निर्मित स्थापत्य रचनाओं को सौंदर्य, स्थिरता और उच्चतम शैली में प्रस्तुत करती है। वास्तुकला के माध्यम से हम विभिन्न समयावधियों और संस्कृतियों के साथ जुड़े विभिन्न धार्मिक, सामाजिक और सांस्कृतिक पहलुओं का अध्ययन कर सकते हैं।

विश्व की महान वास्तुकला में कई प्रमुख शैलियां शामिल हैं जैसे गोथिक, रोमान, ग्रीक, इस्लामी, भारतीय, चीनी आदि। हर एक शैली अपने विशेष रूप और स्वाद के साथ उभरी है"
189,मानसिक स्वास्थ्य और टेक्नोलॉजी,"मानसिक स्वास्थ्य और टेक्नोलॉजी दोनों ही आधुनिक दुनिया में महत्वपूर्ण भूमिका निभाते हैं। टेक्नोलॉजी के विकास ने हमें नए उपकरणों और सेवाओं से लाभान्वित किया है, जो हमारे दिनचर्या को सुविधाजनक बनाने में मदद करता है। वहीं, मानसिक स्वास्थ्य का महत्व भी बढ़ गया है, क्योंकि जीवन की तानावपूर्ण दिनचर्या में यह बहुत जरूरी है।

टेक्नोलॉजी के उपयोग से मानसिक स्वास्थ्य को सुधारने के लिए कई तरीके हैं। मानसिक स्वास्थ्य ऐप्स और ऑनलाइन सेवाएं उपलब्ध हैं जो ध्यान, मानसिक शांति और स्वास्थ्यपूर्ण जीवन के लिए संबंधित स"
191,प्राचीन भारतीय विज्ञान और तकनीक,"प्राचीन भारत में विज्ञान और तकनीक का विकास अत्यंत महत्वपूर्ण था। भारतीय ऐतिहासिक ग्रंथों में विज्ञान और तकनीक के कई महत्वपूर्ण सिद्धांत और उपकरणों का वर्णन मिलता है। वे अपने काल में उन्नत सोच और विज्ञान के क्षेत्र में अपनी योगदान देने के लिए प्रसिद्ध थे।

वैदिक साहित्य में गणित, ज्योतिष, रसायन विज्ञान, भौतिकी, गणितीय तकनीक और अन्य विज्ञान क्षेत्रों का विस्तार से वर्णन है। भारतीय गणितक और खगोलविद्याओं ने अंकगणित, ज्योतिष, त्रिकोणमिति और शून्य की खोज की।

भारतीय वैज्ञानिक आर्यभट्ट ने गोलार्ध का"
192,पोषण और आहार में नई खोजें,"पोषण और आहार में नई खोजें एक महत्वपूर्ण क्षेत्र है जिसमें तकनीकी लेखकों की अहम भूमिका है। आधुनिक विज्ञान और प्रौद्योगिकी के साथ, नई खोजें भोजन उत्पादन और पोषण में क्रांति ला रही हैं।

एक प्रमुख क्षेत्र जिसमें नई खोजों का महत्व है, वह है जैव प्रौद्योगिकी और जेनेटिक इंजीनियरिंग। ये तकनीकें फसलों और जानवरों के पोषण मामले में महत्वपूर्ण भूमिका निभा रही हैं। उन्हें पोषण सामग्रियों को बेहतर और सुरक्षित बनाने में मदद मिल रही है।

एक और महत्वपूर्ण क्षेत्र है विटामिन और मिनरल्स उत्पादन। नई खोजें इन"
193,खेलों का विकास और उनका सामाजिक प्रभाव,"खेलों का विकास और उनका सामाजिक प्रभाव

खेल न केवल मनोरंजन के लिए महत्वपूर्ण है बल्कि यह हमारे शारीरिक, मानसिक और सामाजिक विकास के लिए भी अत्यंत महत्वपूर्ण है। खेल खिलाड़ी के जीवन में एक महत्वपूर्ण भूमिका निभाते हैं और उन्हें स्वस्थ और सक्रिय बनाए रखने में मदद करते हैं। 

खेलों का विकास शारीरिक स्तर पर होता है जिससे हमारी शारीरिक क्षमताएं मजबूत होती हैं। खेल न केवल हमें ताकत और सहनशीलता प्रदान करते हैं बल्कि हमारी शारीरिक क्षमताओं को भी विकसित करते हैं। साथ ही खेल हमारे मानसिक स्तर पर भी प्रभाव डालते हैं और हमें स्वस्थ मानसिक"
194,अंतरिक्ष अन्वेषण का इतिहास,"अंतरिक्ष अन्वेषण एक विज्ञान शाखा है जिसमें भूकक्षीय या बाह्य जगत की अध्ययन किया जाता है। इसका इतिहास बेहद रोचक है और इसमें कई महत्वपूर्ण घटनाएं शामिल हैं।

अंतरिक्ष अन्वेषण का इतिहास विश्व की प्राचीनतम रहस्यों में से एक है। वेदों में भी अंतरिक्ष की उल्लेखनीय जानकारी मिलती है। ग्रीक दार्शनिक अरिस्टार्कस ने अंतरिक्ष के विषय में अपने सिद्धांत प्रस्तुत किए।

आधुनिक अंतरिक्ष अन्वेषण का आरम्भ 20वीं सदी में हुआ जब अमेरिका ने अपनी पहली उपग्रह, एक्सप्लोरर-1 को 1958 में लॉन्च किया। इसके बाद से अंतरिक्ष अन्वेष"
195,व्यायाम और फिटनेस ट्रैकिंग ऐप्स,"आजकल व्यायाम और फिटनेस का ध्यान रखना हर किसी के लिए महत्वपूर्ण हो गया है। जिम जाने से लेकर होम वर्कआउट तक, लोग अपने स्वास्थ्य का ध्यान रखने के लिए कई तरह के व्यायाम कर रहे हैं। इसमें व्यायाम और फिटनेस ट्रैकिंग ऐप्स का महत्वपूर्ण योगदान है।

ये ऐप्स आपको व्यायाम की शेड्यूल, कैलोरी ट्रैकिंग, वजन प्रबंधन, उत्साह बढ़ाने के टिप्स, रिमाइंडर और अन्य महत्वपूर्ण सुविधाएं प्रदान करते हैं। इन ऐप्स की मदद से आप अपने प्रगति को ट्रैक कर सकते हैं और स्वस्थ रहने के लिए सहायता प्राप्त कर सकते हैं।

कुछ लोकप्रिय व्यायाम"
197,टेलीमेडिसिन का भविष्य,"टेलीमेडिसिन एक तकनीकी उपकरण है जो दूरस्थ रूप से स्वास्थ्य सेवाएं प्रदान करने में मदद करता है। यह डिजिटल संचार के माध्यम से चिकित्सा सलाह और उपचार प्रदान करता है। टेलीमेडिसिन की महत्वपूर्ण भूमिका है विभिन्न क्षेत्रों में स्वास्थ्य सेवाओं की पहुंच को बढ़ाने में।

टेलीमेडिसिन का भविष्य बहुत उज्जवल है। इसके उपयोग से रोगियों को अच्छी और सस्ती स्वास्थ्य सेवाएं मिल सकती हैं। विशेषज्ञ चिकित्सा सलाहकारों के साथ संपर्क स्थापित करने के लिए टेलीमेडिसिन अवसर प्रदान करता है, जो दूरस्थ स्थानों में रहने वाले लोगों के लिए विशेष"
196,व्यायाम और फिटनेस ट्रैकिंग ऐप्स,"व्यायाम और फिटनेस ट्रैकिंग ऐप्स आजकल लोगों के लाइफस्टाइल का महत्वपूर्ण हिस्सा बन गए हैं। ये ऐप्स उपयोगकर्ताओं को नियमित व्यायाम करने, आहार का ध्यान रखने और स्वस्थ जीवनशैली के लिए जरूरी जानकारी प्रदान करते हैं।

ये ऐप्स आपको आपके व्यायाम सत्र को ट्रैक करने में मदद करते हैं, उचित डाइट योजना बनाने में सहायक होते हैं, और आपकी प्रगति को मॉनिटर करने में सहायक होते हैं। कुछ ऐप्स आपके व्यायाम की जानकारी जैसे कि कैलोरी जलना, दौड़ने की दूरी, वेट लिफ्टिंग प्रशिक्षण आदि को ट्रैक करने में मदद करते हैं।

कुछ प्रमु"
199,प्राचीन भारतीय विज्ञान और तकनीक,"प्राचीन भारतीय सभ्यता विज्ञान और तकनीक में भी अपने योगदान के लिए प्रसिद्ध है। भारतीय इतिहास में विज्ञान का महत्वपूर्ण स्थान रहा है और विभिन्न क्षेत्रों में भारतीय वैज्ञानिकों ने अपनी महत्वपूर्ण योगदान दिया है।

भारतीय गणितज्ञ आर्यभट्ट ने गणित में अपनी विशेष पहचान बनाई। उन्होंने ज्योतिष और गणित क्षेत्र में कई सिद्धांत और सूत्र प्रस्तुत किए। उन्होंने सूर्य और चन्द्रमा की गति को निर्धारित करने में भी महत्वपूर्ण योगदान दिया।

भारतीय वैज्ञानिक चरक ने आयुर्वेद का विकास किया और उसे आज भी एक प्रमुख चिक"
198,व्यायाम और फिटनेस ट्रैकिंग ऐप्स,"व्यायाम और फिटनेस ट्रैकिंग ऐप्स आजकल लोगों के जीवन में एक महत्वपूर्ण भूमिका निभा रहे हैं। ये ऐप्स लोगों को उनके स्वास्थ्य और फिटनेस लक्ष्यों को प्राप्त करने में मदद करते हैं। इन ऐप्स की मदद से आप अपने व्यायाम सत्र, भोजन, नींद और अन्य स्वास्थ्य संबंधित जानकारियों को ट्रैक कर सकते हैं।

ये ऐप्स आपके लिए व्यायाम योजना तैयार करने में भी मददगार साबित हो सकते हैं। आप इन ऐप्स के माध्यम से अपने पूरे दिन की गतिविधियों को ट्रैक कर सकते हैं और अपने खुद के लक्ष्यों की दिशा में अग्रसर हो सकते हैं।

कुछ ऐप्स आपके लिए व्य"
201,अंतरिक्ष अन्वेषण का इतिहास,"अंतरिक्ष अन्वेषण एक रोमांचक और महत्वपूर्ण क्षेत्र है जिसका इतिहास बहुत पुराना है। इसका आरंभ इंसान के निरंतर उत्कृष्टता की खोज के साथ हुआ। 1940 के दशक में दूसरे विश्वयुद्ध के बाद, अंतरिक्ष अनुसंधान की शुरुआत हुई। इस युद्ध के दौरान, नाजी जर्मनी के वैज्ञानिकों ने रॉकेट और उसके उपयोग के लिए अनुसंधान किया। 

इसके बाद, 1957 में सोवियत संघ ने दुनिया के पहले उपग्रह, स्पुतनिक-1 को लॉन्च किया। इसके बाद से ही अंतरिक्ष अनुसंधान में तेजी आई और दूसरे देश भी इसमें शामिल हो गए। 1969 में अमेरिका ने अपोलो-11 मिशन के"
202,विश्व के आश्चर्यजनक प्राकृतिक स्थल,"विश्व भर में कई आश्चर्यजनक प्राकृतिक स्थल हैं जो अपनी अद्भुतता और सुंदरता के लिए प्रसिद्ध हैं। ये स्थल अपनी अद्वितीयता और प्राकृतिक सौंदर्य के लिए पर्यटकों की ध्यान आकर्षित करते हैं।

एक ऐसा प्राकृतिक स्थल है मॉरेनो ग्लेशियर नेशनल पार्क, जो अमेरिका के मोंटाना राज्य में स्थित है। यहाँ पर विशाल पर्वतीय चोटियों, नीले ग्लेशियर, आकर्षक झीलें और वन्यजीवों से भरी जंगली क्षेत्र है। यहाँ की सुंदरता और शांति आपको अद्वितीय अनुभव प्रदान करती है।

दूसरी ओर, नॉर्वे में लोफोटन द्वीप समूह भी अत्यधिक आकर्षक है।"
200,विश्व के आश्चर्यजनक प्राकृतिक स्थल,"विश्व में कई ऐसे प्राकृतिक स्थल हैं जो अपनी अनूठी सुंदरता और चमत्कार से माना जाता है। ये स्थल वास्तव में प्रकृति की अद्भुतता और शक्ति को दर्शाते हैं।

एक ऐसा प्रमुख स्थल है ग्रैंड कैनयन, जो कनाडा में स्थित है। यह एक गहरे नाले की तरह है जो लंबी दूरी तक फैला हुआ है और इसकी ऊँचाई और गहराई देखने वालों को आश्चर्यचकित कर देती है।

माउंट एवरेस्ट, नेपाल और चीन की सीमा पर स्थित एक और शानदार स्थल है। यह दुनिया का सबसे ऊँचा पर्वत है और अपनी विशालता और मानवता के लिए चुनौतीपूर्णता के लिए प्रसिद्ध है।

ओरोरा बोर"
203,अंतरिक्ष अन्वेषण का इतिहास,"अंतरिक्ष अन्वेषण एक विज्ञान और अनुसंधान क्षेत्र है जिसका इतिहास बहुत ही रोमांचक और उत्कृष्ट है। इसकी शुरुआत इंसान की प्राचीन कल्पनाओं से होती है, जब वह स्वर्ग और चंद्रमा की ओर कुछ अद्भुत गतिविधियों की खोज करने के लिए प्रयासरत रहा।

मानव इतिहास की दृष्टि से, पहला अंतरिक्ष यात्री सोवियत संघ के लोकांतरिक्ष यान 'स्पुतनिक-1' था, जो 4 अक्टूबर 1957 को लॉन्च किया गया था। इसके बाद अमेरिका ने अपनी 'अपोलो' मिशनों के माध्यम से चंद्रमा पर मानवता के पहले कदम रखा।

अंतरिक्ष अन्वेषण का इतिहास आज भी तेजी से बढ़ रहा है।"
204,टेलीमेडिसिन का भविष्य,"टेलीमेडिसिन एक तकनीकी उपाय है जिसके माध्यम से चिकित्सा सेवाएं दी जा सकती हैं, बिना व्यक्ति के और डॉक्टर के बीच व्यक्तिगत मुलाकात के। यह तकनीक हमें जीवन की स्थिति, समस्याओं और इलाज के लिए सलाह देने में मदद करती है। 

टेलीमेडिसिन का भविष्य बहुत उज्जवल है। इसके माध्यम से लोग अपने घर से ही डॉक्टर से बात कर सकेंगे, रिमोट एक्सपर्ट एडवाइस के माध्यम से उचित इलाज प्राप्त कर सकेंगे और अस्पताल में भी इसका उपयोग हो सकेगा। 

टेलीमेडिसिन का उपयोग ग्रामीण क्षेत्रों, विपरीत समुदायों और उच्च आबादी वाले क्षेत्रों में भी किया जा सक"
206,व्यायाम और फिटनेस ट्रैकिंग ऐप्स,"विज्ञान और प्रौद्योगिकी के इस युग में, व्यक्तिगत स्वास्थ्य और फिटनेस को ट्रैक करने के लिए विभिन्न मोबाइल एप्लिकेशन उपलब्ध हैं। ये ऐप्स आपको आपकी शारीरिक गतिविधियों, भोजन, नींद, ऊर्जा स्तर और अन्य स्वास्थ्य संकेतों का ट्रैक करने में मदद करते हैं।

व्यायाम और फिटनेस ट्रैकिंग ऐप्स आपको आपके व्यायाम सत्र, दौड़, साइकिलिंग और योग को ट्रैक करने में मदद करते हैं। इन ऐप्स के जरिए आप अपनी कड़ी मेहनत और प्रगति को ट्रैक कर सकते हैं, जिससे आपको मोटिवेट करने में मदद मिलती है।

कुछ ऐप्स आपको आपके भोजन की गुणवत्ता को ट"
207,अंतरिक्ष अन्वेषण का इतिहास,"अंतरिक्ष अन्वेषण एक उच्चतम स्तर का तकनीकी क्षेत्र है जिसमें वैज्ञानिक तथा इंजीनियरिंग दोनों के संयमित समन्वय से अंतरिक्ष में अनुसंधान किया जाता है। अंतरिक्ष अन्वेषण का इतिहास व्यापक और रोमांचक है।

अंतरिक्ष अन्वेषण की शुरुआत अंतरिक्ष से संबंधित विज्ञान तथा तकनीक के विकास के साथ हुआ। यूरोपीय यात्रियों ने अंतरिक्ष के स्वर्गीय रहस्यों की खोज की। 20वीं सदी में अंतरिक्ष अन्वेषण की शुरुआत हुई और विभिन्न राष्ट्रों ने अंतरिक्ष में अपनी पहचान बनाने के लिए दिन-प्रतिदिन प्रयास किए।

1961 में यूरी गागरिन ने पहली"
208,टेलीमेडिसिन का भविष्य,"टेलीमेडिसिन एक तकनीकी उन्नति है जिसमें डिजिटल तकनीक का उपयोग करके दूरस्थ रूप से चिकित्सा सेवाएं प्रदान की जाती हैं। यह तकनीक चिकित्सा, डायाग्नोस्टिक्स, उपचार और स्वास्थ्य सेवाओं को सुविधाजनक और पहुँचने वाले बनाने में मदद करती है।

टेलीमेडिसिन का भविष्य बहुत उज्ज्वल और सुविधाजनक है। इसके कई अहम लाभ हैं, जैसे कि डॉक्टर्स और रोगी दोनों के लिए समय और यातायात की बचत होती है। इसके माध्यम से रोगी घर से ही अपना इलाज करवा सकते हैं और डॉक्टर से सीधे सलाह ले सकते हैं।

टेलीमेडिसिन के उपयोग से रूरल इलाकों में"
209,विश्व के आश्चर्यजनक प्राकृतिक स्थल,"पृथ्वी पर हमें अनेक ऐसे आश्चर्यजनक प्राकृतिक स्थल मिलते हैं जो हमें अपनी अद्भुतता और सुंदरता से प्रभावित कर देते हैं। ये स्थल विभिन्न प्राकृतिक प्रक्रियाओं और मानवीय इतिहास के प्रभावों का परिणाम होते हैं।

एक ऐसा प्राकृतिक स्थल है माउंट एवरेस्ट, जो दुनिया का सबसे ऊँचा पर्वत है। इसकी ऊँचाई औसतन ८,८४८ मीटर है और यह हिमालय पर्वत श्रेणी में स्थित है। इसे दुनिया की छह अंतर्राष्ट्रीय सीमाओं से चूँकर गुजरते हुए चढ़ा जा सकता है।

एक और आश्चर्यजनक स्थल है ग्रैंड कैन्यन, जो अमेरिका में स्थित है। यह विश्व का सबसे"
205,जीन थेरेपी की प्रगति,"जीन थेरेपी एक उत्कृष्ट तकनीक है जिसका उपयोग विभिन्न रोगों के इलाज में किया जाता है। यह तकनीक रोगी के अविकसित जीन को संशोधित करने और उसे पुनः स्वस्थ बनाने के लिए किया जाता है। जीन थेरेपी का उद्देश्य रोगी के जीनों में परिवर्तन करके उन्हें रोग से मुक्त करना है।

जीन थेरेपी की प्रगति में आजकल बहुत ही तेजी से विकास हो रहा है। इस तकनीक की मदद से कैंसर, अल्जाइमर, मधुमेह जैसी गंभीर बीमारियों के इलाज में महत्वपूर्ण कदम बढ़ाए जा रहे हैं।

जीन थेरेपी की सबसे बड़ी प्रगति में से एक यह है कि अब इसे अधिक सस्ते बनान"
210,खेलों का विकास और उनका सामाजिक प्रभाव,"खेलों का विकास और उनका सामाजिक प्रभाव

खेल एक महत्वपूर्ण गतिविधि है जो हमारे शारीरिक, मानसिक और सामाजिक विकास में महत्वपूर्ण भूमिका निभाती है। खेलने से हमारी शारीरिक क्षमता और स्वास्थ्य सुधरता है। खेल करने से हमारी मानसिक चुस्ती बढ़ती है और हमें स्वयं को सामर्थ्य महसूस करने में मदद मिलती है।

खेलों का सामाजिक प्रभाव भी अत्यंत महत्वपूर्ण है। खेल में साझा भाग लेने से हमें समर्थन, सहयोग, टीमवर्क और नेतृत्व की कौशल का अभ्यास होता है। यह हमें सामाजिक विचारधारा, समरसता और सामंजस्य व्यवहार सीखने में मदद करता है।

खेल हम"
211,भारतीय संस्कृति में त्योहारों का महत्व,"भारतीय संस्कृति में त्योहारों का अत्यधिक महत्व है। भारतीय समाज और संस्कृति में त्योहारों का महत्व विशेष रूप से उत्सव, सामाजिक एकता और परंपरागत संबंधों को मजबूत करने में होता है। ये त्योहार भारतीय जीवन में रंग भरते हैं और जीवन को खुशी और उत्साह से भर देते हैं। 

भारतीय संस्कृति में बहुत से त्योहार मनाए जाते हैं जैसे दिवाली, होली, दशहरा, नवरात्रि, रक्षाबंधन, गणेश चतुर्थी, ईद, बैसाकी आदि। ये त्योहार न केवल धार्मिक महत्व रखते हैं बल्कि सामाजिक और सांस्कृतिक महत्व भी रखते हैं। 

इन त्योहारों के माध्य"
213,जीन थेरेपी की प्रगति,"जीन थेरेपी एक विज्ञान की तकनीक है जिसमें विशेष जीनों को मानव रोगों के इलाज में उपयोग किया जाता है। यह एक उत्कृष्ट चिकित्सा उपाय है जिसमें अद्भुत प्रगति हुई है। इस तकनीक के माध्यम से वैज्ञानिक जीनों को संशोधित कर सकते हैं और इन्हें रोगों के इलाज में उपयोगी बना सकते हैं।

जीन थेरेपी के माध्यम से कई जीनियां डिजाइन की गई हैं जो विभिन्न जीवाणुओं, रोगों और खराबियों के इलाज में सहायक साबित हो रही हैं। इस तकनीक का उपयोग कैंसर, डायबिटीज, मस्तिष्क के रोग, अल्जाइमर, उच्च रक्तचाप, मोटापा आदि जैसी बड़ी"
212,अंतरिक्ष अन्वेषण का इतिहास,"अंतरिक्ष अन्वेषण एक विज्ञान और तकनीक क्षेत्र है जिसमें अंतरिक्ष के उपग्रहों, तारों, ग्रहों और अन्य संबंधित वस्तुओं की अध्ययन किया जाता है। अंतरिक्ष अन्वेषण का इतिहास बहुत प्राचीन है और यह प्राचीन समय से ही मानवों की रुचि का विषय रहा है।

इतिहास की शुरुआत में सूर्य, चंद्रमा और अन्य ग्रहों के चक्कर और उनके गति का अध्ययन किया जाता था। वैदिक साहित्य में भी अंतरिक्ष की जानकारी मिलती है। यूरोप में रेनेसांस काल में गैलिलियो, कोपरनिकस और जोहान्नेस केप्लर ने अंतरिक्ष के अध्ययन में महत्वपूर्ण योगदान दिया।

20वीं स"
214,विश्व की महान वास्तुकला,"वास्तुकला का इतिहास बहुत प्राचीन है और विश्व के विभिन्न कोनों में इसके अद्वितीय रूपों को देखा जा सकता है। विश्व की महान वास्तुकला का अद्भुत उदाहरण हैं प्योरामिड्स, ताजमहल, मैचू पिचू और कोलोसियम।

मिस्र के प्योरामिड्स एक अद्वितीय वास्तुकला का उदाहरण हैं जिन्हें अंधेरी रात में भी दिखाई देते हैं। इनके बनावट में उच्च गुणवत्ता और निर्माण कला का प्रदर्शन होता है। वहाँ की विशाल आकृति और गणनीय तकनीकी कौशल वास्तुकला का अद्वितीय उदाहरण है।

ताजमहल, भारत की एक अन्य महान वास्तुकला की उदाहरण है जिसे मुग़"
215,जीन थेरेपी की प्रगति,"जीन थेरेपी एक उत्कृष्ट तकनीक है जिसमें वैज्ञानिक तथ्यों का उपयोग करके विभिन्न रोगों और गलतीयों को ठीक करने के लिए व्यक्तिगत जीनों में परिवर्तन किया जाता है। यह एक उत्कृष्ट उपचार विधि है जो जीवन की गुणवत्ता को सुधार सकती है और बीमारियों का इलाज कर सकती है।

जीन थेरेपी की प्रगति ने मेडिकल विज्ञान में क्रांति ला दी है। इस तकनीक का उपयोग विभिन्न रोगों जैसे कि कैंसर, डायबिटीज, मस्सों, एडिसन रोग, मानसिक रोग आदि के इलाज में किया जा रहा है। यह हमें रोग के कारणों को समझने और इसका समाधान ढूंढने में मदद क"
216,प्राचीन भारतीय विज्ञान और तकनीक,"प्राचीन भारतीय सभ्यता ने विज्ञान और तकनीक के क्षेत्र में अनेक महत्वपूर्ण योगदान दिये हैं। भारतीय ऐतिहासिक ग्रंथों और शास्त्रों में विज्ञान और तकनीक से जुड़ी बहुत सारी जानकारी मौजूद है।

प्राचीन भारतीय गणित, ज्योतिष, वास्तुशास्त्र, और योग जैसे क्षेत्रों में विशेषज्ञता हासिल की गई थी। भारतीय गणितज्ञ आर्यभट्ट ने शून्य की खोज की थी और वह भारतीय गणित के लिए किए गए सर्वोत्तम योगदानों में से एक माने जाते हैं। भारतीय ज्योतिष विज्ञान ने ग्रहों और नक्षत्रों की गति का अध्ययन किया और भविष्य की पूर्वानु"
217,भारतीय संस्कृति में त्योहारों का महत्व,"भारतीय संस्कृति में त्योहारों का विशेष महत्व है। ये त्योहार हमारे समाज की सांस्कृतिक और आध्यात्मिक धरोहर को दर्शाते हैं और लोगों को एक साथ लाने में मदद करते हैं। भारतीय त्योहार वर्षभर विभिन्न धर्मों, समुदायों और क्षेत्रों में मनाये जाते हैं और इन्हें खुशी और एकता के जश्न के रूप में देखा जाता है।

भारतीय संस्कृति में त्योहारों का महत्व इसलिए है क्योंकि इनके माध्यम से लोग अपने परंपरागत मूल्यों और नैतिकता को बनाए रखते हैं। त्योहारों के दौरान लोग आपस में मिलकर खुश होते हैं और एक-दूसरे के साथ प्यार और समर्पण की"
218,जीन थेरेपी की प्रगति,"जीन थेरेपी एक उत्कृष्ट तकनीक है जिसे इस्तेमाल करके विभिन्न जीवाणुरूपी रोगों के इलाज में मदद मिल सकती है। यह प्रक्रिया व्यक्तिगत और विशिष्ट जीनों को संशोधित करके रोग के कारण उत्पन्न होने वाली समस्याओं का समाधान करने का तरीका है।

जीन थेरेपी की विकास के साथ-साथ इसकी प्रगति भी लगातार हो रही है। इस तकनीक का उपयोग कैंसर, गंभीर अंगारों के इलाज, उत्तेजक अवसाद, डायबिटीज, अल्जाइमर, पार्किंसन जैसी बीमारियों के इलाज में किया जा रहा है।

जीन थेरेपी के जरिए इलाज की प्रक्रिया मुख्य रूप से तीन चरणों में सम्पन्न होती है - पहल"
219,जीन थेरेपी की प्रगति,"जीन थेरेपी एक उन्नत तकनीक है जिसका उपयोग विभिन्न रोगों और विकारों के इलाज में किया जाता है। इस तकनीक में, वैज्ञानिक जीनों को संशोधित करके वे रोगों के इलाज में उपयोगी बनाए जा सकते हैं। जीन थेरेपी का उद्देश्य रोग के कारण बने जेनेटिक विकारों को संशोधित करना है जिससे रोगी को उनकी समस्या से छुटकारा मिल सके।

जीन थेरेपी की प्रगति में कई महत्वपूर्ण अवश्यकताएं और उन्नतियां हुई हैं। प्रारंभिक चरण में जीन थेरेपी केवल गंभीर जेनेटिक विकारों के इलाज के लिए प्रयोग किया जाता था, लेकिन अब इसका विस्तार हो गया है और"
220,खेलों का विकास और उनका सामाजिक प्रभाव,"खेलों का विकास और उनका सामाजिक प्रभाव

खेल एक महत्वपूर्ण गतिविधि है जो हमारे दिनचर्या का महत्वपूर्ण हिस्सा है। खेल न केवल हमारे शारीरिक स्वास्थ्य को बेहतर बनाते हैं, बल्कि हमें मानसिक रूप से मजबूत और सकुशल बनाते हैं। खेलों का सामाजिक प्रभाव भी काफी महत्वपूर्ण होता है।

खेल खिलाड़ियों को सामाजिक जीवन में महत्वपूर्ण कौशल सिखाते हैं। वे टीम वर्क, सहयोग, और नेतृत्व के महत्व को समझते हैं और इन्हें अपने जीवन में उतारने के लिए तैयार होते हैं। खेल से खिलाड़ियों की सामाजिक योग्यता भी विकसित होती है जो उन्हें समाज म"
221,जीन थेरेपी की प्रगति,"जीन थेरेपी एक उत्कृष्ट तकनीक है जिसका उद्देश्य व्यक्तिगत स्वास्थ्य सेवाओं को सुधारना है। यह तकनीक मानव जीनों का उपयोग करती है ताकि विभिन्न रोगों और विकारों के उपचार में मदद कर सके। जीन थेरेपी के उद्देश्य से एक व्यक्ति के जीनों में परिवर्तन करके उनके स्वास्थ्य को सुधारना है।

जीन थेरेपी में वैज्ञानिक और तकनीकी प्रगति काफी उच्च स्तर पर है। इस तकनीक के विकास से विभिन्न जीन और जीन श्रृंखलाएं पहचानी जा रही हैं, जिनका उपयोग विभिन्न रोगों के उपचार में किया जा सकता है। जीन थेरेपी के माध्यम से कैंसर, जन्म से होने"
222,प्राचीन भारतीय विज्ञान और तकनीक,"प्राचीन भारतीय सभ्यता ने विज्ञान और तकनीक के क्षेत्र में भी अपना महत्वपूर्ण योगदान दिया है। भारतीय इतिहास में अनेक ऐसे वैज्ञानिक और तकनीकी उत्कृष्टताएं हैं जो आज भी हमारे लिए अद्वितीय हैं।

एक उदाहरण के रूप में, भारतीय गणितज्ञ आर्यभट्ट ने गणित और खगोलशास्त्र में अपनी अद्भुत योगदान दिया। उन्होंने सूर्य और चंद्रमा के उच्चतम बिंदु की गणना की थी, जिससे ध्रुवीय परिवर्तन की गणना संभव हुई। इसके अलावा, आर्यभट्ट ने ज्योतिष के क्षेत्र में भी अपनी अद्वितीय योगदान दिया था।

भारतीय चिक"
223,अंतरिक्ष अन्वेषण का इतिहास,"अंतरिक्ष अन्वेषण एक तकनीकी और वैज्ञानिक क्षेत्र है जिसमें अंतरिक्ष के विभिन्न पहलुओं का अध्ययन किया जाता है। यह क्षेत्र इतिहास से भरा हुआ है और इसमें कई महत्वपूर्ण घटनाएं शामिल हैं।

अंतरिक्ष अन्वेषण का इतिहास लगभग 20वीं सदी से शुरू होता है, जब सैटेलाइट्स के जरिए अंतरिक्ष में जानकारी प्राप्त करने की प्रक्रिया आरंभ हुई। 1957 में सोवियत संघ ने पहला सैटेलाइट, स्पुतनिक-1, का प्रक्षेप किया था जो अंतरिक्ष अन्वेषण की नई युग की शुरुआत करता है। इसके बाद विभिन्न देशों ने अंतरिक्ष अन्वेषण में योगदान देना शुरू"
224,टेलीमेडिसिन का भविष्य,"टेलीमेडिसिन वह तकनीक है जिसके माध्यम से चिकित्सा सेवाएं दूरस्थ स्थानों से उपलब्ध की जा सकती हैं। यह डिजिटल संचार और तकनीकी उपकरणों का उपयोग करके स्वास्थ्य सेवाओं को पहुंचाने में मदद करता है।

टेलीमेडिसिन का भविष्य बहुत उज्ज्वल है। इसके माध्यम से लोग दूरस्थ इलाकों में भी उच्च गुणवत्ता की चिकित्सा सेवाएं प्राप्त कर सकेंगे। यह विशेषकर उन लोगों के लिए फायदेमंद होगा जो गांवों या असुरक्षित क्षेत्रों में रहते हैं जहां चिकित्सा सुविधाएं कम हैं।

टेलीमेडिसिन न केवल रोगी की सेवा में सुधार करेगा बल्कि डॉक्टरों के ल"
225,विश्व की महान वास्तुकला,"वास्तुकला एक विशेष कला है जो मानव सभ्यता के प्रमुख अंगों में से एक है। वास्तुकला न केवल इमारतों की रचना में महानता को प्रकट करती है, बल्कि समाज, संस्कृति और ऐतिहासिक परंपराओं को भी दर्शाती है। 

विश्व की महान वास्तुकला में प्रमुख शहरों में शामिल हैं जैसे कि रोम, ग्रीक, एग्यप्ट, इंडस घाटी, चीन, इस्लामिक, बारोक, गोथिक, रेनैसांस आदि। इन शैलियों ने वास्तुकला की महानता को अद्वितीयता और शैली के साथ प्रस्तुत किया है। 

रोमन वास्तुकला की महानता में कोलोसीयम, अंफी थिएटर, और पान्थेओन जैसी इमारतें उच्च कार्यक्षमता और सुंदर"
226,विश्व के आश्चर्यजनक प्राकृतिक स्थल,"विश्व भर में अनगिनत प्राकृतिक स्थल हैं जो अपनी अद्वितीयता और सुंदरता के लिए प्रसिद्ध हैं। ये स्थल विभिन्न प्राकृतिक प्रकारों जैसे पहाड़ी, जंगल, झील, खाड़ी आदि में पाए जाते हैं।

दुनिया के विभिन्न आश्चर्यजनक प्राकृतिक स्थलों में मशहूर होंडुरस के कोपान जलप्रपात, जापान की माउंट फुजी, न्यूजीलैंड की ग्लोवर टांगारो, इताली का टस्कना और नॉर्वे की फ्ज़ज़रलैंड काउंटी शामिल हैं। इन स्थलों की सुंदरता, प्राकृतिक विविधता और ऐतिहासिक महत्व इन्हें विश्व के सर्वोत्तम प्राकृतिक स्थलों में गिनाता है।

कोपान जलप्रपात को म"
227,खेलों का विकास और उनका सामाजिक प्रभाव,"खेलों का विकास और उनका सामाजिक प्रभाव

खेलों का खेलना मानव सभ्यता के विकास में महत्वपूर्ण भूमिका निभाता आ रहा है। खेल सिर्फ मनोरंजन नहीं है, बल्कि यह दिमाग का विकास करता है, स्वास्थ्य को बढ़ावा देता है और साथ ही सामाजिक संबंधों को मजबूत करता है। 

खेल करने से शारीरिक क्षमता, टीम वर्क, नेतृत्व और सहनशीलता जैसी कई महत्वपूर्ण गुणों का विकास होता है। खेल में प्रतिस्पर्धा और सहयोग दोनों होते हैं, जो व्यक्ति को जीवन में सफलता प्राप्त करने के लिए तैयार करता है।

खेलों का सामाजिक प्रभाव भी अद्वितीय है। खेल सामाजिक ताल"
228,जीन थेरेपी की प्रगति,"जीन थेरेपी एक उत्कृष्ट और रोमांचक क्षेत्र है जिसमें वैज्ञानिकों ने मानव स्वास्थ्य में महत्वपूर्ण परिवर्तन लाने के लिए उदार उम्मीदें जताई हैं। जीन थेरेपी का उद्देश्य व्यक्तियों के जीनों में विकार को संशोधित करना है ताकि वे गुणों के प्रकार या स्वास्थ्य सम्बन्धी समस्याओं से मुक्त हो सकें।

जीन थेरेपी की प्रगति में कई महत्वपूर्ण विकास हुए हैं। पहले, इस तकनीक का उपयोग एक अवशेष होता था, लेकिन अब यह व्यापक रूप से प्रयोग किया जा रहा है। जीन थेरेपी के जरिए सिक्किमियों, कैंसर, मधुमेह और अन्य गंभीर रोगों के इलाज की स"
230,विश्व की महान वास्तुकला,"वास्तुकला एक ऐसा क्षेत्र है जो मानव सभ्यताओं की सांस्कृतिक एवं ऐतिहासिक विकास को दर्शाता है। इसका प्रभाव समाज, धर्म, राजनीति, आर्थिक प्रगति और विचारशीलता पर होता है। वास्तुकला विभिन्न युगों और समय-संदर्भों में विकसित हुई है और विभिन्न भौगोलिक क्षेत्रों की विविधता को दर्शाती है।

विश्व की महान वास्तुकला कई भागों में विभाजित हो सकती है, जैसे प्राचीन ग्रीक, रोमन, इस्लामी, भारतीय, चीनी, जापानी, इज्टर्न और वेस्टर्न आदि। प्राचीन ग्रीक और रोमन वास्तुकला का प्रमुख लक्षण उनकी सुंदरता, समर्थन और ग्रेको-रोमन शैली में स"
231,विश्व की महान वास्तुकला,"विश्व की महान वास्तुकला ने हमें अपनी सुंदरता और महत्वपूर्ण सांस्कृतिक महत्वता के साथ प्रभावित किया है। वास्तुकला का महत्व इस बात में है कि यह हमारे जीवन को सुखद बनाने का एक महत्वपूर्ण कारक है। विभिन्न देशों की वास्तुकला के रूप, अर्थात इसकी शैली और विभिन्नता, हर देश की सांस्कृतिक पहचान को दर्शाती है।

भारतीय वास्तुकला की विशेषता उसके धार्मिक और ऐतिहासिक संदेश में है। हमारे प्राचीन मंदिर, महल, गुफाएँ और अन्य वास्तुकला कार्यक्षेत्र विश्वभर में मशहूर हैं। इनकी सुंदरता, समर्थन और विशेष ज्ञान का प्रदर्शन भारतीय वास्तु"
229,व्यायाम और फिटनेस ट्रैकिंग ऐप्स,"व्यायाम और फिटनेस ट्रैकिंग ऐप्स आजकल लोगों के लिए एक महत्वपूर्ण सहायक बन गए हैं। ये ऐप्स व्यायाम, खान-पान, नींद, और स्वास्थ्य से जुड़ी अन्य गतिविधियों को ट्रैक करने में मदद करते हैं। इन ऐप्स की मदद से लोग अपने लक्ष्यों को स्पष्ट करते हैं, प्रोग्रेस को मॉनिटर करते हैं और सेहत को बेहतर बनाने के लिए उपाय अपनाते हैं।

व्यायाम और फिटनेस ट्रैकिंग ऐप्स कई रूपों में होते हैं। कुछ ऐप्स व्यायाम की डायट और ट्रेनिंग प्लान्स प्रदान करते हैं, जबकि कुछ ऐप्स आहार और समय के अनुसार कैलोरी काउंट करने में मदद करते हैं। ये"
232,वैक्सीन विकास में नई तकनीकें,"वैक्सीन विकास में नई तकनीकें

वैक्सीन विकास में तकनीकी नवाचारें बहुत महत्वपूर्ण हैं। इन नवाचारों के उपयोग से वैक्सीन की अच्छी गुणवत्ता, दीर्घकालिक सक्रियता और सुरक्षा सुनिश्चित की जा सकती है।

1. **मॉडर्ना और पफाइजर की mRNA वैक्सीन:** इस तकनीक में, mRNA को उत्पन्न किया जाता है जो शरीर में विशिष्ट प्रोटीन बनाने के लिए प्रेरित करता ह। यह वैक्सीन कोविड-19 के खिलाफ अच्छे परिणाम प्रदान कर रही है।

2. **डीएनए वैक्सीन:** इसमें विषय के शरीर में डीएनए का उत्पादन किया जाता है जो विशिष्ट प्रोटीन बनाने के लिए प्रेरित करता है। यह व"
236,विश्व की महान वास्तुकला,"वास्तुकला एक ऐसी कला है जो हमारे जीवन को सुंदरता, शांति और संतुलन की भावना देती है। विश्व की महान वास्तुकला न केवल इतिहास की झलकियों को दर्शाती है, बल्कि आधुनिक विचारों और नए रूपों की प्रेरणा भी प्रदान करती है।

भारतीय वास्तुकला का इतिहास बहुत पुराना है और यह दुनिया के विभिन्न कोनों में अपनी पहचान छोड़ चुका है। खजुराहो, अजंता-एल्लोरा, ताजमहल, खुजराहो जैसे ऐतिहासिक स्थल भारतीय वास्तुकला के उदाहरण हैं जो आज भी लोगों को प्रेरित कर रहे हैं।

विश्व की अन्य महान वास्तुकला शैलियों में ग्रीक, रोमन, इस्लामी, ए"
235,व्यायाम और फिटनेस ट्रैकिंग ऐप्स,"आजकल व्यायाम और फिटनेस ट्रैकिंग ऐप्स बहुत ही प्रमुख हैं जो लोगों को अपने स्वास्थ्य और फिटनेस की देखभाल में मदद करने में मदद करते हैं। ये ऐप्स उपयोगकर्ताओं को अपने व्यायाम और आहार का देखभाल करने में सहायक होते हैं। 

इन ऐप्स की मदद से आप अपने व्यायाम, रनिंग, योग आदि की गतिविधियों को ट्रैक कर सकते हैं। ये आपके व्यायाम की प्रगति को मापने में मदद करते हैं और आपके लक्ष्य की दिशा में आपको गाइड करते हैं। 

इन एप्स के जरिए आप अपने आहार की जानकारी भी रख सकते हैं और अपने वजन और सेहत का ध्यान रख सकते हैं। कुछ ऐप्स आपको"
234,अंतरिक्ष अन्वेषण का इतिहास,"अंतरिक्ष अन्वेषण एक उत्कृष्ट विज्ञान और प्रौद्योगिकी क्षेत्र है जिसमें मानव का ज्ञान और उपयोग निरंतर विकसित हो रहा है। इसका इतिहास बहुत प्राचीन समय से है। वैदिक काल में भी अंतरिक्ष की अद्भुतता और अनंतता के बारे में बहुत सारी धारणाएं थीं। 

मानव ने चांद और सूर्य के लिए विशेष उत्साह देखा है और वे उन्हें अपने जीवन का महत्वपूर्ण हिस्सा मानते आए हैं। वेदों में भी अंतरिक्ष की अध्ययन से जुड़े बहुत सारे उपदेश और ज्ञान मिलते हैं। 

आधुनिक युग में, अंतरिक्ष अनुसंधान ने एक नया मोड़ लिया है। 20वीं सदी म"
237,भारतीय संस्कृति में त्योहारों का महत्व,"भारतीय संस्कृति में त्योहारों का विशेष महत्व है। ये त्योहार हमारे जीवन को रंगीं भरते हैं और उत्साह और खुशी का सात्विक वातावरण बनाते हैं। इन त्योहारों का महत्व भारतीय समाज के आध्यात्मिक, सांस्कृतिक और सामाजिक विकास में होता है।

भारतीय संस्कृति में विभिन्न धर्मों के अनुसार अनेक त्योहार मनाए जाते हैं। इनमें से कुछ मुख्य त्योहार हैं जैसे दिवाली, होली, दुर्गा पूजा, दशहरा, जन्माष्टमी आदि। इन त्योहारों का महत्व यह है कि वे हमें हमारी परंपराओं और संस्कृति के महत्व को समझाते हैं। इन त्योहारों में लोग एक-दूसरे क"
233,जीन थेरेपी की प्रगति,"जीन थेरेपी एक उत्कृष्ट तकनीक है जिसका उपयोग विभिन्न जीवाणु रोगों और जननांग संबंधित विकारों के इलाज में किया जाता है। यह तकनीक विशेष रूप से अद्वितीय है क्योंकि इसमें मानवीय जीनों को संशोधित और पुनर्गठित किया जाता है ताकि वे अशुद्धि या रोग को दूर करने की क्षमता प्राप्त कर सकें।

जीन थेरेपी के क्षेत्र में हाल ही में कई प्रगतियां हुई हैं। इनमें से एक है एडिटिंग के नए तरीके का खोजना, जो जीनों को संशोधित करने के लिए क्रिस्पर-कैस9 जैसी उत्कृष्ट तकनीकों का उपयोग करता है। यह सुरक्षित और सुगम तरीके से जीनों"
238,अंतरिक्ष अन्वेषण का इतिहास,"अंतरिक्ष अन्वेषण एक रोमांचक क्षेत्र है जिसमें मानव ने अनगिनत सफलताएं हासिल की हैं। इसका इतिहास बहुत लंबा है और इसमें कई महत्वपूर्ण घटनाएं शामिल हैं।

अंतरिक्ष अन्वेषण की शुरुआत 20वीं सदी में हुई जब रॉकेट प्रौद्योगिकी का विकास हुआ। पहले अंतरिक्ष यात्राओं के लिए प्रोजेक्टाइल रॉकेट्स का उपयोग किया गया था। इसके बाद 1957 में सोवियत संघ ने दुनिया के पहले उपग्रह, स्पुतनिक-1 का प्रक्षेपण किया। इसके बाद 1961 में यूरी गागरिन ने मानवता के लिए पहला अंतरिक्ष यात्री बनकर इतिहास रचा।

अंतरिक्ष अन्वेषण की दूसरी महत"
239,अंतरिक्ष अन्वेषण का इतिहास,"अंतरिक्ष अन्वेषण एक रोमांचक क्षेत्र है जिसमें मानव ने अंतरिक्ष की अनगिनत रहस्यमयी खोज की है। इसका इतिहास बहुत पुराना है।

अंतरिक्ष अन्वेषण की शुरुआत प्राचीन समय से हुई थी, जब लोग सितारों की गतियों को जानने की कोशिश करते थे। 20वीं शताब्दी में अंतरिक्ष अन्वेषण की नई उम्मीदें जगीं, जब यूरोप और अमेरिका ने एक नए अंतरिक्ष युग की शुरुआत की। 1957 में सोवियत संघ ने पहला उपग्रह, सपुत्निक-1, का प्रक्षेप किया, जिससे अंतरिक्ष युग की आरंभिक घटना हुई। उसके बाद विभिन्न देशों ने अंतरिक्ष अन्वेषण में अपने योगदान"
240,विश्व के आश्चर्यजनक प्राकृतिक स्थल,"विश्व में कई ऐसे प्राकृतिक स्थल हैं जो अपनी अद्वितीयता और आकर्षण के लिए प्रसिद्ध हैं। ये स्थल अपनी प्राकृतिक सौंदर्य, अजीबोगरीब रूप, वन्यजीवन और ऐतिहासिक महत्व के लिए प्रसिद्ध हैं।

एक ऐसा प्राकृतिक स्थल है ग्रेट ब्लू होल, जो कैरिबियन सागर में स्थित है। यह एक विशाल गहरा जलाशय है जिसमें कई प्रकार के जलजीवन देखने को मिलते हैं। इसका नाम गहरे नीले रंग के पानी से है, जो इसे एक अद्वितीय दृश्य देता है।

दुसरे रोचक प्राकृतिक स्थल में मैगेल्लनिक पेंग्विन का होम, पेटेगोनिया के प्राकृतिक संरक्षित क्षेत्र में है। यह"
241,खेलों का विकास और उनका सामाजिक प्रभाव,"खेलों का विकास और उनका सामाजिक प्रभाव

खेलों का विकास और उनका सामाजिक प्रभाव एक महत्वपूर्ण विषय है जिसे हमें समझना चाहिए। खेल न केवल शारीरिक स्वास्थ्य के लिए महत्वपूर्ण है बल्कि मानसिक और सामाजिक विकास के लिए भी अनिवार्य है। खेल से हमें टीम वर्किंग, जीत और हार का सामना करना, समर्थना और सहयोग करना सीखने का मौका मिलता है। 

खेल खेलने से हमारी दिमागी क्षमता भी विकसित होती है। यह हमें लगातार नए उत्तर ढूंढने और समस्याओं का समाधान करने की क्षमता प्रदान करता है। खेल में सक्रिय रहने से हमारा ध्यान भी बेहतर होता है और हम अधिक संवेदन"
242,जीन थेरेपी की प्रगति,"जीन थेरेपी एक उत्कृष्ट और रोमांचक तकनीक है जिसका उपयोग विभिन्न रोगों और विकारों के इलाज में किया जाता है। इस तकनीक का मुख्य उद्देश्य व्यक्ति के जीनों में परिवर्तन करके उसके रोग को ठीक करना है। जीन थेरेपी के जरिए डीएनए के विभिन्न अंशों में मुख्यत: म्यूटेशन करके रोग को हल करने का प्रयास किया जाता है।

जीन थेरेपी की प्रगति में आजकल बहुत से महत्वपूर्ण विकास हुए हैं। नए तकनीकी उपकरणों, विशेषज्ञता और संसाधनों के उपयोग से जीन थेरेपी की प्रभावी और सुरक्षित विधियों का विकास किया गया है। 

साथ ही, जीन थेरेपी के क्ष"
244,टेलीमेडिसिन का भविष्य,"टेलीमेडिसिन एक विज्ञान जिसमें इंटरनेट और अन्य दूरस्थ संचार प्रौद्योगिकियों का उपयोग होता है ताकि खुदरा स्वास्थ्य सेवाएं प्रदान की जा सकें। यह विशेषकर उन लोगों के लिए महत्वपूर्ण है जो गहरे गाँवों या दूरस्थ स्थानों में रहते हैं जहां स्वास्थ्य सेवाओं की पहुंच कम होती है।

टेलीमेडिसिन का भविष्य बहुत उज्जवल है। यह तकनीकी उन्नति के साथ स्वास्थ्य सेवाओं को सुलभ बनाने में मदद करेगी। इसके माध्यम से लोग अपने घर से ही चिकित्सा परामर्श प्राप्त कर सकेंगे और चिकित्सा जाँच भी करा सकेंगे। यह विशेष रूप से उन लोगों के लिए मह"
245,भारतीय संस्कृति में त्योहारों का महत्व,"भारतीय संस्कृति में त्योहारों का विशेष महत्व है। ये त्योहार हमारे समाज की धार्मिक, सांस्कृतिक और सामाजिक जीवन को रंगीं भरते हैं और हमें एक-दूसरे के साथ जुड़ने का अवसर देते हैं। भारतीय संस्कृति में विभिन्न धर्मों और समुदायों के अनुसार अनेक त्योहार मनाए जाते हैं।

त्योहारों का महत्व इसलिए है क्योंकि ये हमारे जीवन में खुशियों और समृद्धि का आनंद लेने का समय प्रदान करते हैं। ये त्योहार हमें अपने परंपरागत मूल्यों को मानने की शिक्षा देते हैं और हमारे संबंधों को मजबूत करते हैं।

त्योहारों के दौरान हमारा समाज खुशी और"
243,पोषण और आहार में नई खोजें,"पोषण और आहार में नई खोजें

पोषण और आहार एक स्वस्थ जीवन जीने के लिए महत्वपूर्ण हैं। हाल ही में कई नई खोजें हुई हैं जो लोगों के आहार और पोषण के मामले में महत्वपूर्ण बदलाव ला रही हैं।

एक नई खोज यह है कि कैसे टेस्ट की मदद से हम अपने आहार में सुरक्षित और पोषण से भरपूर खाद्य पदार्थों का चयन कर सकते हैं। इसके अलावा, विज्ञानक अनुसंधान अब तकनीकी उन्नति के साथ भोजन के पोषक तत्वों को बढ़ावा देने के लिए प्रयोग किया जा रहा है। ऐसे उत्पादों में ज्यादा प्रोटीन, विटामिन और मिनरल्स होते हैं जिन्हें हमारे शरीर को स्वस"
246,व्यायाम और फिटनेस ट्रैकिंग ऐप्स,"आज की तेजी से बदलती जीवनशैली में व्यायाम और फिटनेस का महत्व बढ़ चुका है। लेकिन अक्सर हम यह भूल जाते हैं कि हमारा व्यायाम और फिटनेस रूटीन हमें कितना फायदा पहुंचा रहा है। इसी समस्या का हल लाने के लिए व्यायाम और फिटनेस ट्रैकिंग ऐप्स का उपयोग किया जा सकता है।

ये ऐप्स हमें हमारे दिनचर्या के हिसाब से व्यायाम की गाइडेंस करते हैं, हमारे लक्ष्यों को निर्धारित करने में मदद करते हैं और हमारे प्रगति को ट्रैक करने में सहायक होते हैं। इन ऐप्स के माध्यम से हम अपने कार्यक्रम को व्यवस्थित रूप से रख सकते हैं, नियमितता बना सकते हैं औ"
247,पोषण और आहार में नई खोजें,"पोषण और आहार से जुड़ी नई खोजें लगातार की जा रही हैं जो स्वास्थ्य के लिए बेहद महत्वपूर्ण हैं। इन खोजों के माध्यम से हम नए पोषण सूत्र, खाद्य सामग्री और आहार संबंधित तकनीकों के बारे में जानकारी प्राप्त करते हैं।

आधुनिक विज्ञान ने एक स्वस्थ आहार के लिए विभिन्न तरीकों की खोज की है। जैसे कि जीनोमिक्स और न्यूट्रिजन्ट्स जैसी तकनीकें एक स्वस्थ और एकीकृत आहार का विकास करने में मदद कर रही हैं। इसके अलावा, आहार और पोषण से जुड़ी नई खोजें भी नए खाद्य उत्पादों का निर्माण करने में मदद कर रही हैं।

एक और महत्वप"
248,अंतरिक्ष अन्वेषण का इतिहास,"अंतरिक्ष अन्वेषण एक रोमांचक और महत्वपूर्ण क्षेत्र है जिसमें मानव ज्ञान को अग्रसर करने के लिए अंतरिक्ष की अनगिनत रहस्यमयी महाशक्तियों का अध्ययन किया जाता है। अंतरिक्ष अन्वेषण का इतिहास विशाल और प्रेरणास्पद है।

अंतरिक्ष अन्वेषण का आरंभ इतिहास की गहरी गहराई से जुड़ा है। सौरमंडल की अध्ययन के लिए ब्रह्मगुप्त, आर्यभट्ट, गलीलियो जैसे वैज्ञानिकों ने अपने योगदान दिया। इसके बाद ईसा पूर्व 20वीं सदी में अंतरिक्ष अन्वेषण का समय आया। यूरोप, अमेरिका, रूस जैसे देशों ने अंतरिक्ष अन्वेषण के क्षेत्र म"
249,भारतीय संस्कृति में त्योहारों का महत्व,"भारतीय संस्कृति में त्योहारों की विशेष महत्वपूर्णता है। ये त्योहार हमारे समाज के जीवन में एक महत्वपूर्ण रोल निभाते हैं और हमें विभिन्न रूपों में सामाजिक और सांस्कृतिक मूल्यों को समझने का अवसर देते हैं। 

भारतीय संस्कृति में त्योहारों का महत्व इस बात में है कि ये हमें अपनी परंपराओं को जीवंत रखने में मदद करते हैं। ये त्योहार हमें एक-दूसरे के साथ जुड़ने, खुशी मनाने और साथ ही अपनी धार्मिक और सांस्कृतिक विरासत का सम्मान करने की शिक्षा देते हैं। 

हर त्योहार अपनी विशेषता लेकर आता है और इसे भारतीय संस्कृति का एक महत्वप"
250,अंतरिक्ष अन्वेषण का इतिहास,"अंतरिक्ष अन्वेषण एक रोमांचक और महत्वपूर्ण क्षेत्र है जिसमें मानव समुदाय ने अनगिनत उपलब्धियाँ की हैं। अंतरिक्ष अन्वेषण का इतिहास लम्बा और उत्कृष्ट है।

सन् 1957 में रूस ने दुनिया के पहले प्राथमिक उपग्रह, स्पुतनिक-1 को अंतरिक्ष में भेजकर एक नया युग आरंभ किया। इसके बाद, अमेरिका ने अपना पहला उपग्रह, एक्सप्लोरर-1, का प्रक्षेपण किया। इसके बाद कई देशों ने अंतरिक्ष में अपने उपग्रहों को भेजा और अंतरिक्ष अन्वेषण के क्षेत्र में अपनी योगदान दिया।

सन् 1969 में अमेरिकी अंतरिक्ष एजेंसी नासा ने अपोलो-11 मिशन के जरिए मानवत"
254,जीन थेरेपी की प्रगति,"जीन थेरेपी एक नवाचारी और महत्वपूर्ण तकनीक है जो विज्ञान और चिकित्सा क्षेत्र में बहुत अच्छा प्रभाव डाल रही है। यह तकनीक विभिन्न जन्मजात और अच्छूत रोगों के इलाज में सक्षम है। जीन थेरेपी में विशेष तरीके से डिज़ाइन किए गए जीन को रोगी के शरीर में पहुंचाया जाता है ताकि वह विशेष रोग या समस्या का इलाज कर सकें।

जीन थेरेपी की प्रगति में बहुत अच्छी तरक्की हो रही है। इस तकनीक में इनोवेटिव मोलेक्यूलर और बायोलॉजिकल तकनीकों का उपयोग किया जाता है जो रोग के कारणों को समझने और उसके इलाज के लिए महत्वपूर्ण होते हैं। ज"
251,विश्व की महान वास्तुकला,"वास्तुकला एक ऐसी कला है जो इतिहास, संस्कृति और समाज का प्रतिबिम्ब है। विश्व की महान वास्तुकला उसकी सांस्कृतिक धरोहर को प्रकट करती है और उसकी अद्वितीयता को साक्षात्कर कराती है।

भारतीय वास्तुकला को विश्व की महान वास्तुकला में गिना जाता है। हमारे देश में वास्तुकला का इतना विकास हुआ कि वह विश्व के अन्य क्षेत्रों से अलग हो गया है। वास्तुकला में स्तंभ, लकड़ी की कार्विंग, पत्थर की नक़्काशी, वास्तुशिल्प आदि का माहत्वपूर्ण स्थान है। भारतीय वास्तुकला का प्रमुख उदाहरण हैं खजुराहो, खजुराहो में विशाल खजुराहो मंदिर गुफ"
253,वैक्सीन विकास में नई तकनीकें,"वैक्सीन विकास एक महत्वपूर्ण क्षेत्र है जो जीवन को बचाने में मदद करता है। नवीनतम तकनीकों के उपयोग से वैक्सीन विकास में क्रांति आई है।

1. **म-RNA वैक्सीन**: यह तकनीक वैक्सीन विकास के क्षेत्र में एक बड़ी परिवर्तना लाई है। यह वैक्सीन कोरोना वायरस जैसे वायरस के खिलाफ प्रभावी सिद्ध हो रही है।

2. **डीएनए वैक्सीन**: यह वैक्सीन विकास में एक अन्य महत्वपूर्ण तकनीक है। यह वैक्सीन विकास में मरकब कोड किए जाने की बजाय डीएनए कोड करने का काम करती है।

3. **वायरल वेक्टर वैक्सीन**: इस तकनीक में एक अन्य वायरस का उपयोग किया ज"
252,व्यायाम और फिटनेस ट्रैकिंग ऐप्स,"व्यायाम और फिटनेस ट्रैकिंग ऐप्स आजकल लोगों के लिए बहुत ही महत्वपूर्ण हो गए हैं। इन ऐप्स की मदद से लोग अपने व्यायाम और स्वास्थ्य की देखभाल को बेहतर ढंग से कर सकते हैं। ये ऐप्स उपयोगकर्ताओं को निर्देशित करने में मदद करते हैं, उनके प्रगति को ट्रैक करते हैं और मोटिवेट करते हैं।

इन ऐप्स की मदद से आप अपने व्यायाम सत्रों को नियमित रूप से ट्रैक कर सकते हैं, अपने भोजन की जानकारी रख सकते हैं, और अपनी नींद और व्यायाम की गतिविधियों को भी ट्रैक कर सकते हैं। इन ऐप्स में अक्सर अलार्म, रिमाइंडर्स, और मोटिवेशनल टिप्स भी होत"
255,भारतीय संस्कृति में त्योहारों का महत्व,"भारतीय संस्कृति में त्योहारों का विशेष महत्व है। ये त्योहार हमारे जीवन में रंग भरते हैं और समाज में एकता, समरसता और सम्बंधों की मजबूती को बढ़ाते हैं। भारतीय समुदायों में विभिन्न धर्मों के अनुसार अनेक प्रकार के त्योहार मनाए जाते हैं।

त्योहारों के माध्यम से हम अपनी परंपराओं को याद रखते हैं और उन्हें आगे बढ़ाते हैं। इन त्योहारों में परिवार के सदस्य एकत्र होते हैं, मिलन स्नेह और भाईचारा बढ़ता है। वे समाज में एक मेल जोड़ते हैं और सामूहिक सहयोग का माहौल बनाते हैं।

त्योहारों के माध्यम से हम अपने जीवन को रंगीन बन"
256,अंतरिक्ष अन्वेषण का इतिहास,"अंतरिक्ष अन्वेषण एक उत्कृष्ट तकनीकी क्षेत्र है जिसमें मानव समुदाय ने अनगिनत विज्ञानिक और तकनीकी उत्कृष्टताओं को हासिल किया है। इसका इतिहास बहुत प्राचीन समय से चला आ रहा है।

अंतरिक्ष अन्वेषण का आरंभ बाबिलोन के प्राचीन मतवादी और वैज्ञानिकों से होता है जो आकाशगंगा के गतिविधियों का अध्ययन करते थे। इसके बाद ग्रीक और रोमन सम्राटों ने भी इस क्षेत्र में अपने योगदान दिया।

माध्यकालीन युग में, वैज्ञानिक ने विभिन्न तारों और ग्रहों के बारे में अध्ययन किया और उनकी गतियों को निरीक्षित किया। इसके बाद 20वीं सदी में"
258,भारतीय संस्कृति में त्योहारों का महत्व,"भारतीय संस्कृति में त्योहारों का विशेष महत्व है। भारतीय समाज में त्योहारों को अपनी परंपराओं, सांस्कृतिक विरासत और धार्मिक मूल्यों का प्रतीक माना जाता है। ये त्योहार समाज को एक साथ ला रहे होते हैं और सामाजिक एवं सांस्कृतिक एकता को बढ़ावा देते हैं।

त्योहारों के माध्यम से लोग अपने रिश्तेदारों, परिवार और मित्रों के साथ समय व्यतीत करते हैं और एक-दूसरे के साथ प्यार और भावनाओं को साझा करते हैं। इसके साथ ही त्योहारों में खास भोजन, दिवाली की दीपों की रौशनी, होली के रंग, दुर्गा पूजा की धूम आदि सामाजिक उत्साह और आनंद भी महसू"
259,मानसिक स्वास्थ्य और टेक्नोलॉजी,"मानसिक स्वास्थ्य और टेक्नोलॉजी दोनों ही महत्वपूर्ण क्षेत्र हैं जिनका संबंध हमारे दैनिक जीवन से होता है। टेक्नोलॉजी ने हमारे जीवन को कई तरीके से सरल और आसान बना दिया है, जिससे हमारी जीवनशैली में सुधार हुआ है। लेकिन इसके साथ ही आधुनिक जीवनशैली में तनाव, अवसाद, और अकेलापन की समस्याएं भी बढ़ गई हैं। ऐसे में मानसिक स्वास्थ्य का महत्व और भी बढ़ गया है।

टेक्नोलॉजी ने मानसिक स्वास्थ्य के क्षेत्र में भी अच्छे बदलाव लाए हैं। मानसिक स्वास्थ्य एप्लीकेशन, ऑनलाइन कन्सल्टेशन, और डिजिटल ध्यान के साधन उपलब्ध हैं"
257,पोषण और आहार में नई खोजें,"पोषण और आहार विज्ञान एवं प्रौद्योगिकी में नवाचारों का एक महत्वपूर्ण क्षेत्र है। आधुनिक वैज्ञानिक अनुसंधान और तकनीकों के प्रयोग से लोगों को स्वस्थ्य और पौष्टिक आहार प्रदान किया जा सकता है।

एक नई खोज जिसका नाम है 'न्यूट्रास्फेरिकल फूड' इस क्षेत्र में एक बड़ा कदम है। इस तकनीक का उपयोग करके खाद्य पदार्थों को और अधिक पोषक बनाया जा सकता है। इसमें खाद्य संयंत्रों के अध्ययन से नये फॉर्म्यूले का विकास किया जाता है जिससे उसमें पोषक तत्वों का संघटन बेहतर होता है।

एक और रोचक खोज है '3D प्रिंटेड खाद"
260,पोषण और आहार में नई खोजें,"पोषण और आहार में नई खोजें हमारी सेहत और विकास के लिए महत्वपूर्ण हैं। आधुनिक तकनीक और विज्ञान ने इस क्षेत्र में कई नई खोजें की हैं जो हमारे जीवन को सुधार सकती हैं।

एक ऐसी खोज है कीमियागरी आहार, जिसमें विज्ञान की सहायता से आहार के तत्वों को बदलकर उनका पोषक मूल्य बढ़ाया जाता है। इस तकनीक का उपयोग करके आहार में जिंक, फोलेट, आयरन आदि जैसे महत्वपूर्ण पोषक तत्वों की मात्रा बढ़ाई जा सकती है। ऐसा आहार हमें स्वस्थ रखने में मदद कर सकता है।

एक और महत्वपूर्ण खोज है प्रोबायोटिक्स और प्रीबायोटिक्स की। ये आह"
261,मानसिक स्वास्थ्य और टेक्नोलॉजी,"मानसिक स्वास्थ्य और टेक्नोलॉजी दोनों ही महत्वपूर्ण क्षेत्र हैं और एक-दूसरे से गहरा संबंध रखते हैं। आजकल कंप्यूटर, इंटरनेट, सोशल मीडिया आदि के उपयोग से हमारे दिनचर्या में काफी बदलाव आया है। इसके साथ ही मानसिक स्वास्थ्य के मुद्दे भी बढ़ गए हैं।

टेक्नोलॉजी के उपयोग से हमें कई फायदे मिलते हैं, जैसे कि दूरसंचार के जरिए आसानी से जानकारी प्राप्त करना, वीडियो कॉल के माध्यम से दूर रहकर अपने परिवार के साथ समय बिताना आदि। हालांकि, इसके साथ ही इंटरनेट की अधिक उपयोग से लोगों के बीच सोशल इसोलेशन, डिप्रेशन,"
263,वैक्सीन विकास में नई तकनीकें,"वैक्सीन विकास में नई तकनीकें

वैक्सीन विकास में नवाचार के क्षेत्र में कई महत्वपूर्ण तकनीकें शामिल हैं। इन नवाचारों का उद्देश्य वैक्सीन विकास की गति को तेजी से बढ़ाना है ताकि सामाजिक रूप से महत्वपूर्ण रोगों के खिलाफ उपयुक्त वैक्सीन त्वरित तैयार की जा सके।

कुछ मुख्य नवाचार शामिल हैं:

1. **मिश्रित वैक्सीन**: इस तकनीक में कई विभिन्न रोगों के खिलाफ एक साथ वैक्सीन विकसित की जाती है, जिससे वैक्सीन के वितरण में आसानी होती है।

2. **मॉडर्ना और पफाइजर जैसे एमआरएनए के उपयोग**: यह तकनीक जीनोमिक्स का उपयोग"
262,प्राचीन भारतीय विज्ञान और तकनीक,"प्राचीन भारतीय सभ्यता ने विज्ञान और तकनीक के क्षेत्र में अद्वितीय योगदान दिया है। वैदिक साहित्य में दर्शायी गई ज्ञान की गहराई और व्यापकता आज भी हमें आश्चर्यचकित करती है।

भारतीय वैज्ञानिक अभियांता अर्यभट्ट ने ग्रहण और खगोलशास्त्र में महत्वपूर्ण योगदान दिया। उन्होंने सूर्य के चारों ओर ब्रह्मांड की गति का अध्ययन किया और सूर्य और चंद्रमा के ग्रहण की युक्तियों का विवेचन किया। अर्यभट्ट ने ग्रहण के लिए एक निश्चित सिद्धांत तैयार किया जिसे आज भी प्रमाण माना जाता है।

समय के साथ, भारतीय वैज्ञानिक"
264,प्राचीन भारतीय विज्ञान और तकनीक,"प्राचीन भारतीय सभ्यता ने वैज्ञानिक और तकनीकी दृष्टिकोण से भी विशेष योगदान दिया है। एक कई हजार वर्ष पहले भारत में वैज्ञानिक अनुसंधानों और तकनीकी उत्पादों का विकास हुआ था। इसका सबसे अच्छा उदाहरण भारतीय गणित है, जिसे भारतीय गणितकार आर्यभट्ट और ब्राह्मगुप्त जैसे महान वैज्ञानिकों ने विकसित किया।

भारतीय धर्मशास्त्रों में विज्ञान और तकनीक को बहुत महत्व दिया गया है। योग और आयुर्वेद जैसी प्राचीन पद्धतियां भारतीय सभ्यता के वैज्ञानिक क्षेत्र के उत्कृष्ट उदाहरण हैं। योग भारतीय दर"
266,विश्व की महान वास्तुकला,"वास्तुकला एक कला है जो मानव सभ्यता की सांस्कृतिक और ऐतिहासिक महत्वपूर्णता रखती है। यह कला विभिन्न समयांतर में विभिन्न रूपों में प्रकट होती रही है और लोगों के जीवन में एक महत्वपूर्ण भूमिका निभाती आई है। वास्तुकला विश्व की महान वास्तुकलाएं उन भव्य संरचनाओं को सूचित करती हैं जो मानवता के साथी अन्वेषक कौशल, नैतिकता, और ऐतिहासिक धारणाओं का प्रतिबिंब हैं।

विश्व की महान वास्तुकलाएं दुनिया भर में फैली हुई हैं। इनमें लाल किला (भारत), एफिल टावर (फ्रांस), पिरामिड्स (मिस्र), ताज महल (भारत), ग्रैंड कैनियन (यूएसए), अ"
267,व्यायाम और फिटनेस ट्रैकिंग ऐप्स,"व्यायाम और फिटनेस ट्रैकिंग ऐप्स आजकल लोगों के जीवन में एक महत्वपूर्ण भूमिका निभा रही हैं। ये ऐप्स उपयोगकर्ताओं को उनकी फिटनेस गोलों को पूरा करने में मदद करती हैं। ये ऐप्स व्यायाम, भोजन, नींद, उपयोगिता आदि को ट्रैक करने में सहायक होते हैं।

इन ऐप्स की मदद से आप अपने व्यायाम की प्रगति को निगरानी में रख सकते हैं। ये ऐप्स आपके लिए व्यायाम कार्यक्रम तैयार कर सकते हैं और आपके प्रतिदिन की शैली पर नजर रख सकते हैं। इन ऐप्स में कई टूल्स होते हैं जो आपको व्यायाम की समयानुसार सलाह देते हैं।

इन ऐप्स का उपयोग कर"
265,जीन थेरेपी की प्रगति,"जीन थेरेपी एक उच्च तकनीकी और विज्ञानिक उपचार प्रक्रिया है जिसमें विशेष जीनों को इंसानी शरीर में डालकर रोगों का इलाज किया जाता है। यह विशेष जीन किसी विशेष रोग के कारण डिफेक्टिव होते हैं और उन्हें सही करने के लिए जीन थेरेपी का उपयोग किया जाता है।

जीन थेरेपी की प्रगति में विज्ञानिक और तकनीकी उन्नति ने इस क्षेत्र को नए उच्चांक पर ले जाया है। इस तकनीक के विकास से कई ऐसे रोगों का इलाज संभव हो रहा है जिनका इलाज पहले संभावना भी नहीं था। जैसे कि कैंसर, दिल की बीमारियाँ, जन्म से गलतियों के कारण होने वाली रोग आदि।

जी"
268,व्यायाम और फिटनेस ट्रैकिंग ऐप्स,"आजकल व्यायाम और फिटनेस ट्रैकिंग ऐप्स बहुत ही प्रमुख हो गए हैं। ये ऐप्स आपकी रोजमर्रा की शारीरिक गतिविधियों को ट्रैक करने में मदद करते हैं और आपको अपने लक्ष्यों की दिशा में मार्गदर्शन प्रदान करते हैं।

ये ऐप्स आपको व्यायाम का समय, दूरी, गति, कैलोरी जलाये इत्यादि को ट्रैक करने में मदद करते हैं। इनमें कई ऐप्स आपके डेटा को एकीकृत करके आपको एक संपूर्ण व्यायाम रिपोर्ट प्रदान करते हैं जिससे आप अपनी प्रगति को समझ सकें।

इन ऐप्स की मदद से आप अपने लक्ष्यों की दिशा में अच्छे से मार्गदर्शन प्राप्त कर सकते हैं। आप अपने व्याय"
269,विश्व के आश्चर्यजनक प्राकृतिक स्थल,"विश्व में कई ऐसे प्राकृतिक स्थल हैं जो अपनी अद्वितीयता और सुंदरता के लिए प्रमुख हैं। ये स्थल लोगों की ध्यान आकर्षित करते हैं और मनोरंजन और आत्मीयता के लिए एकमात्र होते हैं। इनमें से कुछ प्रमुख स्थल हैं:

1. ग्रैंड कैनयन, अमेरिका: यह प्राकृतिक गहरा खाई है जो कोलोराडो नदी द्वारा निर्मित हुआ है। इसकी खूबसूरती और विस्तार देखने वालों को चौंका देती है।

2. नाइगरा जलप्रपात, कनाडा-अमेरिका: यह दोनों देशों की सीमा पर स्थित है और इसकी ऊँचाई और व्यापकता देखकर लोग हैरान हो जाते हैं।

3. एयर्स रॉक, ऑस्ट्रेलिया: इस"
270,प्राचीन भारतीय विज्ञान और तकनीक,"प्राचीन भारतीय सभ्यता ने विज्ञान और तकनीक के क्षेत्र में अद्वितीय योगदान दिया है। वेदों, उपनिषदों, पुराणों और अन्य प्राचीन ग्रंथों में भारतीय वैज्ञानिकों ने गहन ज्ञान का प्रदर्शन किया है। 

भारतीय गणित शास्त्र का विकास बहुत प्राचीन काल से ही हुआ है। आर्यभट्ट, ब्रह्मगुप्त, वराहमिहिर जैसे गणितज्ञों ने शून्य की खोज की और गणित में महान कार्य किए। भारतीय वैज्ञानिक अरब सागर के इतिहास में हिन्दी भारतीय गणित के महान कार्य के लिए प्रसिद्ध हैं।

भारतीय उपनिषदों में ज्ञान, ध्यान, विचार और विज्ञान की महत्ता को बख"
272,विश्व के आश्चर्यजनक प्राकृतिक स्थल,"विश्व भर में अनगिनत प्राकृतिक स्थल हैं जिन्हें देखकर हम स्वयं को हैरान महसूस करते हैं। ये स्थल प्राकृतिक रूप से एकदम अद्वितीय और आश्चर्यजनक होते हैं और लोगों को अपनी अद्भुतता से प्रभावित कर देते हैं।

दुनिया में कई ऐसे प्राकृतिक स्थल हैं जो अपनी अनूठी सुंदरता और महत्वपूर्णता के लिए प्रसिद्ध हैं। इनमें से कुछ प्रमुख स्थल हैं जैसे ग्रैंड कैनियन, नाइगरा जलप्रपात, एयर्स रॉक, माउंट एवरेस्ट, विक्टोरिया जलप्रपात, ग्रीनलैंड, एंटार्कटिका, और मानीफ़ाल्स जैसे अन्य प्राचीन और प्राकृतिक स्थल।

ग्रैंड कैनियन अ"
271,प्राचीन भारतीय विज्ञान और तकनीक,"प्राचीन भारतीय सभ्यता ने विज्ञान और तकनीक के क्षेत्र में भी अपना महत्वपूर्ण योगदान दिया है। वेदों में गणित, ज्योतिष, वास्तुशास्त्र और अन्य विज्ञानों के विषय मिलते हैं जो हमें दिखाते हैं कि वे उस समय के लोगों की ऊर्जा और ध्यान पर कितने महत्वपूर्ण थे।

गणित में, भारत ने शून्य की खोज की और शून्य के महत्व को समझने में सफल रहा। भारतीय गणितकार आर्यभट्ट ने ग्रहण के समय समय की गणना के लिए निर्मित गणितीय पद्धतियों का विकास किया।

ज्योतिष विज्ञान में भी भारत ने बहुत महत्वपूर्ण योगदान दिया। वेदों में सूर्य, चं"
273,खेलों का विकास और उनका सामाजिक प्रभाव,"खेलों का विकास और उनका सामाजिक प्रभाव

खेल मानव जीवन का अभिन्न हिस्सा है और उसका महत्व इसे सिर्फ मनोरंजन से अधिक बनाता है। खेलों का विकास और उनका सामाजिक प्रभाव बहुत गहरा है। यह सहनशीलता, समरसता, साझेदारी, टीमवर्क, नेतृत्व, सामरिकता, और स्वास्थ्य के प्रति जागरूकता को बढ़ावा देते हैं।

खेलों का विकास बच्चों में जिम्मेदारी और संगठन की भावना को बढ़ाता है। खेल खेलने से बच्चे सीखते हैं कि हार और जीत एक साथ आ सकती हैं और इसका मूल्‍य उनकी जीवन में अवश्यक है। इसके अलावा, खेल बच्चों को सामरिकता और सहनशीलता सी"
274,वैक्सीन विकास में नई तकनीकें,"वैक्सीन विकास में नई तकनीकें एक महत्वपूर्ण क्षेत्र हैं जो इस समय वैज्ञानिक समुदाय का ध्यान आकर्षित कर रहा है। वैक्सीन विकास में नई तकनीकें वैज्ञानिकों को तेजी से उन्नत और प्रभावी वैक्सीन विकसित करने की संभावना प्रदान कर रही हैं।

एक ऐसी नई तकनीक है mRNA वैक्सीन, जिसमें वायरस के खिलाफ लड़ने के लिए असरकारी प्रोटीन को उत्पन्न करने के लिए मेसेंजर रिबोन्यूक्लिक एसिड (mRNA) का उपयोग किया जाता है। यह तकनीक स्वस्थ व्यक्ति के शरीर में प्रोटीन उत्पन्न करने की प्रक्रिया को सिमुलेट करती है जिससे उसकी प्रतिरक्षा प्रणाली को वायरस के"
276,पोषण और आहार में नई खोजें,"पोषण और आहार में नई खोजें

पोषण और आहार विज्ञान दोनों ही महत्वपूर्ण क्षेत्र हैं जो हर व्यक्ति के स्वास्थ्य और विकास में महत्वपूर्ण भूमिका निभाते हैं। नवीनतम तकनीकी और वैज्ञानिक उन्नतियों ने पोषण और आहार के क्षेत्र में कई नए अवसर और संभावनाएं खोली हैं।

गत कुछ वर्षों में आहार संबंधित खोजों में कई महत्वपूर्ण विकास हुए हैं। उदाहरण के लिए, आधुनिक जैव रिसर्च की मदद से नए और स्वास्थ्यप्रद खाद्य उत्पाद विकसित किए जा रहे हैं जो विभिन्न पोषक तत्वों का समृद्ध स्रोत हैं। ऐसे उत्पादों का उपयोग भूखमरी"
275,प्राचीन भारतीय विज्ञान और तकनीक,"प्राचीन भारतीय सभ्यता ने विज्ञान और तकनीक के क्षेत्र में भी महान योगदान दिया है। वैदिक साहित्य में भारतीय गणित, ज्योतिष्शास्त्र, और अन्य विज्ञान क्षेत्रों के उल्लेख मिलते हैं।

भारतीय गणित के क्षेत्र में शून्य की खोज, गणितीय रूप से समस्याएँ हल करना और विभिन्न गणितीय सिद्धांतों का विकास हुआ। आर्यभट्ट, ब्रह्मगुप्त, आर्यभट्टा आदि भारतीय गणितज्ञ थे जिन्होंने गणित के क्षेत्र में महत्वपूर्ण योगदान दिया।

ज्योतिषशास्त्र में भी भारतीय वैज्ञानिकों ने अद्वितीय योगदान दिया। वे ग्रहों की गति, नक्षत"
278,विश्व की महान वास्तुकला,"वास्तुकला एक विशेष कला है जो हमारे जीवन को सुंदरता और आनंद से भर देती है। वास्तुकला का महत्व इतना है कि इसके बिना हमारा जीवन अधूरा महसूस होता है। 

विश्व की महान वास्तुकला के रूप में अल्हमब्रा किला, ताजमहल, प्योरमिड्स, कोलोसीयम, एफिल टावर, छम्पनर मंदिर आदि अनेक स्थानों का जिक्र किया जा सकता है। इन स्थानों की वास्तुकला उन्हें सबसे खास बनाती है। 

अल्हमब्रा किला स्पेन में स्थित है और इसकी वास्तुकला का समाधान एक अद्वितीय उदाहरण है। ताजमहल भारत की एक अनमोल विरासत है जिसकी सुंदरता और गरिमा को कोई भी नहीं छू सकता।"
277,खेलों का विकास और उनका सामाजिक प्रभाव,"खेलों का विकास और उनका सामाजिक प्रभाव

खेलों का महत्व इंसान के विकास में अत्यंत महत्वपूर्ण है। खेल न केवल शारीरिक स्वास्थ्य के लिए अच्छे होते हैं बल्कि मानसिक स्वास्थ्य के लिए भी उनका महत्वपूर्ण योगदान होता है। खेल खेलने से हमारे शारीरिक क्षमताएँ बढ़ती हैं, हमारी मानसिक समझ विकसित होती है और हमारा सामाजिक मेल-जोल बना रहता है। 

खेलों का समाज में एक महत्वपूर्ण स्थान है। खेल न केवल रंग-भेद और जाति-भेद को दूर करते हैं, बल्कि वे समाज में एकता और मेल-जोल बढ़ाते हैं। खेलों के माध्यम से लोगों को टीम वर्क, सहयोग, उत्साह"
279,विश्व के आश्चर्यजनक प्राकृतिक स्थल,"विश्व भर में अनगिनत प्राकृतिक स्थल हैं जो हमें आश्चर्यचकित कर देते हैं। इन स्थलों में प्राकृतिक सुंदरता, विविधता और अनूठापन होता है जो हमें अद्वितीय अनुभव प्रदान करता है।

एक ऐसा प्राकृतिक स्थल है माउंट एवरेस्ट, जो विश्व की सबसे ऊँची पर्वतश्रृंखला है। इसकी ऊँचाई 8848 मीटर है और यह हिमालय पर्वतमाला में स्थित है। इसकी सुंदरता और महत्व दुनिया भर में लोगों को आकर्षित करता है।

एक और विशेष प्राकृतिक स्थल है ग्रैंड कैनयन, जो उत्तरी अमेरिका में स्थित है। यह विशाल, गहरा नाला है जो कर्व्ड रॉक के बीच में बसा ह"
280,भारतीय संस्कृति में त्योहारों का महत्व,"भारतीय संस्कृति में त्योहारों का विशेष महत्व है। ये त्योहार हमारे समाज और संस्कृति के महत्वपूर्ण हिस्से हैं जो हमें एक-दूसरे के साथ जोड़ने और एकजुट होने की भावना देते हैं।

त्योहारों के माध्यम से हमारा समाज संबंध और अधिक मजबूत होता है। ये न केवल हमें एक साथ लाते हैं, बल्कि हमें हमारे धार्मिक और सांस्कृतिक विरासत के प्रति भी समझाते हैं। इन त्योहारों के पालन से हम अपनी परंपराओं को सम्मान देते हैं और उन्हें आगे बढ़ाने का प्रयास करते हैं।

त्योहार हमें एक-दूसरे के साथ साझा करने की भावना देते हैं। इन अवसरों पर हम अपने परिव"
281,टेलीमेडिसिन का भविष्य,"टेलीमेडिसिन एक तकनीकी उपाय है जिसके माध्यम से चिकित्सा सेवाएं दूरस्थ स्थानों से प्राप्त की जा सकती हैं। यह तकनीक डिजिटल संचार के उपयोग से चिकित्सा देखभाल और सलाहकारी सेवाएं प्रदान करती है। इसका भविष्य बहुत उज्जवल है और इसकी महत्वपूर्ण भूमिका होने की संभावना है।

टेलीमेडिसिन का भविष्य इसलिए उज्जवल है क्योंकि यह चिकित्सा सेवाओं को सुलभ और सुगम बनाता है। यह दूरस्थ इलाकों और ग्रामीण क्षेत्रों में चिकित्सा सेवाओं की पहुंच को बढ़ावा देता है। विशेषज्ञ डॉक्टरों की सलाह और उपचार प्राप्ति को आसान बनाता है।

इसके"
283,पोषण और आहार में नई खोजें,"पोषण और आहार विज्ञान में नवाचार लगातार आ रहे हैं जो हमारे स्वास्थ्य को सुधारने में मददगार साबित हो रहे हैं। यह नवीनतम खोजें और अनुसंधान भोजन की गुणवत्ता को बेहतर बनाने के साथ-साथ उसकी स्वास्थ्यप्रभाविता को भी ध्यान में रखती हैं।

एक नई खोज बताती है कि भोजन में समृद्ध एंटीऑक्सीडेंट्स होने से वायरल इंफेक्शन से लड़ने की क्षमता बढ़ जाती है। इससे स्वास्थ्य सुरक्षित रहता है और रोगों से बचाव किया जा सकता है। 

एक और नए अनुसंधान में पाया गया है कि आयरन की मात्रा को नियंत्रित रखने से कई अन्य रोगों को रो"
284,विश्व के आश्चर्यजनक प्राकृतिक स्थल,"पृथ्वी पर अनेक ऐसे प्राकृतिक स्थल हैं जो अपनी अद्वितीयता और सौंदर्य के लिए प्रसिद्ध हैं। इन स्थलों में अनोखी प्राकृतिक संरचनाएँ, जीवन, और वातावरण अत्यंत प्रेरणादायक होते हैं।

एक ऐसा प्राकृतिक स्थल है माउंट एवरेस्ट, जो विश्व का सबसे ऊँचा पर्वत है। यह हिमालय पर्वतमाला में स्थित है और उसकी ऊँचाई 8,848 मीटर है। इस पर्वत का सौंदर्य और महत्व दुनिया भर के लोगों को आकर्षित करता है।

विश्व का एक और रहस्यमय स्थल है ग्रेट ब्लू होल, जो बेलीज के उत्तर में स्थित है। यह गहरा नीला जलस्थल है जिसमें समुद्री जीवन का अद्व"
285,मानसिक स्वास्थ्य और टेक्नोलॉजी,"मानसिक स्वास्थ्य और टेक्नोलॉजी दोनों ही महत्वपूर्ण क्षेत्र हैं जिनका एक-दूसरे पर गहरा प्रभाव होता है। वर्तमान समय में टेक्नोलॉजी का उपयोग मानसिक स्वास्थ्य के क्षेत्र में भी किया जा रहा है। 

टेक्नोलॉजी के उपयोग से मानसिक स्वास्थ्य के निगरानीकरण, उपचार और समर्थन में सुधार हो रहा है। ऑनलाइन काउंसलिंग, मानसिक स्वास्थ्य एप्लिकेशन्स, ध्यान और मनोरंजन के उपकरण, आत्म-साधारणा और ध्यान के एप्लिकेशन्स, आदि के माध्यम से लोगों को मानसिक स्वास्थ्य सेवाएं पहुंचाई जा रही है। 

यह नए तकनीकी उपाय लोगों को अपनी मानसिक समस्याओं को"
286,वैक्सीन विकास में नई तकनीकें,"वैक्सीन विकास एक महत्वपूर्ण क्षेत्र है जो मानव स्वास्थ्य के लिए अत्यंत महत्वपूर्ण है। वैक्सीन विकास में नवाचार तकनीकें वैज्ञानिक समुदाय के लिए एक बड़ी उम्मीद हैं।

एक नई तकनीक है mRNA वैक्सीन, जिसका उपयोग कोविड-19 जैसी महामारी के खिलाफ वैक्सीन विकसित करने में किया गया है। इस तकनीक में, mRNA को उपयोग करके शरीर को वायरस के खिलाफ लड़ने के लिए जीनेटिक जानकारी प्रदान की जाती है। यह तकनीक तेजी से प्रभावी वैक्सीन विकसित करने की क्षमता बढ़ाती है।

एक और रोमांचक तकनीक है नैनोटेक्नोलॉजी, जिसमें नैनोचिप"
282,जीन थेरेपी की प्रगति,"जीन थेरेपी एक विशेष प्रकार की चिकित्सा विधि है जिसमें रोगों के इलाज के लिए व्यक्तिगत जीनों का उपयोग किया जाता है। यह एक उत्कृष्ट तकनीक है जो रोगों के मूल कारणों को सीधे निशाना बनाती है और उन्हें ठीक करने का प्रयास करती है। जीन थेरेपी की प्रगति ने चिकित्सा क्षेत्र में क्रांति ला दी है और अनेक बीमारियों के इलाज के लिए नए द्वार खोले हैं।

हाल ही में, जीन थेरेपी की प्रगति की वजह से कई बीमारियों का इलाज संभव हुआ है। साइंस के इस क्षेत्र में नवाचार के रूप में जीन थेरेपी के लिए नए तरीके और उपकरण विकसित किए गए हैं। इसके फ"
287,टेलीमेडिसिन का भविष्य,"टेलीमेडिसिन एक प्रौद्योगिकी है जो डिजिटल माध्यम के माध्यम से चिकित्सा सेवाएं प्रदान करती है। यह वर्चुअल कनेक्टिविटी के माध्यम से रोगी और चिकित्सक के बीच संपर्क स्थापित करती है और स्वास्थ्य सेवाओं को सुगम बनाती है।

टेलीमेडिसिन का भविष्य बहुत उज्ज्वल है। इसके कई लाभ हैं, जैसे कि दूरसंचार के माध्यम से डॉक्टर्स द्वारा रोगी की समस्या का निदान और उपचार करना, दूरस्थ इलाकों में चिकित्सा सेवाओं की पहुंच को सुविधाजनक बनाना, और लोगों को स्वास्थ्य देखभाल के लिए अधिक जागरूक बनाना।

टेलीमेडिसिन के उपयोग से डॉक्टर्स और"
288,मानसिक स्वास्थ्य और टेक्नोलॉजी,"मानसिक स्वास्थ्य और टेक्नोलॉजी दोनों ही एक व्यक्ति के जीवन में महत्वपूर्ण भूमिका निभाते हैं। आधुनिक दुनिया में टेक्नोलॉजी का उपयोग मानसिक स्वास्थ्य के क्षेत्र में भी बदलाव ला रहा है। 

टेक्नोलॉजी ने मानसिक स्वास्थ्य के क्षेत्र में सुधार किया है। मानो डिजिटल मानसिक स्वास्थ्य सेवाएं उपलब्ध होने के कारण, लोग अब अपने घर से ही मानसिक स्वास्थ्य सेवाएं प्राप्त कर सकते हैं। वेबसाइट, मोबाइल ऐप्स और ऑनलाइन सलाहकार द्वारा लोग अपने मानसिक संतुलन को सुधारने के लिए सहायता प्राप्त कर सकते हैं। 

दूसरी ओर, लंबे समय तक स्क्रीन के सामने ब"
289,पोषण और आहार में नई खोजें,"पोषण और आहार विज्ञान अब तकनीकी और वैज्ञानिक खोजों की दिशा में बड़े परिवर्तनों का साक्षी है। नई खोजें न केवल आहार के स्वास्थ्य लाभों को समझने में मदद करती हैं, बल्कि इसे सुरक्षित और स्वादिष्ट बनाने में भी मदद करती हैं।

वैज्ञानिक अनुसंधान और प्रौद्योगिकी ने आहार में विभिन्न पोषक तत्वों के संतुलन को समझने में मदद की है। उदाहरण के लिए, आधुनिक टेक्नोलॉजी ने अंडे के सफेद और पीले भागों में कैल्शियम की मात्रा को बढ़ाने का तरीका विकसित किया है। इसके अलावा, यह नई तकनीक निर्धारित मात्रा में पोषक तत्वों को आहार"
292,व्यायाम और फिटनेस ट्रैकिंग ऐप्स,"व्यायाम और फिटनेस ट्रैकिंग ऐप्स आजकल लोगों के लिए एक महत्वपूर्ण साधन बन गए हैं। ये ऐप्स उन्हें अपने व्यायाम और खान-पान की जानकारी को सुव्यवस्थित रूप से ट्रैक करने में मदद करते हैं। इन ऐप्स के माध्यम से लोग अपने लक्ष्यों को सेट कर सकते हैं, अपनी प्रगति को माप सकते हैं और संग्रहित डेटा के आधार पर अपने व्यायाम और खान-पान को समीक्षा कर सकते हैं।

ये ऐप्स विभिन्न फीचर्स के साथ आते हैं जैसे कि व्यायाम की गति, दूरी, कैलोरी संग्रहण, स्वास्थ्य डेटा रिपोर्ट्स, और टिप्स। कुछ ऐप्स मोटिवेशनल कोचिंग और समर्थन की सुविधा भी प्र"
290,विश्व के आश्चर्यजनक प्राकृतिक स्थल,"विश्व भर में अनगिनत प्राकृतिक स्थल हैं जो हमें अपनी सुंदरता और अद्भुतता से प्रभावित करते हैं। ये स्थल अपनी स्वाभाविक सौंदर्यता, विविधता और विशेषता के लिए प्रसिद्ध हैं।

एक तकनीकी लेखक के रूप में, मेरे लिए विश्व के कुछ आश्चर्यजनक प्राकृतिक स्थल जैसे की ग्रैंड कैनियन नेशनल पार्क (Grand Canyon National Park) और नाइगारा जलप्रपात (Niagara Falls) काफी प्रेरणादायक हैं। ग्रैंड कैनियन नेशनल पार्क का दृश्य अद्वितीय है और यहाँ की गहरी खाईयों और रंगीन परतों की अद्वितीयता का मैं वास्तव में आनंद लेता हूँ। दूसरी ओर, नाइगारा जलप्रपात की ऊंचाई और अ"
291,जीन थेरेपी की प्रगति,"जीन थेरेपी एक उत्कृष्ट तकनीक है जिसका उपयोग विभिन्न रोगों के इलाज में किया जाता है। यह तकनीक रोगी के अंतर्गत विकृत जीन को संशोधित या बदला जाता है ताकि उसके शारीरिक अवसाद को दूर किया जा सके। जीन थेरेपी के विकास में संज्ञानशीलता के साथ तकनीकी उन्नति का बड़ा योगदान रहा है।

जीन थेरेपी का उपयोग विभिन्न रोगों जैसे कि कैंसर, जीनेटिक विकार, मोटापा, मधुमेह, मस्तिष्क संबंधी रोग आदि के इलाज में किया जा रहा है। इस तकनीक के माध्यम से विशेष जीन को रोगी के शरीर में पहुंचाकर उसके लिए उपयुक्त परिवर्तन किया ज"
293,मानसिक स्वास्थ्य और टेक्नोलॉजी,"मानसिक स्वास्थ्य और तकनीकी उन्नति दोनों ही आधुनिक जीवन में महत्वपूर्ण भूमिका निभाते हैं। विज्ञान और तकनीक के क्षेत्र में हो रही तेजी से बदलाव ने हमारे जीवन को सरल बना दिया है, लेकिन इसके साथ ही इसने हमारी मानसिक स्वास्थ्य पर भी प्रभाव डाला है।

एक ओर तकनीकी उन्नति ने हमें डिजिटल युग में ले जाया है, जहाँ हम अपनी जरूरतों को आसानी से पूरा कर सकते हैं। इंटरनेट, सोशल मीडिया, मोबाइल एप्लिकेशन्स ने हमें ज्यादा जोड़ दिया है लेकिन इसके साथ ही यह भी सताने लगा है। लंबी समय तक स्क्रीन के सामने बैठना, ऑनलाइन हरकतों में इनवेस"
294,प्राचीन भारतीय विज्ञान और तकनीक,"प्राचीन भारतीय सभ्यता ने विज्ञान और तकनीक के क्षेत्र में अद्वितीय योगदान दिया है। वेद, उपनिषद, पुराण और अन्य धार्मिक ग्रंथों में भारतीय विचारधारा के अनुसार विज्ञान और तकनीक के विभिन्न पहलुओं का वर्णन किया गया है।

भारतीय गणितज्ञान का इतिहास बहुत प्राचीन है। भारतीय गणित की मूल गणितीय सिद्धांतों ने दुनिया को अज्ञात संख्याओं, वर्गमूल, गुणितक और विभाजक के सिद्धांतों का परिचय दिया। भारतीय गणितज्ञानी आर्यभट्ट ने ज्योतिष और गणित के क्षेत्र में अपने योगदान के लिए मशहूर हैं।

भारतीय वैज्ञानिक"
295,विश्व के आश्चर्यजनक प्राकृतिक स्थल,"विश्व में कई ऐसे प्राकृतिक स्थल हैं जो अपनी अद्वितीयता और शान्ति से लोगों को प्रभावित करते हैं। ये स्थल अपनी प्राकृतिक सुंदरता, वन्यजीव, जलवायु, और अनूठे प्राकृतिक रूपों के लिए मशहूर हैं। इनमें से कुछ प्रसिद्ध प्राकृतिक स्थल निम्नलिखित हैं:

1. ग्रैंड कैनयन, अमेरिका: यह विश्व का सबसे गहरा घाटी है जो कोलोरेडो नदी द्वारा निर्मित है। इसकी गहराई 1 मील तक हो सकती है।

2. एवरेस्ट बेस कैम्प, नेपाल: यह हिमालय पर्वत श्रृंखला में स्थित है और दुनिया का सबसे ऊंचा शिखर है।

3. एंटार्कटिका: यह पृथ्वी का सबसे अधिक"
296,विश्व के आश्चर्यजनक प्राकृतिक स्थल,"विश्व में कई ऐसे प्राकृतिक स्थल हैं जो अपनी अद्वितीयता और सौंदर्य के लिए प्रसिद्ध हैं। इन स्थलों में विभिन्न प्राकृतिक प्रक्रियाएं, परिसंघटन और रंग-बिरंगे प्राकृतिक रूप देखने को मिलते हैं।

एक ऐसा प्राकृतिक स्थल है 'ग्रैंड कैनयन' जो अमेरिका के उत्तर-पश्चिमी भाग में स्थित है। यह विश्व का सबसे गहरा और लंबा नाला है। यहाँ बने खाड़े और डीप कैनयन नामक गहरे कान्यों की दीवारें देखने लायक हैं। ग्रैंड कैनयन का दृश्य लगभग 18 मील चौड़ा और 1 मील गहरा है।

एक और अद्वितीय स्थल है 'नॉर्वे की नॉर्थेन लाइट"
297,व्यायाम और फिटनेस ट्रैकिंग ऐप्स,"व्यायाम और फिटनेस ट्रैकिंग ऐप्स आजकल लोगों के लाइफस्टाइल का महत्वपूर्ण हिस्सा बन गए हैं। ये ऐप्स लोगों को उनके व्यायाम और खानपान की गतिविधियों को ट्रैक करने में मदद करते हैं और स्वस्थ जीवनशैली को अनुकरण के लिए प्रेरित करते हैं।

इन ऐप्स की सहायता से आप अपने दिनचर्या में व्यायाम का समय निर्धारित कर सकते हैं, अपने व्यायाम की प्रगति को ट्रैक कर सकते हैं, अपने खानपान को मॉनिटर कर सकते हैं और अपने स्वास्थ्य स्टेटस को अनुसरण कर सकते हैं। ये ऐप्स आपको मोटिवेट करने के लिए भी टिप्स और सुझाव प्रदान करते हैं।

कुछ लोकप्रिय व्य"
298,विश्व के आश्चर्यजनक प्राकृतिक स्थल,"विश्व भर में हमें कई ऐसे आश्चर्यजनक प्राकृतिक स्थल मिलते हैं जो हमें अपनी अद्भुतता और प्राकृतिक सौंदर्य से प्रभावित कर देते हैं। ये स्थल वास्तव में प्रकृति की अद्वितीयता को दर्शाते हैं और हमें उसकी अद्वितीयता का आनंद लेने का मौका देते हैं।

दुनिया में कई ऐसी जगहें हैं जो अपने नैसर्गिक सौंदर्य के लिए प्रसिद्ध हैं। उदाहरण के लिए, ग्रेट ब्लू होल जो कैरिबियन सागर में स्थित है, एक विशेष प्राकृतिक स्थल है जो अपनी गहराई और विविधता के लिए प्रसिद्ध है। इसके अतिरिक्त, नाइग्रा जलप्रपात, एयर्ज़ रॉक्स और अंगेल फॉल्स"
299,टेलीमेडिसिन का भविष्य,"टेलीमेडिसिन एक तकनीकी उपाय है जिसके माध्यम से चिकित्सा सेवाएं दूरस्थ स्थानों पर पहुँचाई जा सकती हैं। यह तकनीक डिजिटल युग में चिकित्सा की सेवाओं को सुगम बनाती है और चिकित्सा क्षेत्र में क्रांति ला सकती है। 

टेलीमेडिसिन के भविष्य की दृष्टि से, इसका उपयोग और विस्तार होने की संभावना है। यह सिर्फ दूरस्थ इलाकों में ही नहीं, बल्कि अनिवासी अञ्चलों और गहरे गाँवों में भी चिकित्सा सेवाएं पहुँचाने में महत्वपूर्ण भूमिका निभाएगी। इससे लोगों को चिकित्सा सुविधाएं आसानी से उपलब्ध होंगी और उन्हें अधिक उचित चिकित्सा सेव"
300,टेलीमेडिसिन का भविष्य,"टेलीमेडिसिन एक विज्ञान है जो डिजिटल तकनीक का उपयोग करके दूरस्थ चिकित्सा सेवाएं प्रदान करता है। इसका उद्देश्य मरीजों को वास्तविक समय में चिकित्सा सेवाएं प्राप्त करने में मदद करना है। टेलीमेडिसिन का भविष्य बहुत उज्जवल है।

पहले, टेलीमेडिसिन से लोगों को अस्पताल जाने की आवश्यकता कम होगी। यह विशेषकर ग्रामीण क्षेत्रों में बड़ी समस्या है जहां चिकित्सीय सुविधाएं कम हैं।

दूसरे, टेलीमेडिसिन से डॉक्टर्स अपने मरीजों के साथ अधिक संपर्क में रह सकेंगे। वे उन्हें ज्यादा नजदीक से मॉनिटर कर सकेंगे और उचित देखभाल प्र"
301,जीन थेरेपी की प्रगति,"आधुनिक जीवनशैली और विज्ञान के क्षेत्र में हमें लगातार नए उत्पादों और सेवाओं की आवश्यकता है। इसके साथ ही मेडिकल साइंस में भी नई तकनीकों और उपचारों की तलाश रहती है। इसकी एक उदाहरण है जीन थेरेपी जो इलाज के क्षेत्र में एक बड़ी परिवर्तन ला सकती है।

जीन थेरेपी एक उपचार प्रणाली है जिसमें विशेष जीन्स को इंसानी शरीर में पहुँचाकर विकार को ठीक करने का प्रयास किया जाता है। यह नैतिक, साइंटिफिक, तकनीकी और मेडिकल चुनौतियों से भरपूर है, लेकिन इसका उपयोग कई गंभीर रोगों जैसे कि कैंसर, मधुमेह, तनाव, एचआईवी और"
302,वैक्सीन विकास में नई तकनीकें,"वैक्सीन विकास एक महत्वपूर्ण क्षेत्र है जो स्वास्थ्य सेवाओं को सुधारने में महत्वपूर्ण भूमिका निभाता है। नवीनतम तकनीकों के प्रयोग से वैक्सीन विकास की गति में वृद्धि हो रही है।

1. **मॉडर्ना और पैफाइजर वैक्सीन**: ये RNA आधारित वैक्सीन हैं जिन्होंने कोरोना वायरस के खिलाफ लड़ाई में महत्वपूर्ण भूमिका निभाई है। ये वैक्सीन तेजी से विकसित की गई और अच्छे परिणाम दिखा रही हैं।

2. **ऑक्सफोर्ड-एस्ट्राजेनेका वैक्सीन**: यह वैक्सीन विरासती तकनीक का उपयोग करती है और कोविड-19 के लिए विकसित की गई है। इसका विकास और उ"
303,पोषण और आहार में नई खोजें,"आधुनिक विज्ञान और प्रौद्योगिकी के विकास के साथ, पोषण और आहार के क्षेत्र में भी नई खोजें हो रही हैं। ये खोजें लोगों के स्वास्थ्य और जीवन में सुधार लाने के लिए महत्वपूर्ण हैं।

एक नई खोज जिसे हाल ही में किया गया है, वो है 'फूड बायोमार्कर्स'। इस तकनीक से आहार में विशेष पृष्ठबंधक पृष्ठभूमियों को शोधने में सहायकता मिलती है, जिससे आहार की गुणवत्ता और सुरक्षा को सुनिश्चित किया जा सकता है।

दूसरी तकनीक जिसमें वैज्ञानिक अद्भुत प्रगति हुई है, वो है '3D प्रिंटेड फूड'। इस तकनीक का उपयोग करके विभिन्न प्रकार"
304,जीन थेरेपी की प्रगति,"जीन थेरेपी एक विज्ञान की उच्चतम शाखा है जो विभिन्न रोगों और खतरनाक रोगों के इलाज के लिए उम्मीद की किरण है। यह उपचार तकनीक रोग प्रतिरोधीता, कैंसर, जननांग समस्याएँ, ऊतक क्षति और दिल की बीमारियों में मदद करने के लिए उपयोग किया जा रहा है।

जीन थेरेपी का काम विशेष धुरी जीनों को इंजेक्शन के रूप में मरीज के शरीर में पहुंचाने के लिए होता है। इन जीनों की मदद से डीएनए या जीनेटिक अदिस्थान को संशोधित किया जा सकता है, जिससे रोग का उपचार संभव हो सकता है।

जीन थेरेपी के कई विभिन्न प्रकार हैं, जैसे कि एक्सीजन वेक्टर"
305,खेलों का विकास और उनका सामाजिक प्रभाव,"खेलों का विकास और उनका सामाजिक प्रभाव

खेलें मानव जीवन का महत्वपूर्ण हिस्सा हैं जो व्यक्ति के दिमाग, शारीरिक स्थिति और सामाजिक संबंधों में सुधार करते हैं। खेलों का विकास न केवल शारीरिक स्‍वास्‍थ्‍य को सुधारता है बल्कि मानसिक और सामाजिक स्‍वास्‍थ्‍य के लिए भी बेहद महत्‍वपूर्ण है।

खेलों के खेलने से व्यक्ति की मानसिक क्षमता और ध्यान स्थिर होता है। व्यक्ति को समस्याओं का सामना करने की क्षमता मिलती है और उसे अनुकूलित करने की क्षमता विकसित होती है। साथ ही, खेल खेलने से स्वास्थ्य के साथ-साथ सामाजिक जीवन में भी सकारात्मक पर"
306,प्राचीन भारतीय विज्ञान और तकनीक,"प्राचीन भारतीय सभ्यता ने विज्ञान और तकनीक के क्षेत्र में अपनी महत्वपूर्ण योगदान दिया है। भारतीय संस्कृति में विज्ञान और तकनीक के विकास का इतिहास बहुत प्राचीन है और इसे आज भी मान्यता मिलती है।

वैदिक समय में भारत में अनेक विज्ञानिक और तकनीकी अविष्कार किए गए थे। गणित, ज्योतिष, अंकगणित, गणितीय खेल, धातुरेखा और तारे इत्यादि विषयों पर भारतीय वैज्ञानिकों ने महत्वपूर्ण योगदान दिया। अयुर्वेद, योग, मेधा शास्त्र, गणित, ज्योतिष आदि भारतीय ज्ञान के क्षेत्र में विशेष महत्व रखते हैं।

भारतीय वैज्ञ"
308,अंतरिक्ष अन्वेषण का इतिहास,"अंतरिक्ष अन्वेषण एक विज्ञान शाखा है जो विश्व के बाहरी क्षेत्रों की अध्ययन करती है। इसका इतिहास बहुत पुराना है और इसमें कई महत्वपूर्ण घटनाएं शामिल हैं।

अंतरिक्ष अन्वेषण की शुरुआत लगभग 20वीं सदी के पहले हुई थी। सबसे पहले अंतरिक्ष यात्रा का प्रयास जर्मनी के रॉकेट इंजीनियर हेरमान ओबर्थ ने 1942 में किया था। उन्होंने 'वर्ग ए' रॉकेट का विकास किया था जिसका उपयोग नाजी जर्मनी द्वारा किया गया था।

युद्ध के बाद, अंतरिक्ष अन्वेषण की दुनिया में एक नया युग शुरू हुआ। 1957 में सोवियत संघ ने पहला उपग्रह, स्पुटनिक"
307,व्यायाम और फिटनेस ट्रैकिंग ऐप्स,"आजकल व्यायाम और फिटनेस का महत्व बढ़ गया है और लोग अपने स्वास्थ्य को बेहतर बनाने के लिए व्यायाम कर रहे हैं। इसके साथ ही व्यायाम और फिटनेस ट्रैकिंग ऐप्स का भी उपयोग बढ़ रहा है। ये ऐप्स आपको अपने व्यायाम सत्र को ट्रैक करने, आहार की जानकारी रखने, नींद और व्यवहार की गतिविधियों का अनुपात विश्लेषण करने में मदद करते हैं।

ये ऐप्स आपके व्यायाम सत्र की प्रगति को ट्रैक करने में मदद करते हैं, जैसे कि कितना समय आपने व्यायाम किया, कितनी कैलोरी जला दी, और कितना दूरी दौड़ी आदि। इसके साथ ही ये ऐप्स आपको उचित आहार की ज"
311,अंतरिक्ष अन्वेषण का इतिहास,"अंतरिक्ष अन्वेषण एक विज्ञान और तकनीकी क्षेत्र है जिसमें मानव संसाधनों का उपयोग करके अंतरिक्ष की अध्ययन और अनुसंधान किया जाता है। यह एक रोमांचक और विस्तृत क्षेत्र है जिसमें विज्ञान, इंजीनियरिंग, गणित और तकनीकी क्षेत्रों के अनेक विशेषज्ञों का सहयोग होता है।

अंतरिक्ष अन्वेषण का इतिहास बहुत पुराना है। प्राचीन समय से ही मानव ने स्वर्ग, चंद्रमा और अन्य ग्रहों के बारे में जानने का प्रयास किया है। विश्व के विभिन्न क्षेत्रों से वैज्ञानिक और अभियांत्रिकी क्षमताएं मिलकर अंतरिक्ष अनुसंधान को आगे बढ़ाने में मदद कर रह"
310,खेलों का विकास और उनका सामाजिक प्रभाव,"खेलों का विकास और उनका सामाजिक प्रभाव

खेलों का खेलना हमारे जीवन में महत्वपूर्ण भूमिका निभाता है। खेल न केवल हमारे शारीरिक स्वास्थ्य के लिए अच्छा होता है, बल्कि मानसिक स्वास्थ्य और सामाजिक संबंधों के विकास में भी मददगार साबित होता है।

खेल खेलने से हमारे शारीरिक क्षमताएँ बढ़ती हैं और हमारी मांसपेशियों को मजबूती मिलती है। साथ ही, खेल करने से हमारा दिमाग भी तेज होता है और हम लम्बे समय तक ध्यान केंद्रित रख पाते हैं।

खेलों का सामाजिक प्रभाव भी काफी महत्वपूर्ण है। खेल करने से हम टीमवर्क, सहयोग, और अनुशासन सीखते हैं। ख"
309,जीन थेरेपी की प्रगति,"जीन थेरेपी एक उत्कृष्ट तकनीक है जिसका उपयोग विभिन्न जन्तुओं और मनुष्यों में जेनेटिक विकारों को संशोधित करने के लिए किया जाता है। यह विज्ञानिक अविष्कार काफी रोचक है और वैज्ञानिक समुदाय के लिए एक बड़ा कदम साबित हो रहा है।

जीन थेरेपी के माध्यम से वैज्ञानिक जीनों को संशोधित करके विभिन्न रोगों जैसे कैंसर, मधुमेह, अल्जाइमर, मस्कुलर डिस्ट्रोफी आदि के इलाज में मदद की जा रही है। जीन थेरेपी का उपयोग इन रोगों के इलाज में बहुत सकारात्मक परिणाम दिखा रहा है।

जीन थेरेपी के विकास में विज्ञान के कई क्षेत्रों का स"
312,टेलीमेडिसिन का भविष्य,"टेलीमेडिसिन एक विज्ञानात्मक क्रांति है जो डिजिटल तकनीक का उपयोग करके स्वास्थ्य सेवाओं को पहुँचाने की दिशा में हो रही है। यह विधियाँ चिकित्सा देखभाल, निदान, उपचार, और स्वास्थ्य जानकारी प्रदान करने के लिए इंटरनेट और अन्य डिजिटल साधनों का उपयोग करती है।

टेलीमेडिसिन का भविष्य बहुत उज्जवल है। इसके माध्यम से लोग दूरस्थ इलाकों में जीवन बचाने और बेहतर स्वास्थ्य सेवाएं प्राप्त करने की संभावना होती है। विशेषज्ञ चिकित्सकों और रुचि रखने वाले व्यक्तियों के बीच संपर्क को मजबूत किया जा सकता है।

टेलीमेडिसिन की विकास"
313,विश्व की महान वास्तुकला,"वास्तुकला एक ऐसी कला है जो मानव सभ्यता के विकास का प्रमुख हिस्सा है। विश्व भर में विभिन्न शैलियों और कलाओं के साथ, वास्तुकला एक समृद्ध और महत्वपूर्ण क्षेत्र है।

विश्व की महान वास्तुकला में से कुछ उदाहरण शामिल हैं - एजिप्ट के पिरामिड, जिनकी वैज्ञानिक और तकनीकी विशेषताएँ आज भी हमें चौंका देती हैं। यहाँ तक कि भारत के ताज महल जैसी इमारतें भी एक अद्वितीय संगीत का प्रतीक हैं।

वास्तुकला के अलावा, उसका महत्व भी आत्म समर्पण और देखभाल के अद्वितीय विशेषताओं में होता है। अविश्वसनीय विस्तार और उत्कृष्टता के साथ,"
316,विश्व की महान वास्तुकला,"विश्व की महान वास्तुकला एक ऐसा क्षेत्र है जिसने मानव सभ्यता को विभिन्न आयामों में व्यक्ति कला की अद्वितीयता और सौंदर्यता के साथ अभिव्यक्ति की स्वतंत्रता प्रदान की है। वास्तुकला न केवल इमारतों और नगरीय विकास की दृष्टि से महत्वपूर्ण है, बल्कि यह मानव समाज के सांस्कृतिक और ऐतिहासिक पहलुओं का प्रतिबिम्ब भी है।

विश्व की महान वास्तुकला में प्य्रामिड, ग्रीक और रोमन शैली, मुगल शैली, गोथिक शैली, रोमान्टिक शैली, मॉडर्न और समकालीन वास्तुकला के भिन्न-भिन्न रूपों का उल्लेख किया जा सकता है। इनमें से प्रत्येक शैली अपने समय"
314,विश्व की महान वास्तुकला,"वास्तुकला एक ऐसी कला है जो हमारे समाज और संस्कृति का महत्वपूर्ण हिस्सा है। विश्व की महान वास्तुकला का प्रभाव इसके साहित्य, दर्शन, और सामाजिक संदेशों पर दिखाई देता है।

एजियाई महान वास्तुकला की बात करें तो अंगकोर वाट, ताजमहल, बोरोबुदुर, जिंदा दरवाजा, टाजिकिस्तान की खुजंद मस्जिद जैसे अनेक विश्व प्रसिद्ध कला स्थल हैं। ये इमारतें अपनी उम्दा वास्तुकला, भव्यता और अद्वितीय डिज़ाइन के लिए प्रसिद्ध हैं।

यदि हम यूरोपीय महान वास्तुकला की बात करें तो पेरिस के नोट्र डेम, लंदन के स्टील स्ट्रक्चर, फ्रांकफर्ट के ग्लास वॉ"
315,व्यायाम और फिटनेस ट्रैकिंग ऐप्स,"व्यायाम और फिटनेस ट्रैकिंग ऐप्स आजकल सेहत संबंधित जीवनशैली के लिए बहुत महत्वपूर्ण हो गए हैं। इन ऐप्स की मदद से हम अपने व्यायाम, भोजन, नींद और सेहत से जुड़ी अन्य गतिविधियों का ट्रैक रख सकते हैं। ये ऐप्स हमें मानसिक और शारीरिक स्वास्थ्य की देखभाल के लिए महत्वपूर्ण जानकारी और सुझाव प्रदान करते हैं।

व्यायाम और फिटनेस ट्रैकिंग ऐप्स की मदद से हम अपने व्यायाम सत्र, उपभोक्ता कैलोरी, वजन, दूरी आदि को ट्रैक कर सकते हैं। इन ऐप्स में आपको अलार्म, रिमाइंडर, व्यायाम की सेटिंग्स, आहार की जानकारी, समय सारणी और अ"
317,पोषण और आहार में नई खोजें,"पोषण और आहार एक स्वस्थ और सकारात्मक जीवन जीने के लिए महत्वपूर्ण हैं। नवीनतम वैज्ञानिक खोजें इन दोनों क्षेत्रों में नए उद्भवों की दिशा में काम कर रही हैं।

आधुनिक और उत्कृष्ट पोषण तकनीकों ने हमें स्वस्थ जीवन जीने के लिए नए द्वार खोले हैं। उदाहरण के लिए, जीनेटिक इंजीनियरिंग की मदद से विभिन्न पोषक तत्वों को खाद्य पदार्थों में जोड़कर उनकी गुणवत्ता को बढ़ाया जा सकता है। इससे उन लोगों की मदद की जा सकती है जो किसी खास पोषणीय तत्व की कमी से पीड़ित हैं।

आहार उत्पादन में भी नवीनतम खोजें उद्भ"
320,खेलों का विकास और उनका सामाजिक प्रभाव,"खेलों का विकास और उनका सामाजिक प्रभाव

खेल मनुष्य के जीवन का एक महत्वपूर्ण हिस्सा है और इसका विकास उसके सामाजिक, शारीरिक और मानसिक दृष्टिकोण को प्रभावित करता है। खेलों का खेलना, जीतना और हारना मनोरंजन से ज्यादा है। वे हमें सहयोग, संन्यास, उत्साह और अनुशासन सिखाते हैं।

खेल समृद्ध समाज के लिए आवश्यक हैं क्योंकि वे जमीन, वायु, जल और आकाश के साथ जुड़े होते हैं और इन्हें संतुलित रखने में मदद करते हैं। खेल भी सामाजिक मेलजोल, टीमवर्क, सहयोग और समर्पण का अवसर प्रदान करते हैं।

खेलों का खेलना शारीरिक स्वास्थ्य के"
321,जीन थेरेपी की प्रगति,"जीन थेरेपी एक नया चिकित्सा पद्धति है जिसमें विज्ञान और तकनीक का उपयोग करके विकारित जीनों को संशोधित या ठीक किया जाता है। यह विधि विभिन्न रोगों जैसे कि कैंसर, जीनेटिक विकार, उच्च रक्तचाप, मोटापा आदि के इलाज में महत्वपूर्ण भूमिका निभा सकती है।

जीन थेरेपी में जीनों के संशोधन के लिए विभिन्न तकनीकों का उपयोग किया जाता है। इसमें जीन थेरेपी, कार्यक्षम जीन थेरेपी, जीन संशोधन, रेजिनरेटिव मेडिसिन, और जीन टारगेटेड थेरेपी जैसी प्रक्रियाएं शामिल होती हैं।

जीन थेरेपी की प्रगति ने चिकित्सा क्षेत्र में एक बड़ा"
318,भारतीय संस्कृति में त्योहारों का महत्व,"भारतीय संस्कृति में त्योहारों का विशेष महत्व है। ये त्योहार हमारे जीवन को रंगीन और खुशनुमा बनाते हैं। भारतीय संस्कृति में विभिन्न धर्मों, समुदायों और क्षेत्रों के अनुसार अनेक प्रकार के त्योहार मनाए जाते हैं।

त्योहारों का महत्व यह है कि वे समाज में एकता, समरसता और सहयोग की भावना को बढ़ाते हैं। इन त्योहारों के दौरान लोग एक-दूसरे के साथ खुशी और प्यार साझा करते हैं। ये त्योहार समाज में एक मिठास और खुशहाली का वातावरण बनाते हैं।

भारतीय संस्कृति में त्योहारों को धार्मिक, सामाजिक और सांस्कृतिक महत्व है। इन त्योह"
319,पोषण और आहार में नई खोजें,"पोषण और आहार में नई खोजें का महत्वपूर्ण योगदान है जो सामाजिक और आर्थिक स्तर पर स्वास्थ्य को सुधारने में मदद कर सकता है। ये नई खोजें हमें उन आहार तत्वों के बारे में जागरूक कराती हैं जो हमारे शरीर के लिए फायदेमंद होते हैं। इसके साथ ही, ये खोजें हमें ऐसे खाद्य पदार्थों की ओर बढ़ने की सलाह देती हैं जो हमें स्वस्थ रहने में मदद कर सकते हैं।

आधुनिक विज्ञान और प्रौद्योगिकी के उत्थान के साथ, खोजनेवाले अब आहार और पोषण के क्षेत्र में नए समाधान ढूंढ रहे हैं। उन्होंने उदाहरण के लिए ग्लूटेन-फ्री आहार, वेजेटेरियन"
323,मानसिक स्वास्थ्य और टेक्नोलॉजी,"मानसिक स्वास्थ्य और तकनीकी उन्नति के बीच गहरा संबंध है। आधुनिक दुनिया में तकनीकी उपकरणों ने मानसिक स्वास्थ्य के क्षेत्र में भी क्रांति ला दी है। विभिन्न मानसिक समस्याओं के लिए आधुनिक तकनीकी साधनों का उपयोग किया जा रहा है। 

डिजिटल माध्यमों के माध्यम से मानसिक स्वास्थ्य सेवाएं पहुंचाना, मानसिक समस्याओं का पहचानना और इलाज करने में महत्वपूर्ण भूमिका निभा रहा है। आज के समय में अनलाइन काउंसलिंग सेशन, मेंटल हेल्थ ऍप्स और डिजिटल थेरेपी की मदद से लोग अपनी मानसिक समस्याओं पर काम कर सकते हैं। 

साथ ही, तकनीकी उपकरणों का उपयोग मानसिक"
324,पोषण और आहार में नई खोजें,"पोषण और आहार के क्षेत्र में नई खोजें बहुत महत्वपूर्ण हैं क्योंकि ये हमारे स्वास्थ्य और विकास के लिए अत्यंत महत्वपूर्ण हैं। वैज्ञानिक और शोधकर्ताओं द्वारा की जा रही नई खोजें और अनुसंधान हमें नए और सुरक्षित आहार के स्रोतों का पता लगाने में मदद कर रहे हैं। 

एक उदाहरण के रूप में, वैज्ञानिकों ने पोषण की दृष्टि से धूली दाल की महत्वपूर्णता को पुनः साबित किया है। इसमें उच्च मात्रा में प्रोटीन, विटामिन, खनिज तत्व और एंटीऑक्सीडेंट्स होते हैं जो हमारे शरीर के लिए बहुत फायदेमंद होते हैं। इसके अलावा, शोधकर्त"
322,वैक्सीन विकास में नई तकनीकें,"वैक्सीन विकास में नई तकनीकें एक महत्वपूर्ण क्षेत्र हैं जो स्वास्थ्य सेवाओं को मजबूती देते हैं। नई तकनीकों के प्रयोग से वैक्सीनों की अधिक सुरक्षित और प्रभावी बनाने के लक्ष्य को हासिल किया जा सकता है। 

एक नई तकनीक है mRNA वैक्सीन, जिसमें वायरस के खिलाफ उत्तेजक प्रोटीन को उत्पन्न करने के लिए मेसेंजर RNA का उपयोग किया जाता है। यह वैक्सीन कोविड-19 जैसी बीमारियों के लिए अच्छी साबित हो रही है। 

दूसरी तकनीक है DNA वैक्सीन, जिसमें वायरस के DNA ऑनलाइन डेटाबेस से प्राप्त किया जाता है। यह वैक्सीन भी विभिन्न रोगों के खिलाफ लक्षण"
326,वैक्सीन विकास में नई तकनीकें,"वैक्सीन विकास में नई तकनीकें

वैक्सीन विकास में साथी तकनीकों के विकास ने एक नया मायाना खोला है। इन नई तकनीकों ने वैक्सीन विकास की गति को तेजी से बढ़ा दिया है और उम्मीदों को नए उच्चाधिकारी दिखाने की क्षमता दी है।

एक ऐसी नई तकनीक है mRNA वैक्सीन, जिसने COVID-19 वैक्सीन विकसित करने में महत्वपूर्ण भूमिका निभाई है। इस तकनीक में, वायरस के mRNA को उत्पन्न किया जाता है और यह मानव शरीर में प्रोटीन उत्पन्न करने के लिए उत्तेजित करता है, जिससे शरीर को वायरस के खिलाफ रोगाणु बनाने की क्षमता प्राप्त होती है।

एक और उभरती हुई तकनी"
325,खेलों का विकास और उनका सामाजिक प्रभाव,"खेलों का विकास और उनका सामाजिक प्रभाव

खेलों का विकास और उनका सामाजिक प्रभाव विशेष रूप से बच्चों और युवाओं के लिए महत्वपूर्ण है। खेलने के माध्यम से वे न केवल शारीरिक रूप से स्वस्थ रहते हैं, बल्कि मानसिक और सामाजिक रूप से भी विकसित होते हैं। खेलने से वे अपने साथीयों के साथ टीम बनाने का अभ्यास करते हैं, सहयोग और समर्थन की भावना विकसित होती है।

खेलों के माध्यम से बच्चों को जीतने और हारने का सामना करने की क्षमता विकसित होती है, जो उन्हें जीवन में उत्तरदायित्वपूर्ण नागरिक बनाती है। इसके साथ ही खेलों से वे संयम, धैर्य और समर"
329,विश्व की महान वास्तुकला,"वास्तुकला एक ऐसी कला है जो हमारे जीवन को सुंदर और आकर्षक बनाती है। इस कला का संबंध न केवल इमारतों और स्थापत्य संरचनाओं से है, बल्कि यह हमारे सामाजिक और सांस्कृतिक जीवन के साथ भी जुड़ी हुई है। विश्व की महान वास्तुकला की विरासत को समझने के लिए हमें दुनिया भर में विभिन्न देशों के विभिन्न वास्तुकला संरचनाओं का अध्ययन करना चाहिए।

भारत में वास्तुकला की प्राचीनता विश्व की सबसे प्राचीन वास्तुकला मानी जाती है। हमारे देश में खजुराहो, कोंकण, अजंता और एलोरा जैसे स्थानों पर स्थित मंदिरों और गुफाओं की वास्तुकला महान है। इन स्थलो"
328,भारतीय संस्कृति में त्योहारों का महत्व,"भारतीय संस्कृति में त्योहारों का बहुत महत्व है। ये त्योहार हमारे जीवन में आनंद, समरसता, एकता और परंपरा को साझा करने का माध्यम होते हैं। भारत में विभिन्न धर्मों, समुदायों और राज्यों में अलग-अलग त्योहार मनाए जाते हैं, जिनकी विविधता हमारी संस्कृति को और भी रंगीन और समृद्ध बनाती है।

त्योहार हमें अपने परंपरागत मूल्यों को याद दिलाते हैं और हमें संगठित रूप से रहने की शिक्षा देते हैं। इन अवसरों पर हम परिवार और दोस्तों के साथ समय बिताकर खुशियों का जश्न मनाते हैं। त्योहारों में खास भोजन, रंग-बिरंगे कपड़े, गीत-सं"
327,अंतरिक्ष अन्वेषण का इतिहास,"अंतरिक्ष अन्वेषण एक रोमांचक क्षेत्र है जिसमें मानव चाँद, ग्रह और ब्रह्मांड की अनगिनत रहस्यमय गहराईयों को खोजने के लिए प्रयासरत है। इस क्षेत्र में अनगिनत खोजों, उपलब्धियों और नए खोजों का इतिहास बहुत रोमांचक और महत्वपूर्ण है।

अंतरिक्ष अन्वेषण की शुरुआत गुप्तकाल से ही हुई थी, जब लोग स्वर्ग और नक्षत्रों की दुनिया को जानने के लिए उत्साहित थे। विज्ञान की दुनिया में अंतरिक्ष का अध्ययन अद्वितीय और रोमांचक है।

आज, अंतरिक्ष अन्वेषण का क्षेत्र विज्ञान, तकनीक और अनुसंधान में अग्रणी है। भारत भी अंतर"
330,टेलीमेडिसिन का भविष्य,"टेलीमेडिसिन एक तकनीकी योजना है जिसका उद्देश्य मरीजों को दूरस्थ स्थान से स्वास्थ्य सेवाएं प्राप्त करने में मदद करना है। इस तकनीकी योजना के माध्यम से चिकित्सा परामर्श, निदान, उपचार, दवाओं की व्यवस्था, और रुग्णों की देखभाल की जा सकती है।

टेलीमेडिसिन का भविष्य बहुत उज्जवल है। यह तकनीकी योजना स्वास्थ्य सेवाओं को उन लोगों तक पहुंचाने में मददगार साबित हो सकती है जो गांवों या असुलभ क्षेत्रों में रहते हैं। इसके माध्यम से डॉक्टर रुग्ण की स्थिति का मूल्यांकन कर सकते हैं और उपयुक्त उपचार उपलब्ध करा सकते हैं।

इसके"
331,वैक्सीन विकास में नई तकनीकें,"वैक्सीन विकास में नई तकनीकें

वैक्सीन विकास में तकनीकों का महत्वपूर्ण योगदान है जो नए और प्रभावी वैक्सीनों का निर्माण सुनिश्चित करते हैं। वैक्सीन विकास एक विशेषज्ञ डोमेन है जिसमें नवाचार और तकनीकी अद्यावधिकता की आवश्यकता है। यहां कुछ नवीनतम तकनीकों का उल्लेख है जो वैक्सीन विकास के क्षेत्र में उपयोग किया जा रहा है:

1. mRNA वैक्सीन: mRNA वैक्सीन एक नई प्रकार की वैक्सीन है जो जेनेटिक इंजीनियरिंग के माध्यम से विकसित की जाती है। यह वैक्सीन कोविड-19 वैक्सीन के रूप में तेजी से विकसित की गई थी और इसका परिण"
334,भारतीय संस्कृति में त्योहारों का महत्व,"भारतीय संस्कृति में त्योहारों का विशेष महत्व है। ये त्योहार हमारे समाज की सांस्कृतिक धरोहर को जीवंत रखते हैं और समृद्धि और सामर्थ्य की भावना को उत्पन्न करते हैं। भारतीय त्योहार वर्षभर आते रहते हैं और हर त्योहार की अपनी विशेषता होती है।

भारतीय संस्कृति में त्योहारों का महत्व उसके सामाजिक, सांस्कृतिक और आर्थिक पहलुओं को दर्शाता है। ये त्योहार लोगों को एक साथ लाने का काम करते हैं और उनमें समृद्धि और खुशियों का आत्मसात करते हैं। त्योहारों के दौरान लोग आपस में मिलने, खुशियां बाँटने और एक-दूसरे के साथ समय बित"
333,प्राचीन भारतीय विज्ञान और तकनीक,"प्राचीन भारतीय सभ्यता ने विज्ञान और तकनीक में भी महत्वपूर्ण योगदान दिया है। वे उस समय के तकनीकी उद्भावों को जानकर हैरान हो जाते हैं। भारतीय गणित के बारे में हमारी पुरानी पुस्तकों और ग्रंथों में बहुत कुछ लिखा है। भारतीय गणित में शून्य की खोज, गणितीय रूपांतरण, और गणितीय सिद्धांतों का विकास हुआ। 

वैदिक काल में भारत ने अद्वितीय विज्ञान की खोज की थी, जैसे गणित, खगोल और धातुरोग। यूनानी, चीनी और अरबी यात्रियों ने भारतीय विज्ञान और तकनीक की महत्वपूर्ण जानकारी हासिल की। 

प्राचीन भारतीय चिकित्सा"
332,विश्व के आश्चर्यजनक प्राकृतिक स्थल,"विश्व भर में अनगिनत प्राकृतिक स्थल हैं जिनकी सुंदरता और विशेषता ने मानव जनजाति को हमेशा प्रभावित किया है। यहाँ हम कुछ ऐसे आश्चर्यजनक प्राकृतिक स्थलों के बारे में चर्चा करेंगे जो विश्व के अद्भुततम स्थलों में से कुछ हैं।

1. ग्रैंड कैनयन, कनाडा: ग्रैंड कैनयन को दुनिया का सबसे गहरा नदी नाला माना जाता है, जिसकी ऊंचाई 1600 मीटर से भी अधिक है। यहाँ की खूबसूरत झीलें और उच्च पर्वत रेंज दर्शकों को मंत्रमुग्ध कर देती हैं।

2. नाइग्रा जलप्रपात, कनाडा: नाइग्रा जलप्रपात एक और लोकप्रिय प्राकृतिक आकर्षण है जो अपने विशाल आ"
336,अंतरिक्ष अन्वेषण का इतिहास,"अंतरिक्ष अन्वेषण एक ऐतिहासिक प्रक्रिया है जिसमें मानव समुदाय ने खगोल विज्ञान और तकनीक के माध्यम से खगोलीय आकाश और उसके अंदर निहित रहस्यों की खोज की है। अंतरिक्ष अन्वेषण का इतिहास बहुत प्राचीन है जब मानव ने पहले बार स्थिर रहने वाले तारों को ध्यान से देखना शुरू किया।

विज्ञानी गैलिलियो ने 17वीं सदी में बिनोक्यूलर टेलीस्कोप का आविष्कार किया, जिससे वे चंद्रमा की सतह की तारे और ग्रहों की चित्रण करने में सफल रहे। इसके बाद, अंतरिक्ष यातायात की शुरुआत एक समर्थ यातायात प्रणाली के साथ 20वीं सदी में हुई। स्पुतनिक-1 के प्रक"
335,विश्व के आश्चर्यजनक प्राकृतिक स्थल,"विश्व भर में हमें कई ऐसे आश्चर्यजनक प्राकृतिक स्थल मिलते हैं जो हमें अपनी अद्भुतता और सुंदरता से प्रभावित करते हैं। इन स्थलों में प्राकृतिक सौंदर्य, वन्यजीव, जलस्रोत, पहाड़, झीलें और विविध प्रकार की जलवायु संश्लेषण मिलता है।

दुनिया में कई प्राकृतिक स्थल हैं जो वास्तव में हमें हैरान और प्रेरित करते हैं। उनमें से कुछ प्रमुख स्थल निम्नलिखित हैं: 

1. ग्रैंड कैनयन, अमेरिका - यह विश्व का सबसे गहरा घाटी है जो कोलोराडो नदी द्वारा निर्मित है।
2. विक्टोरिया जलप्रपात, ज़िम्बाब्वे - यह जलप्रपात एफ्रिका का सबसे बड़ा जलप्रप"
337,अंतरिक्ष अन्वेषण का इतिहास,"अंतरिक्ष अन्वेषण एक उच्च तकनीकी क्षेत्र है जिसमें मानव और उपग्रह अध्ययन के लिए अंतरिक्ष में निर्धारित कार्य किया जाता है। अंतरिक्ष अन्वेषण का इतिहास बहुत पुराना है और इसमें कई महत्वपूर्ण घटनाएं शामिल हैं।

प्राचीन समय में भी लोग अंतरिक्ष की उपेक्षा नहीं करते थे। वैदिक काल में ऋषियों ने अंतरिक्ष के अद्भुत रहस्यों का अन्वेषण किया था। उन्होंने ग्रहों के गतिविधियों को अध्ययन किया और उनके बारे में अनुमान लगाए।

आधुनिक युग में अंतरिक्ष अन्वेषण की शुरुआत रॉकेट्री के विकास से हुई। 20वीं सदी में विभिन्न द"
338,मानसिक स्वास्थ्य और टेक्नोलॉजी,"मानसिक स्वास्थ्य एक अत्यंत महत्वपूर्ण विषय है जिसपर टेक्नोलॉजी का भी गहरा प्रभाव होता है। आजकल कंप्यूटर, मोबाइल फोन, इंटरनेट आदि के उपयोग से मानसिक स्वास्थ्य सुधारने के लिए अनेक संभावनाएं हैं। 

टेक्नोलॉजी के माध्यम से लोग अपनी मानसिक समस्याओं को साझा करने और समझने में सहायता प्राप्त कर सकते हैं। वेबसाइट्स, मोबाइल ऐप्स, ऑनलाइन कन्सल्टेशन के माध्यम से लोग मानसिक स्वास्थ्य सेवाएं प्राप्त कर सकते हैं। इसके अलावा, ध्यान, मनोविज्ञान, और मनोचिकित्सा के क्षेत्र में भी नवीनतम तकनीकी उपकरणों का उपयोग होता है। 

आधुनिक तकन"
339,अंतरिक्ष अन्वेषण का इतिहास,"अंतरिक्ष अन्वेषण एक तकनीकी क्षेत्र है जो मानव समुदाय के लिए बहुत महत्वपूर्ण है। अंतरिक्ष अनुसंधान का इतिहास बहुत पुराना है। प्राचीन ग्रीक और रोमन साहित्य में भी अंतरिक्ष के रहस्य का वर्णन मिलता है।

आधुनिक अंतरिक्ष अनुसंधान की शुरुआत 20वीं सदी में हुई जब अंतरिक्ष यान उड़ान भरने लगे। 1957 में सोवियत संघ ने स्पुटनिक-1 का प्रक्षेपण किया जिससे अंतरिक्ष युग का आरंभ हुआ। इसके बाद अंतर्राष्ट्रीय अंतरिक्ष मिशन के लिए अनेक कार्यक्रम चलाए गए।

1969 में अमेरिका ने अपोलो-11 मिशन के जरिए अंतरिक्ष में चंद्रमा पर मानव की पहली उ"
340,अंतरिक्ष अन्वेषण का इतिहास,"अंतरिक्ष अन्वेषण एक रोमांचक क्षेत्र है जिसमें मानव ने अद्वितीय सफलता हासिल की है। अंतरिक्ष के अन्वेषण का इतिहास बहुत पुराना है। 

सन् 1957 में सोवियत संघ ने पहला उपग्रह, स्पुतनिक-1, को अंतरिक्ष में भेजा था। इसके बाद अंतरिक्ष अनुसंधान में विशेष रूचि बढ़ने लगी और विभिन्न देशों ने अंतरिक्ष अन्वेषण के क्षेत्र में योगदान देना शुरू किया। 

इसके बाद सन् 1969 में NASA ने मानव को चाँद पर भेजने के लिए अपोलो मिशन की शुरुआत की। चाँद पर उतरने वाले अपोलो 11 मिशन से नील आर्मस्ट्रांग ने चाँद पर पहला कदम रखा था। 

इसके बाद अंतर"
341,अंतरिक्ष अन्वेषण का इतिहास,"अंतरिक्ष अन्वेषण एक रोमांचक क्षेत्र है जिसमें मानव समुदाय ने युगों से ज्ञान और अविष्कार की दुनिया में नए दरवाजे खोले हैं। इसका इतिहास विचारशीलता, प्रेरणा और उत्साह से भरपूर है।

अंतरिक्ष अन्वेषण का इतिहास सन् 1957 में यूनाइटेड स्टेट्स के स्पुटनिक-1 के प्रक्षेपण के साथ शुरू हुआ। इसके बाद, अंतरिक्ष अन्वेषण की दिशा में नए कदम बढ़ते रहे। 1961 में यूरी गागरिन की गगन यान यात्रा ने अंतरिक्ष अन्वेषण की नई मिसाल रखी।

इसके बाद, अमेरिकी अंतरिक्ष एजेंसी नासा ने चंद्रयान मिशन, मंगलयान मिशन, व्योमयान मिशन ज"
342,भारतीय संस्कृति में त्योहारों का महत्व,"भारतीय संस्कृति में त्योहारों का बहुत महत्व है। ये त्योहार हमारे समाज में एकता, समरसता, सामाजिक बंधन और खुशियों का संचार करते हैं। भारतीय संस्कृति में विभिन्न धर्मों और समुदायों के अनुसार अनेक प्रकार के त्योहार मनाए जाते हैं जैसे दिवाली, होली, दशहरा, ईद, बैसाकी, रक्षाबंधन आदि।

त्योहारों को बड़े ही उत्साह और धूमधाम के साथ मनाया जाता है। इन त्योहारों के दौरान लोग एक-दूसरे के साथ खुशियां बांटते हैं, साथ मिलकर मनाते हैं। इन त्योहारों के दिन लोग एक-दूसरे के साथ अपने जीवन के सुख-दुःख साझा करते हैं और सम"
343,जीन थेरेपी की प्रगति,"जीन थेरेपी एक उच्च स्तरीय चिकित्सा तकनीक है जिसमें विज्ञान और तकनीकी क्षमताओं का समुचित संयोजन किया गया है। यह तकनीक वास्तव में विवादास्पद है, क्योंकि इसके द्वारा जीनों को संशोधित किया जा सकता है और यह उन्हें नये और उत्तम तरीके से कार्य करने की क्षमता प्रदान कर सकता है।

जीन थेरेपी के क्षेत्र में हाल ही में कुछ महत्वपूर्ण प्रगतियाँ हुई हैं। एक ऐसी प्रमुख प्रगति है कृषि में जीन संशोधन का उपयोग। जीन संशोधन के माध्यम से किसानों को उचित बीज और उपयुक्त उर्वरक उपलब्ध कराए जा सकते हैं। इससे उनकी उत्पादकता और आय ब"
344,विश्व के आश्चर्यजनक प्राकृतिक स्थल,"विश्व भर में अनगिनत प्राकृतिक स्थल हैं जो हमें अपनी अद्भुतता और शक्ति से प्रभावित करते हैं। ये स्थल अद्वितीयता का आभास कराते हैं और मानव समुदाय को नए दर्शन और अनुभव प्रदान करते हैं।

एक इस प्रकार का प्राकृतिक स्थल माउंट एवरेस्ट है, जो हिमालय पर्वतमाला में स्थित है। यह विश्व का सबसे ऊँचा पर्वत है और इसकी सुंदरता और महत्वपूर्णता विश्वभर में मान्य है। इसके चारों ओर की शांति और स्थिरता देखकर हमें वास्तविकता की ओर ध्यान खींच जाता है।

दूसरा उदाहरण, ग्रैंड कैन्यन, उत्तरी अमेरिका में स्थित है। यह विश्व का सबस"
345,व्यायाम और फिटनेस ट्रैकिंग ऐप्स,"आजकल व्यायाम और फिटनेस ट्रैकिंग ऐप्स का उपयोग स्वास्थ्य और फिटनेस को सुधारने के लिए बहुत ही महत्वपूर्ण है। ये ऐप्स आपको अपने व्यायाम और आहार की जानकारी प्रदान करते हैं और आपको अपने स्वास्थ्य लक्ष्यों की दिशा में मदद करते हैं।

व्यायाम और फिटनेस ट्रैकिंग ऐप्स के कुछ मुख्य लाभ हैं:

1. व्यायाम की निर्देशिका: ये ऐप्स आपको व्यायाम के विभिन्न प्रकारों के लिए निर्देशिका प्रदान करते हैं जिससे आप अपने लक्ष्यों के अनुसार सही तरीके से व्यायाम कर सकते हैं।

2. आहार ट्रैकिंग: ये ऐप्स आपको आहार की जानकारी देने के साथ-साथ आपको सह"
346,टेलीमेडिसिन का भविष्य,"टेलीमेडिसिन एक ऐसी तकनीक है जिसमें चिकित्सा सेवाएं दूरस्थ साधनों का उपयोग करके प्रदान की जाती हैं। यह तकनीक डिजिटल संचार के माध्यम से रोगियों और चिकित्सकों के बीच संपर्क स्थापित करती है। टेलीमेडिसिन के जरिए दूरस्थ रूप से चिकित्सा देखभाल, निदान, उपचार और सलाह प्रदान की जा सकती है।

टेलीमेडिसिन का भविष्य अत्यंत उज्जवल है। इसके माध्यम से चिकित्सा सेवाएं अनुकूलित, सुगम और सुलभ हो जाएंगी। यह विशेष रूप से दूरस्थ क्षेत्रों और ग्रामीण क्षेत्रों में चिकित्सा सेवाओं को पहुंचाने में महत्वपूर्ण भूमिका निभाएगी।

टेल"
347,टेलीमेडिसिन का भविष्य,"टेलीमेडिसिन एक विज्ञान है जो डिजिटल प्लेटफॉर्म का उपयोग करके दूरस्थ रूप से चिकित्सा सेवाएं प्रदान करता है। इसका उद्देश्य चिकित्सा सेवाओं को पहुंचाने के लिए भूमिकाओं की कमी को कम करना है। टेलीमेडिसिन का भविष्य बहुत उज्जवल है क्योंकि यह चिकित्सा सेवाएं अधिक सुलभ और उपयोगकर्ता केंद्रित बना रहता है।

टेलीमेडिसिन के उपयोग से लोग व्यस्तता और दूरी की समस्याओं का सामना करने में सक्षम होते हैं। यह विशेषकर ग्रामीण क्षेत्रों में चिकित्सा सेवाओं को पहुंचाने में मदद करता है जहाँ अस्पतालों और चिकित्सा सुविधाएं कम होती हैं"
348,मानसिक स्वास्थ्य और टेक्नोलॉजी,"मानसिक स्वास्थ्य और टेक्नोलॉजी आजकल की दिनचर्या में एक महत्वपूर्ण और गहरा संबंध बन गया है। टेक्नोलॉजी ने मानव जीवन को काफी सरल बना दिया है, लेकिन इसके साथ ही इसने मानसिक स्वास्थ्य पर भी असर डाला है।

आधुनिक टेक्नोलॉजी के उपयोग से मानसिक स्वास्थ्य में सुधार किया जा सकता है। वेबसाइटों, मोबाइल एप्लिकेशन्स और अन्य डिजिटल साधनों के माध्यम से मानसिक स्वास्थ्य सेवाएं और समर्थन प्रदान किया जा रहा है। इन उपायों से लोग अपनी चिंताओं और दबी हुई भावनाओं को साझा कर सकते हैं और सही सलाह प्राप्त कर सकते हैं।

हालांकि, टेक्नोलॉ"
349,पोषण और आहार में नई खोजें,"पोषण और आहार में नई खोजें एक महत्वपूर्ण क्षेत्र है जिसमें वैज्ञानिक तथ्यों और नवाचारों का उपयोग करके मानव स्वास्थ्य और विकास को सुधारने का प्रयास किया जाता है। विभिन्न खोजें और अनुसंधान इस क्षेत्र में हो रहे हैं जिनका मुख्य उद्देश्य लोगों को स्वस्थ्य रखने और उनकी पोषण संबंधित जरूरतों को पूरा करने में मदद करना है।

आधुनिक विज्ञान ने पोषण की दृष्टि से कई महत्वपूर्ण खोजें की हैं। इनमें से कुछ उदाहरण हैं जैसे जीनेटिक इंजीनियरिंग की मदद से विकसित अनाज जो अधिक पोषक तत्वों से भरपूर होते हैं, आय"
350,व्यायाम और फिटनेस ट्रैकिंग ऐप्स,"व्यायाम और फिटनेस ट्रैकिंग ऐप्स आजकल लोगों के लाइफस्टाइल का महत्वपूर्ण हिस्सा बन चुके हैं। ये ऐप्स उपयोगकर्ताओं को उनके व्यायाम और खान-पान की जानकारी देने के साथ-साथ मोटिवेट करने में भी मदद करते हैं। ये ऐप्स उपयोगकर्ताओं को उनके प्रोग्रेस को ट्रैक करने में मदद करते हैं और सही दिशा में ले जाने में मदद करते हैं।

इन ऐप्स में व्यायाम की समय, दूरी, कैलोरी जलाने की जानकारी आदि दी जाती है। इसके अलावा, आप अपने भोजन की जानकारी भी दर्ज कर सकते हैं ताकि आप अपनी डाइट को भी संभाल सकें। ये ऐप्स आपको व्यायाम के लिए आ"
351,विश्व के आश्चर्यजनक प्राकृतिक स्थल,"विश्व भर में हमें अनगिनत प्राकृतिक स्थल मिलते हैं जो हमें अपनी अद्वितीयता और सुंदरता से प्रभावित करते हैं। यहाँ हम कुछ ऐसे आश्चर्यजनक प्राकृतिक स्थलों के बारे में चर्चा करेंगे जो विश्व के विशेष और रोमांचक स्थलों में से कुछ हैं।

मानसरोवर झील, तिब्बत: यह झील दुनिया की सबसे ऊंची झील है और इसे तिब्बत के पवित्र मानते हैं। इसके पानी का रंग नीला होता है और यह अत्यंत पावन माना जाता है।

ग्रैंड कैनयन, अमेरिका: यह विश्व का सबसे गहरा नाला है और इसकी खूबसूरती अत्यधिक है। यहाँ से देखने का मनोरंजन अद्भुत है।

अन्तर"
352,अंतरिक्ष अन्वेषण का इतिहास,"अंतरिक्ष अन्वेषण एक उच्चतम स्तरीय तकनीकी क्षेत्र है जिसमें मानव समुदाय ने अंतरिक्ष की गहराईयों को समझने के लिए अनेकों उपकरणों का उपयोग किया है। इस क्षेत्र का आरंभ गौतम बुद्ध द्वारा 6वीं शताब्दी ईसा पूर्व में किया गया था जब उन्होंने अंतरिक्ष के रहस्यों का अध्ययन किया था।

मध्यकाल में, भूगोलकार गैलिलियो ने हेलियोसेंट्रिक थियरी को प्रमाणित करने के लिए ग्रहों की गति का अध्ययन किया था। 20वीं शताब्दी में, राकेट विज्ञान में विशेषज्ञों की मार्गदर्शन से अंतरिक्ष अनुसंधान की शुरुआत हुई।

यद्यपि सैटेलाइट ल"
354,पोषण और आहार में नई खोजें,"पोषण और आहार एक महत्वपूर्ण विषय है जो हमारे स्वास्थ्य के लिए अत्यंत महत्वपूर्ण है। वैज्ञानिक और तकनीकी विकास के क्षेत्र में नई खोजें हो रही हैं जो पोषण और आहार के मामले में बदलाव ला रही हैं।

उच्च गुणवत्ता वाले आहार के लिए नई तकनीकों का विकास किया जा रहा है। मिश्रित खाद्य उत्पादों, फिटो-न्यूट्रास्यूटिकल्स, बायो-फोर्टीफाइड खाद्य उत्पादों आदि की तकनीकी उत्पादन और उपयोग की विस्तृत अनुसंधान एवं विकसित किया जा रहा है।

नए तकनीकी उपायों के द्वारा पोषक तत्वों की समृद्धि और उपलब्धता में सुधार क"
353,खेलों का विकास और उनका सामाजिक प्रभाव,"खेलों का विकास और उनका सामाजिक प्रभाव

खेलों का खेलना हमारे शारीरिक, मानसिक और सामाजिक विकास में महत्वपूर्ण भूमिका निभाता है। खेल न केवल हमें स्वस्थ रखने में मदद करता है बल्कि हमारी मानसिक ताकत को भी बढ़ाता है। खेल खेलते समय हमारे शारीरिक क्षमताओं को विकसित करता है, हमारी टेक्निकल स्किल्स को मजबूत करता है और हमारी स्वस्थ जीवनशैली के लिए महत्वपूर्ण होता है।

खेलों का खेलने से हमारी सोचने की क्षमता भी बढ़ती है। हमें खेल खेलने से रणनीतिक और योग्यताओं का विकास होता है। खेलों में जीतने और हारने के अनुभव से हमें जीवन में"
355,टेलीमेडिसिन का भविष्य,"टेलीमेडिसिन, यानी दूरसंचार द्वारा चिकित्सा सेवाएं प्रदान करना, आजकल तेजी से विकसित हो रहा है और इसका भविष्य बहुत उज्जवल है। टेलीमेडिसिन की मुख्य विशेषता यह है कि यह दूरस्थ इंफ्रास्ट्रक्चर का उपयोग करके चिकित्सा सेवाएं प्रदान करती है, जिससे रोगियों को अच्छी देखभाल मिलती है, साथ ही वैश्विक स्तर पर स्वास्थ्य सेवाओं की पहुंच भी बढ़ती है।

टेलीमेडिसिन का भविष्य इसमें है कि यह चिकित्सा सेवाओं को उचितता और सुगमता से पहुंचाएगा। यह न केवल रोगियों को घर बैठे सेवाएं प्राप्त करने का सुयोग देगा, बल्कि डॉक्टरों को भ"
356,पोषण और आहार में नई खोजें,"पोषण और आहार विज्ञान एवं प्रौद्योगिकी में नवाचारों का महत्वपूर्ण स्थान है। नवीनतम अनुसंधान और विज्ञानिक अविष्कार पोषण और आहार में नए संभावनाओं का पता लगाने में मदद कर सकते हैं।

हाल ही में वैज्ञानिक अध्ययनों ने बताया है कि भोजन की विशेष संरचना से रोगों की सुरक्षा हो सकती है। उदाहरण के लिए, नियमित खाने में सोयाबीन का सेवन करने से हृदय रोग की संभावना कम हो सकती है। 

एक और उदाहरण है गोली बनाने की तकनीक। वैज्ञानिकों ने एक ऐसी गोली विकसित की है जो शरीर के विभिन्न हिस्सों में विभिन्न समयों पर विभिन्न खाद"
357,पोषण और आहार में नई खोजें,"पोषण और आहार एक स्वस्थ जीवन के लिए महत्वपूर्ण हैं। नवीनतम खोजें इन दोनों क्षेत्रों में हमें बेहतर जीवन जीने के लिए मदद कर सकती हैं।

आधुनिक प्रौद्योगिकी ने आहार और पोषण के क्षेत्र में कई नई खोजें की हैं। उनमें से एक उम्मीदवार खोज आहार के खर्च को कम करने में मदद कर सकती है। यह खोज एक ऐसे तकनीक के विकास पर आधारित है जिसे ""भरपेट खाना"" कहा जाता है। इस तकनीक का उद्देश्य है की एक व्यक्ति को कम भोजन करने पर भी संतुलित पोषण प्रदान करना। यह तकनीक खाद्य के संभावित पोषक तत्वों का संग्रहण करके उन्हें सही मात्रा में उपभो"
358,मानसिक स्वास्थ्य और टेक्नोलॉजी,"मानसिक स्वास्थ्य और तकनीक के बीच गहरा संबंध है जो हमारे दिन-प्रतिदिन के जीवन को प्रभावित करता है। तकनीक ने हमारे जीवन को सुविधाजनक और आसान बना दिया है, लेकिन इसके साथ ही अनगिनत समस्याएं भी उत्पन्न हुई हैं जो हमारे मानसिक स्वास्थ्य पर प्रभाव डालती हैं।

तकनीक के उपयोग से लोगों के बीच कनेक्टिविटी बढ़ गई है लेकिन इसके साथ ही लोगों के बीच दूरी भी बढ़ गई है। सोशल मीडिया का अधिक उपयोग, गेमिंग, और स्क्रीन समय की बढ़ती दर से लोगों में अकेलापन, तनाव, और डिप्रेशन की समस्याएं बढ़ रही हैं।

हालांकि, तकनीक भी मानस"
359,खेलों का विकास और उनका सामाजिक प्रभाव,"खेलों का विकास और उनका सामाजिक प्रभाव

खेल इंसानों की शारीरिक, मानसिक और सामाजिक विकास में महत्वपूर्ण भूमिका निभाते हैं। खेल न केवल स्वास्थ्य के लिए महत्वपूर्ण होते हैं बल्कि सामाजिक और मानसिक विकास में भी महत्वपूर्ण भूमिका निभाते हैं।

खेलों खेलने से हमारी शारीरिक क्षमता बढ़ती है और हमारे मानसिक स्थिति पर भी प्रभाव डालती है। खेल खेलने से हमें सहनशीलता, सामर्थ्य और समर्पण की भावना विकसित होती है। साथ ही, खेल हमें टीम वर्क और लीडरशिप कौशल भी सिखाते हैं।

खेलों का सामाजिक प्रभाव भी काफी महत्वपूर्ण है। खेल में भाग लेने स"
360,मानसिक स्वास्थ्य और टेक्नोलॉजी,"मानसिक स्वास्थ्य और टेक्नोलॉजी दोनों ही महत्वपूर्ण क्षेत्र हैं जो हमारे जीवन को सुखमय और समृद्ध बनाने में मदद करते हैं। टेक्नोलॉजी ने मानवता के जीवन को कई तरीके से सरल और आसान बनाया है, लेकिन इसके साथ ही यह नए मानसिक समस्याओं का कारण भी बन रहा है। मानसिक स्वास्थ्य के मुद्दे जैसे डिप्रेशन, एंग्जाइटी, स्ट्रेस आदि भी बढ़ रहे हैं।

टेक्नोलॉजी का उपयोग करके हम अपने मानसिक स्वास्थ्य को भी सुधार सकते हैं। आजकल अनगिनत एप्लिकेशन और ऑनलाइन सेवाएं उपलब्ध हैं जो मानसिक स्वास्थ्य की समस्याओं का समाधान करने में मदद कर सकत"
361,खेलों का विकास और उनका सामाजिक प्रभाव,"खेलों का विकास और उनका सामाजिक प्रभाव

खेल एक महत्वपूर्ण गतिविधि है जो हमारे शारीरिक, मानसिक और सामाजिक विकास में महत्वपूर्ण भूमिका निभाता है। खेल से हमें सामरिक और नैतिक मूल्यों की सीख मिलती है और हमारे स्वास्थ्य के लिए भी फायदेमंद होता है।

खेल खेलने से हमारा शारीरिक विकास होता है। खेलने से हमारी ऊर्जा का सही रूप से उपयोग होता है, हमारी मांसपेशियां मजबूत होती हैं और हमारी ताकत और दायरा बढ़ जाता है। साथ ही, खेलने से हमारी मानसिक ताकत और सहनशीलता में भी सुधार होता है।

खेलों का सामाजिक प्रभाव भी काफी महत्वपूर्ण है। ख"
362,प्राचीन भारतीय विज्ञान और तकनीक,"प्राचीन भारतीय सभ्यता ने विज्ञान और तकनीक के क्षेत्र में भी अपना महत्वपूर्ण योगदान दिया है। वेदों, उपनिषदों और पुराणों में भारतीय वैज्ञानिक धारणाएं और तकनीकी ज्ञान का समृद्ध भंडार मिलता है।

प्राचीन भारतीय वैज्ञानिकों ने गणित, भौतिकी, रसायन विज्ञान, ज्योतिष, चिकित्सा आदि के क्षेत्र में अद्वितीय योगदान दिया। भारतीय गणितज्ञ आर्यभट्ट ने शून्य की खोज की और गणित में विभिन्न सिद्धांतों को स्थापित किया। भारतीय भौतिकशास्त्री अर्यभट्ट ने ग्रहों की गति को लेकर भी विशेष अध्ययन किया।

समुद्र जल"
363,व्यायाम और फिटनेस ट्रैकिंग ऐप्स,"व्यायाम और फिटनेस ट्रैकिंग ऐप्स ने आजकल लोगों के लाइफस्टाइल को सुधारने में महत्वपूर्ण भूमिका निभाई है। ये ऐप्स योग्यायोग्य तकनीक का उपयोग करके उपयोगकर्ताओं को उनके व्यायाम और आहार की जानकारी प्रदान करते हैं ताकि वे अपने स्वास्थ्य को और बेहतर बना सकें।

ये ऐप्स उपयोगकर्ताओं को उनके दैनिक व्यायाम की जानकारी देते हैं, साथ ही उन्हें व्यायाम के लिए निर्दिष्ट लक्ष्य और मार्गदर्शन प्रदान करते हैं। इन ऐप्स की मदद से उपयोगकर्ता अपने कठिनाई स्तर को देखकर उनके लिए सही व्यायाम योजना तैयार कर सकते हैं।

इन ऐप"
365,वैक्सीन विकास में नई तकनीकें,"वैक्सीन विकास में नई तकनीकें का उपयोग वैज्ञानिक समुदाय के लिए एक बड़ी उम्मीद है। इन नई तकनीकों का उपयोग करके वैक्सीन विकास की प्रक्रिया को तेजी से और प्रभावी बनाया जा सकता है।

एक ऐसी नई तकनीक है mRNA वैक्सीन, जिसमें मैसेंजर आरएनए का उपयोग किया जाता है। यह वैक्सीन कोविड-19 वैक्सीनों के विकास में कामयाब रही है और इसका उपयोग अन्य वायरसों और रोगों के खिलाफ वैक्सीन विकसित करने में भी किया जा रहा है।

क्रिस्पर-कैस9 तकनीक भी वैक्सीन विकास में उपयोग किया जा रहा है। इस तकनीक का उपयोग करके लक्षणों"
366,खेलों का विकास और उनका सामाजिक प्रभाव,"खेलों का विकास और उनका सामाजिक प्रभाव

खेल इंसानी जीवन का महत्वपूर्ण हिस्सा है और यह मानव समाज के विकास में भी महत्वपूर्ण भूमिका निभाते हैं। खेलों का खेलना और उनका सहभागी होना शारीरिक, मानसिक और सामाजिक रूप से विकास के लिए महत्वपूर्ण है। खेल खिलौना नहीं होता, बल्कि यह एक शिक्षा है जो हमें जीवन में उत्तेजित रहने की सीख देती है।

खेल से हमें सामरिक भावनाएं जैसे टीमवर्क, सहयोग, संघर्ष और विजय की महत्वपूर्ण बातें सीखने का अवसर मिलता है। यह हमें प्रतियोगिता में अच्छा करने के लिए तैयार करता है और हमें जीतने की चाहत"
367,अंतरिक्ष अन्वेषण का इतिहास,"अंतरिक्ष अन्वेषण एक तकनीकी कार्यक्षेत्र है जिसमें वैज्ञानिक अनुसंधान और अनुभवी अन्वेषण के माध्यम से ब्रह्मांड की समझ में मदद की जाती है। इसका इतिहास बहुत पुराना है और मानवता ने अंतरिक्ष की रहस्यमयी दुनिया का अध्ययन करने के लिए कई अद्भुत कदम उठाए हैं।

अंतरिक्ष अन्वेषण की शुरुआत चाँद पर मानव अनुसंधान के साथ हुई जब यूरोपीय वैज्ञानिकों ने 17वीं शताब्दी में चाँद की दूरी का मापन किया। इसके बाद मानव ने धीरे-धीरे सौरमंडल के अन्य ग्रहों और उपग्रहों का भी अध्ययन करना शुरू किया।

20वीं शताब्दी में अं"
364,वैक्सीन विकास में नई तकनीकें,"वैक्सीन विकास एक महत्वपूर्ण क्षेत्र है जिसमें नवाचार और तकनीकी उन्नति का महत्वपूर्ण योगदान है। नवीनतम तकनीकें वैक्सीन विकास में विभिन्न प्रकार की समस्याओं का समाधान करने में मदद करती हैं।

1. mRNA वैक्सीन: mRNA वैक्सीन एक नई तकनीक है जिसमें mRNA को उत्पन्न किया जाता है जिसका उद्देश्य वायरस के खिलाफ रोगप्रतिरोधी प्रतिक्रिया उत्पन्न करना है। यह तकनीक तेजी से वैक्सीन विकसित करने में मदद करती है।

2. नैनोतकनीक: नैनोतकनीक का उपयोग छोटे आकार के नैनोवायरल पार्टिकल्स का निर्माण करने में किया जाता है, जो वैक्सीन को अधिक प्र"
368,वैक्सीन विकास में नई तकनीकें,"वैक्सीन विकास में नई तकनीकें

वैक्सीन एक महत्वपूर्ण साधन है जिसका उपयोग विभिन्न रोगों से लड़ने में होता है। वैक्सीन विकास में नई तकनीकें वैज्ञानिकों को एक साशक्त और प्रभावी उपाय प्रदान करती हैं। ये नई तकनीकें वैक्सीन विकास को तेजी से और सुरक्षित बनाने में मदद करती हैं।

1. RNA वैक्सीन: RNA वैक्सीन कोरोना वायरस जैसे वायरस के खिलाफ लड़ने के लिए एक नई और प्रभावी तकनीक है। इसमें व्यक्ति के शरीर में RNA द्वारा वायरस के खिलाफ रक्षा प्रणाली को उत्पन्न करने की क्षमता होती है।

2. वायरल वेक्टर वैक्सीन: इस तकनीक में ए"
370,टेलीमेडिसिन का भविष्य,"टेलीमेडिसिन एक ऐसी तकनीक है जिसमें वैद्यकीय सेवाएं दूरस्थ संचार के माध्यम से प्रदान की जाती हैं। यह तकनीक चिकित्सा परामर्श, निदान, उपचार और देखभाल के क्षेत्र में महत्वपूर्ण योगदान देती है।

टेलीमेडिसिन का भविष्य बहुत उज्जवल है। इसके माध्यम से लोग अपने घर से ही वैद्यकीय सलाह प्राप्त कर सकेंगे। यह विशेषकर ग्रामीण क्षेत्रों और दूरस्थ क्षेत्रों के लोगों के लिए अत्यंत उपयोगी होगा। वहाँ जहां डॉक्टरों की कमी है, टेलीमेडिसिन उन्हें उचित चिकित्सा सेवाएं प्रदान करने में मदद कर सकती है।

इसके साथ ही, टेलीमेडिसिन"
369,व्यायाम और फिटनेस ट्रैकिंग ऐप्स,"आज के दौर में व्यायाम और फिटनेस का महत्व बढ़ गया है और लोग अपने स्वास्थ्य को बेहतर बनाने के लिए व्यायाम करने के लिए अलग-अलग तरीके अपना रहे हैं। इसमें तकनीक का योगदान भी है, जैसे कि व्यायाम और फिटनेस ट्रैकिंग ऐप्स। ये ऐप्स योग्यता स्तर को मापने, डेटा को संग्रहित करने, लक्ष्यों का निर्धारण करने और प्रोग्रेस को मॉनिटर करने में मदद करते हैं।

व्यायाम और फिटनेस ट्रैकिंग ऐप्स के कई फायदे हैं। इन ऐप्स के माध्यम से आप अपने व्यायाम का समय और प्रकार निर्धारित कर सकते हैं। आप अपने कदमों की गिनती, कैलोरी जलाने की संख्य"
372,विश्व के आश्चर्यजनक प्राकृतिक स्थल,"विश्व भर में अनगिनत प्राकृतिक स्थल हैं जो अपनी विशेषता और प्राकृतिक सौंदर्य के लिए प्रसिद्ध हैं। इन स्थलों में प्राकृतिक खिलौने, अद्वितीय प्राकृतिक रूप, स्वच्छता और शांति की वातावरण भी होती है।

एक ऐसा प्रमुख प्राकृतिक स्थल है ग्रैंड कैनयन, कनाडा, जो दक्षिणी अल्बर्ट में स्थित है। यह दुनिया का सबसे गहरा नाला है और उसका दृश्य बहुत ही शानदार है। इसके अलावा, नाइगरा जलप्रपात, कनाडा और आयरलैंड की क्लिफ्स ऑफ मोहर भी प्राकृतिक स्थलों की दुनिया में मुख्य आकर्षण हैं।

एशिया में भी कई प्राकृतिक स्थल हैं जैसे की न"
371,व्यायाम और फिटनेस ट्रैकिंग ऐप्स,"व्यायाम और फिटनेस ट्रैकिंग ऐप्स आजकल प्रमुख तरीके से लोगों की जीवनशैली में सकारात्मक परिवर्तन ला रहे हैं। ये ऐप्स उपयोगकर्ताओं को उनकी डेली फिटनेस रूटीन को ट्रैक करने, व्यायाम और खान-पान का पर्याप्त जानकारी प्राप्त करने में मदद करते हैं। 

इन ऐप्स के जरिए आप अपने व्यायाम, भोजन, पानीपीने, नींद और अन्य स्वास्थ्य संबंधित क्रियाएं ट्रैक कर सकते हैं। ये ऐप्स आपको रोजाना उत्साहित करते हैं और आपको अपने लक्ष्यों को पूरा करने के लिए प्रेरित करते हैं। 

कुछ प्रमुख व्यायाम और फिटनेस ट्रैकिंग ऐप्स मोबाइल फोनों के लिए MyFitnessPal"
373,व्यायाम और फिटनेस ट्रैकिंग ऐप्स,"आजकल व्यायाम और फिटनेस ट्रैकिंग ऐप्स का उपयोग लोगों के लिए बहुत ही महत्वपूर्ण हो गया है। ये ऐप्स उन्हें अपने व्यायाम की प्रगति को ट्रैक करने में मदद करने के साथ-साथ उन्हें मोटिवेट भी रखते हैं। 

व्यायाम और फिटनेस ट्रैकिंग ऐप्स की एक मुख्य फायदा यह है कि इन्हें उपयोग करके आप अपने व्यायाम की प्रगति को निरंतर मॉनिटर कर सकते हैं। आप दैनिक व्यायाम की जानकारी जैसे कि कितने किलोमीटर दौड़े, कितनी कैलोरी जला दी, या कितने समय तक व्यायाम किया – इन सभी जानकारियों को अपने स्मार्टफोन पर देख सकते हैं। इसके अलावा, ये ऐप"
374,खेलों का विकास और उनका सामाजिक प्रभाव,"खेलों का विकास और उनका सामाजिक प्रभाव

खेल एक महत्वपूर्ण गतिविधि है जो व्यक्ति के शारीरिक, मानसिक और सामाजिक विकास में महत्वपूर्ण भूमिका निभाता है। खेल न केवल स्वास्थ्य के लिए अच्छा होता है, बल्कि यह व्यक्ति के अंदर कोचिंग कौशल, नेतृत्व क्षमता, सहयोग, संघर्ष क्षमता, समर्पण और टीम वर्क क्षमता जैसे कई महत्वपूर्ण गुणों का विकास करता है।

खेल का खेलने से व्यक्ति का आत्मविश्वास बढ़ता है और उसकी मानसिक स्थिति में सुधार होता है। खेल में जीतने और हारने का अनुभव व्यक्ति को जीवन में भी उसकी सामर्थ्य को समझने में मदद क"
375,भारतीय संस्कृति में त्योहारों का महत्व,"भारतीय संस्कृति में त्योहारों का विशेष महत्व है। ये त्योहार हमारी संस्कृति और परंपराओं को जीवंत रखते हैं और समाज को एक-जुट करने का अवसर प्रदान करते हैं। भारतीय संस्कृति में विभिन्न धार्मिक, सामाजिक और सांस्कृतिक त्योहार मनाए जाते हैं जैसे दिवाली, होली, दुर्गा पूजा, रक्षाबंधन, दशहरा, गणेश चतुर्थी आदि।

ये त्योहार विभिन्न कारणों से महत्वपूर्ण हैं। पहले, ये त्योहार हमें हमारी संस्कृति और धरोहर के महत्व को समझाते हैं। इन त्योहारों में विभिन्न पूजा पाठ, रस्में और आचरण होते हैं जो हमें हमारे धर्म और संस्कृत"
377,वैक्सीन विकास में नई तकनीकें,"वैक्सीन विकास में नई तकनीकें

वैक्सीन विकास टेक्नोलॉजी ने मानव स्वास्थ्य की दिशा बदल दी है। नई तकनीकें और अनुसंधान ने वैक्सीन विकास को तेजी से आगे बढ़ाया है।

एक नई और प्रमुख तकनीक है mRNA वैक्सीन। इस तकनीक में, वैक्सीन डीएनए के बजाय mRNA का उपयोग करती है जो शरीर में प्रोटीन उत्पन्न करने के लिए निर्देशित होता है। यह तकनीक कोरोनावायरस वैक्सीनों में प्रयोग की गई है और इसने वैक्सीन विकास को तेजी से संभावित बनाया है।

एक और उभरती तकनीक है नैनोटेक्नोलॉजी। इसमें वैक्सीन को नैनोस्केल परिचयों म"
376,प्राचीन भारतीय विज्ञान और तकनीक,"प्राचीन भारत में विज्ञान और तकनीक का इतिहास बहुत प्राचीन है और यहाँ के वैज्ञानिक और गणितीय धारकों ने अद्वितीय योगदान दिया है। भारतीय गणित के सिद्धांत और गणितीय तकनीक विश्व को अब भी प्रेरित कर रहे हैं।

वैदिक काल में भारतीय गणितज्ञ महर्षि भारद्वाज, महर्षि अर्यभट्ट, लगद्वाला, बौधायन, भस्कराचार्य आदि ने गणित और ज्योतिष के क्षेत्र में अद्वितीय कार्य किए। अर्यभट्ट ने ज्योतिषशास्त्र के क्षेत्र में बहुत योगदान दिया और उन्होंने ग्रहों की गति का अध्ययन किया। भास्कराचार्य का 'सिद्धांत शिrom' एक महत्वप"
378,अंतरिक्ष अन्वेषण का इतिहास,"अंतरिक्ष अन्वेषण एक रोमांचक और महत्वपूर्ण क्षेत्र है जिसमें मानव ज्ञान और प्रौद्योगिकी के कई नए मार्ग खोले गए हैं। इसका इतिहास बहुत पुराना है और इसका प्रारंभ वैज्ञानिक उत्कृष्टता और उत्कृष्टता की खोज से हुआ।

अंतरिक्ष अन्वेषण की शुरुआत इंसानों के इच्छाशक्ति और विज्ञान के ज्ञान में उत्कृष्टता के क्षेत्र में हुई। इसका पहला कदम 1957 में रूस द्वारा लिया गया जब 'स्पुटनिक-1' का प्रक्षेपण किया गया। इसके बाद अमेरिका ने अपने अंतरिक्ष यातायात कार्यक्रम को तेजी से बढ़ाया और अपने अंतरिक्ष यातायात योजनाओं"
379,पोषण और आहार में नई खोजें,"पोषण और आहार एक व्यक्ति के स्वास्थ्य और विकास के लिए बहुत महत्वपूर्ण हैं। आधुनिक विज्ञान और तकनीक ने इस क्षेत्र में कई नई खोजें की हैं जो लोगों के जीवन को और बेहतर बनाने में मददगार साबित हो रही हैं।

आहार में उपयोग में लाने वाले नवीनतम खोजों में से एक उबले हुए अंकुरित दाने शामिल हैं। ये अंकुरित दाने दालों, अनाज और अन्य खाद्य पदार्थों में मौजूद पोषक तत्वों की सामर्थ्य को बढ़ाते हैं और उनके अवशेषों को कम करते हैं। इसके अलावा, ताजा फल और सब्जियों को विशेष तरीके से परिष्कृत करके उनमें ज्यादा पोषण और"
380,विश्व के आश्चर्यजनक प्राकृतिक स्थल,"विश्व भर में अनगिनत प्राकृतिक स्थल हैं जिन्हें देखकर हम वास्तव में हैरान और प्रभावित हो जाते हैं। ये स्थल अपनी अद्वितीयता, सौंदर्य और विशेषता के लिए प्रसिद्ध हैं।

एक ऐसा प्राकृतिक स्थल है ग्रैंड कैनियन जो अमेरिका में स्थित है। यह विशाल घाटी मार्वेलस क्यू और हर्मन रोक के जैसे आकर्षक धाराओं से लक्षित है। इसकी गहराई और प्राकृतिक सौंदर्य देखने वालों को मुग्ध कर देती है।

अगला उदाहरण जैविक विविधता के लिए कोरल रीफ है, जो ऑस्ट्रेलिया के क्वींसलैंड राज्य में स्थित है। ये समुद्री संरचनाएँ बिना सहायता के देखने म"
381,अंतरिक्ष अन्वेषण का इतिहास,"अंतरिक्ष अन्वेषण एक उत्कृष्ट और रोमांचक क्षेत्र है जिसमें मानवता ने नए और अज्ञात अंतरिक्ष की खोज की है। इस क्षेत्र का इतिहास बहुत पुराना है। 

अंतरिक्ष अन्वेषण की शुरुआत अंधकार में हुई, जब मानव ने रात के आसमान के विचार से प्रेरित होकर तारे और ग्रहों की खोज की। इसके बाद वैज्ञानिक और अनुसंधान कार्यक्रमों के विकास के साथ, अंतरिक्ष अन्वेषण की प्रक्रिया तेजी से बढ़ी। 

अंतरिक्ष अन्वेषण का इतिहास उस समय से शुरू होता है जब सोवियत संघ ने 1957 में पहला उपग्रह सपुतनिक-1 का प्रक्षेपण किया। इसके बाद अमेरिकी अंतरिक्ष एजें"
382,विश्व के आश्चर्यजनक प्राकृतिक स्थल,"विश्व भर में हमें कई आश्चर्यजनक प्राकृतिक स्थल देखने को मिलते हैं जिनकी सुंदरता और शांति हर किसी को मंत्रमुग्ध कर देती है। ये स्थल अपनी अनूठी प्राकृतिक सौंदर्यता, ऐतिहासिक महत्व और आध्यात्मिक महत्व के लिए प्रसिद्ध हैं।

एक ऐसा प्रमुख स्थल है म्यांमार का बग़न, जो दुनिया का सबसे ऊँचा पहाड़ी है और जिसकी ऊँचाई २३२९ मीटर है। इसकी चोटी पर एक आध्यात्मिक मंदिर स्थित है जो मान्यता है कि बुद्ध ने यहीं प्रथम बार बोधि प्राप्त की थी। 

दक्षिण-पूर्व एशिया में स्थित इंडोनेशिया का बाली द्वीप भी अत्यंत प्राकृतिक सौंदर"
383,वैक्सीन विकास में नई तकनीकें,"वैक्सीन विकास में नई तकनीकें

वैक्सीन एक महत्वपूर्ण चिकित्सा उपाय है जिसका उद्देश्य है रोगों से लड़ने की क्षमता को बढ़ाना। हाल ही में वैक्सीन विकास में कुछ नई तकनीकें लोकप्रिय हो रही हैं जो परंपरागत विकास प्रक्रिया को सुधारने में मदद कर रही हैं।

पहली नई तकनीक है mRNA वैक्सीन। इस तकनीक में वैक्सीन के लिए जेनेटिक मानव रिबोन्यूक्लिक एसिड (mRNA) का उपयोग किया जाता है। यह वैक्सीन कोविड-19 वैक्सीन में उपयोग किया गया था और इसने उत्कृष्ट परिणाम दिए हैं।

दूसरी नई तकनीक है वेक्टर वैक्सीन। इसमें अन्य व"
384,व्यायाम और फिटनेस ट्रैकिंग ऐप्स,"आजकल व्यायाम और फिटनेस ट्रैकिंग ऐप्स का उपयोग लोगों के बीमारियों से दूर रहने और स्वस्थ जीवन जीने में मददगार साबित हो रहा है। ये ऐप्स उपयोगकर्ताओं को व्यायाम का सही तरीका सिखाते हैं, उनकी प्रगति को ट्रैक करने में मदद करते हैं और निरंतर प्रेरित रखते हैं। 

अब ऐप्स उपयोगकर्ताओं को उनके व्यायाम सत्र को ट्रैक करने, उनके खाने-पीने की जानकारी रखने, नींद और चिंता की गुणवत्ता को मापने, और उनकी प्रगति को मॉनिटर करने में मदद करते हैं। ये ऐप्स उपयोगकर्ताओं को स्वस्थ जीवनशैली को अनुकरण करते हुए उनके व्यायाम और भो"
385,व्यायाम और फिटनेस ट्रैकिंग ऐप्स,"आज की दौड़भरी जीवनशैली में व्यायाम और फिटनेस का महत्व बढ़ गया है। लेकिन व्यस्त जीवनशैली के कारण लोग अक्सर अपनी स्वास्थ्य पर ध्यान नहीं देते हैं। इस समस्या का समाधान पेशेवर व्यायाम और फिटनेस ट्रैकिंग ऐप्स हैं।

ये ऐप्स आपको अपनी दैनिक व्यायाम और आहार की जानकारी प्रदान करते हैं। आप इन ऐप्स के माध्यम से अपने व्यायाम सत्र को ट्रैक कर सकते हैं, जैसे कि दौड़ना, व्यायाम, योग आदि। इन ऐप्स में आपको अपनी व्यायाम की जानकारी, चलने की कदम, दौड़ने की दूरी, कैलोरी खपाई आदि की जानकारी मिलती है।

इन ऐप्स के"
386,विश्व की महान वास्तुकला,"वास्तुकला एक ऐसी कला है जो हमारे जीवन को सुंदरता और स्वयं को अभिव्यक्ति करने का एक माध्यम है। वास्तुकला के माध्यम से हम अपनी सोच को दिखा सकते हैं और अपने आसपास की दुनिया को और भी सुंदर बना सकते हैं। विश्व की महान वास्तुकला उस कला को दर्शाती है जो विभिन्न समयों और स्थानों में विकसित हुई है और हमें उस समृद्ध संस्कृति का परिचय देती है जिससे हमारी संस्कृति का विकास हुआ है।

विश्व की महान वास्तुकला की एक उदाहरण है ताजमहल। यह भारत के आगरा शहर में स्थित है और एक शानदार इमारत है जिसे मुग़ल सम्राट शाहजहाँ ने अपनी पत्नी मुमताज"
387,मानसिक स्वास्थ्य और टेक्नोलॉजी,"मानसिक स्वास्थ्य और टेक्नोलॉजी दोनों ही महत्वपूर्ण क्षेत्र हैं जिनका महत्व आजकल बढ़ रहा है। टेक्नोलॉजी ने हमारे जीवन को कई तरह से सुगम और आसान बना दिया है, लेकिन इसके साथ ही मानसिक स्वास्थ्य पर भी इसका असर है। 

टेक्नोलॉजी के उपयोग से हमारे जीवन की गतिविधियों में सुधार होता है, लेकिन इसके द्वारा हमारे सोशल और मानसिक संबंधों पर भी प्रभाव पड़ता है। इंटरनेट, सोशल मीडिया और गेमिंग प्लेटफॉर्म्स के अधिक उपयोग से लोगों की मानसिक समस्याएं बढ़ रही हैं। इसके चलते डिप्रेशन, एंग्जायटी, और अलगाव जैसी समस्य"
388,टेलीमेडिसिन का भविष्य,"टेलीमेडिसिन एक तकनीकी उपकरण है जो दूरस्थ रूप से चिकित्सा सेवाएं प्रदान करने की क्षमता प्रदान करता है। यह डिजिटल प्लेटफॉर्म्स का उपयोग करके विभिन्न स्वास्थ्य सेवाएं प्रदान करने की क्षमता है, जैसे कि दूरस्थ चिकित्सा दर्शन, डायग्नोस्टिक टेस्टिंग, और निदान।

टेलीमेडिसिन का भविष्य उज्जवल है। इसके माध्यम से लोग अपने स्वास्थ्य सेवाओं तक पहुंचने में सुविधा पा सकते हैं, खासकर उन लोगों के लिए जो दूरदराज इलाकों में रहते हैं। यह भी चिकित्सकों के लिए एक बड़ा अवसर है जिन्हें दूरस्थ चिकित्सा सेवाएं प्रदान करने का अ"
389,मानसिक स्वास्थ्य और टेक्नोलॉजी,"मानसिक स्वास्थ्य और टेक्नोलॉजी दोनों एक दूसरे से गहरी तरह से जुड़े हुए हैं। आजकल की तेजी से बदलती दुनिया में टेक्नोलॉजी का उपयोग मानसिक स्वास्थ्य के समर्थन में किया जा रहा है। 

टेक्नोलॉजी ने मानसिक स्वास्थ्य के क्षेत्र में कई उपाय प्रस्तुत किए हैं। मानसिक स्वास्थ्य एप्लिकेशन, ऑनलाइन काउंसलिंग सेवाएं, ध्यान और मनोविज्ञान के लिए वीडियो गेम्स, स्वास्थ्य मॉनिटरिंग डिवाइस आदि इसमें शामिल हैं। ये सभी तकनीकी उपाय मानसिक स्वास्थ्य की देखभाल और समर्थन में मददगार हैं।

हालांकि, टेक्नोलॉजी का अपशब्द भी है। बहुत"
391,विश्व की महान वास्तुकला,"वास्तुकला एक ऐसी कला है जो मानव सभ्यता के विकास का प्रमुख हिस्सा है। वास्तुकला न केवल इमारतों की रचना का विज्ञान है, बल्कि यह मानव समाज की सोच, संस्कृति, और परंपराओं का परिचय भी देता है।

विश्व की महान वास्तुकला कई प्रकार की है। इनमें से कुछ महान उदाहरण एशिया, यूरोप, अफ्रीका, और अमेरिका में पाए जा सकते हैं। एशिया में, भारत के खजुराहो, अजंता और एलोरा गुफाएं, ताजमहल, और खुजराहो विश्व के विख्यात वास्तुकला के उदाहरण हैं। यूरोप में, लुवर म्यूज़ियम, ईफेल टावर, और कोलोसियम जैसी इमारतें विख्यात हैं।

अफ्र"
390,व्यायाम और फिटनेस ट्रैकिंग ऐप्स,"व्यायाम और फिटनेस ट्रैकिंग ऐप्स आजकल लोगों के लाइफस्टाइल का महत्वपूर्ण हिस्सा बन चुके हैं। ये ऐप्स लोगों को उनके व्यायाम और स्वास्थ्य को ट्रैक करने में मदद करते हैं। ये ऐप्स व्यायाम, भोजन, नींद और अन्य स्वास्थ्य से जुड़ी जानकारी को ट्रैक करने में मदद करते हैं जिससे लोग अपने लक्ष्य की दिशा में बेहतरीन प्रगति कर सकते हैं।

इन ऐप्स की मुख्य फीचर्स में व्यायाम का ट्रैकिंग, कैलोरी की गणना, नींद और स्ट्रेस की मॉनिटरिंग, स्वास्थ्य सुझाव और सेट किए गए लक्ष्यों की निगरानी शामिल है। ये ऐप्स उपयोगकर्ताओं को रोज"
392,विश्व के आश्चर्यजनक प्राकृतिक स्थल,"पृथ्वी पर अनेक ऐसे प्राकृतिक स्थल हैं जो अपनी अद्भुतता और विशेषता के लिए प्रसिद्ध हैं। इनमें से कुछ आश्चर्यजनक स्थल निम्नलिखित हैं:

1. ग्रैंड कैनयन, अमेरिका: यह विशाल नाला अरिजोना में स्थित है और इसकी गहराई और सुंदरता देखने लायक है।

2. नागारा जलप्रपात, कनाडा-अमेरिका: यह अमेरिका की प्रमुख पर्यटन स्थलों में से एक है और इसकी ऊँचाई और ब्रज को देखकर हर किसी को चकित होने की भावना होती है।

3. ऐयर्स रॉक, ऑस्ट्रेलिया: यह स्थल ऑस्ट्रेलिया के उत्तर-पश्चिमी क्षेत्र में स्थित है और इसकी विचित्र चट्टानों का आकर्षण है।

4. अन"
393,व्यायाम और फिटनेस ट्रैकिंग ऐप्स,"व्यायाम और फिटनेस ट्रैकिंग ऐप्स आजकल लोगों के लाइफस्टाइल का महत्वपूर्ण हिस्सा बन गए हैं। ये ऐप्स लोगों को उनके फिटनेस गोल्स को प्राप्त करने और उन्हें में सहायता प्रदान करते हैं। इन ऐप्स के माध्यम से लोग अपने व्यायाम, खान-पान और नींद की गुणवत्ता पर नजर रख सकते हैं। 

ये ऐप्स उपयोगकर्ताओं को उनके व्यायाम कार्यक्रम को ट्रैक करने में मदद करते हैं, उनकी प्रगति को मॉनिटर करते हैं और उन्हें मोटीवेट करते हैं। ये ऐप्स व्यायाम की समय सीमा, दौड़ने की दूरी, उच्चतम हृदय दर, और कैलोरी खपाई की गणना करने में मदद कर सकत"
394,वैक्सीन विकास में नई तकनीकें,"वैक्सीन विकास एक बहुत महत्वपूर्ण क्षेत्र है जो सार्वजनिक स्वास्थ्य को सुरक्षित रखने में महत्वपूर्ण भूमिका निभाता है। विजयी वैक्सीन विकास के लिए नई तकनीकें अब उपलब्ध हो रही हैं जो इस क्षेत्र को और भी प्रभावी बना रही हैं।

1. mRNA वैक्सीन: mRNA वैक्सीन एक नई पीढ़ी की वैक्सीन है जो दिन-पर-दिन विकसित हो रही है। यह वैक्सीन कोविड-19 जैसी बीमारियों के खिलाफ लाभकारी साबित हो रही है।

2. नैनोटेक्नोलॉजी: नैनोटेक्नोलॉजी का उपयोग वैक्सीन की तैयारी में भी हो रहा है। छोटे नैनो-अणुओं का उपयोग करके वैक"
395,मानसिक स्वास्थ्य और टेक्नोलॉजी,"मानसिक स्वास्थ्य और टेक्नोलॉजी दोनों ही एक-दूसरे के साथ गहरा संबंध रखते हैं। टेक्नोलॉजी के विकास से मानव जीवन में कई सुविधाएं आई हैं, जो उसकी स्वास्थ्य को बेहतर बनाने में मदद करती हैं। 

आजकल कई मानसिक स्वास्थ्य सेवाएं भी ऑनलाइन उपलब्ध हैं जो लोगों को मानसिक स्वास्थ्य समस्याओं का समाधान ढूंढने में मदद करती हैं। वीडियो कॉल, चैटबॉट्स, और एप्लिकेशन्स के माध्यम से लोग मानसिक स्वास्थ्य सेवाओं तक पहुंच सकते हैं। इसके अतिरिक्त, टेक्नोलॉजी के माध्यम से लोग अपने मानसिक स्वास्थ्य का ध्यान रखने के लिए एप्लिकेशन"
398,जीन थेरेपी की प्रगति,"जीन थेरेपी एक उत्कृष्ट तकनीक है जो विज्ञानिक और चिकित्सा क्षेत्र में अहम योगदान दे रही है। यह एक प्रौद्योगिकी है जिसमें विशेष धर्मात्मक उपकरण उपयोग किए जाते हैं ताकि विकृत जीनों का उपयोग किया जा सके और रोगों का इलाज किया जा सके। यह विशेष तरह के लेजर, वायरल वेक्टर्स और बियोचेमिकल तकनीकों का उपयोग करती है।

जीन थेरेपी की प्रगति ने अनेक रोगों के इलाज में महत्वपूर्ण योगदान दिया है। कई जनसंख्या के गंभीर और अनुपातिक रोगों के लिए जीन थेरेपी एक संभावित इलाज के रूप में उभरती विज्ञापन कर रही है। यह"
397,प्राचीन भारतीय विज्ञान और तकनीक,"प्राचीन भारतीय सभ्यताओं ने विज्ञान और तकनीक में अद्वितीय योगदान दिया है। वे अपनी उत्कृष्ट धार्मिक और दार्शनिक सोच के साथ ही विज्ञानिक प्रवृत्ति का उदाहरण हैं। भारतीय विज्ञान के क्षेत्र में गणित, ज्योतिष, वास्तुकला, अयुर्वेद, गणित और खगोलशास्त्र आदि शामिल हैं।

भारत की प्राचीन गणित विद्वान्न आर्यभट्ट और ब्राह्मगुप्त जैसे गणितज्ञों ने शून्य की खोज की और गैर एक सर्वव्यापी शून्य का आविष्कार किया। भारतीय ज्योतिष विज्ञान ने खगोलशास्त्र के क्षेत्र में भी महत्वपूर्ण योगदान दिया। भारतीय व"
396,विश्व के आश्चर्यजनक प्राकृतिक स्थल,"विश्व भर में हमें अनेक प्राकृतिक स्थल मिलते हैं जो अपनी अद्वितीयता और शक्ति से हमें मोहित करते हैं। यहाँ हम कुछ विश्व के आश्चर्यजनक प्राकृतिक स्थलों के बारे में चर्चा करेंगे।

1. ग्रेट ब्लू होल: यह कैरिबियन सागर में स्थित एक विशाल गहरा खाई है जिसे वर्षा का निर्माण माना जाता है। इस अद्वितीय स्थल की गहराई और विविधता लोगों को आकर्षित करती है।

2. औरोरा बोरियालिस: यह उत्तरी ध्रुवीय क्षेत्र में एक रंगीन प्रकार की चमकदार आवृत्ति है जो रात को आकाश में दिखाई देती है। यह दृश्य वास्तव में मानसिक शांति और चमक भरी अनुभूत"
399,खेलों का विकास और उनका सामाजिक प्रभाव,"खेलों का विकास और उनका सामाजिक प्रभाव

खेलों का महत्व समाज में बहुत अधिक है। खेल न केवल हमें फिट रखने में मदद करते हैं, बल्कि ये हमारी मानसिक स्थिति को भी सुधारते हैं। खेल और खेलने का महत्व सिर्फ शारीरिक विकास के लिए ही नहीं है, बल्कि ये हमारे सामाजिक और मानसिक विकास में भी महत्वपूर्ण भूमिका निभाते हैं।

खेल से हमें अनुशासन, सहयोग, टीमवर्क, और स्वीकृति की भावना सीखने में मदद मिलती है। खेल के माध्यम से हम विभिन्न प्रकार की कौशल सीखते हैं जैसे कि नेतृत्व, समर्पण, और योग्यता। 

खेल के माध्यम से हम व्यक्तिगत और सामाजिक कौश"
402,मानसिक स्वास्थ्य और टेक्नोलॉजी,"मानसिक स्वास्थ्य और टेक्नोलॉजी दोनों ही एक-दूसरे के साथ गहरा संबंध रखते हैं। आधुनिक दुनिया में टेक्नोलॉजी का उपयोग मानसिक स्वास्थ्य के समर्थन में किया जा रहा है। टेक्नोलॉजी के माध्यम से हम अधिक संवेदनशील हो रहे हैं और अपनी भावनाओं को व्यक्त करने के लिए नए तरीके ढूंढ रहे हैं।

मानसिक स्वास्थ्य सेवाओं में भी टेक्नोलॉजी का महत्वपूर्ण योगदान है। ऑनलाइन काउंसलिंग, मानसिक स्वास्थ्य ऐप्स, ध्यान और मेडिटेशन ऐप्स, वर्चुअल सपोर्ट सिस्टम्स आदि की मदद से लोग अपनी मानसिक समस्याओं का समाधान कर सकते हैं। इन तकनीकी साध"
401,पोषण और आहार में नई खोजें,"पोषण और आहार एक व्यक्ति के स्वास्थ्य और विकास के लिए महत्वपूर्ण हैं। विज्ञान और तकनीक के विकास के साथ, नई खोजें और अनुसंधान इस क्षेत्र में क्रांति ला रहे हैं।

आधुनिक विज्ञान और प्रौद्योगिकी ने नए और प्रभावी तरीके से पोषण और आहार के मामले में वृद्धि की हैं। उदाहरण के लिए, जीनेटिक इंजीनियरिंग की मदद से उच्च गुणवत्ता वाले जानवर और पौधों का विकास किया जा रहा है जो अधिक पोषक तत्वों से भरपूर होते हैं।

साथ ही, आधुनिक तकनीक ने भोजन प्रसंस्करण और संरक्षण को भी सुगम और सुरक्षित बना दिया है। नए तरीके से"
400,विश्व की महान वास्तुकला,"वास्तुकला एक ऐसी कला है जो हमारे जीवन को सुंदरता, सुयोग्यता और शांति की अद्वितीय अनुभूति प्रदान करती है। दुनिया भर में विभिन्न वास्तुकला के अद्वितीय नमूने पाए जाते हैं, जिनमें अनंत सजीवता और संस्कृति की अद्वितीयता छुपी होती है।

प्राचीनकाल से ही वास्तुकला का महत्व एवं महानता को मान्यता गई है। एशिया, यूरोप, अफ्रीका, अमेरिका - सभी महाद्वीपों पर वास्तुकला के बड़े-बड़े प्रमुख स्थल हैं जो अपने शैली एवं संरचना के लिए प्रसिद्ध हैं।

भारत में भी वास्तुकला का विशाल संग्रह है। हमारे देश में खजुराहो, अजंता-ए"
403,विश्व के आश्चर्यजनक प्राकृतिक स्थल,"पृथ्वी पर हमें अनेक आश्चर्यजनक प्राकृतिक स्थल मिलते हैं जिन्हें देखकर हम वास्तव में प्रकृति की अद्भुतता और सौंदर्य का आनंद ले सकते हैं। ये स्थल विभिन्न कारणों से विशेष माने जाते हैं, जैसे कि उनकी विचित्रता, वास्तविकता, ऐतिहासिक महत्व आदि।

एक ऐसा प्राकृतिक स्थल है मोजेवले स्टोन फॉरेस्ट जो ब्रिटेन में स्थित है। यहाँ पर विकसित एक अनोखे प्रकार के पत्थरों का जंगल है जो आकार में लगभग समान होते हुए भी हर एक पत्थर की रंगत और आकार अद्वितीय है। इसे देखकर लगता है कि कोई कला के कलाकार ने इन पत्थरों को इस प्रकार रखा है।

द"
404,व्यायाम और फिटनेस ट्रैकिंग ऐप्स,"आजकल व्यायाम और फिटनेस ट्रैकिंग ऐप्स लोगों के लिए एक महत्वपूर्ण सहायक बन गए हैं। ये ऐप्स लोगों को उनके व्यायाम और स्वास्थ्य की देखभाल में मदद करने में सहायक होते हैं। 

इन ऐप्स की मदद से लोग अपने व्यायाम की गतिविधियों को ट्रैक कर सकते हैं, अपने डेटा को रिकॉर्ड कर सकते हैं और अपनी प्रगति को मॉनिटर कर सकते हैं। इन ऐप्स में कई फीचर्स होते हैं जैसे कि कैलोरी काउंटर, गतिविधि ट्रैकर, हार्ट रेट मॉनिटरिंग, स्लीप ट्रैकिंग आदि। 

इन ऐप्स का उपयोग करके लोग अपने स्वास्थ्य को बेहतर बनाने के लिए अपने लक्ष्यों की ओर अग्रसर"
405,वैक्सीन विकास में नई तकनीकें,"वैक्सीन विकास में नवाचार की तकनीकों का अवश्यकता है ताकि हम विश्वासित और प्रभावी वैक्सीन बना सकें। इसके लिए वैज्ञानिकों ने कई उत्कृष्ट तकनीकें विकसित की हैं, जिनका उपयोग वैक्सीन विकास को सुगम और तेजी से करने में मदद करता है।

पहली तकनीक है 'रीकंबिनेंट डीएनए' तकनीक, जिसमें जीनेटिक मार्गदर्शित संशोधन का उपयोग किया जाता है। इसमें वायरस के जेनोम में जीनेटिक संशोधन करके उसे वैक्सीन बनाने में उपयोग किया जाता है। इसके फलस्वरूप वैक्सीन का विकास तेजी से होता है और उसकी प्रभावकारिता भी बढ़ जाती है"
406,जीन थेरेपी की प्रगति,"जीन थेरेपी एक उच्च तकनीकी चिकित्सा प्रक्रिया है जिसमें वैज्ञानिक तकनीकों का उपयोग करके विकासशील रोगों का उपचार किया जाता है। यह विशेष रोगों के कारण बदले गए जीनों को संशोधित करने के आधार पर काम करती है। जीन थेरेपी का उद्देश्य विकलांगता, अंधापन, कैंसर जैसी गंभीर बीमारियों का इलाज करना है।

जीन थेरेपी के क्षेत्र में हाल ही में कई महत्वपूर्ण प्रगतियां हुई हैं। एक ऐसी प्रगति है CRISPR-Cas9 तकनीक, जो जीन संशोधन की प्रक्रिया को सोझा और सटीक बनाने में मदद करती है। इस तकनीक की मदद से वैज्ञानिक अब अधिक संज्ञानात्मक"
407,मानसिक स्वास्थ्य और टेक्नोलॉजी,"मानसिक स्वास्थ्य और टेक्नोलॉजी दोनों हमारे जीवन में महत्वपूर्ण भूमिका निभाते हैं। टेक्नोलॉजी के उपयोग से हमारी जिंदगी में कई सुविधाएं आ गई हैं, लेकिन इसी के साथ आने वाले स्ट्रेस, एंक्साइटी और डिप्रेशन जैसी मानसिक समस्याएं भी बढ़ गई हैं। इसके बावजूद, टेक्नोलॉजी भी हमें मानसिक स्वास्थ्य को सुधारने में मदद कर सकती है।

आधुनिक दुनिया में डिजिटल माध्यमों के उपयोग से हम जानकारी तक पहुंचने के साथ-साथ मानसिक स्वास्थ्य की देखभाल में भी सक्षम हो रहे हैं। मानसिक स्वास्थ्य ऐप्स, आध्यात्मिक एप्लीकेशन्स और ऑनलाइन क"
408,खेलों का विकास और उनका सामाजिक प्रभाव,"खेलों का विकास और उनका सामाजिक प्रभाव

खेलों का खेलना विकासशीलता के लिए महत्वपूर्ण है। यह न केवल शारीरिक स्वास्थ्य के लिए अच्छा है, बल्कि मानसिक स्वास्थ्य और सामाजिक विकास के लिए भी जरूरी है। खेल खेलने से व्यक्ति की सोचने की क्षमता, कार्यात्मकता, सहनशीलता, और सामाजिक योग्यता में सुधार होता है।

खेलों का खेलना बच्चों में टीमवर्क, नेतृत्व, सहयोग, और संगठनात्मक क्षमता को विकसित करता है। खेल खेलने से बच्चों का आत्म-विश्वास बढ़ता है और वे अपनी सीमाओं को पार करने की प्रेरणा पा सकते हैं। साथ ही, खेलों के माध्यम से बच्चे स"
409,पोषण और आहार में नई खोजें,"पोषण और आहार में नई खोजें समाज के लिए एक महत्वपूर्ण क्षेत्र हैं जो स्वास्थ्य और विकास में महत्वपूर्ण भूमिका निभाते हैं। नवीनतम तकनीकी उन्नतियाँ और अनुसंधान इस क्षेत्र में नए दरवाजे खोलते हैं जो मानव स्वास्थ्य और आहार सुरक्षा को बढ़ावा देते हैं।

आधुनिक साइंस और तकनीक ने पोषण और आहार के क्षेत्र में कई नई खोजें की हैं। उदाहरण के लिए, जेनेटिक इंजीनियरिंग के माध्यम से विकसित जैव पदार्थों का उपयोग किया जा रहा है जो विभिन्न आवश्यक खनिजों और विटामिनों को आहार में प्रदान कर सकते हैं।

साथ ही, विभिन्न तकनी"
410,पोषण और आहार में नई खोजें,"पोषण और आहार एक व्यक्ति के स्वास्थ्य और विकास के लिए बहुत महत्वपूर्ण होते हैं। नवीनतम तकनीकी खोजें इस क्षेत्र में नए दरवाजे खोल रही हैं और लोगों को सुधारित आहार और पोषण सुझा रही हैं।

एक ऐसी नई खोज है जिसमें एक्सरसाइज के बाद कैलोरीज की मात्रा को सही ढंग से पूरा करने के लिए उपयोगकर्ता को स्मार्ट आहार की सलाह दी जाती है। यह सिस्टम उपयोगकर्ता की शारीरिक गतिविधि के आधार पर सलाह देता है ताकि वह सही मात्रा में पोषक तत्व लेता रहे और स्वस्थ रहे।

एक और उत्कृष्ट खोज है जिसमें एक ऐप के माध्यम से उपयोगकर्ताओं को उ"
412,मानसिक स्वास्थ्य और टेक्नोलॉजी,"मानसिक स्वास्थ्य और टेक्नोलॉजी दोनों ही एक व्यक्ति के जीवन में महत्वपूर्ण भूमिका निभाते हैं। आजकल की भागदौड़ भरी जिंदगी में मानसिक तनाव, चिंता और दिनचर्या की अनियमितता आम समस्याएं बन गई हैं। इससे अक्सर लोग डिप्रेशन, अंधिवास, अवसाद जैसी मानसिक समस्याओं का सामना करते हैं।

इस समस्या का समाधान ढूंढने के लिए टेक्नोलॉजी एक महत्वपूर्ण साधन हो सकता है। मानसिक स्वास्थ्य एप्लीकेशन्स, ऑनलाइन काउंसलिंग, मानसिक स्वास्थ्य जागरूकता और समर्थन प्लेटफॉर्म्स जैसे टेक्नोलॉजी के उपयोग से लोगों को मानसिक स्वास्थ्य स"
411,व्यायाम और फिटनेस ट्रैकिंग ऐप्स,"आजकल व्यायाम और फिटनेस ट्रैकिंग ऐप्स बहुत ही लोकप्रिय हो गए हैं। ये ऐप्स आपको अपने व्यायाम और फिटनेस गोल्स को पूरा करने में मदद करते हैं। इन ऐप्स की मदद से आप अपने व्यायाम सत्र, डाइट प्लान, नींद, और कई अन्य विवरणों का ट्रैकिंग कर सकते हैं।

ये ऐप्स आपको रोजाना कितना कैलोरी खा रहे हैं, कितना व्यायाम कर रहे हैं, नींद की गुणवत्ता, और अन्य फिटनेस गतिविधियों का ट्रैकिंग करने में मदद करते हैं। इन ऐप्स के जरिए आप अपने प्रगति को माप सकते हैं और खुद को मोटीवेट कर सकते हैं।

कुछ फायदे इन ऐप्स के इस्तेमाल से मिलते ह"
413,प्राचीन भारतीय विज्ञान और तकनीक,"प्राचीन भारतीय सभ्यता ने विज्ञान और तकनीक के क्षेत्र में भी अपना महत्वपूर्ण योगदान दिया है। वैदिक काल से ही भारत ने गणित, ज्योतिष, वास्तुकला, यांत्रिकी और चिकित्सा जैसे विभिन्न क्षेत्रों में उत्कृष्टता प्रदर्शित की है।

गणित में भारतीय गणितज्ञ आर्यभट्ट, ब्रह्मगुप्त, भास्कराचार्य आदि ने अनेक महत्वपूर्ण सिद्धांत और सूत्र दिए हैं। ज्योतिषशास्त्र में भी भारत ने ग्रहों की गति, नक्षत्रों के प्रभाव आदि के लिए विज्ञान की एक अद्वितीय धारणा दी है।

वास्तुकला में भारतीय वास्तुकला के सिद्धांत और तकनीक आज भी व"
415,विश्व के आश्चर्यजनक प्राकृतिक स्थल,"विश्व भर में कई आश्चर्यजनक प्राकृतिक स्थल हैं जो अपनी सुंदरता और अनूठापन के लिए प्रसिद्ध हैं। ये स्थल विभिन्न देशों में हौज़ारों साल पुराने हैं और प्राकृतिक परिस्थितियों के कारण उनकी खूबसूरती बनी रही है।

एक ऐसा आश्चर्यजनक स्थल है ग्रैंड कैनयन, जो कनाडा में स्थित है। यह विश्व का सबसे गहरा नाला है और इसकी खूबसूरत चारदीवारी और विशालता को देखकर हर कोई हैरान हो जाता है। फिर, नाईगारा जलप्रपात को भी दुनिया भर में अपनी अनूठी सुंदरता के लिए जाना जाता है। यह कनाडा और अमेरिका की सीमा पर स्थित है और इसकी ऊंच"
414,जीन थेरेपी की प्रगति,"जीन थेरेपी एक उत्कृष्ट तकनीक है जिसमें आधुनिक चिकित्सा में शुद्ध जीन विचारों का उपयोग किया जाता है। यह उपकरण अवश्यक जीन को खोजने, पहचानने, बदलने और पुनर्स्थापित करने में मदद करता है। जीन थेरेपी का उद्देश्य व्यक्ति के जीनोम में विकारों को संशोधित करना हूँ, जिससे किसी विशेष रोग या समस्या का समाधान हो सके।

जीन थेरेपी के माध्यम से चिकित्सा क्षेत्र में कई उत्कृष्ट प्रगति हुई हैं। आधुनिक साइंटिस्ट्स ने जीन थेरेपी के उपयोग से विभिन्न रोगों के इलाज में महत्वपूर्ण सफलता प्राप्त की है। इस तकनीक का उपयोग कैंस"
416,वैक्सीन विकास में नई तकनीकें,"वैक्सीन विकास एक महत्वपूर्ण क्षेत्र है जिसमें नई तकनीकें लगातार उत्पन्न हो रही हैं। ये नई तकनीकें वैक्सीन विकास में सुधार करने में मदद करती हैं और उन्हें अधिक प्रभावी और सुरक्षित बनाने में मदद करती हैं।

1. mRNA वैक्सीन: mRNA वैक्सीन एक नई प्रक्रिया है जिसमें mRNA को इंजेक्शन के माध्यम से शरीर में पहुंचाया जाता है। यह वैक्सीन शरीर को वायरस के खिलाफ रक्षा करने के लिए उत्तेजित करती है।

2. DNA वैक्सीन: इस तकनीक में, वायरस के खिलाफ रोकथाम के लिए विशिष्ट DNA तत्वों को इंजेक्शन के माध्यम से प्रदान किया जाता है। इससे शरीर की रोगाणु"
417,वैक्सीन विकास में नई तकनीकें,"वैक्सीन विकास में नई तकनीकें

वैक्सीन एक महत्वपूर्ण चिकित्सा उपाय है जो विभिन्न रोगों के खिलाफ सुरक्षा प्रदान करने में सहायक होता है। वैक्सीन विकास में नई तकनीकें लगातार उत्कृष्टता और प्रभावकारिता में सुधार कर रही हैं।

1. mRNA वैक्सीन: mRNA वैक्सीन एक नई प्रौद्योगिकी है जिसमें मैसेंजर RNA का उपयोग किया जाता है जो शरीर को विशिष्ट रोग के खिलाफ रक्षा प्रदान करने के लिए इम्यूनिटी उत्पन्न करता है। यह COVID-19 वैक्सीन में सफलतापूर्वक उपयोग किया गया है।

2. नैनोटेक्नोलॉजी: नैनोटेक्नोलॉजी का उपयोग वैक्सीन"
418,व्यायाम और फिटनेस ट्रैकिंग ऐप्स,"व्यायाम और फिटनेस ट्रैकिंग ऐप्स आजकल स्वास्थ्य और फिटनेस के लिए एक महत्वपूर्ण साधन बन गए हैं। ये ऐप्स उपयोगकर्ताओं को उनके व्यायाम कार्यक्रम को ट्रैक करने, प्रोग्रेस देखने और मोटिवेशन बनाए रखने में मदद करते हैं।

ये ऐप्स आपके व्यायाम सत्रों, नींद, भोजन, और अन्य स्वास्थ्य जानकारी को ट्रैक करने में मदद करते हैं। इनमें कई फीचर्स शामिल हैं जैसे कि कैलोरी काउंट, व्यायाम के प्रदर्शन का ट्रैकिंग, हृदय दर का मापन, और शराब की खपत का ट्रैकिंग।

कुछ प्रमुख व्यायाम और फिटनेस ट्रैकिंग ऐप्स शामिल हैं - MyFitnessPal, Fitbit, Nike Training Club, और"
419,विश्व की महान वास्तुकला,"वास्तुकला, जिसे आमतौर पर वास्तुशिल्प भी कहा जाता है, एक ऐसा क्षेत्र है जो मानव सभ्यता के विकास का प्रमुख साक्षी है। विश्व की महान वास्तुकला उस समय के सांस्कृतिक, सामाजिक और ऐतिहासिक परिपेक्ष्य में अद्वितीय हैं।

प्राचीन यूनानी, रोमन और मिस्री संस्कृतियों में वास्तुकला एक महत्वपूर्ण स्थान रखती थी। ग्रीक वास्तुकला में पारंपरिक दोरियाई, आयोनी और कोरिंथियन स्थापत्यकला का उत्कृष्ट प्रदर्शन किया गया है। इसके साथ ही, रोमन संस्कृति ने भी अपनी अनूठी और भव्य वास्तुकला के लिए प्रसिद्ध है।

मध्यकालीन यूरोप में जोतिषीय"
420,विश्व के आश्चर्यजनक प्राकृतिक स्थल,"विश्व भर में अनगिनत प्राकृतिक स्थल हैं जो अपनी अद्वितीयता और सुंदरता के लिए प्रसिद्ध हैं। ये स्थल अक्सर अप्रत्याशित और अद्भुत नजर आते हैं और लोगों का मन मोह लेते हैं।

एक ऐसा प्राकृतिक स्थल है मोयाला नेतिओनल पार्क जो चिली में स्थित है। यहाँ आपको अनगिनत जानवरों के साथ एक खूबसूरत मिलनसार स्थल मिलता है। वहाँ के आकर्षण में विशाल वन्यजीव और अन्य प्राकृतिक सौंदर्य शामिल हैं।

इंडोनेशिया में कोमोडो द्वीप भी एक चमत्कारिक स्थल है जहां कोमोडो ड्रैगन्स नामक विशेष प्रजाति के जीव रहते हैं। इन खतरनाक जानवरों को"
421,विश्व की महान वास्तुकला,"वास्तुकला एक श्रेष्ठ कला है जो मानव सभ्यता की विविधता और समृद्धि का प्रतीक है। वास्तुकला के माध्यम से हम विभिन्न समय और स्थानों की सांस्कृतिक, ऐतिहासिक और धार्मिक पहचान को समझ सकते हैं।

विश्व की महान वास्तुकला में भारतीय, यूरोपीय, एशियाई, अफ्रीकन और अमेरिकी संस्कृतियों का समाहार देखने को मिलता है। भारत की वास्तुकला में खजुराहो, कोणार्क, एलोरा, अंबेर किला, ताजमहल, कुटुब मीनार, विश्वनाथ मंदिर, गोल गुम्बज, विश्वेश्वरय्या मंदिर, दिलवारा जैन मंदिर आदि शामिल हैं।

यूरोप में ग्रीक, रोमन, गोथिक, रीनेसाँस, बार"
423,मानसिक स्वास्थ्य और टेक्नोलॉजी,"मानसिक स्वास्थ्य और टेक्नोलॉजी एक गहरी संबंधिता रखते हैं। आधुनिक दुनिया में तकनीकी उन्नति ने हमारे जीवन को कई तरह से सरल और सुविधाजनक बना दिया है, लेकिन यह भी नई चुनौतियों का सामना करने के लिए हमें तैयार कर दिया है। मानसिक स्वास्थ्य के मुद्दों में तनाव, अवसाद, अकेलापन और सोशल मीडिया का प्रभाव शामिल हैं।

टेक्नोलॉजी का सही तरीके से उपयोग करना मानसिक स्वास्थ्य को सुधार सकता है। मानसिक स्वास्थ्य एप्लिकेशन, ऑनलाइन काउंसलिंग, मेडिटेशन ऐप्स और डिजिटल व्यायाम उपकरण उपलब्ध हैं जो लोगों को अपने मानसिक स्वास्थ्य के"
422,जीन थेरेपी की प्रगति,"जीन थेरेपी एक उच्च स्तरीय चिकित्सा प्रक्रिया है जिसमें विशेष रूप से डिजाइन किए गए जीन का उपयोग रोगों के उपचार में किया जाता है। यह उत्पादन में होने वाली त्रुटियों या गलतीयों को सुधारने की प्रक्रिया के साथ-साथ रोग का निवारण करने के लिए भी उपयोगी है। जीन थेरेपी में वैज्ञानिक अनुसंधान और प्रौद्योगिकी का महत्वपूर्ण योगदान है जिससे इसकी प्रगति हुई है।

जीन थेरेपी के क्षेत्र में नवीनतम विकासों में से एक विकल्प थे ""क्रिस्पर-कैस"" तकनीक। यह एक उत्कृष्ट तकनीक है जिसका उपयोग जीनों में संशोधन करने के लिए किया जात"
425,मानसिक स्वास्थ्य और टेक्नोलॉजी,"मानसिक स्वास्थ्य और टेक्नोलॉजी दोनों ही अहम विषय हैं जिनका महत्व आजकल काफी बढ़ चुका है। टेक्नोलॉजी के विकास से हमारे जीवन के कई क्षेत्रों में सुधार हुआ है, लेकिन इसके साथ ही इसने हमारे मानसिक स्वास्थ्य पर भी असर डाला है। दिन-प्रतिदिन बढ़ती डिजिटल जिंदगी, सोशल मीडिया का उपयोग, ऑनलाइन कनेक्टिविटी इत्यादि कई चीजें हमारे मानसिक स्वास्थ्य को प्रभावित कर रही हैं।

टेक्नोलॉजी के उपयोग से तो हम आसानी से जानकारी प्राप्त कर सकते हैं, लेकिन इसका अधिक उपयोग हमें अलग कर देता है। इंटरनेट पर समय बिताने से हमारी ध्यानावस"
424,मानसिक स्वास्थ्य और टेक्नोलॉजी,"मानसिक स्वास्थ्य और टेक्नोलॉजी दोनों ही अहम विषय हैं जिनका महत्व आजकल काफी बढ़ गया है। टेक्नोलॉजी का उपयोग मानसिक स्वास्थ्य के समर्थन में किया जा सकता है। 

आधुनिक टेक्नोलॉजी के साधन जैसे स्मार्टफोन, एप्लीकेशन, और वेबसाइटें मानसिक स्वास्थ्य को समर्थन प्रदान करने में मदद कर सकते हैं। एक्सरसाइज एप्लीकेशन्स और मेडिटेशन एप्लीकेशन्स मानसिक स्वास्थ्य को सुधारने में मदद कर सकते हैं। साथ ही, वीडियो कॉल और ऑनलाइन काउंसलिंग सेवाएं भी मानसिक स्वास्थ्य के लिए उपयोगी हैं।

हालांकि, टेक्नोलॉजी का अधिक उपयोग भी मानसिक"
426,मानसिक स्वास्थ्य और टेक्नोलॉजी,"मानसिक स्वास्थ्य और टेक्नोलॉजी दोनों ही अहम विषय हैं जो हमारे जीवन में महत्वपूर्ण भूमिका निभाते हैं। आधुनिक दुनिया में टेक्नोलॉजी का उपयोग मानसिक स्वास्थ्य के समर्थन में किया जा रहा है। अब लोग दुनिया भर में इंटरनेट के माध्यम से मानसिक स्वास्थ्य सेवाओं का लाभ उठा सकते हैं।

टेक्नोलॉजी से लोगों को मानसिक स्वास्थ्य सेवाओं तक पहुंचने में सहायता मिलती है। आजकल ऑनलाइन माइंडफुलनेस, मेडिटेशन, और काउंसलिंग सेशन आसानी से उपलब्ध हो रहे हैं। यह सुविधाएँ विशेषकर उन लोगों के लिए उपयुक्त हैं जो गृहस्थ जीवन या दूर"
427,मानसिक स्वास्थ्य और टेक्नोलॉजी,"मानसिक स्वास्थ्य और टेक्नोलॉजी एक अहम विषय है जिसका महत्व आजकल काफी बढ़ गया है। टेक्नोलॉजी के विकास ने हमारे जीवन को काफी आसान और सुविधाजनक बना दिया है, लेकिन इसके साथ ही आने वाले स्ट्रेस और दबाव ने मानसिक स्वास्थ्य को प्रभावित किया है।

आजकल कई लोग अपने दिनचर्या में टेक्नोलॉजी का इस्तेमाल करते हैं, जैसे कि सोशल मीडिया, स्मार्टफोन, कंप्यूटर आदि। इन डिवाइसेज के इस्तेमाल से हमारे दिमाग में अधिक दबाव बनने लगता है और यह हमारे मानसिक स्वास्थ्य पर गंभीर प्रभाव डाल सकता है। इसके अलावा, टेक्नोलॉजी का इस्त"
428,टेलीमेडिसिन का भविष्य,"टेलीमेडिसिन एक तकनीकी योजना है जिसमें चिकित्सा सेवाएं और सलाह दूरसंचार के माध्यम से प्रदान की जाती हैं। यह विशेषकर किसी दूरस्थ रोगी तक पहुँचाई जा सकती है। टेलीमेडिसिन के उपयोग से रोगी किसी विशेष स्थान पर मौजूद होते हुए भी अपने डॉक्टर से संपर्क कर सकते हैं और उनकी सलाह ले सकते हैं। 

टेलीमेडिसिन का भविष्य बेहद उज्जवल है। वर्चुअल हेल्थ केयर, लाइव वीडियो कॉल, ई-निरीक्षण और डिजिटल डेटा साझा करने के माध्यम से टेलीमेडिसिन ने चिकित्सा सेवाओं को एक नए स्तर पर ले जाने का रास्ता खोल दिया है। इसके माध्यम से रोगी क"
429,प्राचीन भारतीय विज्ञान और तकनीक,"प्राचीन भारत में विज्ञान और तकनीक का इतिहास बहुत प्राचीन है और यहाँ के वैज्ञानिक और तकनीकी धारकों ने विशेष योगदान दिया है। भारतीय वैज्ञानिक और गणितज्ञ आर्यभट्ट ने गणित, ज्योतिष, भूगोल आदि में अपनी महत्वपूर्ण योगदान दिया। उन्होंने ‘आर्यभट्टीय’ के नाम से एक गणितीय ग्रंथ भी लिखा था।

भारतीय वैज्ञानिक और चिकित्सा विज्ञानी चरक ने अपनी आयुर्वेदिक ग्रंथ ‘चरक संहिता’ के माध्यम से चिकित्सा के क्षेत्र में महत्वपूर्ण योगदान दिया। उन्होंने विभिन्न रोगों के उपचार के लिए औषधियों के उपयोग के ब"
432,जीन थेरेपी की प्रगति,"जीन थेरेपी एक उत्कृष्ट चिकित्सा प्रक्रिया है जिसका उद्देश्य व्यक्ति के जीनों में परिवर्तन करके रोग का इलाज करना है। यह एक विशेष तकनीक है जिसके माध्यम से अद्भुत और उत्कृष्ट उपचार संभव हो रहे हैं। जीन थेरेपी का उद्योग इसके विस्तार में हो रहा है और यह विभिन्न रोगों के इलाज में महत्वपूर्ण भूमिका निभा रहा है।

जीन थेरेपी की प्रगति में विज्ञानिक और तकनीकी उन्नति ने इसकी मान्यता बढ़ाई है। नवीनतम जीन थेरेपी तकनीकें रोगों के उपचार में महत्वपूर्ण सुधार कर रही हैं। यह तकनीक अब न केवल जनरल जनेटिक रोगों के"
430,जीन थेरेपी की प्रगति,"जीन थेरेपी एक उच्च प्रोफ़ाइल तकनीक है जो विज्ञानिक समुदाय में विस्तार से ध्यान आकर्षित कर रही है। यह एक उत्कृष्ट उपकरण है जो विकासशील रोगों के उपचार के लिए संभावित तरीके प्रस्तुत करता है। जीन थेरेपी का माध्यम वास्तव में व्यक्तिगत चिकित्सा है, जिसमें विशेष जीन्स को इंसानी शरीर में पहुंचाने का प्रयास किया जाता है।

जीन थेरेपी का उद्देश्य विकासशील रोगों जैसे कैंसर, मधुमेह, एडीएचडी आदि के इलाज में सहायक होना है। इस तकनीक के माध्यम से विज्ञान जीन्स को संशोधित कर इन रोगों के लक्षणों को कम करने या मिटाने की क"
431,मानसिक स्वास्थ्य और टेक्नोलॉजी,"मानसिक स्वास्थ्य और टेक्नोलॉजी दोनों ही एक दूसरे से गहरी रूप से जुड़े हुए हैं। आजकल कंप्यूटर, स्मार्टफोन, सोशल मीडिया और इंटरनेट का उपयोग हमारे रोजमर्रा के जीवन का महत्वपूर्ण हिस्सा बन गया है। जबकि टेक्नोलॉजी ने हमें एक नए दुनिया के साथ जोड़ दिया है, वहीं इसने हमारे मानसिक स्वास्थ्य पर भी असर डाला है।

टेक्नोलॉजी के उपयोग से आधुनिक जीवन में कई सुविधाएं हुई हैं, लेकिन इसका उपयोग अत्यधिक होने से भी नकारात्मक प्रभाव हो सकता है। सोशल मीडिया का अत्यधिक उपयोग नकारात्मक सोच और भावनाओं को उत्त"
433,विश्व के आश्चर्यजनक प्राकृतिक स्थल,"विश्व भर में हमें अनेक ऐसे आश्चर्यजनक प्राकृतिक स्थल मिलते हैं जो हमें अपनी अद्भुतता और सुंदरता से प्रभावित करते हैं। ये स्थल विभिन्न भागों में फैले होते हैं और मानव जीवन को विविधता और समृद्धि प्रदान करते हैं।

एक ऐसा प्राकृतिक स्थल है माउंट एवरेस्ट, जो हिमालय पर्वत श्रृंखला में स्थित है और दुनिया का सबसे ऊँचा पर्वत है। इसकी शीर्ष ऊंचाई 8,848 मीटर है और इसे दर्शनीयता और मानव के साहस का प्रतीक माना जाता है।

दूसरा उदाहरण है ग्रैंड कैन्यन, जो अमेरिका में स्थित है और विश्व का सबसे बड़ा घाटी है। इसकी गहराई औ"
434,खेलों का विकास और उनका सामाजिक प्रभाव,"खेलों का विकास और उनका सामाजिक प्रभाव

खेलों का खेलना मानव सभ्यता का एक महत्वपूर्ण हिस्सा है। खेल न केवल शारीरिक स्वास्थ्य के लिए महत्वपूर्ण है, बल्कि मानसिक, सामाजिक और आत्मिक विकास के लिए भी आवश्यक है। खेल खेलने से हमारे शारीरिक क्षमताएं बढ़ती हैं, हमारी मानसिक स्थिति में सुधार होता है, हमारे सामाजिक कौशल विकसित होते हैं और हमें टीम वर्क और सहयोग की भावना सिखाता है। 

खेल खेलने से हमें जीवन में सफलता हासिल करने के लिए जरूरी गुण सिखाता है, जैसे कि संघर्ष करना, सहनशीलता और टीम में मिलकर काम करना। यह हमें जीवन में आने वाल"
437,टेलीमेडिसिन का भविष्य,"टेलीमेडिसिन एक विज्ञान है जो डिजिटल तकनीक का उपयोग करके दूरस्थ रूप से चिकित्सा सेवाएं प्रदान करता है। यह तकनीकी उन्नति ने स्वास्थ्य सेवाओं को सुगम और सुलभ बना दिया है। टेलीमेडिसिन के जरिए रोगी अपने घर से ही डॉक्टर से संपर्क कर सकते हैं और चिकित्सा सलाह प्राप्त कर सकते हैं।

टेलीमेडिसिन का भविष्य बहुत उज्जवल है। इसके जरिए डॉक्टर समुदायों में अधिक अच्छे संबंध बना सकते हैं और अधिक रोगियों को सेवाएं प्रदान कर सकते हैं। विशेषज्ञ चिकित्सा सेवाएं गांवों और दूरदराज इलाकों तक पहुंच सकेंगी, जिससे गरीब और दुर"
436,विश्व की महान वास्तुकला,"वास्तुकला एक ऐसी कला है जो समय के साथ विकसित हुई है और विश्व की महान वास्तुकला कायम है। वास्तुकला मानव सभ्यता की एक महत्वपूर्ण व्यक्तिगता है जो उसकी सोच, संस्कृति, और भावनाओं को दर्शाती है।

भारतीय वास्तुकला अपनी सुंदरता और धरोहर के लिए प्रसिद्ध है। खजुराहो, अजंता और एलोरा गुफाएं, ताजमहल, खुजराहो मंदिर, राजपुटाना किले जैसी ऐतिहासिक इमारतें भारतीय वास्तुकला की मिसाल हैं।

यूरोपीय वास्तुकला में ग्रीक, रोमन, गोथिक और रीनेसांस कला का महत्वपूर्ण स्थान है। कोलोसियम, पेरिस कैथेड्रल, लुवर म्यूज़ियम, वेन"
435,अंतरिक्ष अन्वेषण का इतिहास,"अंतरिक्ष अन्वेषण एक तकनीकी और वैज्ञानिक क्षेत्र है जिसमें अंतरिक्ष के दूर दराज क्षेत्र का अध्ययन किया जाता है। अंतरिक्ष अन्वेषण का इतिहास बहुत प्राचीन है और इसमें आज के तकनीकी विकास का महत्वपूर्ण योगदान है।

चीनी, भारतीय, यूरोपीय, अरब, और अमेरिकी वैज्ञानिकों ने अपनी अंतरिक्ष अन्वेषण की योजनाएं बनाई हैं। चाँद पर पहली उड़ान 1959 में सोवियत संघ द्वारा होती है। उसके बाद से लगातार प्रगामी विज्ञान ने अंतरिक्ष अन्वेषण का क्षेत्र विस्तारित किया है। 

अंतरिक्ष अन्वेषण की शुरुआत से आज तक, मानव ने अंतर"
438,जीन थेरेपी की प्रगति,"जीन थेरेपी एक प्रौद्योगिकी है जिसमें विज्ञान और तकनीक का संयोग किया जाता है ताकि रोगों को ठीक करने के लिए व्यक्तिगतीकृत उपचार विकसित किया जा सके। यह उपचार उन रोगों के लिए विशेष रूप से उपयुक्त है जो जन्म से होते हैं या गलत जीनों के कारण होते हैं।

जीन थेरेपी की प्रगति में कई महत्वपूर्ण कदम उठाए गए हैं। सबसे पहले, जीन थेरेपी के लिए उपयोगिता और सुरक्षा के मामले में अब अधिक सुधार किया गया है। नई तकनीकी उनकी असरकारकता बढ़ाने के लिए विकसित की जा रही हैं।

दूसरे, जीन थेरेपी के अनेक सफल संदेश हमें दिखा र"
439,टेलीमेडिसिन का भविष्य,"टेलीमेडिसिन एक विज्ञान है जिसमें चिकित्सा सेवाएं और सलाहकारी सेवाएं दूरस्थ माध्यमों के माध्यम से प्रदान की जाती हैं। यह एक वर्चुअल प्लेटफार्म है जिसमें रोगियों और डॉक्टरों के बीच संपर्क स्थापित किया जाता है। टेलीमेडिसिन का भविष्य बहुत उज्जवल है और इसके कई फायदे हैं।

पहले, टेलीमेडिसिन से रोगियों को चिकित्सा सेवाएं आसानी से प्राप्त हो जाती हैं। खासकर दूरस्थ इलाकों में रहने वाले लोग इस सेवा का लाभ उठा सकते हैं।

दूसरे, इससे डॉक्टरों को अधिक रोगियों को सेवा प्रदान करने का अवसर मिलता है। इससे डॉक्टरों की व"
440,भारतीय संस्कृति में त्योहारों का महत्व,"भारतीय संस्कृति में त्योहारों का खास महत्व है। ये त्योहार हमारे समाज को एकजुट करने का काम करते हैं और हमें हमारी परंपराओं को याद रखने के लिए प्रेरित करते हैं। भारतीय संस्कृति में विभिन्न धर्मों के त्योहार जैसे दीवाली, होली, दशहरा, ईद, क्रिसमस आदि अपने अपने महत्वपूर्ण स्थान रखते हैं।

ये त्योहार हमें सामाजिक एकता और भाईचारा महसूस कराते हैं। इन त्योहारों में परिवार के सदस्य एक साथ मिलकर धार्मिक कार्यक्रमों में भाग लेते हैं और परस्पर प्यार और समरसता का संदेश देते हैं।

त्योहारों के जरिए हम अपनी पूर्वजों की एकता और परंपराओं"
442,जीन थेरेपी की प्रगति,"जीन थेरेपी एक प्रौद्योगिकी है जिसमें विज्ञान और तकनीक का सामना करते हुए रसायनिक और जीनेटिक विचारों का उपयोग करके रोगों के उपचार में सुधार किया जाता है। यह विधि एक व्यक्ति के जीनों में बदलाव करके उनके रोगों को ठीक करने की क्षमता प्रदान करती है।

जीन थेरेपी की प्रगति में हाल ही में कई महत्वपूर्ण उपयोगिताएँ देखने को मिल रही हैं। इसमें सबसे महत्वपूर्ण उपयोग थलसीमिया, मुख्य न्यायिक हानिकारक रोग, विक्रमी रोग, एचआईवी, कैंसर, डायबिटीज, मस्तिष्क अवसाद, अल्जाइमर जैसे बीमारियों के इलाज में हो रहा है।

जीन थेर"
443,विश्व की महान वास्तुकला,"वास्तुकला एक कला है जिसे इंसान ने अपने निवास स्थलों और अन्य संरचनाओं में सुंदरता और व्यवस्था की दृष्टि से उत्तम बनाने के लिए विकसित किया है। वास्तुकला में समावेशित गोंडियों, मंदिरों, महलों, गुंबदों और अन्य भवनों ने हमें विभिन्न समयों और स्थानों की सांस्कृतिक और ऐतिहासिक पहचान दिलाई है।

विश्व की महान वास्तुकला की चर्चित उदाहरणों में ताजमहल, प्योरला, एफिल टावर, अंगकोर वाट, अक्रोपोलिस, पेट्रा, जीनोवा की पुरानी नगरी, अिस्तानबुल का आया सोफिया ग्रंथ, एट्रीम की प्यारे देवालय, और बर्लिन की बाउलिन इवार समेत शाम"
441,व्यायाम और फिटनेस ट्रैकिंग ऐप्स,"व्यायाम और फिटनेस ट्रैकिंग ऐप्स आजकल लोगों के लिए बहुत ही महत्वपूर्ण हो गए हैं। ये ऐप्स उन्हें अपने व्यायाम और स्वास्थ्य की जानकारी को संग्रहित रखने में मदद करते हैं। इन ऐप्स के माध्यम से उपयोगकर्ता अपने व्यायाम का ट्रैक रख सकते हैं, अपने भोजन की जानकारी दर्ज कर सकते हैं, वजन और लहसुना की गति को माप सकते हैं और अपने स्वास्थ्य के लिए निर्धारित लक्ष्यों को हासिल करने के लिए पुश कर सकते हैं।

कुछ लोकप्रिय व्यायाम और फिटनेस ट्रैकिंग ऐप्स में MyFitnessPal, Fitbit, Nike Training Club, Strava, और Google Fit शामिल हैं। इन ऐप्स में व्यायाम की जानकारी, आहार की जानक"
444,भारतीय संस्कृति में त्योहारों का महत्व,"भारतीय संस्कृति में त्योहारों का बहुत महत्व है। ये त्योहार भारतीय समाज की सामाजिक, सांस्कृतिक और आध्यात्मिक जीवनशैली का महत्वपूर्ण हिस्सा हैं। भारत में विभिन्न धर्मों और समुदायों के अनुसार अनेक त्योहार मनाए जाते हैं, जिनमें जन्माष्टमी, दीपावली, होली, ईद, बैसाखी, नवरात्रि, दुर्गा पूजा, रक्षाबंधन, गणेश चतुर्थी, दिवाली, और बैशाखी शामिल हैं।

ये त्योहार समाज में एकता, समरसता और समर्पण के भाव को बढ़ाते हैं। इन अवसरों पर लोग एक-दूसरे के साथ खुशियों का हिस्सा बनते हैं और सामाजिक संबंधों को मजबूती द"
445,विश्व की महान वास्तुकला,"वास्तुकला का अर्थ है भवन निर्माण या वास्तुशिल्प। इस कला का मुख्य उद्देश्य सुंदर, उचित और उपयोगी भवन निर्माण करना है। वास्तुकला न केवल इसकी आकृति और रचना को ध्यान में रखती है, बल्कि यह भवन के उपयोग, स्थिति, और वातावरण को भी महत्व देती है।

विश्व की महान वास्तुकला कई प्रकार की है, जिनमें सबसे प्रमुख हैं प्य्रामिड्स, महल, मंदिर, चर्च, गुम्बद और किले आदि। पिरामिड ऑफ जीजा, ताजमहल, अंगकोर वाट, पेट्रा, ग्रैंड कैनयन, सिडनी ऑपेरा हाउस, ग्रीन वॉल ऑफ मुंचेन, बुर्ज खलीफा, सिडनी हार्बर ब्रिज, विश्वनाथ मंदिर,"
446,खेलों का विकास और उनका सामाजिक प्रभाव,"खेलों का विकास और उनका सामाजिक प्रभाव

खेलों का समाज में महत्वपूर्ण स्थान है और इसका विकास व्यक्ति की शारीरिक, मानसिक और सामाजिक तौर पर सुधार करता है। खेल न केवल एक मनोरंजन का साधन होता है, बल्कि इससे शारीरिक क्षमताओं का विकास होता है, मानसिक मजबूती बढ़ती है और सामाजिक संबंधों में सुधार आता है।

खेल खेलने से व्यक्ति का शारीरिक और मानसिक स्वास्थ्य भलीभांति बना रहता है। खेल करने से शरीर के अलग-अलग हिस्सों की मजबूती बढ़ती है और व्यक्ति स्वस्थ रहता है। साथ ही, खेल खेलने से व्यक्ति की मानसिक क्षमता भी बढ़ती है, जैसे"
448,मानसिक स्वास्थ्य और टेक्नोलॉजी,"मानसिक स्वास्थ्य और टेक्नोलॉजी एक दिलचस्प और महत्वपूर्ण विषय है जिसपर ध्यान देना आवश्यक है। आधुनिक युग में टेक्नोलॉजी ने हमारे जीवन को काफी आसान और सुविधाजनक बना दिया है, लेकिन इसके साथ ही मानसिक स्वास्थ्य पर भी इसका प्रभाव है।

आजकल कंप्यूटर, मोबाइल फोन, सोशल मीडिया और इंटरनेट का उपयोग हमारे दिनचर्या का हिस्सा बन गया है। इससे जुड़े नुकसान भी हैं, जैसे कि डिप्रेशन, एकांतवाद, नींद की कमी और सोशल इजोलेशन। इन समस्याओं को दूर करने के लिए हमें अपने डिवाइस का समय सीमित रखना चाहिए और अपने मानसिक स्व"
447,विश्व की महान वास्तुकला,"विश्व की महान वास्तुकला एक अद्वितीय और शानदार विरासत है जो हमें प्राचीन समय से लेकर आज के दौर तक अद्वितीय और शानदार भवनों की शृंखला प्रस्तुत करती है। वास्तुकला का इतिहास बहुत पुराना है और यह इंसानी सभ्यता के विकास की एक प्रमुख प्रतीक है।

प्राचीन काल से ही वास्तुकला ने इंसानों के जीवन को सुंदर और स्थायी बनाने के लिए महत्वपूर्ण भूमिका निभाई है। एशिया, यूरोप, अफ्रीका, ओस्ट्रेलिया और अमेरिका में अलग-अलग स्थलों पर बने गुम्बद, मन्दिर, मस्जिद, महल और अन्य भवन विविधता का प्रतीक हैं।

विश्व की महान वास्तुकला में भारती"
449,व्यायाम और फिटनेस ट्रैकिंग ऐप्स,"व्यायाम और फिटनेस ट्रैकिंग ऐप्स आजकल लोगों के लाइफस्टाइल का महत्वपूर्ण हिस्सा बन गए हैं। ये ऐप्स योग्य और स्वस्थ जीवनशैली की प्रोत्साहना करने में मदद करते हैं। इन ऐप्स की मदद से लोग अपना व्यायाम तथा डाइट प्लान अनुसार अपनी प्रगति को ट्रैक कर सकते हैं। 

व्यायाम और फिटनेस ट्रैकिंग ऐप्स कई गुणवत्तापूर्ण सुविधाएं प्रदान करते हैं। इनमें कई ऐप्स व्यायाम कार्यक्रम तैयार करने में मदद करते हैं, जबकि कुछ ऐप्स कैलोरी ट्रैकिंग तथा नींद और स्ट्रेस की मॉनिटरिंग की सुविधा भी प्रदान करते हैं। 

ये ऐप्स उपयोगक"
450,मानसिक स्वास्थ्य और टेक्नोलॉजी,"मानसिक स्वास्थ्य और टेक्नोलॉजी दोनों ही महत्वपूर्ण क्षेत्र हैं जो हमारे दिनचर्या में महत्वपूर्ण भूमिका निभाते हैं। टेक्नोलॉजी ने मानव जीवन को कई तरीकों से सरल और आसान बना दिया है, लेकिन इसके साथ ही मानसिक स्वास्थ्य की भी चिंता है।

आधुनिक टेक्नोलॉजी की दुनिया में जीवन की गतिविधियों में तेजी से बदलाव हो रहा है। सोशल मीडिया, मोबाइल फोन, इंटरनेट आदि के इस्तेमाल से लोग एक दूसरे से जुड़े रहते हैं, लेकिन इसके साथ ही उनके जीवन में स्ट्रेस, दुख, अनिश्चितता आदि की समस्याएं भी बढ़ रही हैं। इसके परिणामस्वरूप म"
451,व्यायाम और फिटनेस ट्रैकिंग ऐप्स,"व्यायाम और फिटनेस ट्रैकिंग ऐप्स आजकल लोगों के लिए बहुत महत्वपूर्ण हो गए हैं। ये ऐप्स लोगों को उनके रोजाना के व्यायाम और आहार की जानकारी प्रदान करते हैं और उन्हें स्वस्थ और फिट रहने में मदद करते हैं। ये ऐप्स विभिन्न व्यायाम एक्टिविटी, खाने-पीने की जानकारी, नींद, दिनचर्या, और स्वास्थ्य से जुड़ी जानकारी दर्ज करते हैं ताकि उपयोगकर्ता अपने लक्ष्यों की दिशा में आगे बढ़ सकें।

ये ऐप्स विभिन्न फीचर्स के साथ आते हैं जैसे कि व्यायाम स्केज्यूल, कैलोरी काउंटर, व्यायाम की जानकारी, गोल्स सेट करने की सुविधा, स्व"
452,टेलीमेडिसिन का भविष्य,"टेलीमेडिसिन एक तकनीकी उपाय है जिसमें विभिन्न स्वास्थ्य सेवाओं को दूरस्थ साधनों का उपयोग करके प्रदान किया जाता है। यह विशेष रूप से डिजिटल संचार के माध्यम से डॉक्टर और रोगी के बीच संपर्क बनाए रखने में मदद करता है।

टेलीमेडिसिन का भविष्य बहुत उज्जवल है। इसके माध्यम से लोग अपने घर से ही डॉक्टर से संपर्क कर सकेंगे और स्वास्थ्य सेवाओं का लाभ उठा सकेंगे। विशेषज्ञों द्वारा देश के छोटे-बड़े कोनों में स्वास्थ्य सेवाएं पहुंचाने में भी टेलीमेडिसिन महत्वपूर्ण भूमिका निभाएगा।

इसके साथ ही, टेलीमेडिसिन वैज्ञानिक अन"
453,विश्व की महान वास्तुकला,"वास्तुकला एक विशेष कला है जो मानव सभ्यता की उन्नति और समृद्धि का साक्षात्कार कराती है। यह कला न केवल इमारतों की रचना में समर्पित है, बल्कि इसके माध्यम से समाज, सांस्कृतिक विरासत और ऐतिहासिक महत्व को भी दर्शाती है।

विश्व की महान वास्तुकला कई भिन्न स्थानों पर देखी जा सकती है। इनमें भारत की वास्तुकला एक अद्वितीय स्थान रखती है। भारतीय वास्तुकला विशेषतः भगवान राम, भगवान शिव, भगवान विष्णु और गौतम बुद्ध के मंदिरों और स्थापत्यकला के प्राचीन भवनों की शैली में प्रदर्शित होती है। इनके अलावा, महान मुगल इम्पीर द्वार"
454,व्यायाम और फिटनेस ट्रैकिंग ऐप्स,"आजकल व्यायाम और फिटनेस ट्रैकिंग ऐप्स का उपयोग लोगों के बीमारियों से बचाव, स्वस्थ जीवनशैली अपनाने और फिट रहने के लिए किया जा रहा है। ये ऐप्स उपयोगकर्ताओं को उनके व्यायाम और आहार की जानकारी देने के साथ-साथ उनकी प्रगति को भी ट्रैक करने में मदद करते हैं।

व्यायाम और फिटनेस ट्रैकिंग ऐप्स की कुछ मुख्य विशेषताएं निम्नलिखित हैं:

1. व्यायाम कार्यक्रम: ये ऐप्स उपयोगकर्ताओं के लिए व्यक्तिगताकृत कार्यक्रम तैयार करने में मदद करते हैं।

2. आहार ट्रैकिंग: इन ऐप्स के माध्यम से आप अपने आहार की जानकारी दर्ज कर सकते हैं औ"
455,भारतीय संस्कृति में त्योहारों का महत्व,"भारतीय संस्कृति में त्योहारों का विशेष महत्व है। ये त्योहार हमारे समाज की विविधता, एकता और समृद्धि का प्रतीक हैं। भारत में हर धर्म और समुदाय के लोग अपने-अपने त्योहार मनाते हैं और इसका आनंद उचित जगह और समय पर दूसरों के साथ बाँटते हैं।

ये त्योहार हमारे जीवन में खुशियों का माहौल बनाते हैं और हमें अपने परंपरागत संस्कृति को महसूस कराते हैं। त्योहारों के दौरान हमारे घर में एक खास महसूस होता है, जिससे हमारे परिवार के सदस्य और अच्छे दोस्त भी हमारे साथ समय बिताने आते हैं।

इन त्योहारों के माध्यम से हम अपने रिश्तेदारों औ"
457,वैक्सीन विकास में नई तकनीकें,"वैक्सीन एक महत्वपूर्ण तकनीक है जो रोगों से बचाव करने में मदद करती है। हाल ही में कई नई तकनीकें वैक्सीन विकास में उपयोग की जा रही हैं।

1. mRNA वैक्सीन: mRNA वैक्सीन कोरोना वायरस को खिलाने के लिए उपयोग की जा रही है। यह वैक्सीन शरीर को वायरस के खिलाफ रक्षा उत्पन्न करने के लिए आदिकारिक वायरस के RNA को कॉपी करती है।

2. विक्टर वैक्सीन: इस तकनीक में वायरस के जीनोम को अन्य वायरस में डाला जाता है, जिससे वह वायरस जो व्यक्ति को बीमार करता है, उसके खिलाफ रक्षा उत्पन्न करता है।

3. एडीनोवायरस वैक्सीन: यह वैक्सीन एडीनोव"
456,विश्व के आश्चर्यजनक प्राकृतिक स्थल,"विश्व भर में हमें कई ऐसे आश्चर्यजनक प्राकृतिक स्थल मिलते हैं जो हमें अपनी अद्वितीयता और सुंदरता से प्रभावित करते हैं। इन स्थलों में वन्यजीवों का आवास होता है, प्राचीन प्राकृतिक गणराज्य होते हैं और मानव जीवन के लिए अद्वितीय अनुभव प्रदान करते हैं।

एक ऐसा आश्चर्यजनक स्थल है ग्रैंड कैनयन, जो कनाडा में स्थित है। यह विश्व का सबसे गहरा नाला है और इसकी सुंदरता देखने वालों को प्रभावित कर देती है। फिर, नाइगरा जलप्रपात जो कनाडा और अमेरिका की सीमा पर स्थित है, उसकी ऊंचाई और गिरने की शक्ति बेहद आश्चर्यजनक है।

अग"
458,भारतीय संस्कृति में त्योहारों का महत्व,"भारतीय संस्कृति में त्योहारों का विशेष महत्व है। ये त्योहार भारतीय समाज की विविधता और एकता का प्रतीक होते हैं। इन त्योहारों के माध्यम से हम अपनी परंपराओं को महसूस करते हैं और सामाजिक जीवन में एक साथीता का माहौल बनाते हैं।

भारत में विभिन्न धर्मों के त्योहार मनाए जाते हैं, जैसे दीपावली, होली, दशहरा, ईद, गुरुपूर्णिमा, क्रिसमस आदि। इन त्योहारों में रंग-बिरंगी रंगों की खुशियों का जश्न मनाया जाता है और विभिन्न विधि-विधानों का पालन किया जाता है।

त्योहारों के माध्यम से समाज में एक भावनात्मक और मानवीय संबंध बना रहता ह"
459,विश्व के आश्चर्यजनक प्राकृतिक स्थल,"पृथ्वी पर अनगिनत सुंदर और आश्चर्यजनक प्राकृतिक स्थल हैं जिन्हें देखकर हम सचमुच ही विस्मित हो जाते हैं। ये स्थल विभिन्न भागों में फैले होते हैं और विभिन्न प्रकार की प्राकृतिक सुंदरता से भरे हुए होते हैं।

दुनिया के विभिन्न हिस्सों में मौजूद आश्चर्यजनक प्राकृतिक स्थलों में से कुछ नाम हैं जो मेरे दिल को छू लेते हैं। उदाहरण के लिए, न्यूजीलैंड का मिल्फोर्ड साउंड, भारत का लहौल-स्पीति घाटी, अमेरिका का ग्रैंड कैनियन, इंडोनेशिया का बोरोबुदुर मंदिर, और इस्तांबुल का कपलीटास जलधारा।

इन स्थलों की सुंदरता को देख"
460,खेलों का विकास और उनका सामाजिक प्रभाव,"खेलों का विकास और उनका सामाजिक प्रभाव

खेलों का विकास और उनका सामाजिक प्रभाव विशेष रूप से बच्चों और युवाओं के लिए महत्वपूर्ण है। खेल न केवल शारीरिक स्वास्थ्य के लिए अच्छे होते हैं, बल्कि मानसिक स्वास्थ्य और सामाजिक विकास के लिए भी महत्वपूर्ण रोल निभाते हैं।

खेल खेलने से बच्चों का शारीरिक विकास होता है और उन्हें अच्छी सेहत रखने में मदद मिलती है। खेल खेलने से उनकी शारीरिक क्षमता बढ़ती है और वे सुस्त नहीं होते। साथ ही, खेल खेलने से उनकी मानसिक चुस्ती और आत्मविश्वास में भी सुधार होता है।

सामाजिक रूप से भी, खेलों क"
461,विश्व के आश्चर्यजनक प्राकृतिक स्थल,"विश्व में कई आश्चर्यजनक प्राकृतिक स्थल हैं जो अपनी सुंदरता और अनूठापन के लिए प्रसिद्ध हैं। इन स्थलों में वन्यजीवन, वन्यफल, जलप्रपात, पहाड़ियों की ऊँचाइयों और विभिन्न प्राकृतिक आकर्षण शामिल हो सकते हैं।

एक ऐसा आश्चर्यजनक प्राकृतिक स्थल है ग्रैंड कैनियन जो अमेरिका में स्थित है। यहाँ का कैनियन कुल मिलाकर 277 मील लंबा है और 1 मील गहरा है। इसकी खूबसूरती को देखकर लोग हैरान रह जाते हैं। यहाँ के रंग-बिरंगे पहाड़ियों की चट्टानें, खुले मैदान, जलप्रपात और वन्यजीवन इसे वास्तव में एक आश्चर्यजनक स्थल"
462,विश्व की महान वास्तुकला,"वास्तुकला एक विशेष कला है जो मानव सभ्यता के विकास और एकता को दर्शाती है। वास्तुकला न केवल घरों, मंदिरों, और महलों की रचना करने का कार्य है, बल्कि यह भी एक समाज के सांस्कृतिक, धार्मिक, और सामाजिक मूल्यों को प्रकट करने का एक माध्यम है।

विश्व की महान वास्तुकला का उल्लेख करते समय, प्रमुख नामों में एक हैं एक विशेष रूप से ताजमहल। ताजमहल भारत के उत्तर प्रदेश राज्य में आगरा शहर में स्थित है, और यह एक अद्वितीय वास्तुकला कर्मशाला है जो मुग़ल सम्राट शाहजहाँ ने अपनी पत्नी मुमताज महल की याद में बनवाया था।

दुनिया में दूसरे महान व"
463,व्यायाम और फिटनेस ट्रैकिंग ऐप्स,"व्यायाम और फिटनेस ट्रैकिंग ऐप्स आजकल लोगों के लाइफस्टाइल का महत्वपूर्ण हिस्सा बन चुके हैं। इन ऐप्स की मदद से लोग अपने व्यायाम, पोषण और स्वास्थ्य का ध्यान रख सकते हैं। ये ऐप्स उपयोगकर्ताओं को अपने कार्यक्रम को प्रबंधित करने, प्रोग्रेस ट्रैक करने और मोटिवेट करने में मदद करते हैं।

व्यायाम और फिटनेस ट्रैकिंग ऐप्स कई विभिन्न कार्यक्षेत्रों में मदद कर सकते हैं, जैसे कि स्वास्थ्य सेट गोल्स सेट करना, व्यायाम की गतिविधियों को ट्रैक करना, पोषण स्तरों का प्रबंधन करना, और समय-समय पर पुनरावलोकन करना। इन ऐप्स के माध्यम से लोग"
464,विश्व के आश्चर्यजनक प्राकृतिक स्थल,"विश्व भर में हमें कई आश्चर्यजनक प्राकृतिक स्थल देखने को मिलते हैं जो अपनी सुंदरता और महत्वपूर्णता के लिए प्रसिद्ध हैं। ये स्थल प्राकृतिक सौंदर्य और विविधता के साथ हमें चौंका देते हैं।

एक ऐसा प्राकृतिक स्थल है ग्रैंड कैनियन जो अमेरिका में स्थित है। यह विश्व का एकमात्र गहरा खाई जो एक अद्वितीय नजारा प्रदान करता है। इसकी ऊँचाई 6000 फीट तक है और इसकी लंबाई 277 मील तक है। इसकी खूबसूरती और आकर्षण ने इसे वर्ल्ड हेरिटेज स्थल बना दिया है।

दूसरा उदाहरण है एयर्स रॉक जो ऑस्ट्रेलिया की पश्चिमी कोस्ट पर स्थित है।"
465,प्राचीन भारतीय विज्ञान और तकनीक,"प्राचीन भारत में विज्ञान और तकनीक का इतिहास बहुत प्राचीन और समृद्ध है। वैदिक काल में हमारे ऋषियों ने अनेक विज्ञानिक और तकनीकी अविष्कार किए थे। उन्होंने गणित, ज्योतिष, अंतरिक्ष विज्ञान, चिकित्सा, औषधि विज्ञान आदि में महत्वपूर्ण योगदान दिया।

ऋग्वेद में संगणक गणित के सिद्धांतों का वर्णन है। भारतीय गणितकार आर्यभट्ट ने ज्योतिष्क, गणित और अंतरिक्ष विज्ञान में अपनी श्रेष्ठता साबित की। भारत ने शुद्ध गणित के क्षेत्र में भी बहुत योगदान दिया है।

भारतीय चिकित्सा पद्धतियाँ भी विश्व में अद्वितीय मान"
468,भारतीय संस्कृति में त्योहारों का महत्व,"भारतीय संस्कृति में त्योहारों का विशेष महत्व है। ये त्योहार न केवल हमारे जीवन को रंगीन और उत्सवपूर्ण बनाते हैं, बल्कि इन्हें मानवीय संबंधों को मजबूत करने और सामाजिक एकता को बढ़ावा देने का माध्यम भी माना जाता है।

हमारे देश में अनेक प्रकार के त्योहार मनाए जाते हैं, जैसे दीपावली, होली, दशहरा, ईद, बैसाखी, रक्षाबंधन, नवरात्रि आदि। इन त्योहारों का महत्व उनके धार्मिक, सामाजिक और सांस्कृतिक संदेशों में छिपा होता है। ये त्योहार हमें एक-दूसरे के साथ बनाए रखने, समर्पण और सहयोग के महत्व को सिखाते हैं।

त्योहारो"
467,मानसिक स्वास्थ्य और टेक्नोलॉजी,"मानसिक स्वास्थ्य और टेक्नोलॉजी एक एकीकृत दृष्टिकोण है जो हमारे जीवन के विभिन्न पहलुओं को पूरा करने में मदद कर सकता है। आधुनिक युग में टेक्नोलॉजी ने मानसिक स्वास्थ्य को सुधारने में महत्वपूर्ण भूमिका निभाई है।

एक ओर, टेक्नोलॉजी ने मानसिक स्वास्थ्य सेवाओं को पहुंचाने में सहायक होती है। डिजिटल प्लेटफार्म्स, मोबाइल ऐप्स, और आनलाइन सलाहकारों के माध्यम से लोग अपने मानसिक स्वास्थ्य सम्बंधित समस्याओं पर बात कर सकते हैं। इससे उन्हें आवश्यक सहायता और समर्थन मिल सकता है। विभिन्न ध्यान और मेडिटेशन एप्लिकेशन्स भी मानसिक स"
466,प्राचीन भारतीय विज्ञान और तकनीक,"प्राचीन भारतीय सभ्यता ने विज्ञान और तकनीक में भी अपना महत्वपूर्ण योगदान दिया है। भारतीय ऐतिहासिक ग्रंथों में उल्लेखित वैज्ञानिक और तकनीकी ज्ञान की देखभाल की जा रही है और इसे आधुनिक विज्ञान के साथ तुलना करने का प्रयास किया जा रहा है।

भारतीय गणितज्ञ आर्यभट्ट ने गणित में अपने योगदान से वैज्ञानिक समुदाय को आकर्षित किया। उन्होंने सौरमंडल की गतियों को निर्धारित करने में अपनी योग्यता दिखाई और गणित के क्षेत्र में नए सिद्धांत प्रस्तुत किए।

भारतीय वैज्ञानिक आर्यभट्ट ने ज्योतिषशास्त्र में भी अपना महत्व"
469,टेलीमेडिसिन का भविष्य,"टेलीमेडिसिन एक विज्ञान जिसमें चिकित्सा की सेवाएं और सलाहकारी सेवाएं दूरस्थ माध्यम के माध्यम से प्रदान की जाती हैं। यह तकनीकी उन्नति चिकित्सा क्षेत्र में एक महत्वपूर्ण क्रांति लाने का वादा कर रही है। इसके प्रमुख लाभों में शामिल हैं समय और दूरी की बचत, उपलब्धता और उपयोगकर्ता की तारीख संभावना को बढ़ावा देना।

टेलीमेडिसिन के भविष्य में बहुत सारे संभावनाएं हैं। इसका उपयोग डायग्नोस्टिक टेस्टिंग, चिकित्सा सलाहकारी, और रुग्ण निगरानी के लिए किया जा सकता है। विशेषज्ञ सलाहकारों को दूरस्थ रूप से सीधा सहायता देने की"
470,अंतरिक्ष अन्वेषण का इतिहास,"अंतरिक्ष अन्वेषण इंसान की निरंतर जिज्ञासा का विषय रहा है। इसका इतिहास बहुत पुराना है और इसमें कई महत्वपूर्ण घटनाएं शामिल हैं।

आधुनिक अंतरिक्ष अन्वेषण का आदि 20वीं सदी में हुआ। 1957 में सोवियत संघ ने दुनिया के पहले उपग्रह, स्पुतनिक-1 का प्रक्षेपण किया। इसके बाद 1961 में यूरी गागरिन ने मानवता के लिए पहली बार अंतरिक्ष यात्रा की।

1969 में अमेरिकी अंतरिक्ष एजेंसी नासा ने अपोलो-11 मिशन के जरिए चाँद पर भेजे गए अंतरिक्ष यात्री नील आर्मस्ट्रांग, बज आल्ड्रिन और माइकल कॉलिंस के माध्यम से इतिहास रचा।

अंतरिक्ष अन्वेषण की"
471,व्यायाम और फिटनेस ट्रैकिंग ऐप्स,"व्यायाम और फिटनेस ट्रैकिंग ऐप्स आजकल लोगों के जीवन में एक महत्वपूर्ण भूमिका निभा रहे हैं। ये ऐप्स उन्हें उनकी सेहत और फिटनेस की देखभाल करने में मदद करते हैं। ये ऐप्स उपयोगकर्ताओं को उनके व्यायाम, खानपान और नींद की जानकारी प्रदान करते हैं ताकि वे अपने लक्ष्यों की दिशा में बेहतरीन प्रगति कर सकें। 

ये ऐप्स व्यायाम की गति, दौरानी दूरी, कैलोरी खपाने आदि की जानकारी संग्रहित करते हैं और उपयोगकर्ताओं को इस जानकारी के आधार पर उनकी प्रगति को मापने में मदद करते हैं। इन ऐप्स में आप अपने लक्ष्यों और व्यायाम कार्यक्रम"
472,वैक्सीन विकास में नई तकनीकें,"वैक्सीन विकास में नई तकनीकें

वैक्सीन एक महत्वपूर्ण तकनीक है जो रोगों से बचाव में मदद करती है। वैक्सीन विकास में नए तकनीकों का उपयोग करना रोगों के खिलाफ नए और प्रभावी उपाय खोजने में मदद कर सकता है।

कोविड-19 पैंडेमिक ने वैक्सीन विकास की महत्वता को और भी जोर दिया है। इस समय में लगातार नई तकनीकों का उपयोग किया जा रहा है जो वैक्सीन विकास को तेजी से और प्रभावी बनाने में मदद कर रही हैं।

कुछ नई तकनीकें जैसे mRNA वैक्सीन, विक्टर वैक्सीन, और एडेनोवायरस वैक्सीन विकास में उपयोग की जा रही हैं। mRNA वै"
473,अंतरिक्ष अन्वेषण का इतिहास,"अंतरिक्ष अन्वेषण आजकल एक महत्वपूर्ण विज्ञान शाखा बन चुकी है, लेकिन इसका इतिहास हमारे पितृव्यवस्था से ही शुरू होता है। धरती से ऊपर की ओर देखने की इच्छा हमारे प्राचीन ग्रंथों में देखने को मिलती है। हमारे देवताओं में से कई अग्नि, सूर्य और चंद्रमा की उपासना करते थे, जो संकेत करता है कि उन्होंने ऊपरी आकाश की ओर भी ध्यान दिया था।

अंतरिक्ष अन्वेषण का आधुनिक युग 20वीं सदी में शुरू हुआ जब राकेट विज्ञान, उपग्रह और इंटरस्टेलर यातायात के क्षेत्र में प्रगति हुई। 1957 में सोवियत संघ ने पहला उपग्रह सपुटनिक को लॉन्च किया, जिस"
474,विश्व की महान वास्तुकला,"वास्तुकला एक कला शाखा है जो मानव समुदाय की सांस्कृतिक और ऐतिहासिक विरासत को दर्शाती है। वास्तुकला की एकमात्र उद्देश्य है न केवल खूबसूरती और शैली का ध्यान रखना, बल्कि उसका उद्देश्य इंसानों की आवश्यकताओं को पूरा करने और उनकी सुविधा के लिए अच्छी जगहें बनाना भी है।

विश्व की महान वास्तुकला के रूप में कई भव्य और अद्वितीय भवन हैं। इनमें से कुछ प्रमुख उदाहरण हैं, जैसे ताजमहल (भारत), प्योरामिड्स ऑफ गीजा (मिस्र), पेट्रा (जॉर्डन), एफिल टावर (फ्रांस), अंगकोर वाट (कंबोडिया), सिडनी ऑपरा हाउस (ऑस्ट्रेलिया), ग्रै"
475,टेलीमेडिसिन का भविष्य,"टेलीमेडिसिन एक उच्च गति वाले डिजिटल युग में स्वास्थ्य सेवाओं का एक नवाचारी रूप है। यह तकनीक स्वास्थ्य सेवाओं को उपलब्ध कराने के लिए दूरस्थ संचार साधनों का उपयोग करती है। टेलीमेडिसिन के माध्यम से लोग आसानी से डॉक्टर से संपर्क कर सकते हैं और चिकित्सा सलाह प्राप्त कर सकते हैं।

टेलीमेडिसिन का भविष्य बहुत उज्जवल है। इसके माध्यम से स्वास्थ्य सेवाएं अधिक उपलब्ध होंगी और लोग अपने घर से ही चिकित्सा सेवाएं प्राप्त कर सकेंगे। विशेषज्ञ चिकित्सा सेवाएं दूरस्थ इलाकों में भी पहुंचाई जा सकेंगी, जिससे गरीब और अनुपस्थित इलाक"
476,विश्व की महान वास्तुकला,"वास्तुकला एक ऐसी कला है जो हमारी सभ्यता और सांस्कृतिक विरासत को प्रकट करती है। वास्तुकला का इतिहास दुनिया भर में अनेक विविध रूपों में प्रदर्शित होता है।

भारतीय वास्तुकला का इतिहास बहुत प्राचीन है और यह एक अद्वितीय संस्कृति का प्रतिबिंब है। हमारी पुरातात्विक संस्कृति में मंदिर, महल, गुफाएं, स्तूप, चित्रकला, आदि के भव्य निर्माण देखे जा सकते हैं। इन निर्माणों की सुंदरता, विविधता और वास्तुकला की शानदारता हमें हरान कर देती है।

विश्व की अन्य विभिन्न संस्कृतियों में भी वास्तुकला के अद्भुत उदाहरण हैं। यूरोपीय व"
478,भारतीय संस्कृति में त्योहारों का महत्व,"भारतीय संस्कृति में त्योहारों का विशेष महत्व है। भारत में विभिन्न धर्मों और समुदायों के लोग अनेक प्रकार के त्योहार मनाते हैं जिनका माहौल खुशी, समरसता और एकता की भावना से भरा होता है।

भारतीय संस्कृति में त्योहारों का महत्व इसलिए है क्योंकि ये सामाजिक और सांस्कृतिक एकता को बढ़ावा देते हैं। इन त्योहारों के दौरान लोग एक-दूसरे के साथ समय बिताते हैं, खुशी और प्यार बांटते हैं, साथ ही धार्मिक और सांस्कृतिक मूल्यों को मजबूती से अपनाते हैं।

इन त्योहारों का महत्व भारतीय समाज में एक अद्वितीय पहचान बना देता है। य"
477,भारतीय संस्कृति में त्योहारों का महत्व,"भारतीय संस्कृति में त्योहारों का विशेष महत्व है। ये त्योहार समाज में एकता, समरसता और सद्भावना को बढ़ावा देते हैं। हमारे देश में विभिन्न धर्मों और समुदायों के लोग अपने विशेष त्योहारों को मनाते हैं और इसके माध्यम से अपनी परंपराओं और संस्कृति को जीवंत रखते हैं।

त्योहारों के माध्यम से हम समाज में आत्मीयता और खुशहाली का माहौल बनाते हैं। इन अवसरों पर परिवार और दोस्तों के साथ समय बिताना, भोजन करना और विभिन्न गतिविधियों में भाग लेना सामाजिक एकता की भावना को मजबूत करता है।

इन त्योहारों के माध्यम से हम अपने संस्कृति और धर"
480,भारतीय संस्कृति में त्योहारों का महत्व,"भारतीय संस्कृति में त्योहारों का अत्यधिक महत्व है। भारतीय समाज अनेक पर्व और उत्सवों को धारण करता है जो सामाजिक, सांस्कृतिक और धार्मिक सांस्कृतिक महत्वपूर्णता रखते हैं। ये त्योहार एकता, समरसता, समानता और सहयोग की भावना को मजबूत करते हैं।

त्योहारों के माध्यम से लोगों के बीच नेतृत्व, साझेदारी और भाईचारे की भावना बढ़ती है। इन अवसरों पर लोग समाज में समरसता और समर्पण की भावना को महसूस करते हैं। त्योहारों के दौरान लोग एक-दूसरे के साथ समय बिताने का अवसर पाते हैं जो उनके रिश्तों को मजबूत बनाता है।

त्योहार"
479,अंतरिक्ष अन्वेषण का इतिहास,"अंतरिक्ष अन्वेषण एक तकनीकी और वैज्ञानिक क्षेत्र है जिसमें अंतरिक्ष में जाने वाले यानों और उपकरणों का उपयोग करके ब्रह्मांड की अध्ययन किया जाता है। यह एक उत्कृष्ट क्षेत्र है जिसमें नवाचारों का अद्भुत संगम है।

अंतरिक्ष अन्वेषण का इतिहास बहुत पुराना है। प्राचीन समय से ही मानव ने स्टार्स, ग्रह और ब्रह्मांड की अद्वितीयता का अध्ययन किया है। इतिहास के वेदों, पुराणों, रामायण, महाभारत जैसे पुराणों में भी अंतरिक्ष अन्वेषण की चर्चा की गई है।

मानव ने अंतरिक्ष अन्वेषण की शुरुआत अपने खुद के ग्रह पृथ्वी से की।"
481,अंतरिक्ष अन्वेषण का इतिहास,"अंतरिक्ष अन्वेषण का इतिहास इंसानों के लिए एक उत्कृष्ट क्षेत्र रहा है जिसने उनकी दृष्टि को उचाईयों तक ले जाने में सहायता की है। वैज्ञानिकों ने इस रोमांचक क्षेत्र में महान कार्य किए हैं जो हमें सूर्य सिस्टम, ग्रह, तारे, गैलेक्सीज़ और अंतरिक्ष की सम्पूर्णता के बारे में जानकारी प्रदान करते हैं।

अंतरिक्ष अन्वेषण का इतिहास सन् 1957 में लगभग शुरू हुआ जब सोवियत संघ ने पहला संगठित उपग्रह, स्पुतनिक-1, को पृथ्वी के चारों ओर भेजा। इसके बाद अंतरिक्ष अनुसंधान में तेजी से विकास हुआ और मानवता ने चांद, मंगल ग्रह और अन"
482,टेलीमेडिसिन का भविष्य,"टेलीमेडिसिन एक तकनीकी उपकरण है जिसके माध्यम से चिकित्सक और रोगी दूरस्थ संपर्क में रहते हुए चिकित्सा सेवाएं प्रदान कर सकते हैं। यह उपकरण वीडियो कॉल, ऑडियो कॉल, चैट और ईमेल के माध्यम से संचार साधन के रूप में उपयोग किया जाता है।

टेलीमेडिसिन का भविष्य बहुत उज्जवल है। इसके माध्यम से लोग गांवों और दूरवासी इलाकों में भी चिकित्सा सेवाओं का लाभ उठा सकेंगे। इससे डॉक्टर्स की उपलब्धता बढ़ेगी और लोगों को चिकित्सा सेवाओं तक पहुँचने में सुविधा होगी।

टेलीमेडिसिन के उपयोग से चिकित्सक रोगी की स्थिति को दू"
483,व्यायाम और फिटनेस ट्रैकिंग ऐप्स,"आज के दौर में व्यायाम और फिटनेस ट्रैकिंग ऐप्स एक बहुत ही महत्वपूर्ण औजार बन गए हैं। ये ऐप्स आपको अपने व्यायाम और स्वास्थ्य की गतिविधियों को ट्रैक करने में मदद करते हैं और आपको अपने लक्ष्यों की दिशा में मार्गदर्शन प्रदान करते हैं।

ये ऐप्स आपके व्यायाम सत्र, भोजन, नींद, ऊंचाई, वजन आदि को ट्रैक करने में मदद करते हैं। कुछ ऐप्स आपको चैलेंजिंग व्यायाम निर्देश देते हैं, जबकि कुछ आपको अपने प्रगति को नोट करने के लिए तालिकाएँ और चार्ट्स प्रदान करते हैं। इन ऐप्स में कई फीचर्स शामिल हैं जैसे कि व्यायाम ट्रैक"
484,टेलीमेडिसिन का भविष्य,"टेलीमेडिसिन एक ऐसी तकनीक है जिसमें विभिन्न स्वास्थ्य सेवाएं दूरस्थ माध्यमों के माध्यम से प्रदान की जाती हैं। यह तकनीक इंटरनेट, मोबाइल फोन और वीडियो कॉल की मदद से स्वास्थ्य सेवाओं को पहुंचाने का काम करती है।

टेलीमेडिसिन का भविष्य बहुत उज्जवल है। इस तकनीक के माध्यम से लोग अपने घर से ही डॉक्टर से संपर्क कर सकेंगे और अपनी स्वास्थ्य समस्याओं का समाधान पा सकेंगे। इससे लोगों को अस्पताल जाने की जरूरत कम होगी और स्वास्थ्य सेवाओं का पहुंचाव भी बेहतर होगा।

टेलीमेडिसिन का उपयोग गांवों और दूरवासी क्षेत्रों में स्वास्थ्य सेवाए"
486,प्राचीन भारतीय विज्ञान और तकनीक,"प्राचीन भारतीय सभ्यता ने बहुत सारे क्षेत्रों में वैज्ञानिक और तकनीकी अद्भुत योगदान दिया है। भारतीय वैज्ञानिक और तकनीकी धारणाएं वेद, पुराण और अन्य प्राचीन ग्रंथों में विस्तार से उल्लेखित हैं।

भारतीय गणित और गणितीय गणित के क्षेत्र में भारत के ऋषि-मुनि ने अद्भुत योगदान दिया। भारतीय गणित के नियम और सिद्धांत आज भी वैज्ञानिक गणित में महत्वपूर्ण हैं। भारतीय वैज्ञानिक ने सूर्य और चंद्रमा की गति को मापने के लिए अलग-अलग यंत्र विकसित किए जिन्हें आज भी स्थिर योगदान माना जाता है।

भारतीय तकनीक"
485,जीन थेरेपी की प्रगति,"जीन थेरेपी एक उत्कृष्ट तकनीक है जिसका उपयोग जनजाति रोगों के इलाज में किया जाता है। यह एक चिकित्सा प्रकार है जिसमें विशेष तकनीकों का उपयोग करके व्यक्ति के शरीर में मौजूद विकृत जीनों को सुधारा जाता है। इस तकनीक का उद्देश्य विकृत जीनों के कारण होने वाली बीमारियों का इलाज करना है। 

जीन थेरेपी का उद्भव 1970 के दशक में हुआ था और तब से इसकी प्रगति में बहुत वृद्धि हुई है। इस तकनीक का उपयोग कैंसर, मधुमेह, मस्तिष्क रोग, गुर्दे की रोग, मस्तिष्क की गंभीर बीमारियों और वायरल इन्फेक्शन्स के इलाज में किया जा रहा"
488,वैक्सीन विकास में नई तकनीकें,"वैक्सीन विकास एक महत्वपूर्ण क्षेत्र है जो मानव स्वास्थ्य के लिए अत्यंत महत्वपूर्ण है। इसके साथ ही वैक्सीन विकास में नई तकनीकें लागू हो रही हैं जो इस क्षेत्र को और भी उन्नत और असरदार बना रही हैं।

पहली बात जो वैक्सीन विकास को बेहतर बना रही है, वह है जेनेटिक इंजीनियरिंग तकनीक। इस तकनीक के माध्यम से वैक्सीन बनाने में सरलता और तेजी से संभव हो रही है। इसके अलावा, नैनोटेक्नोलॉजी वैक्सीन की डिलीवरी को और भी अधिक असरदार बना रही है। नैनोटेक्नोलॉजी के उपयोग से वैक्सीन को शरीर में ज्यादा समय तक स्थायी"
489,वैक्सीन विकास में नई तकनीकें,"वैक्सीन विकास में नई तकनीकें

वैक्सीन विकास में नई तकनीकें का उदय वैज्ञानिक और तकनीकी उन्नति के साथ हुआ है। इन नई तकनीकों का उद्दीपन वैक्सीन विकास को तेज़ी से आगे बढ़ाने के लिए किया गया है।

एक नई तकनीक है 'म-RNA वैक्सीन' जिसमें वैक्सीन बनाने के लिए एम-आरएनए कोड को उपयोग किया जाता है। यह तकनीक वैक्सीन विकास को तेजी से करने में मदद करती है और लक्षणों को दरकिन करने में सहायक होती है।

एक और नई तकनीक है 'विरल वेक्टर वैक्सीन' जिसमें विरों को वैक्सीन के रूप में उपयोग किया जाता है। यह वैक्सी"
487,विश्व के आश्चर्यजनक प्राकृतिक स्थल,"विश्व भर में कई ऐसे प्राकृतिक स्थल हैं जो अपनी अद्भुतता और आकर्षण से लोगों को मोहित करते हैं। ये स्थल अपनी विशेषताओं और सुंदरता के कारण दुनियाभर के पर्यटकों की ध्यान आकर्षित करते हैं।

वहाँ कई ऐसे अद्भुत प्राकृतिक स्थल हैं जो हमें अपनी विशालता और सुंदरता से प्रभावित करते हैं। कुछ प्रमुख उदाहरण हैं - ग्रैंड कैनयन, जो कनाडा में स्थित है और दुनिया का सबसे गहरा खाई है। इसकी आवाज सुनने का अनुभव अद्वितीय है। फिर हैं विक्टोरिया जलप्रपात, जो कनाडा और अमेरिका की सीमा पर स्थित है और इसकी ऊंचाई और आवाज का दृश्य अद"
490,जीन थेरेपी की प्रगति,"जीन थेरेपी एक उच्चतम स्तर की तकनीक है, जिसमें वैज्ञानिक तरीके से मानव जीवन को बेहतर बनाने के लिए जीनों को संशोधित किया जाता है। इस तकनीक का उददेश्य विकलांगता, कैंसर, मधुमेह जैसी गंभीर बीमारियों का इलाज करना है।

जीन थेरेपी की प्रगति में हमारे वैज्ञानिक समुदाय ने कई सफलताएं हासिल की हैं। जीन थेरेपी के उपयोग से विभिन्न तरह की जननांग समस्याओं, विकलांगता और गंभीर रोगों के इलाज के लिए नए द्वार खुले हैं। 

हाल ही में, कोविड-19 वायरस के खिलाफ वैक्सीन विकसित करने में भी जीन थेरेपी ने महत्वपूर्ण भूमिका निभाई"
491,जीन थेरेपी की प्रगति,"जीन थेरेपी एक उत्कृष्ट तकनीक है जो विज्ञान और चिकित्सा क्षेत्र में चमत्कारिक परिवर्तन ला रही है। यह एक उपचार प्रक्रिया है जिसमें मरीज के गलत या अपूर्ण जीन को सही किया जाता है। इस तकनीक का उद्देश्य विकृत जीनों को सुधारना है जिससे रोगों का इलाज संभव हो सके।

जीन थेरेपी में विज्ञान के उन्नत प्रौद्योगिकी उपकरणों का उपयोग किया जाता है जिससे जीनों में विकृतियों को सही किया जा सके। यह एक बहुत ही महत्वपूर्ण और सुरक्षित तकनीक है जो अनेक जीवन को बचाने में मदद कर सकती है।

जीन थेरेपी के कई उपयोग हैं, जैसे कि जन्म स"
492,विश्व के आश्चर्यजनक प्राकृतिक स्थल,"पृथ्वी पर हमें कई ऐसे आश्चर्यजनक प्राकृतिक स्थल मिलते हैं जो हमें अपनी अद्भुतता और शक्ति से प्रेरित करते हैं। ये स्थल विभिन्न भागों में हौज देने वाले और अद्वितीयता से भरे होते हैं।

एक ऐसा प्रमुख स्थल है नाइग्रा जलप्रपात, जो कनाडा और अमेरिका की सीमा पर स्थित है। यह दुनिया का सबसे बड़ा जलप्रपात है और इसकी गहराई और उसकी शक्ति आपको हैरान कर देगी।

दूसरा आश्चर्यजनक स्थल है ग्रैंड कैन्यॉन, जो अमेरिका में स्थित है। इसकी विस्तृतता और गहराई देखकर हर किसी को आश्चर्यचकित कर देती है।

भारत में लद्दाख की बर्फीली चो"
493,टेलीमेडिसिन का भविष्य,"टेलीमेडिसिन वह तकनीक है जिसके माध्यम से चिकित्सा सेवाएं दूरस्थ तक पहुंचाई जा सकती हैं। यह तकनीक डिजिटल प्लेटफॉर्म्स, आईटी इंफ्रास्ट्रक्चर और इंटरनेट का प्रयोग करती है। टेलीमेडिसिन के जरिए विशेषज्ञ डॉक्टर, चिकित्सक और रोगी द्वारा वीडियो कॉल, संदेश, ईमेल और अन्य साधनों के माध्यम से संपर्क स्थापित किया जा सकता है।

टेलीमेडिसिन का भविष्य बहुत उज्जवल है। यह चिकित्सा सेवाओं को अधिक पहुंचने और सुगम बनाने में मदद करता है। यह विशेषज्ञ चिकित्सकों को गांवों और छोटे शहरों तक पहुंचने की संभावना बढ़ाता है,"
495,टेलीमेडिसिन का भविष्य,"टेलीमेडिसिन एक तकनीकी उपकरण है जिसका उपयोग चिकित्सा सेवाओं के प्रदान में किया जाता है। यह उपकरण डिजिटल संचार के माध्यम से रोगी और चिकित्सक के बीच संपर्क स्थापित करता है। टेलीमेडिसिन के माध्यम से रोगी अपने स्वास्थ्य सम्बंधी समस्याओं की देखभाल प्राप्त कर सकते हैं बिना चिकित्सक के पास जाने की आवश्यकता के।

टेलीमेडिसिन का भविष्य बहुत उज्जवल है। इसके माध्यम से लोग अपने घर से ही डॉक्टर से परामर्श ले सकेंगे, साथ ही दूरस्थ इलाकों में रहने वाले व्यक्ति भी चिकित्सा सुविधाओं का लाभ उठा सकेंगे। इससे व्यस्त जीवनशैली व"
494,अंतरिक्ष अन्वेषण का इतिहास,"अंतरिक्ष अन्वेषण एक उत्कृष्ट विज्ञान शाखा है जिसमें अंतरिक्ष के गहरे रहस्यों की खोज की जाती है। इसका इतिहास बहुत पुराना है और मानव सभ्यता के इतिहास के साथ जुड़ा हुआ है।

अंतरिक्ष अन्वेषण की शुरुआत इंसान के चाँद पर पहुँचने की इच्छा से हुई थी। इसी इच्छा ने विभिन्न राष्ट्रों को उत्तेजित किया और इसके परिणामस्वरूप 20वीं सदी में अंतरिक्ष अन्वेषण का युग आरंभ हुआ।

इसका पहला कदम 1957 में सोवियत संघ द्वारा लिया गया, जब वे स्पुतनिक-1 को अंतरिक्ष में भेजकर इतिहास रच दिया। इसके बाद संयुक्त राज्य अमेरिका ने"
497,टेलीमेडिसिन का भविष्य,"टेलीमेडिसिन एक तकनीकी उद्यान है जिसने स्वास्थ्य सेवाओं के क्षेत्र में क्रांति ला दी है। इसका भविष्य बहुत उज्ज्वल और सुविधाजनक है। यह विशेषकर उन लोगों के लिए महत्वपूर्ण है जो अस्पतालों या डॉक्टर के पास पहुंचने में कठिनाई उठाते हैं।

टेलीमेडिसिन में दूरस्थ रूप से चिकित्सा सलाह देने, रोगी की देखभाल करने और विभिन्न विशेषज्ञों से सलाह लेने की सुविधा होती है। इसके जरिए लक्षणों का मूल्यांकन किया जा सकता है और उपचार की सलाह दी जा सकती है। इससे रोगी को समय और अर्थ से बचाव होता है।

भविष्य में, टेलीमेडिसिन और तकन"
496,मानसिक स्वास्थ्य और टेक्नोलॉजी,"मानसिक स्वास्थ्य और टेक्नोलॉजी दोनों ही महत्वपूर्ण क्षेत्र हैं जिनका महत्व आजकल काफी बढ़ चुका है। टेक्नोलॉजी ने हमें नए-नए उपाय और सुविधाएं प्रदान की हैं, जिनसे हमारा जीवन आसान और सुखमय बन गया है। लेकिन इसके साथ ही टेक्नोलॉजी ने भी हमारे जीवन में कई तनाव और चिंताएं भी घुस जाने दी हैं। इंटरनेट, सोशल मीडिया, गेमिंग, और डिजिटल डिवाइसेज की चपेट में आकर लोग मानसिक स्वास्थ्य की समस्याओं का सामना कर रहे हैं।

मानसिक स्वास्थ्य और टेक्नोलॉजी के बीच गहरा संबंध है। यदि इन्हें सही तरीके से संयोजित किया जाए"
498,जीन थेरेपी की प्रगति,"जीन थेरेपी एक उत्कृष्ट तकनीक है जिसे इस्पातल रोगों के इलाज में उपयोग किया जाता है। इस तकनीक में, वैज्ञानिक जीनों को संशोधित करते हैं और फिर उन्हें रोग के इलाज में उपयोग किया जाता है।

जीन थेरेपी के उपयोग से कई विभिन्न रोगों का इलाज किया जा सकता है, जैसे कि कैंसर, मनोरोग, जनन रोग और ऊतकों के अभाव से संबंधित रोग। यह तकनीक विशेष रूप से ऐम्पिफिकेशन, ट्रांसजेनिक और रिकंडक्शन जैसी तकनीकों का उपयोग करती है।

जीन थेरेपी की प्रगति में वैज्ञानिकों ने बहुत सारे महत्वपूर्ण कदम उठाए हैं। एक तरफ, इस"
499,विश्व की महान वास्तुकला,"वास्तुकला एक विशेष कला शाखा है जो मानव सभ्यता की सांस्कृतिक विरासत को दर्शाती है। इसका महत्व विश्व भर में देखा जा सकता है, क्योंकि वास्तुकला के माध्यम से व्यक्ति अपने भावनाओं और सोच को रचनात्मक रूप से व्यक्त करता है।

विश्व की महान वास्तुकला में भारत की महान सांस्कृतिक विरासत का विशेष महत्व है। भारतीय वास्तुकला का इतिहास विश्व के सबसे पुराने और श्रेष्ठ भव्य भवनों से भरा हुआ है। हमारे देश में खजुराहो, हंपी, आजंता-एल्लोरा, ताजमहल, राजस्थान के हवेलियां जैसे अनेक ऐतिहासिक भवन हैं जो विश्व की महान वास्तुकला का अद्व"
500,भारतीय संस्कृति में त्योहारों का महत्व,"भारतीय संस्कृति में त्योहारों का विशेष महत्व है। ये त्योहार भारतीय जीवन के महत्वपूर्ण हिस्से हैं जो हमें एक साथ आने, मिलने और एक-दूसरे के साथ बन्धुत्व का आनंद लेने का अवसर प्रदान करते हैं।

त्योहारों के माध्यम से हम अपने परंपरागत मूल्यों को बनाए रखते हैं और उन्हें युवा पीढ़ियों में भी साझा करते हैं। त्योहारों में रंग-बिरंगे वस्त्र पहनना, सजावट करना, खाना बनाना और साझा करना भारतीय संस्कृति का एक महत्वपूर्ण हिस्सा है।

ये त्योहार हमें समर्पण, सहयोग, समरसता और एकता की भावना सिखाते हैं। विभिन्न धर्मों और समुदायो"
501,खेलों का विकास और उनका सामाजिक प्रभाव,"खेलों का विकास और उनका सामाजिक प्रभाव

खेल एक महत्वपूर्ण गतिविधि है जो हमारे दिमाग, शारीरिक स्वास्थ्य और सामाजिक विकास में महत्वपूर्ण भूमिका निभाता है। खेल के खेलने से हमें न केवल फिट रहने में मदद मिलती है, बल्कि हमारे सोचने की क्षमता, टीम वर्क, और समस्याओं का समाधान करने की क्षमता में भी सुधार होता है।

खेलों का सामाजिक प्रभाव भी अत्यंत महत्वपूर्ण है। खेल से हमें टीम वर्क और सहयोग की भावना सीखने में मदद मिलती है। खेलों के माध्यम से हमें सामाजिक संपर्क बनाए रखने का अवसर मिलता है और हम नए दोस्त बनाते हैं। खेल के दौरान हम अपन"
502,मानसिक स्वास्थ्य और टेक्नोलॉजी,"मानसिक स्वास्थ्य और तकनीकी उन्नति के बीच गहरा संबंध है। आजकल तकनीकी उपकरणों और एप्लिकेशन्स का उपयोग करके मानसिक स्वास्थ्य के क्षेत्र में कई सुधार किए जा रहे हैं। 

एक तकनीकी उपकरण जैसे कि मनोरोग सम्बंधित एप्लिकेशन्स और ध्यान संबंधित टूल्स लोगों को अपने मानसिक स्वास्थ्य की देखभाल के लिए सहायता प्रदान कर सकते हैं। इन उपकरणों की मदद से लोग अपनी चिंताओं को नियंत्रित करना सीखते हैं, मानसिक तनाव को कम करते हैं और अपने अंतर्मन की सुरक्षित जगह का पता लगाते हैं। 

इसके अलावा, आजकल उपलब्ध तकनीकी उपकरणों की मदद से लोग"
504,व्यायाम और फिटनेस ट्रैकिंग ऐप्स,"आज के दौर में व्यायाम और फिटनेस का महत्व बढ़ गया है और लोग अपनी सेहत को बेहतर बनाने के लिए व्यायाम करने के लिए अधिक मोटिवेटेड हैं। व्यायाम और फिटनेस ट्रैकिंग ऐप्स इस संदेश को पहुंचाने में मदद कर सकती हैं। ये ऐप्स आपको आपके व्यायाम के प्रगति को ट्रैक करने में मदद करती हैं, आपके लक्ष्यों को सेट करने में सहायक होती हैं और आपके प्रेरणा और मनोबल को बढ़ावा देती हैं।

इन ऐप्स में आप अपने व्यायाम सत्र, कदम, दौड़ने का दौरा, और दिनचर्या आदि को ट्रैक कर सकते हैं। कुछ ऐप्स आपको पर्सनलाइज़्ड व्यायाम योजनाएं तैयार"
503,खेलों का विकास और उनका सामाजिक प्रभाव,"खेलों का विकास और उनका सामाजिक प्रभाव

खेल मानव जीवन का अभिन्न हिस्सा है और इसका महत्व उसके विकास में अत्यधिक है। खेल न केवल शारीरिक स्वास्थ्य के लिए महत्वपूर्ण है, बल्कि मानसिक स्वास्थ्य के लिए भी उत्कृष्ट उपाय साबित होता है। खेल खेलने से हमारे शारीरिक क्षमताएं विकसित होती हैं, हमारी मानसिक ताकत मजबूत होती है और हमारी सामाजिक योग्यता में सुधार होता है।

खेलों का सामाजिक प्रभाव भी अत्यधिक महत्वपूर्ण है। खेलों के माध्यम से हम समर्थन, सहयोग, टीमवर्क, जीत-हार के साहसिक अनुभव और सामाजिक जिम्मेदारियों का महत्व सीखते हैं"
505,खेलों का विकास और उनका सामाजिक प्रभाव,"खेलों का विकास और उनका सामाजिक प्रभाव

खेल एक महत्वपूर्ण गतिविधि है जो हमारे शारीरिक, मानसिक और सामाजिक विकास में मदद करती है। खेलों का खेलना हमारे शारीरिक स्वास्थ्य को बेहतर बनाता है, हमारी मानसिक क्षमता को बढ़ाता है और हमें टीम वर्क और सहयोग की भावना सिखाता है।

खेल खेलने से हमारे शारीरिक स्वास्थ्य में सुधार होता है। खेल खेलने से हमारी ऊर्जा का स्तर बढ़ता है, हमारी मांसपेशियों की मजबूती बढ़ती है और हमारी टाइमिंग और कूदने की क्षमता में सुधार होता है।

खेलों का खेलना हमारे मानसिक विकास में भी महत्वपूर्ण भूमिका निभाता"
506,टेलीमेडिसिन का भविष्य,"टेलीमेडिसिन एक तकनीकी उपाय है जिसका उपयोग डिजिटल संचारा के माध्यम से चिकित्सा सेवाएं प्रदान करने के लिए किया जाता है। इसका उद्देश्य लोगों को भविष्य के तकनीकी युग में चिकित्सा सेवाओं तक पहुंचाना है।

टेलीमेडिसिन का भविष्य बहुत उज्जवल है। इसके माध्यम से लोगों को चिकित्सा सेवाओं का अधिक सुगम और सस्ता उपयोग होगा। विशेषज्ञ डॉक्टर से दूर बैठकर वीडियो कॉल के माध्यम से सलाह लेना या संदेश भेजकर दवाओं की जानकारी प्राप्त करना आसान होगा। इससे दूरस्थ इलाकों में रहने वाले लोगों के लिए चिकित्सा सुविधाएं पहुंचने म"
507,वैक्सीन विकास में नई तकनीकें,"वैक्सीन विकास एक अत्यंत महत्वपूर्ण क्षेत्र है जिसमें नई तकनीकें लागू की जा रही हैं। यह तकनीकें न केवल वैक्सीन विकास की गति को तेज कर रही हैं, बल्कि उसकी प्रभावीता और सुरक्षा को भी बढ़ा रही हैं।

1. mRNA वैक्सीन: mRNA वैक्सीन एक नई प्रकार की वैक्सीन है जिसमें mRNA द्वारा शरीर में विशेष प्रोटीनों को उत्पन्न कराया जाता है। इससे शरीर का रोग प्रतिकारक प्रणाली विकसित होती है और वायरस के खिलाफ रक्षा प्राप्त होती है।

2. DNA वैक्सीन: DNA वैक्सीन में शरीर में DNA द्वारा विशेष प्रोटीन उत्पन्न किया जाता है जो रोग के खिलाफ प्रतिकारक प्रतिक्रिया प"
508,वैक्सीन विकास में नई तकनीकें,"वैक्सीन विकास में नई तकनीकें का उपयोग करना एक महत्वपूर्ण कदम है जो सार्वजनिक स्वास्थ्य को सुरक्षित रखने में मदद कर सकता है। नवीनतम तकनीकों के उपयोग से वैक्सीन विकसित करने में सुधार हो सकता है, जिससे उसकी प्रभावकारिता और विस्तार में सुधार हो सकता है।

एक नई तकनीक जिसे ""मॉडर्ना"" नामक कंपनी द्वारा विकसित किया गया है, वह है mRNA वैक्सीन। यह वैक्सीन कोविड-19 के खिलाफ तेजी से विकसित की गई थी और अब इसका उपयोग वैक्सीनेशन प्रोग्राम में किया जा रहा है। mRNA वैक्सीन एक नए प्रकार की वैक्सीन है जिसमें mRNA मॉलीक्यूल का उपय"
510,व्यायाम और फिटनेस ट्रैकिंग ऐप्स,"व्यायाम और फिटनेस ट्रैकिंग ऐप्स आजकल लोगों के जीवन में बड़ा महत्वपूर्ण हो गए हैं। ये ऐप्स लोगों को उनके व्यायाम और डाइट प्लान को ट्रैक करने में मदद करते हैं और उन्हें मोटिवेट करते हैं। इन ऐप्स के जरिए लोग अपने व्यायाम की प्रगति को ट्रैक कर सकते हैं, अपने कार्यकाल को निरंतर बनाए रख सकते हैं और अपनी सेहत को बेहतर बनाए रखने के लिए सहायक होते हैं।

इन ऐप्स की मदद से लोग अपने व्यायाम सत्रों को प्लान कर सकते हैं, अपनी कैलोरीज़ को ट्रैक कर सकते हैं, अपनी नींद और ध्यान को भी संगठित रूप से रख सकते हैं। इन ऐप्स में भल"
511,वैक्सीन विकास में नई तकनीकें,"वैक्सीन विकास एक महत्वपूर्ण क्षेत्र है जो समुदाय के स्वास्थ्य को सुरक्षित रखने में मदद करता है। नवीनतम तकनीकों के उपयोग से वैक्सीन विकास में कई सुधार किए जा रहे हैं।

1. **म-RNA वैक्सीन**: यह एक नवाचार है जिसमें वैक्सीन डीएनए की जगह एम-आरएनए का उपयोग करती है। इससे शरीर को वायरस के खिलाफ प्रतिक्रिया उत्पन्न करने की क्षमता मिलती है।

2. **नैनोटेक्नोलॉजी**: यह एक और उच्चतम तकनीक है जो वैक्सीन को अधिक प्रभावी बनाती है। इसमें वैक्सीन को नैनो-स्केल पर डिजाइन किया जाता है जिससे उसकी प्रभावकारिता बढ़ जाती है।"
509,पोषण और आहार में नई खोजें,"पोषण और आहार के क्षेत्र में नई खोजें लगातार हो रही हैं जो हमारे स्वास्थ्य को सुधारने में मददगार साबित हो रही हैं। आधुनिक विज्ञान और प्रौद्योगिकी के साथ-साथ विभिन्न शोध और अनुसंधानों ने एक नया दौर खोल दिया है जो हमें सही और पूर्ण आहार की दिशा में ले रहा है।

आजकल कई शोधकर्ता और वैज्ञानिक विभिन्न पोषक तत्वों की खोज कर रहे हैं जो हमारे शरीर के लिए आवश्यक हैं। उन्होंने अंतर्राष्ट्रीय पोषण दरों को ध्यान में रखते हुए नए आहारिक उत्पादों की खोज की है जो विभिन्न विकारों से लड़ने में मदद कर सकते हैं।

द"
512,मानसिक स्वास्थ्य और टेक्नोलॉजी,"मानसिक स्वास्थ्य और टेक्नोलॉजी दोनों ही महत्वपूर्ण विषय हैं जो हमारे जीवन का महत्वपूर्ण हिस्सा बन चुके हैं। टेक्नोलॉजी के विकास के साथ हमारे जीवन में कई परिवर्तन आए हैं, जैसे कि स्मार्टफोन, सोशल मीडिया, इंटरनेट आदि। इन सभी चीजों ने हमारे संचार को मजबूत किया है, लेकिन इनका उपयोग हमारे मानसिक स्वास्थ्य पर भी असर डाल सकता है।

टेक्नोलॉजी का उपयोग करने से हमारे दिनचर्या में तेजी आ गई है, जिससे हमारा तनाव भी बढ़ जाता है। सोशल मीडिया का अधिक उपयोग करने से अक्सर लोग दूसरों से अपनी तुलना करने लगते है"
513,प्राचीन भारतीय विज्ञान और तकनीक,"प्राचीन भारतीय सभ्यता ने विज्ञान और तकनीक के क्षेत्र में भी महत्वपूर्ण योगदान दिया है। भारतीय ऐतिहासिक पाठ्यक्रम में बहुत से उदाहरण हैं जो दिखाते हैं कि हमारे पूर्वजों ने तकनीकी ज्ञान का अच्छा विकास किया था।

भारत की वैज्ञानिक और तकनीकी धारा का प्रारंभ वेदों के समय से ही हुआ था। वेदों में विज्ञान, ज्योतिष, गणित, रसायन और अन्य क्षेत्रों में बहुत सारी जानकारी दी गई है। उदाहरण के लिए, ऋग्वेद में अंधेरे को दूर करने के लिए ज्योतिषीय उपायों का उल्लेख है।

समय के साथ, भारतीय वैज्ञानिक और तकनीकी ज्ञान ने विभ"
514,भारतीय संस्कृति में त्योहारों का महत्व,"भारतीय संस्कृति में त्योहारों का बहुत महत्व है। ये त्योहार हमारे जीवन में उत्साह, खुशियाँ, और आनंद भरते हैं और हमें समाज में एकात्मता और समरसता की भावना देते हैं। ये त्योहार हमें अपनी परंपराओं के साथ जुड़े रहने का अवसर देते हैं और हमें अपने संस्कृति और विरासत को समझने की प्रेरणा प्रदान करते हैं।

भारतीय संस्कृति में विभिन्न धर्मों और समुदायों के अनुसार अनेक प्रकार के त्योहार मनाए जाते हैं। ये त्योहार सामाजिक, धार्मिक और सांस्कृतिक महत्व के साथ संबंधित होते हैं। उन्हें मनाकर हम अपने रिश्तेदारों और मित्रों के साथ खुशिय"
515,विश्व के आश्चर्यजनक प्राकृतिक स्थल,"विश्व भर में कई आश्चर्यजनक प्राकृतिक स्थल हैं जो अपनी सुंदरता और अनूठापन के लिए प्रसिद्ध हैं। ये स्थल अक्सर पर्यटन के लिए भी लोकप्रिय होते हैं।

एक ऐसा प्रमुख स्थल है ग्रैंड कैनियन, जो अमेरिका में स्थित है और दुनिया का सबसे गहरा घाटी है। इसकी खूबसूरती और विशालता देखकर हर कोई हैरान हो जाता है। 

दूसरे रूप में, नाइगरा जलप्रपात भी एक अद्वितीय प्राकृतिक स्थल है जो कनाडा और अमेरिका की सीमा पर स्थित है। इसकी ऊंचाई और धारा की तेजी इसे विशेष बनाती है।

ऑस्ट्रेलिया में, ग्रेट बैरियर रीफ भी एक अनमोल प्राकृतिक धरोह"
516,व्यायाम और फिटनेस ट्रैकिंग ऐप्स,"व्यायाम और फिटनेस ट्रैकिंग ऐप्स आज के समय में लोगों के लिए बहुत ही महत्वपूर्ण हो गए हैं। ये ऐप्स उन्हें अपनी स्वास्थ्य और फिटनेस को ट्रैक करने में मदद करते हैं। इन ऐप्स की मदद से लोग अपने व्यायाम, आहार, नींद और अन्य स्वास्थ्य संबंधित गतिविधियों को निरंतर ट्रैक कर सकते हैं। 

ये ऐप्स उपयोगकर्ताओं को अपने लक्ष्यों की दिशा में ले जाने में मदद करते हैं और उन्हें मोटीवेट करते हैं। इनमें व्यायाम की गतिविधि, कैलोरी खपाई, नींद, वजन, और अन्य महत्वपूर्ण डेटा को ट्रैक करने के लिए विभिन्न फ़ीचर्स होते हैं। 

कुछ प"
517,खेलों का विकास और उनका सामाजिक प्रभाव,"खेलों का विकास और उनका सामाजिक प्रभाव

खेलों का विकास और उनका सामाजिक प्रभाव बहुत महत्वपूर्ण है। खेल न केवल शारीरिक स्वास्थ्य के लिए बल्कि मानसिक और सामाजिक विकास के लिए भी बहुत महत्वपूर्ण है। खेल खेलने से हमारे शारीरिक क्षमताएँ बढ़ती हैं और हमें स्वस्थ रखने में मदद मिलती है।

खेलों के माध्यम से हमें सामाजिक और टीम वर्क का महत्व समझने में मदद मिलती है। खेलों में सहयोग और विश्वास का माहौल होता है जो हमें अच्छे समाजजीत बनाता है। साथ ही, खेलों के माध्यम से हमें समय प्रबंधन, नेतृत्व कौशल, संघर्ष का सामना करने की क्षमता आदि स"
518,विश्व की महान वास्तुकला,"विश्व की महान वास्तुकला अनेक जगहों पर देखी जा सकती है जो हमें उस समय की संस्कृति और ऐतिहासिक महत्व का पता चलाती है। यह वास्तुकला के अंतर्गत बहुत सारे विभिन्न शैलियों को आदर्श माना जाता है जैसे कि मुघल वास्तुकला, ग्रीक वास्तुकला, रोमान वास्तुकला, गोथिक वास्तुकला आदि।

भारत में भी महान वास्तुकला के उदाहरण मौजूद हैं। इसका एक अद्वितीय उदाहरण है ताजमहल जो आगरा में स्थित है। ताजमहल को दुनिया के सुन्दरतम भवनों में से एक माना जाता है जिसका निर्माण मुग़ल शाहजहाँ ने अपनी पत्नी मुमताज़ की याद में कराया था। इसका"
519,विश्व की महान वास्तुकला,"वास्तुकला एक ऐसी कला है जो मानव सभ्यता के विकास का परिचायक है। यह उस समय की सांस्कृतिक, सामाजिक और ऐतिहासिक परंपराएं दर्शाती है जिसमें विभिन्न धर्म, संस्कृति और समाजों की भावनाएं, विशेषता और रुचियां दिखती हैं। वास्तुकला के माध्यम से हम उन समयों के लोगों की सोच, विचार और जीवनशैली को समझ सकते हैं जिन्होंने उसका निर्माण किया। 

विश्व की महान वास्तुकला में ग्रीक, रोमन, इस्लामी, भारतीय, चीनी, जापानी, एफ्रिकन, एवं मध्य पूर्वी वास्तुकला शामिल है। हर स्थान और समय की वास्तुकला अपनी विशेषता और सुंदरता से भरी होती है। ग्र"
520,व्यायाम और फिटनेस ट्रैकिंग ऐप्स,"आजकल व्यायाम और फिटनेस का माहौल बहुत महत्वपूर्ण हो गया है। लोग अपने स्वास्थ्य का ध्यान रखने के लिए व्यायाम करना चाहते हैं और इसके लिए वे अक्सर व्यायाम और फिटनेस ट्रैकिंग ऐप्स का सहारा लेते हैं।

ये ऐप्स आपको व्यायाम और फिटनेस के लिए निर्देशित करते हैं, आपके प्रगति को मापते हैं, आपके स्वास्थ्य की स्थिति का निरीक्षण करते हैं और आपके लक्ष्य की दिशा में आपको मार्गदर्शन प्रदान करते हैं। इन ऐप्स में आप अपने व्यायाम सत्र, आहार, नींद और अन्य पारंपरिक अभ्यासों को ट्रैक कर सकते हैं।

ये ऐप्स आपको रोजाना की भाग्यशाली व्य"
521,व्यायाम और फिटनेस ट्रैकिंग ऐप्स,"आजकल व्यायाम और फिटनेस ट्रैकिंग ऐप्स बहुत ही लोकप्रिय हो गए हैं। ये ऐप्स आपको अपने फिटनेस गोल्स को सच करने में मदद करते हैं। इन ऐप्स की मदद से आप अपनी डाइट, व्यायाम और नींद का ख्याल रख सकते हैं।

ये ऐप्स आपके व्यायाम सत्रों को ट्रैक करते हैं, जैसे कि कितने किलोमीटर दौड़े या कितने कैलोरी जला दी। इसके अलावा, ये ऐप्स आपको अपने आहार पर नजर रखने में भी मदद कर सकते हैं। आप जितना खा रहे हैं उसका ट्रैक रख सकते हैं और इसके अनुसार अपनी डाइट बना सकते हैं।

कुछ ऐप्स मनोरंजन के लिए भी हैं जैसे कि म्यूजिक प्ल"
523,खेलों का विकास और उनका सामाजिक प्रभाव,"खेल एक महत्वपूर्ण गतिविधि है जो शारीरिक, मानसिक और सामाजिक विकास में महत्वपूर्ण भूमिका निभाता है। खेलों का विकास और उनका सामाजिक प्रभाव विषय में बहुत सारे महत्वपूर्ण पहलु हैं।

खेल से विकसित होने वाले शारीरिक कौशल और स्वास्थ्य अत्यंत महत्वपूर्ण हैं। खेल खेलने से शारीरिक स्वास्थ्य बना रहता है और अच्छी तरह से उन्हें संजीवनी शक्ति भी मिलती है। खेलों के माध्यम से बच्चे टीम वर्क, नेतृत्व, सहयोग, और सामाजिक योग्यताएं सीखते हैं।

खेल खेलने से मानसिक स्थिति में भी सुधार होता है। यह मनोबल बढ़ाता है और स्वास्थ्य"
522,व्यायाम और फिटनेस ट्रैकिंग ऐप्स,"आजकल व्यायाम और फिटनेस ट्रैकिंग ऐप्स बहुत ही लोकप्रिय हो गए हैं। ये ऐप्स उपयोगकर्ताओं को उनके व्यायाम और डाइट की गतिविधियों को ट्रैक करने में मदद करते हैं। इन ऐप्स की मदद से आप अपने लक्ष्यों को निरंतर ट्रैक कर सकते हैं और अपनी प्रगति को माप सकते हैं।

व्यायाम और फिटनेस ट्रैकिंग ऐप्स कई प्रकार की सेवाएं प्रदान करते हैं, जैसे कद, वजन, कैलोरी गणना, व्यायाम की समय और इसे करने के तरीके, स्लीप ट्रैकिंग, डाइट ट्रैकिंग, इत्यादि। ये ऐप्स आपको संज्ञान में रखते हैं कि आपका व्यायाम और व्ययित कैलोरी कितनी है और आपकी"
525,व्यायाम और फिटनेस ट्रैकिंग ऐप्स,"व्यायाम और फिटनेस ट्रैकिंग ऐप्स आजकल लोगों के लिए बहुत ही महत्वपूर्ण बन गए हैं। ये ऐप्स लोगों को उनके व्यायाम और फिटनेस गोल्स को साधने में मदद करते हैं। इन ऐप्स की मदद से लोग अपने रोजाना के व्यायाम का ट्रैक रख सकते हैं, कैलोरीज की गिनती कर सकते हैं और अपनी प्रगति को माप सकते हैं।

ये ऐप्स बहुत से फीचर्स के साथ आते हैं जैसे कि व्यायाम की वीडियो ट्यूटोरियल्स, व्यायाम की जानकारी, डाइट प्लान्स, मोटिवेशनल कोट्स, और अलार्म सेटिंग्स। इन ऐप्स की मदद से लोग अपने व्यायाम रूटीन को अच्छे से अनुसरण कर सकते हैं औ"
524,पोषण और आहार में नई खोजें,"पोषण और आहार में नई खोजें लगातार की जा रही हैं जो हमें स्वस्थ्य जीवन जीने में मदद कर सकती हैं। आधुनिक तकनीक, विज्ञान और अनुसंधान के फायदे हमें नए और बेहतर आहार के लिए उत्साहित कर रहे हैं।

नई खोजें और अनुसंधान ने हमें उन आहारों के बारे में जानकारी दी है जो हमारे स्वास्थ्य के लिए वास्तव में फायदेमंद हैं। उदाहरण के लिए, सुपरफूड्स जैसे काले चने, अखरोट, ब्रॉकोली, स्पिनेच, खुबानी, अंडे आदि में पोषण भरा होता है और विभिन्न पोषक तत्वों का स्रोत होते हैं।

वैज्ञानिक अनुसंधान ने यह साबित किया है कि अ"
527,वैक्सीन विकास में नई तकनीकें,"वैक्सीन विकास एक महत्वपूर्ण क्षेत्र है जिसमें नवाचारी तकनीकें निरंतर उत्पन्न हो रही हैं। इन नई तकनीकों का उद्देश्य वैक्सीनों की असरकारिता, सुरक्षा और उत्पादन को बेहतर बनाना है।

एक नई तकनीक जिसे ""मॉडर्ना"" नाम दिया गया है, उत्कृष्ट वैक्सीन विकास करने में महत्वपूर्ण भूमिका निभा रही है। इस तकनीक में, मृत्युरोधी वायरस के खिलाफ mRNA वैक्सीनों का विकास किया जाता है। यह वैक्सीन विकासकर्ताओं को वैक्सीन को अभिन्न रूप से परिवर्तित करने की अनुमति देती है, जिससे वैक्सीन की प्रभावकारिता और सुरक्षा में सुधार होता"
526,भारतीय संस्कृति में त्योहारों का महत्व,"भारतीय संस्कृति में त्योहारों का विशेष महत्व है। ये त्योहार देश की भौगोलिक, सांस्कृतिक और धार्मिक विविधता को समर्थन करने में मदद करते हैं। भारत एक विविध देश है और इसके त्योहार इस विविधता को समर्थन करते हैं और सामाजिक एकता को बढ़ावा देते हैं।

त्योहारों के माध्यम से लोगों के बीच नवीनता और मित्रता का वातावरण बनता है। भारतीय त्योहार भावनात्मक और सांस्कृतिक महत्व रखते हैं। इन त्योहारों के जरिए लोग एक-दूसरे के साथ भागीदारी का महत्व समझते हैं और परंपरागत संवेदनशीलता को बनाए रखने का प्रयास करते हैं।

त्योहारों"
528,व्यायाम और फिटनेस ट्रैकिंग ऐप्स,"व्यायाम और फिटनेस ट्रैकिंग ऐप्स आजकल लोगों के लिए बहुत ही महत्वपूर्ण हैं। ये ऐप्स उन्हें अपने स्वास्थ्य और फिटनेस की देखभाल में मदद करते हैं। इन ऐप्स की मदद से लोग अपने व्यायाम का समय, डाइट और अन्य स्वास्थ्य से जुड़ी जानकारी को ट्रैक कर सकते हैं।

व्यायाम और फिटनेस ट्रैकिंग ऐप्स की कुछ मुख्य विशेषताएं निम्नलिखित हैं:
1. ये ऐप्स उपयोगकर्ताओं को उनके व्यायाम सत्र को ट्रैक करने में मदद करते हैं।
2. इन ऐप्स के माध्यम से लोग अपनी कैलोरी खपत और खानपान को मॉनिटर कर सकते हैं।
3. ये ऐप्स उपयोगकर्ताओं को मोटिवेट"
529,प्राचीन भारतीय विज्ञान और तकनीक,"प्राचीन भारतीय सभ्यता ने विज्ञान और तकनीक में भारतीय समुदाय के लिए अद्वितीय योगदान दिया है। वेद, उपनिषद, पुराण और अन्य प्राचीन ग्रंथों में भारतीय वैज्ञानिक और तकनीकी ज्ञान का विस्तारित वर्णन है।

भारतीय गणित का उदाहरण देने के लिए आर्यभट्ट, ब्रह्मगुप्त और वराहमिहिर का जिक्‍यासा प्रमुख है। उन्होंने गणितीय सिद्धांतों, ज्यामिति, त्रिकोणमिति, गणना, और सूर्य ग्रहण की गणना किया।

भारतीय वैज्ञानिक ने भौतिक विज्ञान में भी अद्वितीय योगदान किया। आर्यभट्ट ने ग्रहणों की गणना, गति, द्रव्यम"
530,प्राचीन भारतीय विज्ञान और तकनीक,"प्राचीन भारतीय सभ्यता ने विज्ञान और तकनीक में भी अपनी महत्वपूर्ण योगदान दिया है। वेदों में दिया गया ज्ञान और वैज्ञानिक अध्ययन भारतीय संस्कृति के विभिन्न क्षेत्रों में उत्कृष्टता का प्रमाण है।

भारतीय गणित और गणितीय अंकगणित के क्षेत्र में भी बहुत उन्नत था। भारत ने शून्य (जिसे शून्य कहते हैं) का आविष्कार किया और गणित में कई श्रेष्ठता की कोशिशें की। भारतीय गणितकार आर्यभट्ट, ब्रह्मगुप्त, भास्कराचार्य, अप्पुजी गणित, नीलकंठ देव, माधवाचार्य, लीलावती आदि के योगदान से भारतीय गणित का इतिहास ग"
531,खेलों का विकास और उनका सामाजिक प्रभाव,"खेलों का विकास और उनका सामाजिक प्रभाव

खेल न केवल हमारे शारीरिक स्वास्थ्य के लिए महत्वपूर्ण हैं, बल्कि हमारे मानसिक और सामाजिक विकास के लिए भी अत्यंत महत्वपूर्ण हैं। खेल खेलने से हमारे दिमाग की कार्यक्षमता बढ़ती है, हमें सहनशीलता सिखाते हैं और हमें समृद्धि और समर्पण का अहसास कराते हैं।

खेलों का खेलना हमारे सामाजिक जीवन के लिए भी महत्वपूर्ण है। खेलों में भाग लेने से हम सामरिकता, सहयोग, टीमवर्क करने की क्षमता, और लीडरशिप की क्षमता सीखते हैं। खेलें हमें उत्साही और संघर्षशील बनाते हैं और हमें जीतने और हारने के साथ संघर्ष क"
532,जीन थेरेपी की प्रगति,"जीन थेरेपी एक उत्कृष्ट तकनीक है जिसका उपयोग विभिन्न रोगों के इलाज में किया जाता है। यह विज्ञान के इस क्षेत्र में एक बहुत बड़ी प्रगति का संकेत है। जीन थेरेपी का मुख्य उद्देश्य व्यक्ति के अद्भुत रोगों का इलाज करना है जिनका इलाज अन्य दवाइयों या पारंपरिक उपचारों से संभव नहीं हो पाता है।

जीन थेरेपी में, वैज्ञानिक स्थापित तकनीकों का उपयोग करके विशेष तरह के जीन को व्यक्ति के शरीर में संशोधित किया जाता है। इसके माध्यम से लक्षित जीन को बदलकर रोग के लक्षणों को कम किया जा सकता है या उनका इलाज किया जा सकता है। जीन"
533,पोषण और आहार में नई खोजें,"पोषण और आहार में नई खोजें करना महत्वपूर्ण है ताकि हम स्वस्थ रह सकें और विभिन्न बीमारियों से बच सकें। वैज्ञानिक तथा तकनीकी विकास के क्षेत्र में नवाचार आए हैं जो हमें बेहतर और स्वस्थ आहार प्राप्त करने में मदद कर रहे हैं।

एक नई खोज है 'आर्टिफिशियल इंटेलिजेंस' (AI) का उपयोग पोषण से संबंधित मुद्दों को हल करने में। AI की मदद से खाद्य उत्पादों की गुणवत्ता और पोषण मान को बेहतर बनाने के लिए खुदाई की जा रही है। इसके अलावा, आहार संबंधित डेटा को विश्लेषित करने के लिए AI उपयोगी हो सकता है ताकि लोग अपने आहार में सुधार कर"
534,टेलीमेडिसिन का भविष्य,"टेलीमेडिसिन एक तकनीकी उपकरण है जिसके माध्यम से चिकित्सा सेवाएं दूरस्थ स्थानों तक पहुंचाई जा सकती हैं। इसका उपयोग लोगों को जरूरी चिकित्सा सलाह और उपचार प्राप्त करने में मदद करने के लिए किया जाता है।

टेलीमेडिसिन का भविष्य बहुत उज्ज्वल है। इसके माध्यम से विशेषज्ञ चिकित्सक दूरस्थ इलाकों में रहने वाले मरीजों की देखभाल कर सकते हैं। यह विशेष रूप से गांवों और दूरवासियों के लिए फायदेमंद साबित हो सकता है।

टेलीमेडिसिन के उपयोग से विभिन्न रोगों की पहचान और उपचार में तेजी और सही सलाह मिलने में मदद मिलती है। यह"
535,व्यायाम और फिटनेस ट्रैकिंग ऐप्स,"आजकल व्यायाम और फिटनेस ट्रैकिंग ऐप्स का उपयोग करना बहुत ही लोकप्रिय हो गया है। ये ऐप्स आपको अपने व्यायाम और डाइट प्लान को ट्रैक करने में मदद करते हैं और आपको मार्गदर्शन भी प्रदान करते हैं। इन ऐप्स के माध्यम से आप अपने व्यायाम की प्रगति को माप सकते हैं, अपने कैलोरी इंटेक्स को ट्रैक कर सकते हैं और अपने लक्ष्यों की दिशा में आगे बढ़ सकते हैं।

ये ऐप्स आपको पारंपरिक तरीके से व्यायाम करने के साथ-साथ नए व्यायाम विधियों की भी सुझाव देते हैं। साथ ही, आप अपने जीवनशैली और भोजन की समय-समय पर योग्यता को भी ट्रैक कर सकते हैं"
538,व्यायाम और फिटनेस ट्रैकिंग ऐप्स,"व्यायाम और फिटनेस ट्रैकिंग ऐप्स ने हमारे जीवन को स्वस्थ और सकारात्मक रखने में महत्वपूर्ण भूमिका निभाई है। ये ऐप्स हमें हमारी डेली एक्टिविटी, भोजन, नींद और स्वास्थ्य से जुड़ी अन्य जानकारी प्रदान करते हैं। 

व्यायाम ट्रैकिंग ऐप्स जैसे कि फिटबिट, माइफिटनेसपाल, या गूगल फिटनेस, हमें हमारे व्यायाम सत्र को ट्रैक करने में मदद करते हैं। इन ऐप्स के जरिए हम अपनी डेली एक्टिविटी, दौड़ने या व्यायाम किया गया किलोमीटर, कैलोरी खपाई आदि की जानकारी प्राप्त कर सकते हैं। 

फिटनेस ट्रैकिंग ऐप्स ने भी अपनी जगह बना ली है।"
536,जीन थेरेपी की प्रगति,"जीन थेरेपी एक उत्पादक तकनीक है जिसे उपयोग मानव रोगों के इलाज में किया जा सकता है। यह तकनीक मानव जीवन के लिए क्रांतिकारी है और इसे उपयोग में लाने के कई सुविधाएं हैं।

जीन थेरेपी का सबसे बड़ा लाभ यह है कि यह गलत जीन को सही करने की क्षमता रखता है, जिससे गंभीर जननांग विकारों जैसे एल्सहाइमर, कैंसर, मधुमेह आदि के इलाज में मदद मिल सकती है।

जीन थेरेपी की प्रगति में वैज्ञानिक और चिकित्सा क्षेत्र में बहुत अच्छा प्रगति हुआ है। नई और विशेषज्ञतापूर्ण तकनीकों का विकास हुआ है जिससे इस तकनीक का उपयोग करना और भी सु"
537,वैक्सीन विकास में नई तकनीकें,"वैक्सीन एक अहम तकनीकी उपाय है जो रोगों के खिलाफ सुरक्षा प्रदान करने में मदद करता है। वैक्सीन विकास में नई तकनीकें अब दुनिया भर में नए और प्रभावी वैक्सीनें विकसित करने की संभावना बढ़ा रही हैं।

1. mRNA वैक्सीन: यह एक नई प्रौद्योगिकी है जिसमें mRNA को उपयोग करके वैक्सीन विकसित की जाती है। यह तकनीक वायरस के खिलाफ प्रतिक्रिया उत्पन्न करने में मदद करती है।

2. एडनोवायरस वैक्सीन: इस तकनीक में एडनोवायरस का वायरस उपयोग किया जाता है जो वैक्सीन के लक्ष्य को तोड़ने में मदद करता है।

3. नैनोटेक्नोलॉजी: यह तक"
539,खेलों का विकास और उनका सामाजिक प्रभाव,"खेलों का विकास और उनका सामाजिक प्रभाव

खेल एक महत्वपूर्ण गतिविधि है जो हमारे शारीरिक, मानसिक और सामाजिक विकास में महत्वपूर्ण भूमिका निभाता है। खेल न केवल हमें स्वस्थ रखने में मदद करता है बल्कि हमें टीम वर्क, सहयोग, संन्यास और नेतृत्व कौशल भी सिखाता है।

खेल खेलने से हमारे शारीरिक स्वास्थ्य को सुधारता है। व्यायाम के द्वारा हमारे शरीर की उत्तम संचालन क्षमता बढ़ती है और रोगों से लड़ने की क्षमता में वृद्धि होती है। साथ ही, खेल खेलने से हमारा मानसिक स्वास्थ्य भी बेहतर होता है। खेल खेलने से हमारा तनाव कम होता है, मनोरंजन"
540,टेलीमेडिसिन का भविष्य,"टेलीमेडिसिन या दूरसंचार चिकित्सा एक विज्ञान है जिसमें चिकित्सा देखभाल के लिए दूरस्थ साधनों का उपयोग किया जाता है। यह एक प्रभावी तकनीक है जो अस्पताल में भी उपचार की उपलब्धता बढ़ाने में मदद करती है।

टेलीमेडिसिन का भविष्य उज्जवल है। वर्चुअल कनेक्टिविटी की मदद से लोग अपने घर से ही डॉक्टर से संपर्क कर सकते हैं। यह खासकर उन लोगों के लिए फायदेमंद है जो गांवों या दूरदराज क्षेत्रों में रहते हैं जहां वैशिष्ट्यपूर्ण वैशेषिकता वाले चिकित्सक उपलब्ध नहीं होते।

इसके अतिरिक्त, टेलीमेडिसिन वैश्व"
541,भारतीय संस्कृति में त्योहारों का महत्व,"भारतीय संस्कृति में त्योहारों का विशेष महत्व है। ये त्योहार जीवन के रंग भरने का माध्यम होते हैं जो हमें खुशियों और मनोरंजन का अवसर देते हैं। ये त्योहार हमें हमारी परंपराओं को याद रखने और समर्पित रहने का भी संदेश देते हैं।

भारत में विभिन्न धर्मों और समुदायों के अनुसार अनेक प्रकार के त्योहार मनाए जाते हैं। जैसे दिवाली, होली, दशहरा, ईद, बैसाकी, गुरुपूर्णिमा, क्रिष्ण जन्माष्टमी, रक्षाबंधन, नवरात्रि आदि। ये त्योहार सामाजिक और सांस्कृतिक एकता को बढ़ावा देते हैं और लोगों के बीच मित्रता और समरसता की भावना को म"
543,अंतरिक्ष अन्वेषण का इतिहास,"अंतरिक्ष अन्वेषण एक तकनीकी और वैज्ञानिक क्षेत्र है जिसमें वैश्विक समुदाय ने अंतरिक्ष की गहराई में जानने के लिए कई अद्भुत प्रयास किए हैं। यह इतिहास लंबा है और अनेक महत्वपूर्ण घटनाएं शामिल हैं।

अंतरिक्ष अन्वेषण का प्रारंभ होगया था जब 1957 में सोवियत संघ ने पहला कार्ययन्त्र, स्पुटनिक-1 का प्रक्षेपण किया। इसके बाद, विश्व के अन्य देशों ने भी अंतरिक्ष अन्वेषण के क्षेत्र में अपने प्रयास शुरू किए।

1961 में यूरी गागरिन ने विश्व का पहला मानव अंतरिक्ष यात्री बनकर इतिहास रचा। उसके बाद, अंतरिक्ष अन्वेषण का क्षेत्र और"
542,खेलों का विकास और उनका सामाजिक प्रभाव,"खेलों का विकास और उनका सामाजिक प्रभाव

खेल एक महत्वपूर्ण गतिविधि है जो हमारे दिमाग और शारीरिक स्वास्थ्य के विकास में मददगार है। वह सिर्फ मनोरंजन का साधन नहीं है, बल्कि एक स्वस्थ और सक्रिय जीवन जीने का माध्यम भी है। खेलों के खेलने से हमारी शारीरिक क्षमता बढ़ती है, हमारी मानसिक ताकत मजबूत होती है और हमारी सामाजिक कौशल विकसित होते हैं।

खेलों का खेलना समाज में एक संबंध बनाने का एक महत्वपूर्ण तरीका है। खेलों में टीम बनाने, सहयोग करने, और जीतने-हारने का सहानुभूति सीखते हैं जो हमें समाज में अच्छे संबंध बनाने में मदद कर"
544,खेलों का विकास और उनका सामाजिक प्रभाव,"खेलों का विकास और उनका सामाजिक प्रभाव

खेलों का खेलना और खेलने का अनुभव मानव जीवन का महत्वपूर्ण हिस्सा है। खेलों के माध्यम से हमारे शारीरिक, मानसिक और सामाजिक विकास में महत्वपूर्ण योगदान होता है। खेलों के खेलने से हमारी शारीरिक क्षमता बढ़ती है, हमारा दिमाग तेज होता है और हम अच्छे स्वास्थ्य का लाभ उठाते हैं।

खेलों का विकास भी हमें सामाजिक रूप से सकारात्मक प्रभाव डालता है। खेलों में साझा भाग लेने से हम अन्य लोगों के साथ टीमवर्क करना सीखते हैं, सहयोग और समर्थन प्रदान करना सीखते हैं और अन्यों के साथ अच्छे संबंध बनाना सी"
545,विश्व के आश्चर्यजनक प्राकृतिक स्थल,"विश्व में कई आश्चर्यजनक प्राकृतिक स्थल हैं जो अपनी सुंदरता और विशेषताओं के लिए प्रसिद्ध हैं। ये स्थल अकार्षक प्राकृतिक सौंदर्य, वन्यजीव, जलस्रोत और वायुमंडल की अद्वितीयता के लिए प्रसिद्ध हैं।

एक ऐसा प्राकृतिक स्थल है माउंट एवरेस्ट, जो विश्व का सबसे ऊंचा पर्वत है। इसकी ऊंचाई 8,848 मीटर है और इसे हिमालय पर्वत श्रृंखला में स्थित है। यह स्थल डरावना और सुंदर है, जिसे समुंद्री तट से लेकर ग्लेशियर तक कवर करते हुए देखा जा सकता है।

एक और आश्चर्यजनक प्राकृतिक स्थल है ग्रैंड कैनियन जो अमेरिका में स्थित है। यह व"
548,वैक्सीन विकास में नई तकनीकें,"वैक्सीन विकास में नई तकनीकें

वैक्सीन एक महत्वपूर्ण उपाय है जो विभिन्न रोगों से लड़ने में मदद करता है। वैक्सीन विकास में तकनीकी उन्नति का महत्वपूर्ण योगदान है और यह नए और सुरक्षित वैक्सीन का निर्माण संभव बनाता है। कुछ नई तकनीकें निम्नलिखित हैं:

1. mRNA वैक्सीन: mRNA वैक्सीन एक नई तकनीक है जिसमें mRNA को इंजेक्शन के माध्यम से शरीर में पहुंचाया जाता है, जिससे शरीर विशेष प्रकार के प्रोटीन उत्पन्न करता है जो रोग के खिलाफ रक्षा प्रदान करता है।

2. Nanoparticle वैक्सीन: नैनोपार्टिकल वैक्सीन का उपयोग कॉरोना वायरस के खिल"
547,व्यायाम और फिटनेस ट्रैकिंग ऐप्स,"आजकल व्यायाम और फिटनेस ट्रैकिंग ऐप्स का उपयोग लोगों के जीवन का महत्वपूर्ण हिस्सा बन गया है। ये ऐप्स उपयोगकर्ताओं को उनके व्यायाम और खान-पान की जानकारी संग्रहित करने में मदद करते हैं और उन्हें स्वस्थ जीवनशैली के लक्ष्यों को प्राप्त करने में सहायक बनते हैं। 

इन ऐप्स की मदद से आप अपने व्यायाम सत्र, दौड़, योग आदि की स्केड्यूल तैयार कर सकते हैं। इनमें कई सुविधाएं होती हैं जैसे कि प्रोग्रेस ट्रैकिंग, कैलोरी काउंट, स्टेप्स गिनना, हार्ट रेट मॉनिटरिंग आदि। 

ये ऐप्स आपके फिटनेस गोल्स को समझकर आपको उन्हें प्र"
546,भारतीय संस्कृति में त्योहारों का महत्व,"भारतीय संस्कृति में त्योहारों का विशेष महत्व है। ये त्योहार समाज को एक साथ लाते हैं और लोगों के बीच एक मेलजोल और समरसता का माहौल बनाते हैं। भारत में कई धार्मिक और सांस्कृतिक समुदाय हैं जिनके अलग-अलग त्योहार होते हैं, लेकिन ये सभी त्योहार एक जैसे ही समर्पित, खुशियों और एकता भरे होते हैं।

भारतीय त्योहार वर्ष के विभिन्न मौकों पर मनाए जाते हैं। ये त्योहार धार्मिक, सांस्कृतिक, और समाजिक महत्व के साथ सम्बंधित होते हैं। इन त्योहारों के माध्यम से लोग अपने परंपरागत अंचल को जीवंत रखते हैं और आपसी समरसता को मजबूत"
549,विश्व की महान वास्तुकला,"विश्व की महान वास्तुकला एक अद्वितीय और उत्कृष्ट कला रूप है जिसने हमें अपने समृद्ध इतिहास और सांस्कृतिक विरासत से परिचित कराया है। वास्तुकला न केवल इमारतों का निर्माण करने का विज्ञान है, बल्कि यह समाज, संस्कृति और विचारों को आकर्षित करने में भी महत्वपूर्ण भूमिका निभाती है।

विश्व भर में विभिन्न शैलियों और समयानुसार बनी अनगिनत वास्तुकला के प्रमुख उदाहरण हैं। उदाहरणार्थ, एजिप्ट के पिरामिड, इटली के लीना टावर, भारत के ताजमहल, चीन की ग्रेट वॉल, यूरोप के गोथिक कैथेड्रल आदि। ये सभी वास्तुकला के महान उदाहर"
551,वैक्सीन विकास में नई तकनीकें,"वैक्सीन विकास में नई तकनीकें

वैक्सीन विकास में नई तकनीकें का उदय वैज्ञानिकों के लिए रोशनी की ओर एक नई किरण का संकेत है। यह तकनीकें न केवल वैक्सीन विकास की गति को तेज करती हैं, बल्कि उन्हें अधिक सुरक्षित, अधिक प्रभावी और अधिक सक्षम बनाने में मदद करती हैं।

कुछ उदाहरण इस दिशा में शामिल हैं, जैसे कि रीकम्बिनेंट डीएनए प्रौद्योगिकी, जिसमें खुद को संदर्भवादी वायरस से लेकर वैक्सीन उत्पन्न करने के लिए विशेष रीकम्बिनेंट डीएनए का उपयोग किया जाता है। इसके अलावा, नैनोटेक्नोलॉजी, जिसमें वैक्स"
552,वैक्सीन विकास में नई तकनीकें,"वैक्सीन विकास में नई तकनीकें एक महत्वपूर्ण क्षेत्र हैं जो स्वास्थ्य और सुरक्षा के लिए महत्वपूर्ण है। इस क्षेत्र में नवाचार करने के लिए वैज्ञानिक और तकनीकी दलों ने कई उत्कृष्ट प्रयास किए हैं।

एक नई तकनीक है mRNA वैक्सीन, जो कोविड-19 वैक्सीन के विकास में उपयोग की गई है। यह तकनीक एक अनुक्रमिक RNA मॉलेक्यूल का उपयोग करती है जो शरीर में प्रोटीन उत्पन्न करता है और इसे खुद के रोग प्रतिरक्षा प्रणाली को सक्रिय करने में मदद करता है। यह तकनीक परंपरागत वैक्सीन से तेजी से और अधिक प्रभावी प्रतिक्रिया उत्पन्न करने में मदद कर सकती है"
550,जीन थेरेपी की प्रगति,"जीन थेरेपी एक नवाचारी तकनीक है जिसका उपयोग विभिन्न रोगों और विकारों के इलाज में किया जा रहा है। यह तकनीक व्यक्तिगतीकरण चिकित्सा के क्षेत्र में एक महत्वपूर्ण कदम है जो रोगों को जन्मजात गलतियों या विकारों की वजह से सही करने की क्षमता प्रदान करता है।

जीन थेरेपी का सबसे बड़ा लाभ यह है कि यह रोग के कारण निरंतर दवाओं का सेवन करने की जरूरत को कम कर सकता है। यह एक विशेष धर्मिक चिकित्सा उपचार है जिसका उपयोग जन्मजात विकारों, कैंसर, मधुमेह और उच्च रक्तचाप जैसी बीमारियों के इलाज में किया जा रहा है।

इस तकनीक के"
553,प्राचीन भारतीय विज्ञान और तकनीक,"प्राचीन भारत ने वैज्ञानिक और तकनीकी दृष्टि से भी विश्व को अपना महत्वपूर्ण योगदान दिया है। भारतीय समृद्धि के इतिहास में गणित, विज्ञान, उद्योग और तकनीक के क्षेत्र में अनेक महान आविष्कार और अविष्कार हुए हैं।

गणित के क्षेत्र में, भारतीय गणितज्ञ आर्यभट्ट ने ज्योतिष और गणित के क्षेत्र में अपनी योगदान दिया। उन्होंने गोलार्ध कोण का मापन करने के लिए ज्यामिति के सिद्धांतों को विकसित किया।

विज्ञान के क्षेत्र में, भारत ने अज्ञात क्षेत्रों में अनुसंधान किया और कई आविष्कार किए। भारत ने शून्य की अवधारणा को विकस"
554,प्राचीन भारतीय विज्ञान और तकनीक,"प्राचीन भारतीय सभ्यता विश्व के एक प्राचीन और महत्वपूर्ण सभ्यताओं में से एक है, जिसने विज्ञान और तकनीक के क्षेत्र में भी महत्वपूर्ण योगदान दिया है। प्राचीन भारतीय वैज्ञानिकों ने गणित, ज्योतिष, रसायनशास्त्र, औषधि विज्ञान, ग्रहण विज्ञान और अन्य क्षेत्रों में अपनी विशेषज्ञता प्रदर्शित की थी।

गणित के क्षेत्र में, भारतीय गणितज्ञ आर्यभट्ट ने शून्य के अविष्कार किया था और उन्होंने पहले से ज्यादा सुविधाजनक संख्या पद्धतियों का अध्ययन किया था। ज्योतिष क्षेत्र में, भारतीय वैज्ञानिकों ने ग्रहणों की गणना करने के ल"
555,पोषण और आहार में नई खोजें,"पोषण और आहार एक स्वस्थ्य जीवन जीने के लिए महत्वपूर्ण हैं। नवीनतम खोजें इस क्षेत्र में नए दरवाजे खोल रही हैं और लोगों को अधिक स्वस्थ और संतुलित जीवन जीने में मदद कर रही हैं।

एक नई खोज जिसने ध्यान आकर्षित किया है, वह है 'फूड बायोमार्कर्स'। यह पोषण और स्वास्थ्य के मापक हैं जो आहार के साथ अनुसंधान करते हैं और उसके प्रभाव को जांचते हैं। ये बायोमार्कर्स आपके आहार में आपके शारीर के साथ कैसे प्रभावित होते हैं, उसे मापते हैं और सुनिश्चित करते हैं कि आप अपने शारीर को सबसे अच्छा पोषण प्रदान कर रहे हैं।

दूसरी"
557,भारतीय संस्कृति में त्योहारों का महत्व,"भारतीय संस्कृति में त्योहारों का विशेष महत्व है। ये त्योहार हमारे समाज और संस्कृति को अभिवृद्धि देते हैं। त्योहारों के जरिए हम अपनी परंपराओं को मानते हैं और उन्हें आगे बढ़ाते हैं।

भारतीय संस्कृति में एक विशेषता यह है कि यहाँ पर्व-त्योहार हर किसी के लिए हैं। चाहे वह हिंदू हो, मुस्लिम, सिख, ईसाई या किसी और धर्म का हो, सभी मिलकर इन त्योहारों को मनाते हैं और इसे एक अद्वितीय भावना के रूप में स्वीकार करते हैं।

त्योहारों के माध्यम से हम अपने परिवार और समुदाय के साथ बंधन बनाए रखते हैं। ये त्योहार हमें सामाजिक एकता और सह"
556,विश्व के आश्चर्यजनक प्राकृतिक स्थल,"पृथ्वी पर कई अद्भुत प्राकृतिक स्थल हैं जिन्हें देखने के लिए लोग पूरी दुनिया भर से इन्हें देखने आते हैं। ये स्थल वास्तव में प्राकृतिक रहस्यों को दर्शाते हैं और इनकी सुंदरता देखकर हमें अचंभित कर देती है।

इनमें से कुछ प्रमुख स्थल निम्नलिखित हैं:

1. नॉर्वे की फ्योर्ड: ये अद्वितीय घाटीजैसे स्थल हैं जो नॉर्वे के पश्चिमी किनारे पर स्थित हैं। इनकी सुंदरता को देखते हुए लोग इन्हें एक अद्वितीय कला का काम मानते हैं।

2. आयरलैंड की मोहर: इस जगह की प्राकृतिक सुंदरता को देखकर हर कोई हैरान हो जाता है। यहां की खूबसूरत"
558,मानसिक स्वास्थ्य और टेक्नोलॉजी,"मानसिक स्वास्थ्य और टेक्नोलॉजी दोनों ही एक व्यक्ति के जीवन में महत्वपूर्ण भूमिका निभाते हैं। इन दोनों क्षेत्रों के गहरे संबंध हैं और टेक्नोलॉजी का उपयोग मानसिक स्वास्थ्य को सुधारने में मददगार साबित हो सकता है।

आजकल कंप्यूटर, स्मार्टफोन, ऐप्स आदि के उपयोग से मानसिक स्वास्थ्य से जुड़ी समस्याओं का समाधान किया जा सकता है। मानसिक स्वास्थ्य ऐप्स ने लोगों को मानसिक रोगों की पहचान, उपचार, और समर्थन प्राप्त करने में मदद की है। इन ऐप्स के माध्यम से लोग अपने विचारों और भावनाओं को साझा कर सकते हैं, स्वास्थ्य सेवाओं तक पहुंच"
559,जीन थेरेपी की प्रगति,"जीन थेरेपी एक उच्च स्तरीय तकनीक है जिसका उपयोग जीनेटिक विकारों और अन्य जीनेटिक रोगों के उपचार में किया जाता है। इस तकनीक के माध्यम से वैज्ञानिक दवाओं या वैक्टर्स की सहायता से विकृत जीनों को संशोधित किया जाता है ताकि वे सही रूप में काम कर सकें। जीन थेरेपी के इस प्रकार के उपचार का मुख्य उद्देश्य विकृत जीनों से उत्पन्न रोगों को ठीक करना है।

जीन थेरेपी की प्रगति ने विज्ञान के क्षेत्र में क्रांति ला दी है। इस तकनीक का उपयोग कैंसर, मधुमेह, मस्तिष्क रोग, एडिसन रोग, जीनेटिक विकारों जैसी अनेक गंभीर बीमारियों क"
560,विश्व के आश्चर्यजनक प्राकृतिक स्थल,"विश्व में कई ऐसे प्राकृतिक स्थल हैं जो अपनी अद्भुतता और विशेषता के लिए प्रसिद्ध हैं। ये स्थल अक्सर पर्यटकों की ध्यान आकर्षित करते हैं और उन्हें अद्वितीय अनुभव प्रदान करते हैं। 

दुनिया के विभिन्न कोनों में फैले कई अद्वितीय प्राकृतिक स्थल हैं। मिस्र के प्यारामिड्स, जॉर्डन की पेट्रा, चीन की मुराली घाटियां, न्यूजीलैंड का टॉंगारिरो नेशनल पार्क, यूरोप के नॉर्वे फियोर्डेन, भारत के कूलू-मनाली और लद्दाख, आदि इसका उदाहरण हैं। 

इन स्थलों में प्राकृतिक सौंदर्य, स्थलीय जीवन, भौतिक विशेषताएं, ऐतिहासिक महत्व और स"
562,प्राचीन भारतीय विज्ञान और तकनीक,"प्राचीन भारतीय सभ्यता ने विज्ञान और तकनीक के क्षेत्र में भी महत्वपूर्ण योगदान दिया है। भारतीय विज्ञानी और गणितज्ञ आर्यभट्ट, ब्रह्मगुप्त, चाणक्य, सुश्रुत आदि केवल भारत में ही नहीं, बल्कि विश्व भर में अपनी विशेषज्ञता के लिए प्रसिद्ध रहे हैं।

भारतीय गणित और ज्योतिष्की में अद्वितीय योगदान था। आर्यभट्ट ने सूर्य और चंद्रमा की गति का अध्ययन किया और अपने गणितीय सिद्धांतों के माध्यम से इसे समझाया। उन्होंने भूगोल और गणित के क्षेत्र में भी अपनी विशेषज्ञता दिखाई।

सुश्रुत भारतीय चिकित्सा विज्ञान के प्रम"
561,विश्व के आश्चर्यजनक प्राकृतिक स्थल,"विश्व भर में हमें अनगिनत प्राकृतिक स्थल मिलते हैं, जिन्हें देखकर हम वास्तव में हैरान हो जाते हैं। ये स्थल न केवल आकर्षक होते हैं बल्कि उनमें छुपी प्राकृतिक सुंदरता और अद्वितीयता भी हमें वास्तविक चमत्कार महसूस कराती है।

दुनिया में कई ऐसे प्राकृतिक स्थल हैं जो हमें अपनी अद्वितीयता से प्रभावित करते हैं। उदाहरण के लिए, ग्रीनलैंड के अंदरार्सुआक ग्लेशियर की सुंदरता और विशालता ने लोगों को मोहित किया है। इसके अलावा, वेनेजुएला के एंजेल फॉल्स की ऊंचाई और खूबसूरती भी अद्वितीय है।

भारत में भी कई ऐसे प्राकृत"
563,टेलीमेडिसिन का भविष्य,"टेलीमेडिसिन एक विकसित तकनीकी योजना है जो चिकित्सा सेवाओं को दूरस्थ दृष्टिकोण से प्रदान करती है। यह तकनीकी अद्यतन ने चिकित्सा क्षेत्र में क्रांति ला दी है और भविष्य में भी इसका महत्व बढ़ा है।

टेलीमेडिसिन के माध्यम से रोगी और चिकित्सक के बीच संचार सुगम हो जाता है और इसे लाभान्वित किया जा सकता है। इस तकनीक के माध्यम से चिकित्सा सेवाएं गांवों और दूरवासियों तक पहुंचाई जा सकती है जिससे जनसंख्या के विभिन्न वर्गों को स्वस्थ रहने में मदद मिलती है।

टेलीमेडिसिन के विकास से रोगी को चिकित्सकों के साथ सहयोग करने का अवस"
564,प्राचीन भारतीय विज्ञान और तकनीक,"प्राचीन भारतीय सभ्यता ने अपने उत्कृष्ट विज्ञान और तकनीकी उपलब्धियों से विश्व को चमत्कृत किया है। वे उस समय की तकनीकी समृद्धि के आधार पर आधुनिक विज्ञान की धारा को पहचानते हैं।

भारतीय गणित के लिए अद्वितीय योगदान के रूप में आर्यभट्ट का नाम काफी महत्वपूर्ण है। उन्होंने द्वारा गणित और ज्योतिष क्षेत्र में किए गए अनुसंधान और खोज की वजह से उन्हें विशेष माना जाता है। उन्होंने सूर्य और चंद्रमा की गति को निर्धारित किया और ज्योतिष के क्षेत्र में उनके काम ने एक नया मापदंड स्थापित किया।

भारतीय वैज्ञानिक अर"
566,अंतरिक्ष अन्वेषण का इतिहास,"अंतरिक्ष अन्वेषण एक विशाल और रोमांचक क्षेत्र है जिसमें मानवता ने अद्वितीय प्रगति की है। इसका इतिहास अत्यंत रोमांचक है जिसमें कई महत्वपूर्ण घटनाएं शामिल हैं।

अंतरिक्ष अन्वेषण की शुरुआत सामान्यत: करीब 20वीं सदी के आसपास हुई थी। यहां तक कि पहले अंतरिक्ष यात्री यूरी गागारिन ने 1961 में वोस्टोक-1 यात्रा के माध्यम से अंतरिक्ष में यात्रा की थी। इसके बाद अंतरिक्ष अन्वेषण का रुझान तेजी से बढ़ता गया।

1969 में अमेरिकी अंतरिक्ष एजेंसी नासा ने अपोलो 11 मिशन के जरिए मानव को चाँद पहुंचाया। यह घटना एक ऐतिहासिक क्षण"
567,भारतीय संस्कृति में त्योहारों का महत्व,"भारतीय संस्कृति में त्योहारों का विशेष महत्व है। भारत एक विविधतापूर्ण देश है जहां अनेक धर्म और सम्प्रदायों के लोग रहते हैं, और इसके साथ ही भारतीय समुदाय अपने विभिन्न त्योहारों को बड़े धूमधाम से मनाते हैं।

त्योहारों के माध्यम से लोग एक-दूसरे के साथ जुड़ते हैं और एक साथ खुशियों का आनंद लेते हैं। ये त्योहार लोगों को एक-दूसरे के साथ तालमेल और समरसता की भावना सिखाते हैं।

भारतीय संस्कृति में कई प्रमुख त्योहार हैं जैसे होली, दीपावली, दशहरा, ईद, बैसाखी आदि। इन त्योहारों को खुशी और उत्साह के साथ मनाया"
568,जीन थेरेपी की प्रगति,"जीन थेरेपी एक उन्नत तकनीक है जिसका उपयोग विभिन्न जीवाणुरोगियों और जननंग्नताओं के इलाज में किया जाता है। यह उन रोगों के इलाज के लिए अविरल चिकित्सा संभावनाओं का प्रकटीकरण करती है जिनका इलाज अन्य चिकित्सा उपायों से संभावना से कम है।

जीन थेरेपी का मूल उद्देश्य अविरल या अविरलीय रोगों के इलाज में विवेकपूर्ण और सुरक्षित तरीके से व्यवहार करना है। इस तकनीक में, वैज्ञानिक तरीके से तैयार किए गए जीन को मरीज के शरीर में पहुंचाया जाता है, जो उनके असामान्य जननंग्नता को सुधार सकता है।

जीन थेरेपी ने कई रोगों"
569,प्राचीन भारतीय विज्ञान और तकनीक,"प्राचीन भारतीय सभ्यता विश्व के एक प्राचीन और समृद्ध सभ्यताओं में से एक है जिसने अनेक शाखाओं में विज्ञान और तकनीक के क्षेत्र में महत्वपूर्ण योगदान दिया। प्राचीन भारतीय वैज्ञानिक और तकनीकी धारणाएं आज भी हमारे लिए प्रेरणास्त्रोत हैं।

वेदों में गणित, ज्योतिष, वास्तुकला, धातुरेखाशास्त्र आदि विज्ञान और तकनीक के क्षेत्र में बहुत कुछ उल्लेखित है। उदाहरण के लिए, शुल्बसूत्र गणित के क्षेत्र में विभिन्न तरीकों की गणना के लिए वैज्ञानिक प्रमाण प्रस्तुत करते हैं। वास्तुशास्त्र में भवन निर्माण के लिए विज्ञान और तकनीक की प्रण"
565,वैक्सीन विकास में नई तकनीकें,"वैक्सीन विकास में नई तकनीकें

वैक्सीन एक महत्वपूर्ण तकनीक है जिसका उपयोग विभिन्न रोगों के खिलाफ सुरक्षा प्रदान करने के लिए किया जाता है। हाल ही में, नई तकनीकें वैक्सीन विकास में आए हैं जो इस क्षेत्र में नए उत्थानों को लाने में मदद कर रही हैं।

1. mRNA वैक्सीन: mRNA वैक्सीन एक नई प्रकार की वैक्सीन है जिसमें mRNA प्रोटीन बनाने के लिए उपयोग किया जाता है। यह तकनीक कोरोनावायरस वैक्सीनों में सफलतापूर्वक उपयोग की गई है।

2. विरल वेक्टर वैक्सीन: इस तकनीक में, एक अनुकूल वायरस का जीनेटिक सामग्री कोड किया जाता है जो वैक"
570,टेलीमेडिसिन का भविष्य,"टेलीमेडिसिन एक तकनीकी उपाय है जिसमें स्वास्थ्य सेवाएं और सलाहकारी सेवाएं दूरस्थ संचार के माध्यम से प्रदान की जाती हैं। यह तकनीकी उपाय डिजिटल प्लेटफॉर्म्स, इंटरनेट, स्मार्टफोन, वीडियो कॉल, ईमेल और अन्य तकनीकों का उपयोग करते हैं। टेलीमेडिसिन के माध्यम से लोग अपने घर से ही डॉक्टर से संपर्क कर सकते हैं, जांच और सलाह प्राप्त कर सकते हैं और आवश्यक दवाएं भी प्राप्त कर सकते हैं।

टेलीमेडिसिन का भविष्य बहुत उज्जवल है। इसके माध्यम से लोग जल्दी से स्वास्थ्य सेवाओं का लाभ उठा सकते हैं और समय और दूरी की सीमाएं नहीं होती। व"
571,वैक्सीन विकास में नई तकनीकें,"वैक्सीन विकास में नई तकनीकें एक महत्वपूर्ण क्षेत्र हैं जो स्वास्थ्य सेवाओं में एक क्रांति ला सकते हैं। वैक्सीन विकास में नई तकनीकें उन्हें मजबूत, सुरक्षित और प्रभावी बनाने में मदद कर सकती हैं।

एक ऐसी नई तकनीक है mRNA वैक्सीन, जिसे कोरोना वायरस के खिलाफ वैक्सीन विकसित करने के लिए सफलतापूर्वक उपयोग किया गया है। इस तकनीक में, mRNA को उस वायरस के विषय में प्रोटीन बनाने के जानकारी के रूप में इंजेक्ट किया जाता है, जिससे शरीर को वायरस के खिलाफ रोगी बनाने की क्षमता मिलती है।

एक और नई तकनीक CRISPR (Clustered Regularly Interspaced Short Palindromic Repeats) है, जो वै"
572,अंतरिक्ष अन्वेषण का इतिहास,"अंतरिक्ष अन्वेषण एक विज्ञान और प्रौद्योगिकी का क्षेत्र है जिसमें अंतरिक्ष में जानकारी प्राप्त करने के लिए विभिन्न उपकरणों का उपयोग किया जाता है। अंतरिक्ष अन्वेषण का इतिहास बहुत पुराना है और मानव समुदाय ने इस क्षेत्र में अद्भुत प्रगति की है।

अंतरिक्ष अन्वेषण का शुरुआत लगभग 20वीं सदी के आरंभ में हुआ था जब रॉकेट प्रौद्योगिकी का विकास हुआ। इसके बाद, 1957 में सोवियत संघ ने पहला उपग्रह, स्पुटनिक-1 का प्रक्षेपण किया, जिससे अंतरिक्ष युग की शुरुआत हुई। इसके बाद मानव ने चांद, मंगल और अन्य ग्रहों की खोज की।

अं"
573,टेलीमेडिसिन का भविष्य,"टेलीमेडिसिन एक विकेन्द्रीकृत स्वास्थ्य सेवा प्रणाली है जिसमें डॉक्टर और मरीज का संचार दूरस्थ साधनों के माध्यम से होता है। यह तकनीकी उन्नति के कारण दिन-प्रतिदिन बढ़ रही है और इसका भविष्य भी बहुत उज्ज्वल है।

टेलीमेडिसिन का भविष्य इसलिए उज्ज्वल है क्योंकि यह लोगों को डॉक्टरों के साथ संपर्क करने का सुविधाजनक तरीका प्रदान करता है। खासकर ग्रामीण क्षेत्रों और दूरदराज क्षेत्रों में इसका उपयोग विशेष रूप से महत्वपूर्ण है। वहाँ डॉक्टरों की कमी होने के कारण लोग अच्छी स्वास्थ्य सेवा नहीं प्राप्त कर पाते थे, लेकिन अब टेल"
574,प्राचीन भारतीय विज्ञान और तकनीक,"प्राचीन भारतीय सभ्यता ने विज्ञान और तकनीक के क्षेत्र में भी अपना महत्वपूर्ण योगदान दिया है। वेदों में गणित, भौतिक विज्ञान, रसायन शास्त्र, ज्योतिष आदि के विषयों पर गहरा ज्ञान मिलता है। 

गणित में, भारतीय गणितज्ञ आर्यभट्ट ने शून्य का आविष्कार किया था। उन्होंने सूर्य के चारों ओर चक्रवात का विवरण भी दिया था। इसके साथ ही, भारतीय गणितज्ञ ब्रह्मगुप्त ने अलग-अलग प्रकार के त्रिभुजों के क्षेत्रफल और परिमाप के सूत्र तैयार किए थे। 

भौतिक विज्ञान में, भारतीय वैज्ञानिक आर्यभट्ट ने ग्रहों की गति का अध्यय"
576,मानसिक स्वास्थ्य और टेक्नोलॉजी,"मानसिक स्वास्थ्य और तकनीक के बीच गहरा संबंध है। आधुनिक तकनीकी उपकरणों के उपयोग से मानसिक स्वास्थ्य में सुधार किया जा सकता है। डिजिटल माध्यमों के माध्यम से मानोवैज्ञानिक सलाह, मानसिक स्वास्थ्य सेवाएं, ध्यान और मनोविज्ञान के साथ संबंधित एप्लिकेशन्स और टूल्स उपलब्ध हो रहे हैं।

आजकल कई मानसिक स्वास्थ्य समस्याओं का समाधान तकनीकी उपायों से किया जा सकता है। उदाहरण के लिए, माइंडफुलनेस और मेडिटेशन के लिए एप्लिकेशन्स, ध्यान और योग के वीडियो ट्यूटोरियल्स, स्वास्थ्य ट्रैकिंग ऐप्स आदि लोगों को मानसिक स्वस्थ रहने में म"
575,विश्व की महान वास्तुकला,"वास्तुकला एक ऐसी कला है जो मानव सभ्यता के विकास और सांस्कृतिक धरोहर को प्रकट करती है। विश्व की महान वास्तुकला कई क्षेत्रों में विभिन्न युगों में उत्पन्न हुई है।

प्राचीन यूनानी सभ्यता की महानतम वास्तुकला कोलोसस, पार्थनन और अक्रोपोलिस में देखी जा सकती है। यहां के मंदिर, गोलियों, स्तंभों और अर्किटेक्चर ने विश्व को अपनी शैली और माहौल से प्रभावित किया है।

इसके बाद रोमन सभ्यता ने भी अपनी वास्तुकला के माध्यम से विश्व को प्रभावित किया। कोलोसियम, फोरम, और पेंथिओन जैसे भवन आज भी इस सभ्यता की महानता का प्रमाण हैं।

मध्यकालीन य"
577,मानसिक स्वास्थ्य और टेक्नोलॉजी,"मानसिक स्वास्थ्य और तकनीकी उन्नति दोनों ही महत्वपूर्ण क्षेत्र हैं जो हमारे जीवन के साथ-साथ हमारे समाज के विकास में भी महत्वपूर्ण भूमिका निभाते हैं। तकनीकी उन्नति ने मानवता के जीवन को बदल दिया है, जिससे हमारी जीवनशैली, कार्यक्षमता और सामाजिक जीवन में कई सुधार हुए हैं। वहीं, मानसिक स्वास्थ्य का महत्व भी बढ़ता जा रहा है क्योंकि अच्छे मानसिक स्वास्थ्य से हमारे शारीरिक स्वास्थ्य और परिवारिक संबंध भी सुधरते हैं।

तकनीकी उन्नति के द्वारा हम अपने मानसिक स्वास्थ्य की देखभाल करने के लिए भी कई साधनों का उपयोग कर सकते हैं। डिज"
579,प्राचीन भारतीय विज्ञान और तकनीक,"प्राचीन भारतीय सभ्यताओं ने विज्ञान और तकनीक के क्षेत्र में अद्वितीय योगदान दिया है। भारतीय साहित्य में विज्ञान और तकनीक की महत्वपूर्ण जानकारी मिलती है, जैसे अयुर्वेद, ज्योतिष, गणित, खगोलशास्त्र आदि।

भारतीय चिकित्सा विज्ञान में अयुर्वेद एक महत्वपूर्ण स्थान रखता है। अयुर्वेद ने एक व्यापक धारणा सिद्ध की है कि शरीर में रोग का कारण दोष होता है और इसे ठीक करने के लिए प्राकृतिक औषधियों का उपयोग किया जाना चाहिए।

भारतीय गणितज्ञ आर्यभट्ट ने शून्य का आविष्कार किया था और उन्होंने गणित में कई नए स"
578,खेलों का विकास और उनका सामाजिक प्रभाव,"खेलों का विकास और उनका समाजिक प्रभाव बहुत महत्वपूर्ण है। खेल न केवल शारीरिक स्वास्थ्य के लिए महत्वपूर्ण होते हैं, बल्कि मानसिक विकास और सामाजिक संबंधों में भी महत्वपूर्ण भूमिका निभाते हैं। खेल से व्यक्ति की शारीरिक दक्षता, सटीकता, धैर्य, सहनशीलता, टीमवर्क, और नेतृत्व कौशल विकसित होते हैं।

खेलों का समाज में महत्वपूर्ण योगदान होता है क्योंकि इससे सामाजिक अवसर मिलते हैं और लोगों के बीच संबंध मजबूत होते हैं। खेल में विजय हार, जीत, और हारने की क्षमता सिखाता है और यह जीवन में आने वाली हर कठिनाई का सामना करने के ल"
580,विश्व की महान वास्तुकला,"विश्व की महान वास्तुकला एक ऐतिहासिक विषय है जो मानव सभ्यता के विकास को दर्शाता है। वास्तुकला न केवल भवन निर्माण की कला है, बल्कि यह मानव समाज की सोच और संस्कृति का प्रतिबिम्ब भी है। यह एक सांस्कृतिक रूप के अतिमहत्वपूर्ण अंग है जो मानवता के इतिहास में एक महत्वपूर्ण भूमिका निभाता है।

विश्व की महान वास्तुकला का उदाहरण आधुनिक जगत में प्रमुख पर्याय हैं - प्योरामिड ऑफ गीजा, ताजमहल, अंगकोरवाट, पेरु के मचू पिच्चू आदि। ये सभी विश्व की अनमोल धरोहर हैं जो उनकी शैली, संरचना, और सौंदर्य के लिए विख्यात हैं।

व"
581,टेलीमेडिसिन का भविष्य,"टेलीमेडिसिन एक विज्ञान है जिसमें टेक्नोलॉजी का उपयोग करके दूरस्थ स्वास्थ्य सेवाएं प्रदान की जाती हैं। यह चिकित्सा परामर्श, रोगी की देखभाल और उपचार तक पहुंचने में मदद करती है। टेलीमेडिसिन को व्यक्तिगत स्वास्थ्य देखभाल के लिए एक महत्वपूर्ण और उपयोगी उपाय माना जाता है।

टेलीमेडिसिन का भविष्य बहुत उज्ज्वल है। वर्चुअल डॉक्टर विजिट, दूरस्थ डायग्नोस्टिक टेस्टिंग, दूरस्थ निदान, दूरस्थ उपचार, और डिजिटल स्वास्थ्य रिकॉर्ड्स आदि जैसी तकनीकी उन्नतियों के साथ, टेलीमेडिसिन दिन-प्रतिदिन के स्वास्थ्य सेव"
582,पोषण और आहार में नई खोजें,"पोषण और आहार के क्षेत्र में नई खोजें हमारे स्वास्थ्य और विकास के लिए महत्वपूर्ण हैं। वैज्ञानिकों ने विभिन्न तकनीकों का उपयोग करके नए औषधीय आहार की खोज की है जो हमें अधिक पोषक तत्व और पोषण प्रदान कर सकते हैं।

एक ऐसी नई खोज जिसे 'आहार फॉर्मुला' कहा जा रहा है, इसमें विज्ञान का उपयोग किया जा रहा है ताकि लोगों को पूरे पोषण की खासियत से भरपूर आहार प्रदान किया जा सके। यह आहार एक समृद्ध और संतुलित आहार होता है जिसमें शामिल होते हैं पोषक तत्व, विटामिन्स, मिनरल्स, प्रोटीन्स और फाइबर्स। इसका उद्देश्य है"
583,विश्व के आश्चर्यजनक प्राकृतिक स्थल,"विश्व भर में हमें कई आश्चर्यजनक प्राकृतिक स्थल मिलते हैं जिन्हें देखकर हम अचंभित हो जाते हैं। ये स्थल अपने अद्वितीय सौंदर्य और प्राकृतिक विविधता के लिए प्रसिद्ध हैं।

एक ऐसा प्रमुख स्थल है मैचू पिच्चू, जो पेरू में स्थित है और एक प्राचीन इंक साइट है। इसकी वास्तुकला, प्राकृतिक सौंदर्य, और ऐतिहासिक महत्व ने इसे एक अद्वितीय स्थल बना दिया है। फिर भी, मैचू पिच्चू के साथ अन्य आश्चर्यजनक स्थल भी हैं, जैसे ग्रेट ब्लू होल, जो बेलीज में स्थित है और दुनिया का सबसे बड़ा समुद्री गहराई है। इसका नाम अपने गहरे नीले"
585,प्राचीन भारतीय विज्ञान और तकनीक,"प्राचीन भारतीय सभ्यता ने विज्ञान और तकनीक के क्षेत्र में भी महत्वपूर्ण योगदान दिया है। वेदों में गणित, ज्योतिष, और वास्तुशास्त्र के सिद्धांतों का उल्लेख मिलता है जो उस समय की ऊर्जावादी सोच को दर्शाते हैं।

भारतीय गणित का इतिहास बहुत प्राचीन है। शूलबिंदु गणित, ब्राह्मगुप्त के क्रिया-कलाप और आर्यभट की ज्योतिष गणित भारतीय गणित के महत्वपूर्ण योगदान हैं।

भारतीय ज्योतिष विज्ञान भी बहुत प्राचीन है। आर्यभट, वाराहमिहिर, और लगड के युगल काम जैसे कि बृहज्जातक, पंचसिद्धांतिका, और होराशास्त्र भारतीय ज्य"
584,वैक्सीन विकास में नई तकनीकें,"वैक्सीन विकास में नई तकनीकें एक महत्वपूर्ण क्षेत्र हैं जो सामान्य जनता की स्वास्थ्य सुरक्षा में महत्वपूर्ण भूमिका निभाती हैं। नवीनतम तकनीकों की मदद से वैक्सीन विकास की गति तेजी से बढ़ रही है और संक्रामक रोगों के खिलाफ सुरक्षा प्रदान करने में मदद मिल रही है।

कोविड-19 महामारी के समय में, राष्ट्रीय एवं अंतरराष्ट्रीय स्तर पर अनेक वैज्ञानिक संगठनों ने नई तकनीकों का उपयोग करके वैक्सीन विकास की गति को तेज किया है। मेसेंजर आरएनए तकनीक (mRNA) वैक्सीन एक ऐसी नई प्रौद्योगिकी है जिसमें वायरस के खिलाफ लड़ने के लिए"
586,टेलीमेडिसिन का भविष्य,"टेलीमेडिसिन एक विज्ञान जो स्वास्थ्य सेवाओं को दूरसंचार और तकनीकी उपकरणों का उपयोग करके प्रदान करता है। इसका मुख्य उद्देश्य स्वास्थ्य सेवाओं को अनुकूलित, सुलभ और सुरक्षित बनाना है। टेलीमेडिसिन का उपयोग दूरसंचार तकनीकों के माध्यम से चिकित्सा परामर्श, निदान, उपचार और फॉलो-अप की सुविधा प्रदान करने के लिए किया जाता है।

टेलीमेडिसिन का भविष्य बहुत उज्जवल है। इसके माध्यम से दूरसंचार और तकनीकी उपकरणों की सहायता से चिकित्सा सेवाएं अधिक पहुंचने वाली हैं। यह विशेष रूप से ग्रामीण क्षेत्रों में बड़ी मदद कर सकती"
588,पोषण और आहार में नई खोजें,"पोषण और आहार विज्ञान एवं प्रौद्योगिकी में नवाचार लाने के लिए निरंतर प्रयास किए जा रहे हैं। यह नए खोजों और अनुसंधानों के माध्यम से मानव स्वास्थ्य और कल्याण में सुधार करने का एक महत्वपूर्ण क्षेत्र है।

आधुनिक विज्ञान ने अनेक तकनीकों का विकास किया है जिनसे आहार की गुणवत्ता में सुधार किया जा सकता है। उदाहरण के लिए, जीनेटिक इंजीनियरिंग के माध्यम से उत्पादित जैविक खाद्य उत्पादों का विकास किया जा रहा है जो विटामिन, प्रोटीन और अन्य पोषक तत्वों की अधिक संभावनाओं के साथ प्राकृतिक रूप से पैदा किया जा सकता है।

विज्ञ"
587,खेलों का विकास और उनका सामाजिक प्रभाव,"खेल मानवता के विकास में महत्वपूर्ण भूमिका निभाते हैं। खेलों का खेलना हमें अन्याय और अस्वीकृति के खिलाफ लड़ने की क्षमता प्रदान करता है। यह हमें साझेदारी, नेतृत्व, टीमवर्क, और स्वीकृति के महत्व को समझने में मदद करता है। 

खेल खेलने से हमारे दिमाग की क्षमता और ताकत बढ़ती है, हम सीखते हैं कि कैसे स्थिर रहकर अपना लक्ष्य हासिल किया जा सकता है। यह हमें संयम, परिश्रम, और सहनशीलता सिखाता है। 

खेलों का खेलना शारीरिक स्वास्थ्य के लिए भी बहुत महत्वपूर्ण है। खेल खेलने से हमारे शरीर की सही उत्तलना होती है और हमें फिट रखने में मदद म"
589,टेलीमेडिसिन का भविष्य,"टेलीमेडिसिन वह तकनीक है जिसके माध्यम से चिकित्सा सेवाएं दूरस्थ साधनों का उपयोग करके प्रदान की जाती हैं। यह इंटरनेट, मोबाइल फोन, वीडियो कॉल और अन्य तकनीक का उपयोग करके चिकित्सा सेवाएं प्रदान करने का एक नया और उत्कृष्ट तरीका है। 

टेलीमेडिसिन का भविष्य बहुत उज्जवल है। इसके माध्यम से लोग अपने घर से ही चिकित्सा सलाह और उपचार प्राप्त कर सकेंगे। यह विशेषकर उन लोगों के लिए फायदेमंद है जो दूरदराज क्षेत्रों में रहते हैं या जिन्हें अस्पतालों जाने में कठिनाई होती है।

टेलीमेडिसिन की मदद से चिकित्सा देखभाल की उप"
590,भारतीय संस्कृति में त्योहारों का महत्व,"भारतीय संस्कृति में त्योहारों का अत्यधिक महत्व है। भारतीय समुदायों में विभिन्न धर्मों और क्षेत्रों के लोगों के लिए त्योहार एक महत्वपूर्ण सामाजिक, धार्मिक और सांस्कृतिक आयोजन हैं। इन त्योहारों के माध्यम से लोग अपने संबंध और परंपराओं को मजबूत करते हैं और साथ ही समरसता और एकता का संदेश भी प्रसारित करते हैं।

भारतीय संस्कृति में विभिन्न धर्मों के त्योहार जैसे होली, दीवाली, ईद, वैसाखी, रक्षाबंधन, धनतेरस, गणेश चतुर्थी, नवरात्रि, छठ पूजा, भैया दूज, गुरुपूर्णिमा, क्रिष्णा जन्माष्टमी, गुरुनानक जयंती आ"
591,जीन थेरेपी की प्रगति,"जीन थेरेपी एक उत्कृष्ट तकनीक है जिसका उपयोग विभिन्न रोगों जैसे कि कैंसर, जन्म से होने वाली गलतियों, दिल की बीमारियों आदि के इलाज में किया जाता है। यह एक उत्कृष्ट तकनीक है जिसमें अद्यतन जीनों को शरीर में पहुंचाने के लिए उपयोग किया जाता है। 

जीन थेरेपी के क्षेत्र में होने वाली प्रगति ने चिकित्सा क्षेत्र में क्रांति ला दी है। इस तकनीक के प्रयोग से कई ऐसे रोगों का इलाज संभव हो रहा है जो पहले लाइफ-थ्रेटनिंग थे। जीन थेरेपी के जरिए वैज्ञानिक दवाओं की विकास और परीक्षण की प्रक्रिया में भी सुधार आया है। 

जीन थेर"
593,खेलों का विकास और उनका सामाजिक प्रभाव,"खेलों का विकास और उनका सामाजिक प्रभाव

खेल एक महत्वपूर्ण गतिविधि है जो हमारे शारीरिक, मानसिक और सामाजिक विकास में महत्वपूर्ण भूमिका निभाता है। खेल न केवल हमें स्वस्थ रखने में मदद करता है, बल्कि हमें सामरिक और मानसिक क्षमताओं को भी विकसित करने में सहायक होता है।

खेलों का खेलना हमारे शारीरिक स्वास्थ्य को सुधारता है, हमारी ऊर्जा को बढ़ाता है और हमारे दिमाग को सक्रिय रखता है। खेल खेलने से हमारी तनाव कम होता है और हमारी मानसिक स्थिति में सुधार होती है।

विभिन्न खेल जैसे क्रिकेट, फुटबॉल, टेनिस, बास्केटबॉल आदि सामाजिक मिलन और स"
592,व्यायाम और फिटनेस ट्रैकिंग ऐप्स,"आजकल व्यायाम और फिटनेस ट्रैकिंग ऐप्स बहुत लोकप्रिय हो रहे हैं। ये ऐप्स आपकी व्यायाम और स्वास्थ्य की देखभाल में मदद करते हैं। ये ऐप्स आपके व्यायाम सत्र, आहार, नींद, वजन और अन्य स्वास्थ्य संबंधित जानकारी को ट्रैक करने में मदद करते हैं और आपको अपने लक्ष्यों की दिशा में रखने में सहायक होते हैं।

ये ऐप्स अक्सर व्यायाम की रूचि रखने वालों के लिए जीवन को संगठित बनाने में मदद करते हैं। आप अपने दैनिक व्यायाम सत्रों को नोट कर सकते हैं, अपने प्रगति को ट्रैक कर सकते हैं और अपने लक्ष्यों की दिशा में अग्रसर रह सकते हैं।

क"
594,अंतरिक्ष अन्वेषण का इतिहास,"अंतरिक्ष अन्वेषण एक रोमांचक क्षेत्र है जिसमें मानवता ने कई नए दरवाजे खोले हैं। अंतरिक्ष अन्वेषण का इतिहास काफी पुराना है। पहले इंसान ने आकाश में देवताओं की उपासना की और उनके अलावा कुछ भी नहीं सोचा। लेकिन बाद में वैज्ञानिकों ने अंतरिक्ष के रहस्यों को सुलझाने के लिए नई तकनीकों का उपयोग करना शुरू किया।

अंतरिक्ष अन्वेषण का आगे बढ़ना 20वीं सदी में हुआ जब अंतरिक्ष में यात्रा करने वाले उपग्रहों की शुरुआत हुई। 1957 में सोवियत संघ ने दुनिया का पहला उपग्रह, स्पुतनिक-1 को लॉन्च किया। इसके बाद से हर देश ने अपने-"
595,पोषण और आहार में नई खोजें,"पोषण और आहार एक महत्वपूर्ण विषय है जिसपर नवीनतम खोजें हमारे स्वास्थ्य और भविष्य के लिए महत्वपूर्ण हैं। विज्ञान और प्रौद्योगिकी के क्षेत्र में आगे बढ़ते हुए, नवीनतम खोजें इस बारे में हमें अधिक जानकारी प्रदान करती हैं।

पोषण से संबंधित नई खोजों में से एक यह है कि कैसे विभिन्न खाद्य पदार्थ और उनके मिश्रण से हमारे शरीर को उचित पोषण मिल सकता है। विज्ञानात्मक खोजें हमें यह बताती हैं कि किस प्रकार के आहार से हमारे शरीर को किस तरह की ऊर्जा और पोषण की आवश्यकता पूरी हो सकती है।

एक और नई खोज वास्तव में आहार तकन"
596,व्यायाम और फिटनेस ट्रैकिंग ऐप्स,"आजकल व्यायाम और फिटनेस का महत्व बढ़ गया है और लोग अपने स्वास्थ्य को बेहतर बनाने के लिए अलग-अलग तरीकों से प्रयास कर रहे हैं। इसमें व्यायाम और फिटनेस ट्रैकिंग ऐप्स का बड़ा योगदान है। ये ऐप्स आपको व्यायाम को ट्रैक करने में मदद करते हैं, आपके प्रगति को निगरानी रखते हैं और आपको मोटिवेट करते हैं।

व्यायाम और फिटनेस ट्रैकिंग ऐप्स की कुछ मुख्य विशेषताएं शामिल हैं - व्यायाम की स्वरूप, समय, दौड़ने की दूरी, उचित आहार और अच्छी नींद। इन ऐप्स में व्यायाम का शेड्यूल बनाने, कठिनाई स्तर को सेट करने, कैलोरी ग"
599,व्यायाम और फिटनेस ट्रैकिंग ऐप्स,"व्यायाम और फिटनेस ट्रैकिंग ऐप्स आजकल लोगों के लिए बहुत महत्वपूर्ण हो गए हैं। ये ऐप्स यह सुनिश्चित करने में मदद करते हैं कि हम अपने दिनचर्या में कितना प्रयास कर रहे हैं और कैसे हम अपने स्वास्थ्य का ध्यान रख सकते हैं।

ये ऐप्स आपको व्यायाम और डाइट का ट्रैक रखने में मदद करते हैं। आप इन ऐप्स के माध्यम से अपने व्यायाम सत्रों की जानकारी, दूरी, समय, कैलोरी जलाने और अन्य महत्वपूर्ण डेटा को ट्रैक कर सकते हैं। वे आपको स्वस्थ जीवनशैली के लिए प्रेरित करते हैं और आपको अपने लक्ष्यों की दिशा में मार्गदर्शन करते हैं।

कुछ लोकप"
597,वैक्सीन विकास में नई तकनीकें,"वैक्सीन विकास एक महत्वपूर्ण क्षेत्र है जो सार्वजनिक स्वास्थ्य को सुरक्षित रखने में महत्वपूर्ण भूमिका निभाता है। हाल ही में वैक्सीन विकास में कई नई तकनीकें उत्पन्न हो रही हैं जो इस क्षेत्र को और भी सुदृढ़ और प्रभावी बना रही हैं।

पहली तकनीक है जैनोमिक्स और बायोइनफॉर्मेटिक्स का उपयोग। यह तकनीक जीनोम का अध्ययन करने और जीनोमिक डेटा का विश्लेषण करने के लिए है। यह वैक्सीन डिजाइन में महत्वपूर्ण रोल निभाती है और वैक्सीन की कार्यक्षमता को बढ़ाती है।

दूसरी तकनीक है रिकॉम्बिनेंट डीएनए तकनीक। इस तकन"
598,भारतीय संस्कृति में त्योहारों का महत्व,"भारतीय संस्कृति में त्योहारों का महत्व अत्यंत उच्च है। ये त्योहार हमारे जीवन में खुशियों और समृद्धि का संदेश लाते हैं और हमारे समाज को एक साथ लाते हैं। भारतीय संस्कृति में कई प्रकार के त्योहार मनाए जाते हैं जैसे दिवाली, होली, दशहरा, ईद, क्रिसमस आदि।

त्योहारों का महत्व इसलिए है क्योंकि ये हमें अपने परंपरागत मूल्यों और भावनाओं को याद दिलाते हैं। ये हमें आपसी सदभाव, परम्परा और समरसता की भावना से परिपूर्ण बनाते हैं। त्योहारों के दौरान हम समाज में समर्पिति और सद्भाव की भावना को अपनाते हैं जो हमें एक-दूसरे के साथ जुड़"
600,व्यायाम और फिटनेस ट्रैकिंग ऐप्स,"व्यायाम और फिटनेस ट्रैकिंग ऐप्स आजकल लोगों के जीवन में एक महत्वपूर्ण भूमिका निभा रहे हैं। ये ऐप्स लोगों को उनके व्यायाम और स्वास्थ्य की देखभाल में मदद करने के लिए डिज़ाइन किए गए हैं। इन ऐप्स की मदद से लोग अपने व्यायाम का समय और प्रगति को ट्रैक कर सकते हैं, साथ ही अपने आहार और पानी की उपयोगिता को भी लेखकर रख सकते हैं।

ये ऐप्स उपयोगकर्ताओं को प्रेरित करने और स्वास्थ्य लक्ष्यों को हासिल करने में मदद करते हैं। इनमें व्यायाम कार्यक्रमों, योग अभ्यास, डाइट प्लान्स और कलरी ट्रैकिंग की सुविधा शामिल होती है। कुछ"
601,मानसिक स्वास्थ्य और टेक्नोलॉजी,"मानसिक स्वास्थ्य और टेक्नोलॉजी दोनों ही महत्वपूर्ण क्षेत्र हैं जो हमारे दैनिक जीवन में अहम भूमिका निभाते हैं। टेक्नोलॉजी के विकास के साथ हमारे जीवन में कई सुविधाएं आई हैं, जो हमें सस्ती और आसानी से उपलब्ध होती हैं। लेकिन इसके साथ ही यह भी सत्य है कि टेक्नोलॉजी के इस तेजी से बढ़ते चलन ने हमारे मानसिक स्वास्थ्य पर भी नकारात्मक प्रभाव डाला है।

दिन-प्रतिदिन की जिंदगी में हम अक्सर स्क्रीन के सामने बिताते हैं जो हमारी आंखों, पीठ और मस्तिष्क के लिए हानिकारक हो सकता है। सोशल मीडिया का उपयोग, ऑनलाइन गेमिंग और डिजिटल स्ट्र"
602,विश्व की महान वास्तुकला,"वास्तुकला एक ऐसी कला है जो हमारे समाज और संस्कृति का प्रतिबिम्ब है। वास्तुकला न केवल इमारतें बनाने का कार्य है, बल्कि यह हमारे जीवनशैली और सोच को भी प्रभावित करती है। इसकी शुरुआत बहुत प्राचीन काल में हुई थी और वहाँ से लेकर आज तक यह कला विकसित होकर महान रूप ले चुकी है।

विश्व की महान वास्तुकला का अध्ययन करने पर हमें अनेक रोचक और अद्भुत निर्माणों का पता चलता है। पिरामिड्स, ताजमहल, परिस की नोट्र डेम, सिडनी का ओपेरा हाउस, बुर्ज खलीफा जैसी इमारतें वास्तुकला की महानता का प्रमाण हैं।

वास्तुकला का महत्व इसलिए है क्योंकि यह हमार"
603,टेलीमेडिसिन का भविष्य,"टेलीमेडिसिन एक विज्ञान जिसमें चिकित्सा की सेवाएं दूरसंचार के माध्यम से प्रदान की जाती हैं। यह तकनीकी उन्नति की एक महत्वपूर्ण शाखा है जिसने चिकित्सा सेवाओं को बेहतर और सुलभ बनाने में महत्वपूर्ण योगदान दिया है।

टेलीमेडिसिन का भविष्य बहुत उज्जवल है। इसके माध्यम से लोग विभिन्न क्षेत्रों में उच्च गुणवत्ता वाली चिकित्सा सेवाओं का लाभ उठा सकते हैं। विशेषकर ग्रामीण क्षेत्रों में जहाँ चिकित्सा सुविधाएं कम हैं, वहां टेलीमेडिसिन बहुत महत्वपूर्ण साबित हो सकती है।

टेलीमेडिसिन के उपयोग से लोग अपने स्वास्थ्य सम्बंधी स"
604,विश्व के आश्चर्यजनक प्राकृतिक स्थल,"विश्व भर में हमें कई ऐसे आश्चर्यजनक प्राकृतिक स्थल मिलते हैं जो अपनी सुंदरता और विशेषता के लिए प्रसिद्ध हैं। ये स्थल प्राकृतिक सौंदर्य के साथ-साथ मानव इतिहास और संस्कृति से भी जुड़े होते हैं।

एक ऐसा आश्चर्यजनक स्थल है ग्रैंड कैनयन, जो कनाडा और अमेरिका की सीमा के करीब स्थित है। यह दुनिया का सबसे गहरा नदी घाटी है और इसकी खूबसूरती वास्तव में दिल छू लेने वाली है।

अन्य एक प्राकृतिक चमत्कार कालाहारी डेज़र्ट है, जो दक्षिण अफ्रीका में स्थित है। यह एक रेगिस्तान होने के बावजूद अपनी जीवन्तता और वन्यजीवों"
605,जीन थेरेपी की प्रगति,"जीन थेरेपी एक विज्ञानिक प्रक्रिया है जिसमें विशेष रूप से डिज़ाइन किए गए जीन का उपयोग व्यक्ति के रोगों का इलाज करने के लिए किया जाता है। यह एक उत्कृष्ट तकनीक है जो स्वस्थ जीन को प्रभावी ढंग से अवशोषित करने की अनुमति देती है ताकि रोग पैदा करने वाले जीन को ठीक किया जा सके।

जीन थेरेपी की प्रगति का दौर चल रहा है और यह इलाज के क्षेत्र में एक महत्वपूर्ण योगदान दे रहा है। नई तकनीकी उन्नतियों ने इसकी संभावनाओं को बढ़ा दिया है और अब यह एक सुरक्षित और प्रभावी इलाज का संभावनातम रूप प्रस्तुत करता है।

जीन थेरेपी के"
606,भारतीय संस्कृति में त्योहारों का महत्व,"भारतीय संस्कृति में त्योहारों का खास महत्व है। ये त्योहार हमारे जीवन में खुशियों और उत्साह का माहौल बिखेरते हैं। भारतीय संस्कृति में विभिन्न धर्मों और समुदायों के त्योहार मनाए जाते हैं, जिनमें दिवाली, होली, दशहरा, ईद, बैसाखी, गणेश चतुर्थी, नवरात्रि आदि शामिल हैं।

ये त्योहार हमारे समाज में एकता, सामर्थ्य और सद्भावना की भावना को मजबूत करते हैं। त्योहारों में गर्माहट और रंग-बिरंगी छवियों से चमकता है। इन अवसरों पर परिवार के सदस्य एक-दूसरे के साथ समय बिताने का अवसर पाते हैं और एक-दूसरे के साथ खुशिय"
608,जीन थेरेपी की प्रगति,"जीन थेरेपी एक नवाचारी और सुधारी तकनीक है जो इलाज के रूप में गैर-उपयुक्त जीनों को ठीक करने के लिए उपयोग की जाती है। यह विज्ञान का एक ऐसा क्षेत्र है जिसमें जीनों और उनके फंक्शन को समझने के लिए मौजूदा तकनीकी उपकरणों का उपयोग किया जाता है। जीन थेरेपी के उद्देश्य में रोग के कारण बने अवरोधक जीनों को ठीक करना या प्रभावित करना शामिल है।

जीन थेरेपी के विकास में काफी महत्वपूर्ण प्रगति हुई है। यह तकनीक विभिन्न रोगों जैसे कि कैंसर, मानसिक रोग, जनन संबंधित समस्याएं और जन्मजात विकारों के इलाज में सक्षम हो सकती है"
607,खेलों का विकास और उनका सामाजिक प्रभाव,"खेलों का विकास और उनका सामाजिक प्रभाव

खेल एक महत्वपूर्ण क्रिया है जो हमारे शारीरिक, मानसिक और सामाजिक विकास में महत्वपूर्ण भूमिका निभाता है। खेल का खेलना हमें विज्ञान, गणित, और सामाजिक दक्षता के साथ-साथ टीमवर्क और नेतृत्व कौशल भी सिखाता है। इसके साथ ही खेल हमें विरोधाभास और संयम की भावना देता है।

खेल का महत्व समाज में भी अद्वितीय है। खेल न केवल एक मनोरंजन अभ्यास है बल्कि यह सामाजिक संगठन, सहयोग, और समरसता का माध्यम भी है। खेल द्वारा हम टीमवर्क कौशल, सहनशीलता, और नेतृत्व भी सीखते हैं।

खेल का खेलना भी हम"
610,प्राचीन भारतीय विज्ञान और तकनीक,"प्राचीन भारतीय सभ्यता ने अपने योगदान के माध्यम से विश्व को विज्ञान और तकनीक में भी अद्वितीय धारणाएं प्रदान की हैं। भारतीय वैज्ञानिक और गणितज्ञ ने अपने समय में अनेक आविष्कार किए जो आज भी आधुनिक विज्ञान के रूपांतरण में महत्वपूर्ण हैं।

भारतीय मौन्दिक गणित ने शून्य की अवधारणा को आगे बढ़ाया और गणितीय अभियान्त्रिकी के लिए मूल निर्माण ब्लॉक प्रदान किया। भारतीय वैज्ञानिक अर्यभट्ट ने सूर्य और चंद्रमा की गतियों का सही अनुमान लगाने के लिए सिद्धांत विकसित किया। उन्होंने ज्योतिष और गणित के क"
609,मानसिक स्वास्थ्य और टेक्नोलॉजी,"मानसिक स्वास्थ्य और टेक्नोलॉजी दोनों ही महत्वपूर्ण क्षेत्र हैं जो हमारे दैनिक जीवन के लिए अत्यंत महत्वपूर्ण हैं। इन दोनों क्षेत्रों के बीच गहरा संबंध है जो हमें स्वस्थ और समृद्ध जीवन जीने में मदद करता है।

टेक्नोलॉजी ने मानव समाज में क्रांति ला दी है। मानव जीवन के हर क्षेत्र में टेक्नोलॉजी का प्रभाव दिखाई दे रहा है। मानव बुद्धि और उत्कृष्टता के माध्यम से नए-नए आविष्कार किए जा रहे हैं जो हमें जीवन को सरल और सुविधाजनक बनाने में मदद कर रहे हैं। टेक्नोलॉजी के उपयोग से हम अपने काम को सुचारू एवं तेजी से पूर"
611,पोषण और आहार में नई खोजें,"पोषण और आहार एक स्वस्थ जीवन जीने के लिए महत्वपूर्ण हैं। आधुनिक युग में लोगों की जीवनशैली में बदलाव के कारण इसका महत्व और भी बढ़ गया है। इसके साथ ही नई तकनीकी खोजें भी हमें अधिक स्वस्थ और पौष्टिक आहार प्राप्त करने में मदद कर रही हैं।

आधुनिक तकनीकी खोजों में से एक यह है कि कैसे हम अपने आहार में अधिक प्राकृतिक तत्वों को शामिल कर सकते हैं। एक उदाहरण के रूप में, विज्ञान ने अब तक अनजाने रहे वनस्पतियों और फलों के पोषक गुणों को खोज निकाला है और उन्हें उपयोगी ढंग से खाने में शामिल किया जा सकता है।

इ"
613,जीन थेरेपी की प्रगति,"जीन थेरेपी एक उभरती हुई तकनीक है जिसका उपयोग जनम से होने वाली रोगों के इलाज में किया जाता है। यह तकनीक रोग के कारण हुए डीएनए या जीन में विकार को सही करने के लिए काम करती है। जीन थेरेपी का पहला सफल प्रयोग 1990 में हुआ था जब एक लड़के को गुड चाइक्स रोग से बचाने के लिए इस तकनीक का उपयोग किया गया था।

जीन थेरेपी के उपयोग से एक व्यक्ति के जीन में मौजूद दोष को ठीक किया जा सकता है और रोगी को स्वस्थ बनाया जा सकता है। इस तकनीक का उपयोग कैंसर, डायबिटीज, मस्क्यूलर डिस्ट्रोफीज़, गंभीर विकार जैसे रोगों के इ"
614,जीन थेरेपी की प्रगति,"जीन थेरेपी एक उत्कृष्ट तकनीक है जिसका उपयोग विभिन्न रोगों और जीवनशैली संबंधित समस्याओं के इलाज में किया जाता है। यह तकनीक रोग के कारणों को ठीक करने के लिए विशेष रूप से डिज़ाइन किया जाता है।

जीन थेरेपी के माध्यम से विज्ञानशील कार्यक्रम और प्रयोग के द्वारा विशेष रूप से डिज़ाइन किए गए जीन को शरीर में पहुँचाया जाता है। यह उस चिकित्सा तकनीक का हिस्सा है जो विवादित रूप से लोकप्रिय है लेकिन बहुत सामान्य रोगों के इलाज के लिए उम्मीदवार हो सकता है।

जीन थेरेपी की प्रगति ने बीमारियों के इलाज में एक नया दरवाज़"
616,व्यायाम और फिटनेस ट्रैकिंग ऐप्स,"व्यायाम और फिटनेस ट्रैकिंग ऐप्स आजकल लोगों के लाइफस्टाइल का महत्वपूर्ण हिस्सा बन चुके हैं। ये ऐप्स उन्हें व्यायाम, खान-पान और स्वास्थ्य से जुड़ी जानकारी प्राप्त करने में मदद करते हैं।

व्यायाम और फिटनेस ट्रैकिंग ऐप्स कई प्रकार की सुविधाएं प्रदान करते हैं। इनमें कई ऐप्स आपके व्यायाम सत्रों को ट्रैक करने में मदद करते हैं, जबकि कुछ ऐप्स आपके आहार और कैलोरी इंटेकेशन को भी ट्रैक कर सकते हैं। ये ऐप्स आपके प्रोग्रेस को मॉनिटर करते हैं और आपको अपने लक्ष्यों की दिशा में गाइड करते हैं।

कुछ लोकप्रिय व्यायाम और फिटनेस ट"
615,अंतरिक्ष अन्वेषण का इतिहास,"अंतरिक्ष अन्वेषण एक रोमांचक क्षेत्र है जिसमें मानव ज्ञान और तकनीकी कौशल का महत्वपूर्ण योगदान है। अंतरिक्ष अन्वेषण का इतिहास बहुत विस्तृत है और इसमें कई महत्वपूर्ण घटनाएं शामिल हैं।

अंतरिक्ष अन्वेषण का पहला महत्वपूर्ण कदम 1957 में सोवियत संघ द्वारा किया गया था, जब वे पहला artificial satellite, स्पुतनिक-1, की यात्रा शुरू कर दी। इसके बाद, अमेरिका ने भी 1958 में अपना artificial satellite, एक्सप्लोरर-1, लॉन्च किया।

अंतरिक्ष अन्वेषण का अगला महत्वपूर्ण कदम 1961 में था, जब रूसी अंतरिक्ष यात्री यूरी गागरिन ने अंतरिक्ष में पहला मानव यात्रा की।"
612,खेलों का विकास और उनका सामाजिक प्रभाव,"खेलों का विकास और उनका सामाजिक प्रभाव

खेल एक महत्वपूर्ण गतिविधि है जो हमारे शारीरिक, मानसिक, सामाजिक और मानसिक विकास में महत्वपूर्ण भूमिका निभाता है। खेल में भाग लेने से हमारे शारीरिक क्षमताओं का विकास होता है और हमें स्वस्थ रहने की प्रेरणा मिलती है। 

खेल खेलने से हमारी मानसिक क्षमता और ध्यान भी बढ़ता है। खेलों में भाग लेने से हम अपनी मनोबल को बढ़ाते हैं और स्वयं को संजीवित महसूस करते हैं। 

खेलों का सामाजिक प्रभाव भी बड़ा महत्वपूर्ण है। खेलों में टीम के साथ काम करना, सहयोग और संगठन क्षमता को विकसित करता है। खेल में सफ"
617,टेलीमेडिसिन का भविष्य,"टेलीमेडिसिन एक ऐसी तकनीक है जिसमें चिकित्सा सेवाएं और सलाह दूरसंचार के माध्यम से प्रदान की जाती हैं। यह तकनीक डिजिटल मीडिया, स्मार्टफोन, वीडियो कॉल, चैट और ईमेल के माध्यम से चिकित्सा सेवाएं प्रदान करने की सुविधा प्रदान करती है।

टेलीमेडिसिन का भविष्य बहुत उज्जवल है। यह तकनीक स्वास्थ्य सेवाओं को अनुकूलित करने में मदद करती है, विशेषकर उन लोगों के लिए जो गांवों या दूरवासी क्षेत्रों में रहते हैं। इसके माध्यम से रोगी डॉक्टर से सलाह ले सकते हैं और आवश्यक परीक्षण और उपचार करा सकते हैं।

वर्चुअल स्वास्थ्य सेवाएं"
619,टेलीमेडिसिन का भविष्य,"टेलीमेडिसिन एक तकनीकी उपकरण है जो स्वास्थ्य सेवाओं को दूरस्थ रूप से प्रदान करने में मदद करता है। यह विभिन्न स्वास्थ्य सेवाओं जैसे कि परामर्श, रोग निदान, उपचार आदि को अधिक सुलभ बनाता है। टेलीमेडिसिन का भविष्य बहुत उज्ज्वल है और यह स्वास्थ्य सेवाओं को बेहतर बनाने में कई लाभ प्रदान कर सकता है।

आने वाले समय में, टेलीमेडिसिन विशेषज्ञों और रोगियों के बीच संपर्क को मजबूत करने के लिए और भी विकसित होगा। इससे लोग अपने घर से ही चिकित्सा सलाह ले सकेंगे और दूरस्थ इलाकों में रहने वाले लोगों को भी सही सेवाएं प्राप्त होंग"
618,अंतरिक्ष अन्वेषण का इतिहास,"अंतरिक्ष अन्वेषण एक रोमांचक क्षेत्र है जिसमें मानव जानकारी को बढ़ावा देने के लिए अंतरिक्ष में विभिन्न गण्य दृश्यों की खोज की जाती है। इसका इतिहास उस समय से शुरू होता है जब मानव ने पहली बार आकाश गंगा से उसके द्वार तक की यात्रा करने का सपना देखा।

अंतरिक्ष अन्वेषण का आधुनिक युग 20वीं सदी में शुरू हुआ जब सोवियत संघ ने 1957 में पहला उपग्रह, स्पुतनिक-1 का प्रक्षेप किया। इसके बाद अनेक देशों ने अंतरिक्ष अनुसंधान और अन्वेषण में महत्वपूर्ण योगदान दिया। यूनाइटेड स्टेट्स, भारत, चीन, यूरोपीय अंतरिक्ष एजें"
620,मानसिक स्वास्थ्य और टेक्नोलॉजी,"मानसिक स्वास्थ्य और टेक्नोलॉजी एक संगीत संयोग है जिसे हमें स्वस्थ रहने के लिए अपनाना चाहिए। आजकल कंप्यूटर, स्मार्टफोन, सोशल मीडिया जैसी तकनीकी उपकरण हमारे जीवन का महत्वपूर्ण हिस्सा बन गए हैं। वे हमें काम करने, संदेश भेजने, जानकारी प्राप्त करने और मनोरंजन के लिए उपयोगी होते हैं।

हालांकि, इन तकनीकी उपकरणों के अत्यधिक उपयोग से हमारा मानसिक स्वास्थ्य प्रभावित हो सकता है। लंबे समय तक स्क्रीन के सामने बैठने से आँखों में परेशानी हो सकती है, सोशल मीडिया पर अत्यधिक समय खर्च करने से आत्मसम्मान कम हो सकता है, और इंटरन"
621,विश्व की महान वास्तुकला,"विश्व की महान वास्तुकला ने हमें अपने समृद्ध धरोहर के माध्यम से उस समय की संस्कृति और ऐतिहासिक परंपराओं का अनुभव करने का अद्वितीय अवसर प्रदान किया है। विश्व की वास्तुकला उसकी अनगिनती सांस्कृतिक धरोहर का प्रतिबिम्ब है, जो हर देश और समुदाय की सोच और आदर्शों को दर्शाता है।

भारतीय वास्तुकला में खजुराहो, ताजमहल, खजुराहो मंदिर, इटावा की भूलभुलैया, राजस्थान की महल, वाराणसी के घाट आदि अनेक ऐतिहासिक और कलात्मक स्थल हैं जो उसकी महानता की प्रशंसा करते हैं। यहाँ की वास्तुकला उस समय की विचारधारा, व्यवहार और साहित्यिक पर"
622,विश्व के आश्चर्यजनक प्राकृतिक स्थल,"विश्व भर में कई आश्चर्यजनक प्राकृतिक स्थल हैं जो अपनी सुंदरता और विशेषता के लिए प्रसिद्ध हैं। ये स्थल आकर्षकता और शांति का अनुभव कराते हैं और लोगों को मनोरंजन और आनंद प्रदान करते हैं। 

एक ऐसा आश्चर्यजनक प्राकृतिक स्थल है ग्रैंड कैनयन जो कनाडा में स्थित है। यह विश्व का सबसे गहरा नाला है जिसे देखने के लिए लाखों लोग यहाँ आते हैं। इसकी गहराई 8000 फीट तक है और यहाँ से मिलने वाले नजारे बेहद मनमोहक हैं। 

अन्य आश्चर्यजनक स्थलों में मानसरोवर झील, एयर्स रॉक ऑस्ट्रेलिया, नाइगरा फॉल्स, एफेल टावर, ग्रैंड कै"
623,व्यायाम और फिटनेस ट्रैकिंग ऐप्स,"व्यायाम और फिटनेस ट्रैकिंग ऐप्स आजकल लोगों के जीवन में एक महत्वपूर्ण भूमिका निभा रही हैं। ये ऐप्स लोगों को उनके स्वास्थ्य और फिटनेस लक्ष्यों को प्राप्त करने में मदद करती हैं। 

व्यायाम और फिटनेस ट्रैकिंग ऐप्स कई विभिन्न कार्यों को सरल और सुविधाजनक बनाने में मदद करते हैं। इनमें आप अपने दैनिक व्यायाम सत्र को ट्रैक कर सकते हैं, अपने भोजन की जानकारी दर्ज कर सकते हैं, और अपने फिटनेस लक्ष्यों की प्रगति को माप सकते हैं। 

इन ऐप्स में कई उपयोगी फीचर्स होते हैं जैसे कि कैलोरी काउंटर, व्यायाम सारणी, व्यायाम अनुसूची,"
625,खेलों का विकास और उनका सामाजिक प्रभाव,"खेलों का विकास और उनका सामाजिक प्रभाव

खेलों का खेलना हर व्यक्ति के जीवन में महत्वपूर्ण भूमिका निभाता है। खेल न केवल शारीरिक स्वास्थ्य के लिए अच्छा होता है, बल्कि मानसिक और सामाजिक विकास के लिए भी उत्कृष्ट माध्यम सिद्ध होता है। खेलों का खेलना व्यक्ति में टीम स्पिरिट, सहनशीलता, और अनुशासन जैसे गुणों को विकसित करता है।

खेलों के माध्यम से विभिन्न लोकों को एक साथ आने का मौका मिलता है और वे साथ में अच्छी भावना और सहयोग का महत्व समझते हैं। टीम खेलों में व्यक्ति अपने साथीयों के साथ मिलकर काम करता ह२ और जीतने के लिए प्रयास करता ह"
624,विश्व के आश्चर्यजनक प्राकृतिक स्थल,"पृथ्वी पर कई ऐसे आश्चर्यजनक प्राकृतिक स्थल हैं जो अपनी अद्भुतता और सुंदरता के लिए प्रसिद्ध हैं। ये स्थल प्राकृतिक रूप से विशेष होते हैं और इनकी सुंदरता देखकर हर किसी को आश्चर्यचकित कर देती है।

एक ऐसा आश्चर्यजनक स्थल है 'ग्रैंड कैनयन' जो उत्तर अमेरिका में स्थित है। यह विशाल नदी घाटी सभी दृश्यों की एक झलक देती है। यहाँ के ऊँचे और काटिले पर्वत, गहरे नदी नीले पानी और बनावटी इलाके, सभी एक साथ एक अद्वितीय दृश्य बनाते हैं।

दूसरा प्राकृतिक स्थल 'ऑरोरा बोरियालिस' है जो उत्तरी ध्रुवीय क्षेत्रों में द"
627,वैक्सीन विकास में नई तकनीकें,"वैक्सीन विकास में नई तकनीकें एक महत्वपूर्ण क्षेत्र हैं जो स्वास्थ्य सेवाओं को सुधारने में मददगार हैं। नवीनतम तकनीकों ने वैक्सीन विकास में एक नया मायाजी दौर उठाया है, जिससे वैक्सीनों को तेजी से विकसित किया जा सकता है और उनकी कारगरता बढ़ाई जा सकती है।

एक महत्वपूर्ण नई तकनीक है mRNA वैक्सीन। ये वैक्सीन वायरल गोलियों की तरह काम करती हैं, जो शरीर को वायरस के खिलाफ रक्षा करने के लिए संदेश प्रदान करती हैं। इस तकनीक का उपयोग COVID-19 जैसी महामारी के खिलाफ वैक्सीन विकसित करने में किया गया है और इसने बेहद सफलता प्राप"
626,मानसिक स्वास्थ्य और टेक्नोलॉजी,"मानसिक स्वास्थ्य और टेक्नोलॉजी दोनों ही महत्वपूर्ण क्षेत्र हैं जो हमारे जीवन को सुगम और सुखमय बनाने में मदद करते हैं। टेक्नोलॉजी के विकास के साथ-साथ मानसिक स्वास्थ्य के मामले में भी बड़ी सुधार हुआ है। 

आजकल कई मानसिक रोगों का इलाज व निदान टेक्नोलॉजी की मदद से किया जा सकता है। मानसिक स्वास्थ्य एप्लीकेशन, ऑनलाइन काउंसलिंग सेवाएं, और वर्चुअल थेरेपी सत्र आदि आजकल लोगों की मानसिक स्वास्थ्य की देखभाल में महत्वपूर्ण भूमिका निभा रहे हैं। 

टेक्नोलॉजी के उपयोग से आत्म-समझ, स्वयं सहायता, और संवेदनशीलता में सुधार"
628,खेलों का विकास और उनका सामाजिक प्रभाव,"खेलों का विकास और उनका सामाजिक प्रभाव

खेल एक महत्वपूर्ण गतिविधि है जो हमारे शारीरिक, मानसिक और सामाजिक विकास में मदद करती है। खेलें हमें स्वस्थ रखने में मदद करती हैं, हमारी मानसिक स्थिति को सुधारती हैं और हमें टीमवर्क और सहयोग की भावना सिखाती हैं। 

खेलों का विकास हमारे शारीरिक स्वास्थ्य के लिए बहुत महत्वपूर्ण है। व्यायाम करने से हमारी मांसपेशियों की मजबूती बढ़ती है और हमारा शारीरिक ढंग सुधरता है। खेल खेलने से भी हमारी ऊर्जा स्तर बढ़ता है और हमें ताकत और सहनशीलता प्राप्त होती है।

सामाजिक दृष्टि से भी खेलों का महत"
629,प्राचीन भारतीय विज्ञान और तकनीक,"प्राचीन भारतीय सभ्यता विज्ञान और तकनीक के क्षेत्र में भी अग्रणी थी। वेद, उपनिषद, पुराण और अन्य प्राचीन ग्रंथों में भारतीय वैज्ञानिक और तकनीकी ज्ञान का उल्लेख मिलता है।

प्राचीन भारतीय गणित एवं गणितीय अनुप्राणन के क्षेत्र में भी विशेष योगदान दिया गया। भारत ने ‘शून्य’ (Zero) की खोज की थी जिसका महत्व विश्व भर में मान्य है। भारतीय गणितकों ने गणितीय सूत्रों की रचना की और उन्होंने भिन्न-भिन्न गणितीय समस्याओं का समाधान निकाला। 

भारतीय वैज्ञानिकों ने खगोलशास्त्र, भौतिकी, रसायन विज्ञान, औषधशास्त्र, जी"
630,प्राचीन भारतीय विज्ञान और तकनीक,"प्राचीन भारतीय सभ्यता ने विज्ञान और तकनीक के क्षेत्र में भी अद्वितीय योगदान दिया है। भारतीय वैज्ञानिक और गणितज्ञ ने अपने समय में विज्ञान के क्षेत्र में महत्वपूर्ण योगदान दिया।

भारतीय गणित के क्षेत्र में आर्यभट्ट, ब्रह्मगुप्त, भास्कराचार्य जैसे महान गणितज्ञ ने अपने योगदान से विश्व को प्रेरित किया। वे शून्य की खोज में भी महत्वपूर्ण भूमिका निभाई। इसके साथ ही, भारतीय वैज्ञानिक चाणक्य, सुष्रुत, आर्यभट्ट, भास्कर, नागार्जुन, चारक, नालंदा विश्वविद्यालय जैसे विज्ञान के क्षेत्र में महान संस्थानों न"
631,प्राचीन भारतीय विज्ञान और तकनीक,"प्राचीन भारतीय सभ्यता ने विज्ञान और तकनीक के क्षेत्र में भी महत्वपूर्ण योगदान दिया है। वेदों में विज्ञान और तकनीक के अनेक उदाहरण मिलते हैं जो आज भी अद्भुत माने जाते हैं।

भारतीय गणित को अखंड और अद्भुत माना जाता है। भारत ने शून्य की खोज की और गणित में कई सिद्धांत और सूत्रों का आविष्कार किया। आर्यभट्ट, ब्रह्मगुप्त, आर्यभट्टा आदि के नाम गणित शास्त्र के क्षेत्र में अमर रहे हैं।

भौतिक विज्ञान में भारतीय वैज्ञानिकों ने घटिका, यातायात के नियम, ध्वनि के सिद्धांत, ग्रहण क्षेत्र, अणुविज्ञान आदि के क्ष"
632,अंतरिक्ष अन्वेषण का इतिहास,"अंतरिक्ष अन्वेषण एक उच्चतम और अद्वितीय तकनीकी क्षेत्र है जिसका इतिहास बहुत ही रोमांचक और उत्कृष्ट है। अंतरिक्ष अन्वेषण का प्रारंभ हमारे पृथ्वी के पड़ोसी ग्रह से हुआ था। 1957 में सोवियत संघ ने पहला उपग्रह स्पुटनिक-1 का प्रक्षेप किया था, जिससे अंतरिक्ष युग की शुरुआत हुई थी। इसके बाद अमेरिका ने 1969 में अपनी अंतरिक्ष यान एपोलो 11 को चंद्रमा पर लैंड कराया और इतिहास रच दिया।

अंतरिक्ष अन्वेषण के इतिहास में अनेक महत्वपूर्ण घटनाएं हुई हैं जैसे वॉयेजर, हबल, क्यूरियसिटी, मंगलयान, चंद्रयान आदि। इन मिशन्स"
633,विश्व की महान वास्तुकला,"वास्तुकला एक विशेष कला है जिसमें भवन निर्माण करने की कला को दर्शाया जाता है। इसका मकसद न केवल एक स्थान के सामर्थ्य को बढ़ाना होता है बल्कि उसके आस-पास के परिदृश्य को भी सुंदर बनाना होता है। विश्व की महान वास्तुकला उसकी सांस्कृतिक विविधता को दर्शाती है और उसके इतिहास और विकास का परिचय देती है।

भारत में, खजुराहो के मन्दिर, ताजमहल, खुजराहो के मन्दिर, राजस्थान के हवेलियों और जैसलमेर किले जैसी भवन निर्माण कला की महान उदाहरण हैं। विश्वभर में भी, पेरिस का आइफेल टावर, लंदन की टावर ब्रिज, दुबई का बर्ज खलीफा, जापान"
635,वैक्सीन विकास में नई तकनीकें,"वैक्सीन एक महत्वपूर्ण तकनीक है जिससे विभिन्न रोगों के खिलाफ हमारी सुरक्षा में सहायक होता है। यह विशेष तरीके से संभावित रोग के विषाणुओं या किसी अन्य रोगाणु के खिलाफ हमारी प्रतिरक्षा प्रणाली की अभ्यासा कराता है।

नई तकनीकों का उपयोग करके वैक्सीन विकास में कई बदलाव आए हैं। एक ऐसी तकनीक है mRNA वैक्सीन, जिसमें विशेष प्रकार के RNA को इंजेक्शन के माध्यम से शरीर में पहुंचाया जाता है। यह RNA शरीर के कोशिकाओं को वैक्सीन के लक्ष्य रोगाणु के खिलाफ लड़ने की क्षमता प्रदान करता है।

एक और रोमांचक तकनीक CRISPR-Cas9 भी वैक्सीन विकास में म"
634,व्यायाम और फिटनेस ट्रैकिंग ऐप्स,"आजकल व्यायाम और फिटनेस ट्रैकिंग ऐप्स बहुत ही लोकप्रिय हो गए हैं। ये ऐप्स उपयोगकर्ताओं को उनकी दिनचर्या में व्यायाम और स्वास्थ्य को संरक्षित रखने के लिए मदद करते हैं। इन ऐप्स की मदद से आप अपने व्यायाम, भोजन, नींद और अन्य स्वास्थ्य संबंधित गतिविधियों को ट्रैक कर सकते हैं।

व्यायाम और फिटनेस ट्रैकिंग ऐप्स के कई फायदे हैं। इनमें व्यायाम की गति, कैलोरी खपत, दूरी, समय आदि को ट्रैक करने की सुविधा होती है। इसके अलावा, इन ऐप्स की मदद से आप अपने लक्ष्यों को सेट कर सकते हैं और उन्हें पूरा करने के लिए संगीत और अन"
636,विश्व की महान वास्तुकला,"वास्तुकला एक ऐसी कला है जो हमारी संस्कृति और ऐतिहासिक धरोहर को दर्शाती है। विश्व भर में कई महान वास्तुकला के उदाहरण हैं जो अपनी सुंदरता और अद्वितीयता के लिए मशहूर हैं।

प्राचीन यूनानी, रोमन और इज्लामी भवनों में भी वास्तुकला की अद्वितीयता और शैली का प्रतिबिम्ब देखने को मिलता है। वास्तुकला का एक और अद्वितीय उदाहरण है इंडो-इस्लामी वास्तुकला जिसमें मुगल स्थापत्यकला का अद्वितीय संगम है। ताजमहल, फतेहपुर सीकरी, रेड फोर्ट, और चार मिनार देश के प्रमुख पर्यटन स्थल हैं। 

आधुनिक युग में भी वास्तुकला का महत्व"
639,व्यायाम और फिटनेस ट्रैकिंग ऐप्स,"आजकल व्यायाम और फिटनेस ट्रैकिंग ऐप्स बहुत ही लोकप्रिय हो गए हैं। ये ऐप्स आपको अपने दैनिक व्यायाम और खान-पान की गतिविधियों को ट्रैक करने में मदद करते हैं और आपके स्वास्थ्य को सुधारने में मार्गदर्शन करते हैं।

ये ऐप्स आपकी दिनचर्या, भोजन, नींद, कैलोरी खपत, व्यायाम और उपयुक्त विशेषज्ञ सलाह द्वारा आपको समर्थन प्रदान करते हैं। वे आपके लक्ष्यों के आधार पर व्यक्तिगतीकृत सलाह और प्लान बनाने में मदद करते हैं।

इन ऐप्स की मदद से आप अपने प्रतिदिन के व्यायाम की गतिविधियों का ट्रैक कर सकते हैं, अपनी प्रगति को माप सकते हैं औ"
640,अंतरिक्ष अन्वेषण का इतिहास,"अंतरिक्ष अन्वेषण एक रोमांचक क्षेत्र है जिसने मानव समझ को नई दिशा दी है। इसका इतिहास बहुत समृद्ध है और इसमें कई महत्वपूर्ण घटनाएं शामिल हैं।

अंतरिक्ष अन्वेषण की शुरुआत धरती के चांद पर पहुंचने से हुई थी। 1959 में अमेरिकी ग्राहक 'लूना 1' चांद पर पहुंचा और इससे अंतरिक्ष अन्वेषण की शुरुआत हुई। इसके बाद अंतरिक्ष अन्वेषण के क्षेत्र में तेजी से विकास हुआ। 1961 में यूरी गागरिन ने अंतरिक्ष में यात्रा की और पहली मानव अंतरिक्ष यात्रा की।

1970 के दशक में अमेरिका की अपोलो मिशन्स ने चांद पर मानवों को भेजने का संभावनाओं का पत"
638,पोषण और आहार में नई खोजें,"पोषण और आहार में नई खोजें

पोषण और आहार एक व्यक्ति के स्वास्थ्य और विकास के लिए महत्वपूर्ण हैं। आधुनिक विज्ञान और तकनीक ने इस क्षेत्र में कई नई खोजें की हैं जो हमारे आहार में सुधार ला सकती हैं।

एक ऐसी नई खोज है कृषि में जैविक खेती की। जैविक खेती में कीमती खाद्य सामग्री का उपयोग किया जाता है जिससे उत्पादित खाद्य सुरक्षित और पोषण से भरपूर होता है। इसके अलावा, जैविक खेती में किसानों को किसानों को उपयुक्त तकनीक सिखाने के लिए प्रशिक्षण दिया जाता है ताकि वे अधिक उत्पादक और स्वास्थ्यप्रद खाद्य उत्पन्न कर"
641,प्राचीन भारतीय विज्ञान और तकनीक,"प्राचीन भारतीय सभ्यता विज्ञान और तकनीक में भी अपनी महत्वपूर्ण योगदान दिया है। प्राचीन भारतीय वैज्ञानिकों ने अपनी अनुसंधान और अविष्कारों से समृद्धि के कई क्षेत्रों में महत्वपूर्ण योगदान दिया।

भारतीय गणित एवं गणितीय गणित के विकास में महत्वपूर्ण भूमिका निभाई है। भारतीय गणिताचार्य आर्यभट्ट, ब्रह्मगुप्त, भास्कराचार्य आदि ने गणित के क्षेत्र में अपने सिद्धांतों और सूत्रों के माध्यम से वैज्ञानिक सोच को आगे बढ़ाया।

भारतीय रसायनशास्त्र के क्षेत्र में भी प्राचीन भारतीय वैज्ञानिकों ने अपने अनुस"
637,प्राचीन भारतीय विज्ञान और तकनीक,"प्राचीन भारतीय सभ्यता ने अपने योग्यताओं और विज्ञान क्षेत्र में अपनी महत्वपूर्ण योगदान से दुनिया भर में चमक दिखाई है। वैदिक साहित्य में बहुत से विज्ञानिक और तकनीकी ज्ञान के स्रोत छुपे हैं।

भारतीय गणित और गणितीय गणित क्षेत्र में प्रमुख था। भारतीय गणित के कई सिद्धांत आज भी वैज्ञानिक अध्ययनों में महत्वपूर्ण हैं। जैसे की शून्य की खोज, भिन्नात्मक गणित और गणितीय व्यवस्थाओं के विकास में भारतीय गणितज्ञों का योगदान अमूल्य है।

भारतीय चिकित्सा विज्ञान में भी विशेष ध्यान दिया गया था। आयुर्व"
642,विश्व के आश्चर्यजनक प्राकृतिक स्थल,"विश्व भर में हमें कई ऐसे प्राकृतिक स्थल मिलते हैं जिनकी सुंदरता और आकर्षण देखने लायक होती है। ये स्थल अपनी अद्वितीयता और विशेषता के लिए मशहूर हैं और पर्यटकों की ध्यान आकर्षित करते हैं।

दुनिया के कई अद्वितीय प्राकृतिक स्थलों में से कुछ निम्नलिखित हैं।

1. ग्रेट ब्लू होल: यह बरमूडा द्वीप समूह में स्थित गहरा समुद्री खाई है जिसे ग्रेट ब्लू होल के नाम से जाना जाता है। इसकी गहराई और रंगों की विविधता से पर्यटक आकर्षित होते हैं।

2. नाइगरा जलप्रपात: यह अमेरिका और कनाडा की सीमा पर स्थित एक विशाल जलप्रपात है जिसे देखने ल"
643,व्यायाम और फिटनेस ट्रैकिंग ऐप्स,"व्यायाम और फिटनेस ट्रैकिंग ऐप्स आजकल लोगों के जीवन में एक महत्वपूर्ण भूमिका निभा रही हैं। ये ऐप्स लोगों को स्वस्थ रहने में मदद करने के साथ-साथ उन्हें नियमित व्यायाम करने में प्रेरित करती हैं। इन ऐप्स के माध्यम से यूजर्स अपने व्यायाम, भोजन, नींद और अन्य कार्यों को ट्रैक कर सकते हैं।

ये ऐप्स यूजर्स को व्यायाम के लिए विभिन्न वीडियो और ऑडियो गाइडेड सत्र उपलब्ध कराते हैं, जिससे वे सही तरीके से व्यायाम कर सकते हैं। साथ ही, ये ऐप्स यूजर्स के प्रगति को ट्रैक करने में भी मदद करते हैं और उन्हें मोटिवेट करते हैं।

कु"
644,वैक्सीन विकास में नई तकनीकें,"वैक्सीन विकास में नई तकनीकें का अभ्यास बढ़ चुका है, जो वैक्सीन तकनीकों को अद्वितीय और प्रभावी बनाते हैं। एक ऐसी नई तकनीक है mRNA वैक्सीन, जिसमें एमएमआरएना के रिबोन्यूक्लिक एसिड (RNA) का उपयोग होता है। यह वैक्सीन कोविड-19 के लिए अद्वितीय रूप से उपयोग की गई है और इसने वैक्सीन विकास की दुनिया में एक नया मानक स्थापित किया है।

एक और रोमांचक तकनीक आधारित वैक्सीन ननोटेक्नोलॉजी है, जिसमें नैनोस्केल अणुओं का उपयोग किया जाता है। यह वैक्सीन विकास को तेजी से बढ़ावा देती है और अधिक प्रभावी"
645,पोषण और आहार में नई खोजें,"पोषण और आहार एक व्यक्ति के स्वास्थ्य और विकास के लिए महत्वपूर्ण हैं। आधुनिक विज्ञान और तकनीक के विकास के साथ-साथ नए खोजों ने इन क्षेत्रों में क्रांति ला दी है।

आधुनिक खोजों ने नए आहार के स्रोतों की खोज की हैं। जैसे कि वनस्पतियों से निकली अलग-अलग प्रकार की पोषक तत्वों को उत्पादित करने की तकनीकें। इसके अलावा, प्रोबायोटिक्स और प्रीबायोटिक्स की मदद से पेट के स्वस्थ्य को बेहतर बनाने के लिए खोजें की जा रही हैं।

साथ ही, आधुनिक तकनीक का उपयोग करके आहार में पोषण से भरपूर तत्वों को अधिक सुलभ बनाने का काम किया जा रहा है"
646,विश्व के आश्चर्यजनक प्राकृतिक स्थल,"पृथ्वी पर अनेक ऐसे प्राकृतिक स्थल हैं जिनकी सुंदरता और विशेषता हर किसी को मोहित कर देती है। यहाँ हम विश्व के कुछ आश्चर्यजनक प्राकृतिक स्थलों के बारे में चर्चा करेंगे।

1. ग्रैंड कैनयन, यूकनाइटेड स्टेट्स: ग्रैंड कैनयन दुनिया का सबसे गहरा घाटी है और इसकी खूबसूरती दर्शकों को मोह लेती है। यह स्थल अरिजोना राज्य में स्थित है और कोया नदी इसके माध्यम से बहती है।

2. नाइगरा जलप्रपात, कनाडा-अमेरिका सीमा: नाइगरा जलप्रपात दुनिया के सबसे विशाल और प्रसिद्ध जलप्रपातों में से एक है। इसकी ऊँचाई और शक्ति दर्शकों को अचंभित क"
649,प्राचीन भारतीय विज्ञान और तकनीक,"प्राचीन भारतीय सभ्यता ने विज्ञान और तकनीक के क्षेत्र में महत्वपूर्ण योगदान दिया है। भारतीय संस्कृति का गौरवशाली इतिहास है जिसमें अनेक वैज्ञानिक और तकनीकी अविष्कार शामिल हैं।

वेदों में गणित, ज्योतिष, रसायन विज्ञान और अन्य क्षेत्रों में विस्तृत ज्ञान का उल्लेख मिलता है। भारतीय गणितज्ञ आर्यभट्ट ने शून्य की खोज की और ग्रहण तथा गोलार्ध की गणना में योगदान दिया। इसके अलावा, भारतीय गणित में अंकित सिक्के और भिन्नाकृति खगोलीय तथ्यों का उल्लेख है।

समृद्ध सांस्कृतिक विरासत के रूप में भारती"
648,विश्व की महान वास्तुकला,"विश्व की महान वास्तुकला एक बहुत ही व्यापक और समृद्ध विषय है। वास्तुकला न केवल एक निर्माणकला है, बल्कि यह एक समाज और संस्कृति का प्रतिबिम्ब भी है। जब हम विश्व की महान वास्तुकला की बात करते हैं, तो हमें विभिन्न समयावधियों और स्थलों में उपस्थित विभिन्न शैलियों और श्रेणियों का संदर्भ देना होगा। 

प्राचीन काल से ही मानव सभ्यता ने वास्तुकला के माध्यम से अपने आत्मा की अभिव्यक्ति की है। इसका सबसे बड़ा उदाहरण भारत के वेदिक और इस्लामिक वास्तुकला में देखा जा सकता है। भारतीय मंदिर, मस्जिद, गुंबद, चिह्न आदि दुनिया में अपन"
650,प्राचीन भारतीय विज्ञान और तकनीक,"प्राचीन भारतीय सभ्यता अपनी वैज्ञानिक और तकनीकी उपलब्धियों के लिए प्रसिद्ध है। वैदिक काल में भारत ने गणित, ज्योतिष, और उच्च गणित के क्षेत्र में अद्वितीय योगदान दिया। भारतीय गणितज्ञ आर्यभट्ट, वराहमिहिर, ब्रह्मगुप्त, और भास्कराचार्य जैसे वैज्ञानिकों ने गणित और ज्योतिष शास्त्र में महत्वपूर्ण काम किया।

भारतीय तकनीकी क्षेत्र में सोने के सिक्के, विमान यान्त्र, अद्भुत शिल्पकला और वास्तुकला के प्रदर्शन भी दुनिया को चौंकाने वाले हैं। भारतीय वैज्ञानिक और तकनीकी विचारधारा का प्रमुख उद्देश्य मानवता क"
651,टेलीमेडिसिन का भविष्य,"टेलीमेडिसिन एक विज्ञान है जिसमें चिकित्सक और रोगी के बीच दूरसंचार का उपयोग किया जाता है। यह तकनीकी उन्नति के कारण चिकित्सा सेवाओं को व्यापक रूप से पहुंचाने में मदद करती है। टेलीमेडिसिन का भविष्य बहुत उज्जवल है और यह स्वास्थ्य सेवाओं को सुदृढ़ और सुलभ बना सकता है।

पहले, टेलीमेडिसिन से लोगों को अस्पतालों और क्लिनिक में जाने की आवश्यकता कम हो जाएगी। लोग अपने घर से चिकित्सा सलाह और उपचार प्राप्त कर सकेंगे। इससे यातायात की समस्याएँ भी कम होंगी और लोग सुरक्षित रहेंगे।

दूसरे, टेलीमेडिसिन से डॉक्टर्स क"
652,मानसिक स्वास्थ्य और टेक्नोलॉजी,"मानसिक स्वास्थ्य और टेक्नोलॉजी दोनों ही महत्वपूर्ण विषय हैं जो हमारे जीवन में महत्वपूर्ण भूमिका निभाते हैं। आजकल की तेजी से बदलती दुनिया में, टेक्नोलॉजी का उपयोग मानसिक स्वास्थ्य के समर्थन में किया जा सकता है।

टेक्नोलॉजी ने मानसिक स्वास्थ्य के क्षेत्र में कई सुधार किए हैं। मानसिक स्वास्थ्य एप्लिकेशन, ऑनलाइन काउंसलिंग सेवाएं, मेडिटेशन और रिलैक्सेशन एप्लिकेशन आदि के माध्यम से लोग अपने मानसिक स्वास्थ्य का ध्यान रख सकते हैं। इन तकनीकों के माध्यम से लोग अपनी चिंताओं को कम कर सकते हैं और ध्यान लगाकर अपने मानसिक स्वास्थ"
653,जीन थेरेपी की प्रगति,"जीन थेरेपी एक उच्च प्रोफाइल तकनीक है जिसे इस्तेमाल करके वैज्ञानिक समुदाय नई और प्रभावी उपचार विकसित कर रहे हैं। यह तकनीक रोगों के कारण बदले गए जीनों को संशोधित करने के लिए काम करती है। जीन थेरेपी के जरिए रोगों के इलाज के लिए विशेष जीन को एक व्यक्ति के शरीर में पहुंचाया जा सकता है, जिससे रोग की विशेषता को कम किया जा सकता है।

जीन थेरेपी का उपयोग कैंसर, जनन रोग, गंभीर आंत्र रोग, मस्तिष्क रोग और अन्य रोगों के इलाज के लिए किया जा रहा है। वैज्ञानिकों ने जीन थेरेपी के विकास में कई महत्वपूर्ण कदम उठाए हैं,"
654,जीन थेरेपी की प्रगति,"जीन थेरेपी एक उत्कृष्ट तकनीक है जो विज्ञान के क्षेत्र में महत्वपूर्ण योगदान दे रही है। यह तकनीक विकासशील रोगों के उपचार के लिए बेहद महत्वपूर्ण है और भविष्य में यह आम जनता के लिए भी उपलब्ध हो सकती है।

जीन थेरेपी का मुख्य उद्देश्य व्यक्ति के जीनों में डिफेक्ट को सुधारना है। जब एक व्यक्ति के शारीरिक या मानसिक स्वास्थ्य में कोई गलती होती है, तो जीन थेरेपी के माध्यम से उस गलती को सही किया जा सकता है। इस तकनीक का उपयोग विभिन्न रोगों जैसे कि कैंसर, दिल की बीमारियों, जनन संबंधी समस्याओं, आदि के इलाज में किया जात"
655,विश्व के आश्चर्यजनक प्राकृतिक स्थल,"विश्व भर में अनगिनत प्राकृतिक स्थल हैं जिन्हें देखकर हम अचंभित रह जाते हैं। ये स्थल प्राकृतिक सौंदर्य और अनूठे शैली में विशेषता रखते हैं। 

एक ऐसा प्राकृतिक स्थल है 'ग्रैंड कैन्यन' जो अमेरिका में स्थित है। यह विश्व का सबसे गहरा घाटी है जिसकी ऊचाई 6,000 फीट तक है। इसकी दीवारें और नदी नजर आने वाले लगभग सभी रंगों में होती हैं जिससे यह स्थल अद्वितीय और चमत्कारिक लगता है। 

दूसरा उदाहरण है 'नॉर्वे के फ़्ज़ोर्ड' जो एक अन्य अद्वितीय प्राकृतिक स्थल है। यह उच्च पहाड़ियों और नीले पानी के साथ"
656,विश्व के आश्चर्यजनक प्राकृतिक स्थल,"विश्व भर में हमें अनगिनत प्राकृतिक स्थल मिलते हैं जो अपनी अद्भुतता और रहस्यमयता के लिए प्रसिद्ध हैं। ये स्थल वास्तव में प्रकृति की महानता और सुंदरता का प्रतीक हैं।

एक ऐसा प्राकृतिक स्थल है मोइनाकले गार्डन, जो वेस्ट वर्जिनिया, संयुक्त राज्य अमेरिका में स्थित है। यहाँ पर एक विशाल शिला दीवार है जिसे शीला विज्ञानी कहा जाता है जो कि इसका रहस्य अभी तक हल नहीं हुआ है।

दूसरा उदाहरण है ग्रैंड कैनयन, जो अरिजोना, संयुक्त राज्य अमेरिका में स्थित है। यह विशाल खाड़ी एक अद्वितीय और बेहद प्राचीन प्राकृतिक आकर्षण है"
657,पोषण और आहार में नई खोजें,"पोषण और आहार एक महत्वपूर्ण मुद्दा है जिस पर लगातार नई खोजें हो रही हैं। आधुनिक जीवनशैली में लोग अपने खान-पान पर ध्यान नहीं देते हैं, जिससे कई स्वास्थ्य समस्याएं उत्पन्न हो रही हैं। इस समस्या को देखते हुए वैज्ञानिक और शोधकर्ता नए तरीके और तकनीकों का विकास कर रहे हैं जिससे लोगों को सही पोषण मिल सके।

एक ऐसी नई खोज है जिसमें फूड स्कैनर का उपयोग किया जाता है। इस तकनीक से खाद्य उत्पादों की गुणवत्ता और पोषण मापा जा सकता है। इसके अलावा, आहार-संबंधित ऐप्स भी उपलब्ध हैं जिनका इस्तेमाल करके लो"
658,खेलों का विकास और उनका सामाजिक प्रभाव,"खेलों का विकास और उनका सामाजिक प्रभाव

खेल एक महत्वपूर्ण विभाग है जो हमारे शारीरिक, मानसिक और सामाजिक विकास में महत्वपूर्ण भूमिका निभाता है। खेल न केवल हमें स्वस्थ रखने में मदद करता है, बल्कि हमें सहयोग, टीमवर्क, उत्साह और सामर्थ्य को बढ़ावा देता है।

खेलों का खेलना हमारे शारीरिक स्वास्थ्य के लिए बहुत लाभकारी होता है। यह हमें मांसपेशियों को मजबूत बनाता है, ओक्सीजन की सही मात्रा प्राप्त करने में मदद करता है और मोटापे को दूर करने में मदद करता है।

खेलों का खेलना हमारे मानसिक स्वास्थ्य के लिए भी महत्वपूर्ण है। यह हमारे"
659,जीन थेरेपी की प्रगति,"जीन थेरेपी एक उपचारिक तकनीक है जिसका उपयोग विभिन्न रोगों और विकारों के इलाज में किया जाता है। इस तकनीक का मूल उद्देश्य व्यक्तियों के जीनों में परिवर्तन करके रोगों का इलाज करना है। जीन थेरेपी का उद्भव 1970 के दशक में हुआ था और तब से इसकी प्रगति में बड़ी वृद्धि हुई है।

जीन थेरेपी का उपयोग कैंसर, जन्मजात विकार, एचआईवी और अन्य जीनेटिक रोगों के इलाज में किया जाता है। इस तकनीक में, वैज्ञानिक विशेषज्ञ जीनों में परिवर्तन करने के लिए विभिन्न तकनीकों का उपयोग करते हैं, जैसे कि वायरल वेक्टर, कार्यकर्ता"
660,विश्व की महान वास्तुकला,"वास्तुकला एक विशेष कला है जो मानव सभ्यता की सांस्कृतिक एवं ऐतिहासिक महानता को प्रकट करती है। विश्व की महान वास्तुकला कई प्राचीन सभ्यताओं की शानदार विरासत है जो आज भी हमें प्रेरित करती है।

एजिप्ट के पिरामिड, यूनान के मंदिर, रोमन की कोलोसियम, इंडिया के खजुराहो मंदिर, चीन का ग्रेट वॉल और इस्लामिक स्थापत्यकला की मस्जिदें, ये सभी उदाहरण विश्व की महान वास्तुकला के प्रमुख स्थल हैं।

महान वास्तुकला का विशेष महत्व है क्योंकि यह हमें अपने इतिहास, संस्कृति और समृद्धि के प्रति समझाती है। इन विरासतों के माध्यम से हम अपने अतीत की महत्वप"
647,अंतरिक्ष अन्वेषण का इतिहास,"अंतरिक्ष अन्वेषण पूरे मानव इतिहास में एक महत्वपूर्ण क्षेत्र रहा है। इसका आरंभ धरती के उच्चतम तथा दूरस्थ भागों के अध्ययन से होता आया है। विज्ञानिकों ने अंतरिक्ष में ग्रह, तारे, गैलेक्सियों आदि का अध्ययन किया है। 

अंतरिक्ष अन्वेषण का आरंभ विशेष रूप से 20वीं सदी के दौरान हुआ। 1957 में सोवियत संघ ने पहला उपग्रह, स्पुटनिक-1 का प्रक्षेप किया। इसके बाद अंतरिक्ष यातायात के क्षेत्र में तेजी से विकास हुआ। 

1961 में रूसी यात्री यूरी गागरीन ने पहली बार अंतरिक्ष यात्रा की और धरती के परिप्रेक्ष्य में अंतरिक्ष यात्रा का नया"
662,अंतरिक्ष अन्वेषण का इतिहास,"अंतरिक्ष अन्वेषण एक तकनीकी क्षेत्र है जिसमें वैज्ञानिक अनुसंधान और अध्ययन करने के लिए अंतरिक्ष में यातायात, अध्ययन और अन्वेषण किया जाता है। इसका इतिहास बहुत रोमांचक है और यह विश्व के लिए एक महत्वपूर्ण क्षेत्र है।

अंतरिक्ष अन्वेषण की शुरुआत सामान्यत: उन समयों से हुई जब मानव ने आकाश के तारों, ग्रहों और अन्य आकाशीय शरीरों को देखने लगा। लेकिन आधुनिक अंतरिक्ष अनुसंधान की शुरुआत 20वीं सदी के आरंभ में हुई। यही समय थे जब विज्ञान के क्षेत्र में तेजी से विकास हुआ और वैज्ञानिकों ने अंतरिक्ष अन्वेषण की"
661,अंतरिक्ष अन्वेषण का इतिहास,"अंतरिक्ष अन्वेषण एक रोमांचक और उत्कृष्ट क्षेत्र है जिसमें मनुष्य ने स्वयं को नए सीमाओं तक पहुंचने के लिए प्रेरित किया है। अंतरिक्ष अन्वेषण का इतिहास काफी रोमांचक है और इसमें कई महत्वपूर्ण घटनाएं शामिल हैं।

पहले अंतरिक्ष यात्रा की शुरुआत 1957 में रूस द्वारा की गई थी जब उन्होंने पहला उपग्रह, स्पुतनिक-1 का प्रक्षेप किया। इसके बाद, 1961 में यूरी गागरिन ने पहली बार मानव को अंतरिक्ष भेजकर इतिहास रचा। इसके बाद अमेरिका ने अपनी अंतरिक्ष यात्राओं को तेजी से बढ़ाया और आजकल विभिन्न देश अंतरिक्ष अन्वेषण के क्षेत्र में"
663,टेलीमेडिसिन का भविष्य,"टेलीमेडिसिन एक तकनीकी उन्नति है जो स्वास्थ्य सेवाओं को उपलब्ध कराने के लिए इंटरनेट और अन्य डिजिटल माध्यमों का उपयोग करती है। यह जरूरतमंद लोगों तक स्वास्थ्य सेवाएं पहुंचाने में मदद करती है जो दूर या अक्सर असुविधाजनक स्थिति में हैं।

टेलीमेडिसिन का भविष्य बहुत उज्जवल है। इसका उपयोग आजकल तेजी से बढ़ रहा है और यह किसी व्यक्ति के लिए स्वास्थ्य सेवाओं के पहुंचने में विशेषता लाता है।

टेलीमेडिसिन के माध्यम से विशेषज्ञ चिकित्सक अपने पेशेंट्स के साथ दूरस्थ संपर्क कर सकते हैं, उन्हें सलाह दे सकते हैं और चिकित्सा"
664,प्राचीन भारतीय विज्ञान और तकनीक,"प्राचीन भारतीय सभ्यता ने अपने योगदान के माध्यम से विश्व को अनेक विज्ञानिक और तकनीकी उपलब्धियाँ दी हैं। वे अपने समय में अद्वितीय ढंग से गणित, विज्ञान, चिकित्सा, वास्तुकला और अन्य क्षेत्रों में उन्नति कर चुके थे।

भारत ने गणित में भूमिका निभाई और शून्य की खोज की। आर्यभट्ट, ब्रह्मगुप्त, महावीर और भास्कर जैसे गणितज्ञों ने अपने योगदान से गणित क्षेत्र में गहरी छाप छोड़ी। भारतीय वैज्ञानिक आर्यभट्ट ने सूर्य और चंद्रमा की गति का गणना की, जिससे उन्होंने ग्रहों की गति का आकलन किया।

चिकित्सा क्षेत्र म"
665,विश्व की महान वास्तुकला,"विश्व की महान वास्तुकला एक अद्वितीय और रोचक विषय है जिसमें इतिहास, सांस्कृतिक मूल्यों, और विभिन्न समय-स्थलों की पहचान शामिल होती है। वास्तुकला न केवल एक भवन या संरचना का रूप है, बल्कि यह व्यक्ति की भावनाओं और जीवनशैली को भी प्रकट करता है।

विश्व की महान वास्तुकला में प्रमुख स्थान हैं - प्य्रामिड्स की अद्वितीयता और गांधार कला की सुंदरता। मिस्र में प्य्रामिड्स एक अद्वितीय वास्तुकला का उदाहरण हैं जिन्हें अब भी लोग देखने के लिए आते हैं। इनकी भव्यता, जिग्यासा और आध्यात्मिकता हमें उनके निर्माण का अद्विती"
666,विश्व के आश्चर्यजनक प्राकृतिक स्थल,"पृथ्वी पर अनगिनत प्राकृतिक स्थल हैं जो हर कोने में मनोरम दृश्यों से भरे हुए हैं। इनमें से कुछ स्थल इतने आश्चर्यजनक हैं कि उन्हें देखते ही लोग वास्तव में प्राकृतिक सौंदर्य के कारण हैरान हो जाते हैं।

एक ऐसा प्राकृतिक स्थल है 'ग्रैंड कैन्यन' जो अमेरिका में स्थित है। यहाँ की ऊँचाई, खाड़ी की गहराई और वन्य जीवन का समृद्ध विविधता इसे दुनिया के सबसे आश्चर्यजनक प्राकृतिक स्थलों में गिनती में लाती है।

विश्व के दूसरे कोने में, न्यूज़ीलैंड में 'मिल्फोर्ड साउंड' भी एक अद्वितीय प्राकृतिक स्थल है। यहाँ के ऊंचे पह"
667,विश्व की महान वास्तुकला,"वास्तुकला एक ऐसी कला है जो मानव सभ्यता के विकास का महत्वपूर्ण हिस्सा है। विश्व भर में कई महान वास्तुकला कार्यकलाप हैं जो मानवता की उन्नति और सांस्कृतिक धरोहर को प्रकट करते हैं।

प्राचीन समय से ही भारत, यूरोप, एशिया और अफ्रीका में वास्तुकला का विकास हुआ। इन क्षेत्रों में प्राचीन मंदिर, महल, गुम्बद, ग्रंथागार, नगर, नगरी, स्तूप आदि उदाहरण हैं जो वास्तुकला के उत्कृष्ट प्रतिबिम्ब ह। इन कार्यकलापों में विशेष ध्यान शिल्प, संरचना, समीकरण, और रंगों के समंवय को दिया गया है।

एशिया में ताजमहल, अफ्रीका में पिरामिड्स, यू"
668,प्राचीन भारतीय विज्ञान और तकनीक,"प्राचीन भारतीय सभ्यता ने वैज्ञानिक और तकनीकी दृष्टिकोण से भी अपनी महत्वपूर्ण योगदान दिया है। भारतीय विज्ञान और तकनीक का इतिहास विशाल है और इसमें अनेक अद्भुत आविष्कार और उपकरण शामिल हैं।

प्राचीन भारत में गणित, ज्योतिष, रसायन विज्ञान, वायुमंडलिक विज्ञान, औषधि-विज्ञान, स्थापत्यकला, यांत्रिकी, गर्भ शास्त्र, शल्य चिकित्सा आदि क्षेत्रों में महान कार्यक्रम प्रदर्शित किए गए हैं। गणित में शुलब सूत्र, ज्योतिष में ग्रहण गणना, रसायन विज्ञान में अद्भुत योगदान, यांत्रिकी में विमानन विज्ञान और स्थापत्यकला"
669,अंतरिक्ष अन्वेषण का इतिहास,"अंतरिक्ष अन्वेषण एक उच्च तकनीकी क्षेत्र है जिसमें मानव और मशीनें अंतरिक्ष में जाकर विज्ञान, अनुसंधान और अन्वेषण कार्य करती हैं। इस क्षेत्र का इतिहास बहुत प्राचीन है।

अंतरिक्ष अन्वेषण का प्रारंभ दरअसल वैज्ञानिक सोच और उत्कृष्ट गणितीय ज्ञान पर आधारित है। विश्व के विभिन्न भूगोलिक क्षेत्रों से लोगों के मानसिक स्वाधीनता, उत्कृष्टता और समृद्धि के लिए जीवन को सुखद बनाने की इच्छा ने उन्हें अंतरिक्ष की ओर आकर्षित किया।

अंतरिक्ष अन्वेषण का अगला महत्वपूर्ण कदम 20वीं सदी के दौरान उड़ान भरने वाले यात"
670,विश्व की महान वास्तुकला,"वास्तुकला, जिसे वास्तुशिल्प भी कहा जाता है, एक विशेष कला शाखा है जो इमारतों और स्थापत्य कला की शैलियों का अध्ययन, विकास और अनुसंधान करती है। वास्तुकला का महत्व इसलिए है क्योंकि यह हमारे जीवन को सुखद और सुरक्षित बनाने में महत्वपूर्ण भूमिका निभाती है।

विश्व की महान वास्तुकला में कई प्रमुख स्थान हैं जो अपनी अद्वितीयता और महत्व के लिए प्रसिद्ध हैं। इनमें से कुछ उदाहरण हैं - ताजमहल (भारत), प्य्रामिड्स (मिस्र), परिस की नौ वीं सदी की इमारतें (फ्रांस), अंग्कोर वाट (कंबोडिया), मचू पिचू (पेरू), और अंतर्राष्ट्रीय स्तंभ न्य"
671,भारतीय संस्कृति में त्योहारों का महत्व,"भारतीय संस्कृति में त्योहारों का विशेष महत्व है। ये त्योहार न केवल हमारी परंपराओं का हिस्सा हैं, बल्कि ये हमारे समाज को एक-दूसरे से जोड़ने और समृद्धि के लिए एक माध्यम भी हैं। भारतीय संस्कृति में विभिन्न धर्मों के त्योहार जैसे दीपावली, होली, दशहरा, ईद, गुरु पूर्णिमा, बैसाखी, रक्षाबंधन, नवरात्रि, क्रिष्ण जन्माष्टमी, और क्रिसमस आदि मनाए जाते हैं।

ये त्योहार हमें अपने परंपराओं को समझने और मानने का अवसर देते हैं। इन त्योहारों के माध्यम से हम अपने परिवार और समाज के सदस्यों के साथ रिश्ते मजबूत करते हैं। इन त्योहारों"
674,विश्व की महान वास्तुकला,"वास्तुकला एक ऐसी कला है जो मानव सभ्यता के साथ जुड़ी हुई है और विभिन्न समयों और स्थानों पर विविध रूपों में प्रकट होती रही है। वास्तुकला न केवल इमारतें बनाने की कला है, बल्कि यह भी विचारों, सांस्कृतिक मूल्यों और समाज की अभिव्यक्ति का साधन है।

विश्व की महान वास्तुकला कई अद्वितीय और प्रभावशाली इमारतों के माध्यम से प्रस्तुत की जा सकती है। इनमें से कुछ उदाहरण हैं जैसे ताजमहल (भारत), प्य्रामिड्स (मिस्र), एफिल टॉवर (फ्रांस), अक्रोपोलिस (यूनान) आदि। ये इमारतें अपने व्यापक आकार, सुंदर विविधता और विशेष वास्तुकला शैली के"
673,मानसिक स्वास्थ्य और टेक्नोलॉजी,"मानसिक स्वास्थ्य और टेक्नोलॉजी दोनों ही वैज्ञानिक तथ्यों पर आधारित क्षेत्र हैं जिनका मिलन एक स्वस्थ और समृद्ध समाज बनाने में महत्वपूर्ण भूमिका निभाता है। टेक्नोलॉजी के उपयोग से मानसिक स्वास्थ्य के क्षेत्र में कई सुधार हुए हैं और इसके फायदे सामान्य जनता तक पहुंचाने में मदद मिल रही है।

टेक्नोलॉजी के उपयोग से मानसिक स्वास्थ्य के क्षेत्र में संचार की सुविधा बढ़ गई है। लोग अपनी भावनाओं और समस्याओं को सोशल मीडिया और अन्य डिजिटल माध्यमों के माध्यम से व्यक्त कर सकते हैं। इससे उन्हें सहानुभूति और समर्थन मिलता है और"
672,खेलों का विकास और उनका सामाजिक प्रभाव,"खेलों का विकास और उनका सामाजिक प्रभाव

खेलों का खेलना मानव सभ्यता का महत्वपूर्ण हिस्सा है। खेलने में न केवल शारीरिक लाभ होता है, बल्कि मानसिक और सामाजिक विकास में भी यह महत्वपूर्ण भूमिका निभाता है। खेलों का खेलना व्यक्ति में आत्मविश्वास, सहनशीलता, टीम सpiritus और सहनशीलता जैसी महत्वपूर्ण गुणों को विकसित करता है। 

खेलों का खेलना व्यक्ति को सामाजिक रूप से भी प्रभावित करता है। खेल खेलते समय व्यक्ति अपने साथीयों के साथ सहयोग और मेलजोल में रहता है जो उसके सामाजिक जीवन में भी मददगार साबित होता है। किसी खेल के दौरान जीत और"
675,विश्व की महान वास्तुकला,"विश्व की महान वास्तुकला का इतिहास बहुत प्राचीन है और वास्तुकला ने मानव सभ्यता के विकास में महत्वपूर्ण भूमिका निभाई है। विश्व भर में विभिन्न संस्कृतियों ने वास्तुकला के माध्यम से अपनी सांस्कृतिक विरासत को प्रस्तुत किया है।

विश्व की महान वास्तुकला में प्यारी प्यारी भव्य इमारतें, मंदिर, मस्जिदें, गर्दनें, और महल शामिल हैं जो अपनी शैली, संरचना, और सुंदरता के लिए प्रसिद्ध हैं। इन भव्य निर्माणों में पारंपरिक और आधुनिक वास्तुकला की संगमन को देखा जा सकता है जो आज भी लोगों को प्रेरित करता है।

विश्व की महान वास्तुकला में भारत,"
676,प्राचीन भारतीय विज्ञान और तकनीक,"प्राचीन भारतीय सभ्यता ने विज्ञान और तकनीक के क्षेत्र में महत्वपूर्ण योगदान दिया है। वेदों में गणित, ज्योतिष, वायुमंडलिक गतिकी, और अन्य विज्ञानों का विस्तार सुनिश्चित है।

प्राचीन भारतीय गणितज्ञ आर्यभट्ट ने शून्य की खोज की और ज्यामिति में उनके योगदान अभूतपूर्व हैं। भारतीय गणित ने अलग-अलग गणितीय सिद्धांतों का विकास किया, जिसमें संख्यात्मक, रेखागणित, और ज्यामिति शामिल हैं।

भारतीय ज्योतिष विज्ञान भी उत्कृष्ट है। वे सूर्य, चंद्रमा, ग्रहों की गतियों को अच्छी तरह समझते थे और उनके चक्रों क"
678,मानसिक स्वास्थ्य और टेक्नोलॉजी,"मानसिक स्वास्थ्य और टेक्नोलॉजी दोनों ही महत्वपूर्ण क्षेत्र हैं जो हमारे दैनिक जीवन में महत्वपूर्ण भूमिका निभाते हैं। टेक्नोलॉजी ने मानव समाज को कई तरह से सुविधाएं प्रदान की हैं, जो हमारे जीवन को आसान बनाने में सहायक होती हैं। वहीं, मानसिक स्वास्थ्य भी हमारे जीवन का एक महत्वपूर्ण हिस्सा है जिसका ध्यान रखना अत्यंत आवश्यक है।

टेक्नोलॉजी के उपयोग से हम व्यापक जानकारी प्राप्त कर सकते हैं, जैसे कि मानसिक स्वास्थ्य से जुड़ी समस्याओं के लिए उपचार और समर्थन। आजकल दिमागी तनाव और अवसाद जैसी समस्याएं बढ़ रही हैं,"
677,अंतरिक्ष अन्वेषण का इतिहास,"अंतरिक्ष अन्वेषण एक रोमांचक क्षेत्र है जिसमें मानव ज्ञान की गहराईयों को खोजने का प्रयास किया जाता है। इस क्षेत्र में विज्ञान और तकनीक के साथ-साथ मानवता की सीमाओं को पार करने की क्षमता भी परिकल्पित है।

अंतरिक्ष अन्वेषण का इतिहास बहुत पुराना है। वेदों में भी अंतरिक्ष और नक्षत्रों का वर्णन किया गया है। 20वीं सदी में अंतरिक्ष अन्वेषण की शुरुआत रॉकेट विज्ञानकार वर्नर फों ब्राउन के काम से हुई। उन्होंने नाजी जर्मनी के लिए रॉकेट तकनीक विकसित की जिसका अंतिम परिणाम वस्तुकल्प 'व-2' मिसाइल था।

इसके बाद, अंतरिक्ष अन्वेषण का"
679,व्यायाम और फिटनेस ट्रैकिंग ऐप्स,"व्यायाम और फिटनेस ट्रैकिंग ऐप्स आजकल सेहत संबंधी जीवनशैली में एक महत्वपूर्ण भूमिका निभा रही हैं। ये ऐप्स उपयोगकर्ताओं को उनके दैनिक व्यायाम और आहार की जानकारी देते हैं और सहायता प्रदान करते हैं ताकि वे अपने स्वास्थ्य को सुधार सकें।

ये ऐप्स उपयोगकर्ताओं को उनके व्यायाम कार्यक्रम को निर्धारित करने में मदद करते हैं। वे व्यायाम की समय-सारणी, प्रकार, और आवश्यक जानकारी प्रदान करते हैं। इन ऐप्स में आप अपने कदमों की गिनती, जलनिकासी, और कार्डियो व्यायाम की मात्रा आदि को ट्रैक कर सकते हैं।

ये ऐप्स आपके आहार को भ"
680,विश्व की महान वास्तुकला,"वास्तुकला एक विशेष कला है जो मानव सभ्यता का एक महत्वपूर्ण हिस्सा है। वास्तुकला के माध्यम से हमें प्राचीन समय से लेकर आधुनिक काल तक की समृद्ध विरासत मिलती है। इसके माध्यम से हम देख सकते हैं कि विभिन्न समय के लोगों ने अपनी विचारधारा, धर्म, सांस्कृतिक और समाजिक परिप्रेक्ष्य से वास्तुकला को कैसे रूपांतरित किया।

विश्व की महान वास्तुकला में एक अद्वितीय रंगमंच है जो हमें विभिन्न देशों और समयों की संस्कृति और इतिहास से रूबरू कराता है। दुनिया भर में प्रसिद्ध भवन, मंदिर, मस्जिद, गिरजाघर आदि वास्तुकला के उत्कृष्ट उदाहर"
681,अंतरिक्ष अन्वेषण का इतिहास,"अंतरिक्ष अन्वेषण एक रोमांचक क्षेत्र है जिसका इतिहास बहुत ही रोमांचक और उत्कृष्ट है। इसकी शुरुआत लगभग 20वीं सदी के शुरुआत में हुई जब देशों ने अंतरिक्ष का अन्वेषण करने के लिए पहले कदम उठाए। इसके बाद 1957 में सोवियत संघ ने पहला स्पूतनिक उपग्रह प्रक्षेपित किया, जिससे अंतरिक्ष अन्वेषण की नई युग की शुरुआत हुई।

इसके बाद 1969 में अमेरिकी अंतरिक्ष एजेंसी नासा ने अपोलो मिशन के जरिए चाँद पर मानव उपस्थिति स्थापित की। इसके बाद अंतरिक्ष अन्वेषण के क्षेत्र में तेजी से विकास हुआ और अब दुनिया के कई देश यहाँ अंतरिक्ष म"
682,पोषण और आहार में नई खोजें,"पोषण और आहार में नई खोजें एक बहुत ही महत्वपूर्ण विषय हैं जिस पर वैज्ञानिक और तकनीकी तरीके से अध्ययन किया जा रहा है। आजकल कई तकनीकी उपाय उपलब्ध हैं जिनका उपयोग करके आहार में नए पोषक तत्वों को शामिल किया जा रहा है।

एक उदाहरण के रूप में, जेनेटिक इंजीनियरिंग के माध्यम से विभिन्न पौधों और फलों की खोज की जा रही है जिससे उनमें ज्यादा पोषक तत्वों को शामिल किया जा सके। इसके अलावा, आधुनिक प्रौद्योगिकी का उपयोग करके उच्च पोषक मूल्यवाले अनाजों का उत्पादन किया जा रहा है। 

वैज्ञानिक और तकनीकी उपायो"
683,खेलों का विकास और उनका सामाजिक प्रभाव,"खेलों का विकास और उनका सामाजिक प्रभाव

खेलों का खेलना हमारे जीवन का महत्वपूर्ण हिस्सा है और इसका महत्व उनके विकास और सामाजिक प्रभाव के कारण स्पष्ट है। खेलों का खेलना हमें शारीरिक रूप से मजबूत बनाता है, हमें स्वस्थ रखने में मदद करता है और हमारी मानसिक स्थिति को भी सुधारता है।

खेलों का खेलना हमारे शारीरिक स्वास्थ्य के लिए अच्छा होता है क्योंकि वे हमें ऊर्जा और ताकत प्रदान करते हैं। खेलने के दौरान हमारी सांसें तेज होती हैं, रक्त संचार बढ़ जाता है और मांसपेशियों को एक्सरसाइज की आवश्यकता होती है।

खेलों का खेलना हमारी मानस"
684,अंतरिक्ष अन्वेषण का इतिहास,"अंतरिक्ष अन्वेषण एक रोमांचक क्षेत्र है जिसमें मानवता ने अनगिनत उपलब्धियां हासिल की हैं। इसका इतिहास उस समय से शुरू होता है जब पहली बार मानव ने आकाशगंगा में से दुनिया के बाहर देखने की कोशिश की।

अंतरिक्ष अन्वेषण का पहला महत्वपूर्ण कदम 4 अक्टूबर 1957 को सोवियत संघ द्वारा सपुत्निक-1 का प्रक्षेपण किया गया था। इससे पहले अंतरिक्ष अन्वेषण से जुड़ी कामयाबियों में अमेरिका की NASA द्वारा अपोलो मिशन, जिसके जरिए मानव ने चाँद पर कदम रखा, और मंगल ग्रह की अन्वेषण मिशन शामिल हैं।

आज, अंतरिक्ष अन्वेषण के क्षेत्र में बहुत अ"
685,विश्व की महान वास्तुकला,"वास्तुकला एक ऐसी कला है जो मानव सभ्यता की महत्वपूर्ण भूमिका निभाती है। वास्तुकला के माध्यम से हम न केवल अपने आसपास के माहौल को सुंदर बनाते हैं, बल्कि हमारे समाज की सोच और संस्कृति को भी प्रकट करते हैं।

विश्व की महान वास्तुकला में से कुछ उदाहरण निम्नलिखित हैं:

1. ताज महल, भारत: ताज महल एक अद्वितीय वास्तुकला के उदाहरण है जो भारतीय स्थापत्यकला की महानता को प्रकट करता है।

2. प्य्रामिड्स, इजिप्त: इजिप्त की प्य्रामिड्स भी विश्व की महान वास्तुकला में से एक हैं। ये विशाल संरचनाएँ उस समय की तकनीकी ऊर्जा और कला का प्रतीक हैं।

3."
686,पोषण और आहार में नई खोजें,"पोषण और आहार में नई खोजें एक महत्वपूर्ण क्षेत्र हैं जो स्वास्थ्य और विकास के लिए अत्यंत महत्वपूर्ण हैं। आधुनिक तकनीकी उपकरणों की मदद से वैज्ञानिक खोज और अनुसंधान इस क्षेत्र में नए आयाम स्थापित कर रहे हैं।

आधुनिक तकनीकी उपकरणों की मदद से भोजन के पोषक तत्वों की गुणवत्ता और प्रमाणित की जा सकती है। इसके लिए विभिन्न प्रकार के स्पेक्ट्रोस्कोप, उच्च गुणवत्ता के प्रोटीन और विटामिनों का मापन करने की तकनीकें काम में ली जा रही हैं। इसके अलावा, आहार में उच्च क्वालिटी के अन्य संदर्भों जैसे कि असलीता, खराब या अप्राकृ"
687,व्यायाम और फिटनेस ट्रैकिंग ऐप्स,"व्यायाम और फिटनेस ट्रैकिंग ऐप्स आजकल लोगों के जीवन में एक महत्वपूर्ण भूमिका निभा रही हैं। ये ऐप्स उन्हें अपने स्वास्थ्य और फिटनेस की देखभाल करने में मदद करती हैं। 

ये ऐप्स आपको व्यायाम और डाइट की जानकारी प्रदान करती हैं और आपके प्रगति को ट्रैक करने में मदद करती हैं। इनमें आप अपने व्यायाम सत्र, खाने का अनुसूची, श्रेणीबद्ध व्यायाम प्लान, और कैलोरी काउंट कर सकते हैं। 

कुछ इस तरह के ऐप्स आपके लिए व्यायाम कार्यक्रम तैयार करेंगी और आपको मोटिवेट करेंगी ताकि आप नियमित रूप से व्यायाम करें। वे आपकी प्रतिदिन की गत"
688,व्यायाम और फिटनेस ट्रैकिंग ऐप्स,"व्यायाम और फिटनेस ट्रैकिंग ऐप्स आजकल लोगों के लिए एक महत्वपूर्ण साधन बन गए हैं। ये ऐप्स लोगों को उनके स्वास्थ्य और फिटनेस लक्ष्यों की प्राप्ति में मदद करते हैं। इन ऐप्स की मदद से लोग अपने व्यायाम, योग, चलने, भागने आदि की गतिविधियों को ट्रैक कर सकते हैं। 

ये ऐप्स उपयोगकर्ताओं को उनकी दैनिक, साप्ताहिक और मासिक गतिविधियों को ट्रैक करने में मदद करते हैं। इनमें कई फीचर्स होते हैं जैसे कि कैलोरी काउंट, दूरी ट्रैकिंग, नींद की गुणवत्ता, प्रतियोगिता, स्टेप्स ट्रैकिंग आदि। 

इन ऐप्स की मदद से लोग अपने लक"
689,खेलों का विकास और उनका सामाजिक प्रभाव,"खेलों का विकास और उनका सामाजिक प्रभाव

खेल एक महत्वपूर्ण गतिविधि है जो हमारे शारीरिक और मानसिक स्वास्थ्य के लिए अत्यंत महत्वपूर्ण है। खेलों का खेलने से हमारे शारीरिक और मानसिक विकास में सुधार होता है। खेलों के माध्यम से हम नैतिकता, समर्पण, टीम वर्क, और नेतृत्व कौशल जैसी महत्वपूर्ण योग्यताएं भी सीखते हैं।

खेलों का सामाजिक प्रभाव भी काफी महत्वपूर्ण है। खेल सामूहिक गतिविधि होती है जिससे सामूहिक भावनाएं विकसित होती हैं। खेल से हम टीम वर्क और सहयोग के महत्व को समझते हैं जो हमें समाज में भी उपयोगी होता है। खेलों के माध"
690,टेलीमेडिसिन का भविष्य,"टेलीमेडिसिन का भविष्य बहुत उज्जवल है और यह स्वास्थ्य सेवाओं के क्षेत्र में एक क्रांतिकारी परिवर्तन ला सकता है। टेलीमेडिसिन का उपयोग लोगों को दूरस्थ स्थान से चिकित्सा सेवाएं प्राप्त करने में सहायक हो सकता है, खासकर वे लोग जो ग्रामीण क्षेत्रों में रहते हैं या जो बड़े शहरों से दूर विचलित हैं। टेलीमेडिसिन के माध्यम से डॉक्टर और रोगी के बीच आसानी से संपर्क स्थापित किया जा सकता है और समय और खर्च की बचत हो सकती है।

टेलीमेडिसिन के उपयोग से डिजिटल स्वास्थ्य रिकॉर्ड तथा विशेषज्ञों के सुझाव प्राप्त करना भी संभव होता है। यह रो"
693,मानसिक स्वास्थ्य और टेक्नोलॉजी,"मानसिक स्वास्थ्य और तकनीक के बीच गहरा संबंध है जो हमारे जीवन में महत्वपूर्ण भूमिका निभाता है। आधुनिक तकनीकी उपकरणों ने मानसिक स्वास्थ्य के क्षेत्र में कई सुधार किए हैं। 

पहले, तकनीक ने मानसिक स्वास्थ्य सेवाओं को पहुंचाने की सुविधा बढ़ा दी है। ऑनलाइन काउंसलिंग और ध्यान एप्लिकेशन्स के माध्यम से लोग अपनी मानसिक समस्याओं का समाधान खोज सकते हैं। वीडियो कॉल और ऑनलाइन समर्थन से दूरसंचार के माध्यम से भी लोगों को सहायता प्राप्त करने में मदद मिलती है। 

दूसरा, मानसिक स्वास्थ्य विशेषज्ञों और चिकित्सकों के लिए तकनीकी उपकरण उ"
691,पोषण और आहार में नई खोजें,"पोषण और आहार विज्ञान में नवाचार लगातार आते रहते हैं जो हमारे स्वास्थ्य को बेहतर बनाने में मदद करते हैं। नवीनतम खोजों ने दिखाया है कि विभिन्न पोषणीय तत्वों का सही समावेश आहार में हमारे शरीर के लिए कितना महत्वपूर्ण है।

कुछ नई खोजें बताती हैं कि विटामिन D की कमी हमारे शरीर के लिए नुकसानदायक हो सकती है और इसकी पूर्ति के लिए सूर्य की किरणों के साथ आहार में विटामिन D युक्त आहार भी महत्वपूर्ण है।

एक और नई खोज ने दिखाया है कि प्रोबायोटिक्स और प्रीबायोटिक्स जैसे पोषणीय पदार्थ हमारी पाचन प्रक्रिया में सुधार कर सकते हैं"
692,व्यायाम और फिटनेस ट्रैकिंग ऐप्स,"आजकल व्यायाम और फिटनेस को ट्रैक करने के लिए मोबाइल ऐप्स का उपयोग काफी लोकप्रिय हो गया है। ये ऐप्स आपको आपके व्यायाम, आहार, नींद और अन्य स्वास्थ्य संबंधित डेटा को ट्रैक करने में मदद करते हैं।

व्यायाम और फिटनेस ट्रैकिंग ऐप्स की मदद से आप अपने व्यायाम के लक्ष्य निर्धारित कर सकते हैं और अपनी प्रगति को निरंतर ट्रैक कर सकते हैं। ये ऐप्स आपके लिए व्यायाम योजना तैयार करने में भी मददगार साबित होते हैं।

कुछ ऐप्स आपके लिए कैलोरी काउंट करने, व्यायाम सत्रों को लोग करने की योजना बनाने, नींद को ट्रैक करने, और स्वास्थ्य प"
694,अंतरिक्ष अन्वेषण का इतिहास,"अंतरिक्ष अन्वेषण एक चिरंजीव विषय है जिसने मानव समुदाय को हमेशा से प्रेरित किया है। इसका इतिहास बहुत पुराना है। उस समय से लेकर आज तक, इंसानों ने अंतरिक्ष के रहस्यों को सुलझाने के लिए अनगिनत तकनीकी उपकरण और उपायों का उपयोग किया है।

अंतरिक्ष अन्वेषण का इतिहास प्रारंभ इंसानियत के प्रारम्भिक इतिहास से ही है। वैदिक साहित्य में भी इसका उल्लेख मिलता है। विभिन्न धर्मग्रंथों में ब्रह्मांड की सृष्टि और इसके रहस्यों का वर्णन किया गया है।

अंतरिक्ष अन्वेषण की आधुनिक शुरुआत 20वीं सदी में हुई। यूरोप और अमेरिका क"
696,भारतीय संस्कृति में त्योहारों का महत्व,"भारतीय संस्कृति में त्योहारों का महत्व अत्यंत विशेष है। ये त्योहार भारतीय जीवन में रंग भरते हैं और सामाजिक संगठन को मजबूत करते हैं। ये त्योहार विभिन्न धर्म, सम्प्रदाय और क्षेत्रों में मनाए जाते हैं लेकिन वे सभी एकता और सामरस्य का संदेश देते हैं।

त्योहारों के माध्यम से लोग एक-दूसरे के साथ मिलने, खुशियों का अनुभव करने और साझा करने का अवसर पाते हैं। इन त्योहारों में शामिल खान-पान, गाने, नृत्य और रंग-बिरंगी दिखावट सभी को एक साथ आनंदित करते हैं। ये त्योहार भी लोगों को उनकी संगीत, नृत्य, कला और विरासत को सम"
695,जीन थेरेपी की प्रगति,"जीन थेरेपी एक प्रौद्योगिकी है जिसमें विज्ञान का उपयोग उन रोगों के इलाज में किया जाता है जिन्हें जीनों के अविकास में कोई विघ्न होता है। जीन थेरेपी का उद्देश्य इस विघ्न को हटाकर रोगियों को स्वस्थ बनाना है। इस तकनीक का उपयोग कैंसर, मधुमेह, मस्तिष्क रोग, अल्जाइमर जैसी गंभीर बीमारियों के इलाज में किया जा रहा है।

जीन थेरेपी की प्रगति में कई महत्वपूर्ण कदम उठाए गए हैं। अब इस तकनीक से रोगों का निदान और इलाज करना संभव हो रहा है। जीन थेरेपी द्वारा अक्सर जीनों को संशोधित करके रोग के कारण बदलाव करने की कोशिश"
697,मानसिक स्वास्थ्य और टेक्नोलॉजी,"मानसिक स्वास्थ्य और टेक्नोलॉजी एक गहरा संबंध रखते हैं। आधुनिक युग में टेक्नोलॉजी ने मानव जीवन को कई तरीके से सुधारा है लेकिन इसके साथ ही इसने भी मानसिक स्वास्थ्य पर कुछ नकारात्मक प्रभाव भी डाले हैं। व्यस्त और तेजी से बदलते जीवनशैली ने लोगों को तनाव, चिंता और दिमागी तनाव की समस्याओं का सामना करना पड़ रहा है।

टेक्नोलॉजी के उपयोग से हमारे मानसिक स्वास्थ्य को सुधारने के लिए कई संभावनाएं हैं। मानसिक स्वास्थ्य ऐप्स, ध्यान और मनोविज्ञान से संबंधित अनुप्रयोग और वेबसाइट्स जैसे साधन हमें मानसिक स्वास्थ्य को सं"
698,विश्व के आश्चर्यजनक प्राकृतिक स्थल,"विश्व में हमें कई आश्चर्यजनक प्राकृतिक स्थल मिलते हैं जिनकी सुंदरता और विचित्रता हमें अच्छे से प्रेरित करती है। ये स्थल अपनी प्राकृतिक सौंदर्यवाले दृश्यों, विविध प्राकृतिक आवाज़ों और अनूठे प्राकृतिक प्राणियों के लिए मशहूर हैं।

एक ऐसा प्राकृतिक स्थल है ग्रैंड कैन्यन, जो अमेरिका में स्थित है और एक विशाल, गहरे नाले से लक्षित है। यहाँ की विशालकाय गहरे खाई की दीवारें और उच्च पहाड़ियों की दृश्यमान सुंदरता हर किसी को मोह लेती है। इसके अतिरिक्त, नागार्जुना सागर जलप्रपात भी भारत में एक अद्वितीय प्राकृतिक स्थल है"
699,विश्व के आश्चर्यजनक प्राकृतिक स्थल,"विश्व भर में कई आश्चर्यजनक प्राकृतिक स्थल हैं जो अपनी अद्वितीयता और सुंदरता के लिए प्रसिद्ध हैं। इन स्थलों में शामिल हैं गहरे नीले समुद्र, ऊँची पर्वत श्रृंखलाएं, जंगल, झीलें, झरने और बागवानी क्षेत्र आदि।

एक ऐसा प्राकृतिक स्थल है माउंट एवरेस्ट, जो दुनिया का सबसे ऊँचा पर्वत है। इसकी ऊँचाई 8,848 मीटर है और इसे नेपाल और तिब्बत की सीमा पर स्थित है। यहाँ का मनोरम दृश्य दर्शकों को अचंभित कर देता है।

दूसरा उत्कृष्ट प्राकृतिक स्थल है ग्रैंड कैनियन जो अमेरिका में स्थित है। यह विशाल घाटी कान्यन नदी द्वार"
700,विश्व के आश्चर्यजनक प्राकृतिक स्थल,"विश्व भर में हमें कई आश्चर्यजनक प्राकृतिक स्थल मिलते हैं, जो अपनी सुंदरता और प्राकृतिक सौंदर्य के लिए प्रसिद्ध हैं। यह स्थल वास्तव में प्रकृति की महानता को प्रदर्शित करते हैं और इंसानों को अपनी अद्भुतता से प्रेरित करते हैं।

एक ऐसा प्राकृतिक स्थल है मॉरेनो ग्लेशियर, जो आर्जेंटीना में स्थित है और एक विशाल ग्लेशियर है जिसे देखने के लिए यात्री पुरे विश्व से आते हैं। इसके अतिरिक्त, नाईगरा फॉल्स भी एक अद्वितीय प्राकृतिक स्थल है जो कनाडा और अमेरिका की सीमा पर स्थित है। इसकी विशालता और अद्भुतता ने इसे प्रमुख पर्यटन स्थल बना"
701,टेलीमेडिसिन का भविष्य,"टेलीमेडिसिन एक तकनीकी उन्नति है जो दूरस्थ स्थानों से चिकित्सा सेवाएं प्रदान करने की क्षमता प्रदान करती है। यह आपसी संपर्क के माध्यम से, जैसे वीडियो कॉल, एप्लिकेशन और इंटरनेट, चिकित्सा सलाह और उपचार प्रदान करता है।

टेलीमेडिसिन का भविष्य उज्जवल है। इसके माध्यम से चिकित्सा सेवाएं सामान्य लोगों तक पहुंचाने में काफी सुविधा होती है। विशेषकर दूरस्थ इलाकों और ग्रामीण क्षेत्रों में रहने वाले लोगों के लिए इसका महत्व अधिक है।

टेलीमेडिसिन की मदद से चिकित्सा विशेषज्ञ दूरस्थ स्थानों से भी मरीजों का इलाज कर सकते हैं। यह व"
702,भारतीय संस्कृति में त्योहारों का महत्व,"भारतीय संस्कृति में त्योहारों का बहुत अधिक महत्व है। ये त्योहार हमारी सामाजिक, सांस्कृतिक और धार्मिक जीवन में गहरी भूमिका निभाते हैं। ये त्योहार हमें समृद्धि और सजीवता का अनुभव कराते हैं और परिवार और समुदाय के बंधनों को मजबूत करते हैं।

भारतीय संस्कृति में अनेक प्रकार के धार्मिक और सांस्कृतिक त्योहार मनाए जाते हैं जैसे दिवाली, होली, दशहरा, ईद, क्रिसमस आदि। इन त्योहारों के दौरान लोग एक साथ मिलकर खुशी मनाते हैं, खाना-पीना करते हैं और एक दूसरे को उपहार भेंट करते हैं। इन त्योहारों के माध्यम से हम अपनी परं"
703,विश्व की महान वास्तुकला,"वास्तुकला एक ऐसी कला है जो हमारे जीवन को सुंदर और उत्तम बनाने में महत्वपूर्ण भूमिका निभाती है। वास्तुकला का संबंध इंसानी आवासों, मंदिरों, गुफाओं, विहारों, अभिनयालयों आदि के निर्माण से है। इसका मुख्य उद्देश्य सुंदरता, स्थायित्व और उपयोगिता की दृष्टि से निर्माण करना होता है।

विश्व की महान वास्तुकलाएं उसके समृद्ध ऐतिहासिक और सांस्कृतिक विरासत का प्रतीक हैं। प्राचीन यूनानी, रोमन, इंडसस व सिंधु सभ्यताओं की वास्तुकला महान है। इन सभी सभ्यताओं ने अपनी विशेषता के अनुसार अनूठी वास्तुकला का निर्माण किया"
704,प्राचीन भारतीय विज्ञान और तकनीक,"प्राचीन भारत में विज्ञान और तकनीक का इतिहास अत्यंत समृद्ध और महत्वपूर्ण है। वेदों में गणित, भौतिक विज्ञान, रसायन और अन्य विषयों पर बहुत समृद्ध ज्ञान का उल्लेख है। भारतीय गणितकार आर्यभट्ट, ब्रह्मगुप्त, भास्कराचार्य आदि ने गणित में महत्वपूर्ण योगदान दिया। भौतिक विज्ञान में भारत ने शुभ्र गुप्ताचार्य और कनाद के जैसे महान वैज्ञानिकों को जन्म दिया। 

भारत ने चिकित्सा विज्ञान में भी महत्वपूर्ण योगदान दिया है। सुश्रुत और चरक जैसे वैज्ञानिकों ने चिकित्सा के क्षेत्र में अनेक अद्वितीय आविष्कार क"
705,जीन थेरेपी की प्रगति,"जीन थेरेपी एक उत्कृष्ट तकनीक है जिसका उपयोग विभिन्न जीवाणुरोगियों, गलत जीनों और अन्य आनुषंगिक विकारों के इलाज में किया जाता है। यह तकनीक जीनों को संशोधित करने के माध्यम से विकारों को दूर करने और उन्हें ठीक करने का काम करती है।

जीन थेरेपी की प्रगति में हमारे द्वारा जीनों का संशोधन करने के तकनीकी और वैज्ञानिक क्षमताओं में वृद्धि हुई है। इसके लिए नवीनतम जेनेटिक्स, मोलेक्यूलर बायोलॉजी, और न्यूरोसाइंस का उपयोग किया जा रहा है।

जीन थेरेपी के उत्कृष्ट उदाहरणों में से एक है कैंसर के इलाज में जीन थेरेपी"
707,जीन थेरेपी की प्रगति,"जीन थेरेपी एक उत्कृष्ट तकनीक है जिसमें विज्ञान और तकनीक का सम्मिश्रण किया जाता है ताकि गलत जीनों को सही किया जा सके और रोगों का इलाज किया जा सके। यह एक प्रौद्योगिकी उत्पाद है जिसमें मानव जीनों के संरचना और कार्य को समझने के लिए उपयोग किया जाता है।

जीन थेरेपी की प्रगति में हमारे द्वारा पहले देखे गए रोगों के लिए नई दवाओं और इलाज के विकास में बड़ी भूमिका है। इस तकनीक का उपयोग कैंसर, डायबिटीज, दिल की बीमारियों, जनन संबंधी समस्याएं और अन्य रोगों के इलाज में किया जा रहा है।

हाल ही में जीन थेरेपी की प्रगति में क"
706,पोषण और आहार में नई खोजें,"पोषण और आहार में नई खोजें करने का महत्व आजकल बढ़ गया है क्योंकि स्वस्थ जीवनशैली के लिए सही पोषण बहुत महत्वपूर्ण है। नई तकनीकों और तरीकों की मदद से वैज्ञानिक और विशेषज्ञ लोग नए पोषण सम्बंधित खोजों पर काम कर रहे हैं।

आधुनिक पोषण विज्ञान ने इस दिशा में कई महत्वपूर्ण खोजें की हैं, जैसे कि फास्टिंग की भूमिका, प्रोबायोटिक्स और प्रीबायोटिक्स का उपयोग, जीनेटिक इंजीनियरिंग के माध्यम से विशेष पोषण तत्वों का उत्पादन आदि। ये नई खोजें लोगों को स्वस्थ रहने में मदद करती हैं और अनेक बीमारियों को र"
708,अंतरिक्ष अन्वेषण का इतिहास,"अंतरिक्ष अन्वेषण एक रोमांचक क्षेत्र है जिसमें मानव समुदाय प्रत्यक्ष रूप से बहुत सारे गहन रहस्यों को खोलता चला रहा है। इसका इतिहास भी उत्कृष्ट है और विज्ञान के इतिहास में महत्वपूर्ण स्थान रखता है।

अंतरिक्ष अन्वेषण की शुरुआत साल 1957 में रूस के वैज्ञानिकों द्वारा की गई थी जब उन्होंने पहला उपग्रह, स्पुटनिक-1 को भेजा था। इसके बाद से लेकर आज तक, अंतरिक्ष अन्वेषण में कई महत्वपूर्ण कदम उठाए गए हैं। यूरोप, अमेरिका, रूस, चीन, भारत, जापान और अन्य कई देश अंतरिक्ष अन्वेषण के क्षेत्र में अग्रणी भूमिका निभ"
709,वैक्सीन विकास में नई तकनीकें,"वैक्सीन विकास में नई तकनीकें

वैक्सीन विकास में नई तकनीकें का उद्देश्य है अधिक प्रभावी, सुरक्षित और तेजी से उपयोग की जाने वाली वैक्सीन तैयार करना। इस क्षेत्र में हो रही नवीनतम तकनीकों में जीन एडिटिंग, नैनोटेक्नोलॉजी, और मेसेंजर आरएनए वैक्सीन्स शामिल हैं।

जीन एडिटिंग की तकनीकें जैसे CRISPR-Cas9 वायरस के जीनोम में बदलाव करने की क्षमता देती हैं, जिससे वैक्सीन की प्रभावकारिता और सुरक्षा बढ़ाई जा सकती है। इसके अलावा, नैनोटेक्नोलॉजी वैक्सीन को नैनोस्केल पर डिज़ाइन करने का तरीका है, जिससे उसकी"
710,भारतीय संस्कृति में त्योहारों का महत्व,"भारतीय संस्कृति में त्योहारों का विशेष महत्व है। ये त्योहार हमारे समाज को एकजुट करते हैं और हमें हमारी परंपराओं और संस्कृति के मूल्यों को समझने का अवसर देते हैं। भारतीय संस्कृति में विभिन्न धर्मों के त्योहार शामिल हैं, जैसे होली, दिवाली, ईद, वैशाखी, नवरात्रि, रक्षाबंधन, गणेश चतुर्थी आदि।

ये त्योहार लोगों के जीवन में रंग भरते हैं और उन्हें खुशियों के पल देते हैं। इन त्योहारों के दौरान लोग अपने परिवार और दोस्तों के साथ समय बिताते हैं और एक-दूसरे के साथ बंधन मजबूत करते हैं।

त्योहारों के दौरान लो"
712,भारतीय संस्कृति में त्योहारों का महत्व,"भारतीय संस्कृति में त्योहारों का विशेष महत्व है। ये त्योहार हमारी संस्कृति और परंपराओं को जीवंत रखते हैं और सामाजिक एवं धार्मिक एकता को मजबूत करते हैं। भारत में हर धर्म और समुदाय के अपने-अपने त्योहार होते हैं जो समृद्धि और खुशियों का संदेश लाते हैं।

भारत में विभिन्न धर्मों के त्योहार जैसे होली, दीवाली, ईद, गुरुपूर्णिमा, वैशाखी, रक्षा बंधन, नवरात्रि, दशहरा, क्रिसमस, ईस्टर आदि मनाए जाते हैं। ये त्योहार समागम का समय होते हैं जब परिवार और समुदाय के लोग एक साथ आते हैं और एक-दूसरे के साथ खुशियां बाँ"
711,व्यायाम और फिटनेस ट्रैकिंग ऐप्स,"व्यायाम और फिटनेस ट्रैकिंग ऐप्स आजकल लोगों के लिए बहुत महत्वपूर्ण हो गए हैं। इन ऐप्स की मदद से लोग अपने व्यायाम और स्वास्थ्य को ट्रैक कर सकते हैं और इसे सुधार सकते हैं। ये ऐप्स आपको आपके व्यायाम का निर्देशन देते हैं, आपकी प्रगति को मापते हैं और आपके स्वास्थ्य जानकारी को संग्रहित रखते हैं।

इन ऐप्स के माध्यम से आप अपने व्यायाम का समय और प्रकार चुन सकते हैं। भले ही आप जॉगिंग, योग, ग्यम या किसी अन्य व्यायाम का शौकीन हों, ये ऐप्स आपके लिए सहायक साबित हो सकते हैं।

इन ऐप्स में आप अपनी डाइट प्लान, व्यायाम की रुटीन"
713,विश्व के आश्चर्यजनक प्राकृतिक स्थल,"विश्व में कई आश्चर्यजनक प्राकृतिक स्थल हैं जो हमें अपनी अद्वितीयता और सुंदरता से प्रेरित करते हैं। इन स्थलों में वन्य जीवन, वन्य फूल-फल, वन्य प्राणियों और अन्य प्राकृतिक आकर्षण होते हैं जो मानव समुदाय को अचंभित कर देते हैं।

एक ऐसा प्राकृतिक स्थल है मौरिशस का 'सेवन कलॉर एयर'। यहाँ पर आपको अद्वितीय रंगों के धुंध का अनुभव होता है जो सूर्यास्त और सूर्योदय के समय देखने योग्य है। यहाँ का प्राकृतिक सौंदर्य देखने वालों को मनोरम अनुभव देता है।

दूसरा उदाहरण है आफ्रीका का 'विक्टोरिया फॉल्स'। यहाँ की ग"
714,व्यायाम और फिटनेस ट्रैकिंग ऐप्स,"व्यायाम और फिटनेस ट्रैकिंग ऐप्स आजकल लोगों के लिए बहुत ही महत्वपूर्ण हो गए हैं। ये ऐप्स लोगों को अपने व्यायाम, पोषण और स्वास्थ्य की समेत समय पर जानकारी प्रदान करने में मदद करते हैं। इन ऐप्स के माध्यम से लोग अपने व्यायाम की प्रगति को ट्रैक कर सकते हैं, अलर्ट और रिमाइंडर्स के माध्यम से अपने लक्ष्यों को निरंतर ध्यान में रख सकते हैं और अपने आहार की गणना कर सकते हैं।

ये ऐप्स किसी भी व्यक्ति के लिए उपयुक्त हो सकते हैं, चाहे वह एक नया व्यायामी हो या फिटनेस एन्थूसियस्ट हो। इन ऐप्स के माध्यम से व्यक्ति अपने लक्ष्यों की प्राप"
715,अंतरिक्ष अन्वेषण का इतिहास,"अंतरिक्ष अन्वेषण एक विज्ञान और प्रौद्योगिकी का क्षेत्र है जिसमें ब्रह्माण्ड की अध्ययन किया जाता है। यह एक रोमांचक और महत्वपूर्ण क्षेत्र है जिसमें वैज्ञानिक, अंतरिक्ष एजेंसियों और निजी कंपनियों का सहयोग होता है।

अंतरिक्ष अन्वेषण का इतिहास काफी प्राचीन है। वैदिक साहित्य में भी अंतरिक्ष के अद्भुत रहस्यों का वर्णन किया गया है। यूरोप में अंतरिक्ष अनुसंधान की शुरुआत रेनेसांस काल में हुई थी। 20वीं सदी में यूरोप में अंतरिक्ष अनुसंधान में तेजी से वृद्धि हुई।

इसके बाद 1957 में सोवियत संघ ने पहला उपग्रह, स्पु"
716,पोषण और आहार में नई खोजें,"पोषण और आहार में नई खोजें

पोषण और आहार एक स्वस्थ्य जीवन के लिए महत्वपूर्ण है। नवीनतम रिसर्च और खोजें इस क्षेत्र में नए दरवाजे खोल रही हैं और लोगों को स्वस्थ्य जीवन जीने के लिए नए तरीके प्रदान कर रही हैं।

एक ऐसी खोज है जो अब तक के आहार सिस्टम को बदल सकती है, वह है 'पौष्टिक फूड्स'। इन खाद्य पदार्थों में अधिक पोषक तत्व होते हैं जो हमारे शरीर के लिए बहुत फायदेमंद होते हैं। इसके साथ ही, गैर-परंपरागत खाद्य पदार्थों की खोज भी हो रही है जिनमें नए पोषक तत्व हो सकते हैं जो हमारे शरीर को आवश्यक पोषण प"
717,व्यायाम और फिटनेस ट्रैकिंग ऐप्स,"आजकल व्यायाम और फिटनेस ट्रैकिंग ऐप्स का उपयोग लोगों के लिए बहुत महत्वपूर्ण हो गया है। ये ऐप्स उपयोगकर्ताओं को उनके व्यायाम और खान-पान की जानकारी देने में मदद करते हैं। इन ऐप्स के जरिए आप अपने व्यायाम का समय, दौरान दौड़े, उपयोगिता, और कई अन्य विवरणों को ट्रैक कर सकते हैं।

व्यायाम और फिटनेस ट्रैकिंग ऐप्स आपको नियमित रूप से व्यायाम करने के लिए प्रेरित करते हैं और आपकी प्रगति को मॉनिटर करने में मदद करते हैं। इन ऐप्स के माध्यम से आप अपने व्यायाम को वेब्साइट्स और सोशल मीडिया पर साझा कर सकते हैं और दुसरों से"
718,टेलीमेडिसिन का भविष्य,"टेलीमेडिसिन एक तकनीकी उपकरण है जिसका उपयोग विभिन्न स्वास्थ्य सेवाओं के लिए दूरस्थ संचार के माध्यम से किया जाता है। इसका उद्देश्य लोगों को स्वास्थ्य सेवाओं तक पहुंचने में सुविधा प्रदान करना है।

टेलीमेडिसिन का भविष्य उज्जवल है और इसमें कई उत्थानशील तकनीकी नवाचार शामिल हैं। वर्चुअल कन्सल्टेशन, डिजिटल स्वास्थ्य रिकॉर्ड्स, ऑनलाइन निदान, और दूरस्थ संचार के माध्यम से चिकित्सा सलाह देने जैसी सेवाएं टेलीमेडिसिन के जरिए संभव होंगी।

टेलीमेडिसिन का उपयोग ग्रामीण क्षेत्रों में स्वास्थ्य सेवाओं के पहुंच को बढ़ान"
719,मानसिक स्वास्थ्य और टेक्नोलॉजी,"मानसिक स्वास्थ्य और टेक्नोलॉजी दोनों ही महत्वपूर्ण क्षेत्र हैं जो हमारे जीवन को सुखमय और समृद्ध बनाने में मदद करते हैं। टेक्नोलॉजी के उपयोग से हम अपने मानसिक स्वास्थ्य को सुधार सकते हैं और अपने जीवन को बेहतर बना सकते हैं।

आधुनिक दुनिया में टेक्नोलॉजी का उपयोग मानसिक स्वास्थ्य के लिए कई तरह से किया जा सकता है। ऑनलाइन मानसिक स्वास्थ्य सेवाएं, मनोरंजनीय एप्लिकेशन्स, मेडिटेशन और योगा ऐप्स, डिजिटल थेरेपी, और सोशल मीडिया प्लेटफॉर्म्स जैसे उपकरण हमें मानसिक स्वस्थ रहने में मदद कर सकते हैं। इन तकनीकी साधनों का उप"
720,वैक्सीन विकास में नई तकनीकें,"वैक्सीन विकास में नई तकनीकें एक महत्वपूर्ण क्षेत्र हैं जो मानव स्वास्थ्य के लिए अहम योगदान कर रहे हैं। नवीनतम साइंटिफिक अनुसंधान और तकनीकी उन्नति के फलस्वरूप वैक्सीन विकास में कई नई प्रवृत्तियां आई हैं।

एक ऐसी तकनीक है जिसे 'मॉडर्ना तकनीक' कहा जाता है, जिसमें वैक्सीन डिज़ाइन को विज्ञान के नवीनतम उपकरणों का उपयोग करके तेजी से विकसित किया जाता है। इसके अलावा, जीन एडिटिंग तकनीकें भी वैक्सीन विकास में उन्नति ला रही हैं। यह तकनीक वैक्सीन की प्रभावकारिता बढ़ाने और अनुकूलता में सुधार करने में"
722,भारतीय संस्कृति में त्योहारों का महत्व,"भारतीय संस्कृति में त्योहारों का विशेष महत्व है। भारत एक विविधतापूर्ण देश है और यहाँ विभिन्न धर्मों और समुदायों के लोग रहते हैं, जिनके अपने-अपने त्योहार और रीति-रिवाज हैं। इन त्योहारों के माध्यम से लोग एक-दूसरे के साथ गहन रिश्ते बनाते हैं और समृद्धि के लिए एक-दूसरे की शुभकामनाएं देते हैं।

त्योहारों के माध्यम से हमारे जीवन में रंग भर देते हैं और सामाजिक एवं आध्यात्मिक मूल्यों को साझा करने का माध्यम बनते हैं। त्योहारों के दौरान लोग एक-दूसरे के साथ खुशियों का आनंद लेते हैं, साथ ही भाईचारे और सद्भावन"
721,खेलों का विकास और उनका सामाजिक प्रभाव,"खेलों का विकास और उनका सामाजिक प्रभाव

खेलों का खास महत्व हमारे जीवन में है। खेल सिर्फ मनोरंजन के लिए ही नहीं है, बल्कि यह हमारे दिमाग, शारीरिक स्वास्थ्य, और सामाजिक संबंधों में भी सुधार करता है। खेलने से हमारी दिमागी क्षमता बढ़ती है, हमें टीम वर्क करना सीखाता है, और हमें संयम और अनुशासन की भावना देता है।

खेलों का खेलने से हमारे शारीरिक स्वास्थ्य में भी सुधार होता है। खेलने से हमारे हड्डियों और मांसपेशियों का विकास होता है, जिससे हमारी शारीरिक ताकत और दाँय-दिल की गतिशीलता में सुधार होता है।

खेलों का सामाजिक प्रभाव भी काफ"
723,प्राचीन भारतीय विज्ञान और तकनीक,"प्राचीन भारतीय सभ्यता ने अपने क्षेत्र में अनेक वैज्ञानिक और तकनीकी अविष्कार किए हैं जिन्होंने समृद्ध सांस्कृतिक विरासत को विदेशियों के सामने प्रकट किया। भारतीय विज्ञान और तकनीक क्षेत्र में विज्ञानिक अनुसंधान और अविष्कार ने विश्व को चौंका दिया है।

भारतीय वैज्ञानिकों ने गणित, खगोलशास्त्र, औषधि विज्ञान, यांत्रिकी और अन्य क्षेत्रों में महत्वपूर्ण योगदान दिया है। वे प्य्थागोरस और अरिस्टोटल के सिद्धांतों को नहीं मानते थे और अपनी स्वतंत्र धारणाओं पर आधारित थे।

भारतीय गणितज्ञ आर्यभट्ट, ब्राह्मगुप"
724,जीन थेरेपी की प्रगति,"जीन थेरेपी एक उत्कृष्ट तकनीक है जो विज्ञानी द्वारा मानव रोगों का इलाज करने के लिए उपयोग की जाती है। यह एक संशोधन तकनीक है जिसमें विशेष जीन को मानव ऊतकों में स्थापित किया जाता है ताकि वे विशिष्ट रोगों का इलाज कर सकें। जीन थेरेपी ने कई विभिन्न रोगों के इलाज में क्रांति ला दी है, जैसे मुख्यतः अधिकतम सामान्य रोग, कैंसर, मधुमेह, मस्तिष्क रोग आदि।

जीन थेरेपी का उद्देश्य इस तकनीक के माध्यम से रोग का कारण निकालकर उसे ठीक करना है। इसके लिए विशेष जीन को एक विशिष्ट तकनीक से मानव ऊतकों में पहुंचाया जाता है ताकि"
726,विश्व की महान वास्तुकला,"वास्तुकला एक विशेष कला है जो मानव सभ्यता की विकास और सांस्कृतिक विरासत का प्रमुख धारक है। इसका महत्वपूर्ण स्थान विश्व की महान वास्तुकला में है, जो विभिन्न भागों में पाई जाती है।

भारत में, खजुराहो, अजंता एलोरा, खजुराहो, और ताजमहल जैसे स्थान विश्व की महान वास्तुकला का उत्कृष्ट उदाहरण हैं। इन स्थलों के भव्य मंदिर, गुफाएं और स्मारक दर्शकों को अपनी सुंदरता और विशेषता से प्रभावित करते हैं।

चीन में, ग्रेट वॉल ऑफ चाइना और फर्बिडन सिटी के इतिहासी स्मारक वास्तुकला के दृश्यों का आनंद लेते हैं।

यूरोप में, लुवर म"
727,वैक्सीन विकास में नई तकनीकें,"वैक्सीन विकास में नई तकनीकें

वैक्सीन एक महत्वपूर्ण तकनीक है जिससे हम विभिन्न रोगों से लड़ सकते हैं। वैक्सीन विकास में नवाचारों का संबंध बीमारियों के खिलाफ उन्नत और प्रभावी वैक्सीनों के विकास से है।

एक नई तकनीक जिसे ""मॉडर्ना"" कहा जाता है, वैक्सीन विकास में अहम योगदान दे रहा है। इस तकनीक में, मेसेंजर आरएनए या एमआरएनए उपयोग किया जाता है जो शरीर में विशेष प्रकार के प्रोटीन बनाने के लिए उत्साहित करता है। इसे अंतिम रूप देने के लिए, यह विशेष प्रोटीन के खिलाफ रोग मानव शरीर का प्रतिक्रियात्मक प्रतिक्रिया"
725,मानसिक स्वास्थ्य और टेक्नोलॉजी,"मानसिक स्वास्थ्य और तकनीकी उन्नति के बीच गहरा संबंध है। आजकल कंप्यूटर, स्मार्टफोन, सोशल मीडिया आदि की चपेट में आकर लोग अक्सर अपने मानसिक स्वास्थ्य को भूल जाते हैं। लेकिन वास्तव में, तकनीकी उपकरण भी हमारे मानसिक स्वास्थ्य को सुधारने में मददगार साबित हो सकते हैं।

एक ओर, जहां तकनीक के द्वारा हम अपने दिनचर्या को बेहतर बना सकते हैं, वहीं दूसरी ओर इंटरनेट की दुनिया में खो जाने से हमारा ध्यान बिखर सकता है। इसलिए, मानसिक स्वास्थ्य के लिए तकनीकी उपकरणों का संतुलित उपयोग करना अत्यंत महत्वपूर्ण है।

कई मानसिक स्वास"
728,मानसिक स्वास्थ्य और टेक्नोलॉजी,"मानसिक स्वास्थ्य और टेक्नोलॉजी दोनों ही महत्वपूर्ण क्षेत्र हैं जो हमारे जीवन में महत्वपूर्ण भूमिका निभाते हैं। मानसिक स्वास्थ्य का मतलब है मानसिक, भावनात्मक और सामाजिक रूप से सुखी और सकुशल रहना। इसके विपरीत, अच्छे मानसिक स्वास्थ्य का अभाव हमें तनाव, अवसाद और अन्य मानसिक समस्याओं का सामना करने के लिए मजबूर कर सकता है।

टेक्नोलॉजी ने मानसिक स्वास्थ्य के क्षेत्र में भी अहम योगदान दिया है। आज के दौर में, विभिन्न मानसिक स्वास्थ्य सेवाएं और उपकरण उपलब्ध हैं जो मानसिक स्वास्थ्य समस्याओं को पहचानने, निदान करने और उपचार क"
729,व्यायाम और फिटनेस ट्रैकिंग ऐप्स,"आजकल व्यायाम और फिटनेस ट्रैकिंग ऐप्स का उपयोग लोगों के बीमारियों से दूर रहने और अच्छे स्वास्थ्य की देखभाल के लिए काफी अहम है। ये ऐप्स आपको व्यायाम का समय, आहार, नींद और अन्य स्वास्थ्य संबंधित जानकारी प्रदान करते हैं। 

व्यायाम और फिटनेस ट्रैकिंग ऐप्स का उपयोग करने से आप अपने लक्ष्यों के दिशा-निर्देश, प्रगति, और स्थिति का समीक्षा कर सकते हैं। ये ऐप्स आपके लिए व्यायाम योजना बनाने में भी मदद करते हैं और आपके प्रतिदिन की गतिविधियों का निरीक्षण करते हैं। 

कुछ ऐप्स मान्यताओं के आधार पर आपको संलग्न किया जा सकता है"
730,अंतरिक्ष अन्वेषण का इतिहास,"अंतरिक्ष अन्वेषण एक रोमांचक क्षेत्र है जो मानव समुदाय के लिए एक नया मार्ग प्रदान करता है। यह साइंस और तकनीक में कई नए उदानों को संभव बनाता है। अंतरिक्ष अन्वेषण का इतिहास बहुत प्राचीन है।

इतिहास की शुरुआत ग्रीक और रोमन समय से है, जब स्थिर तारे और ग्रहों की गणना और अध्ययन किया जाता था। बाद में भूगोलीय अनुसंधान और नौकाओं के प्रयोग से अंतरिक्ष की अध्ययन की गई।

मानव इतिहास में पहला अंतरिक्ष यात्री रूस का युरी गागरीन था, जो 1961 में वोस्टोक-1 मिशन के जरिए अंतरिक्ष में गए। इसके बाद, अंतरिक्ष अन्वेषण का न"
731,खेलों का विकास और उनका सामाजिक प्रभाव,"खेलों का विकास और उनका सामाजिक प्रभाव

खेल इंसान के जीवन में महत्वपूर्ण भूमिका निभाते हैं। वे न केवल शारीरिक स्वास्थ्य के लिए महत्वपूर्ण होते हैं बल्कि मानसिक स्वास्थ्य और सामाजिक विकास के लिए भी आवश्यक हैं। खेल खेलने से हमारे शरीर का संतुलन बना रहता है, हमारी शक्ति बढ़ती है और हमारी मानसिक चुनौतियों का सामना करने की क्षमता बढ़ जाती है।

खेलों का सामाजिक प्रभाव भी काफी महत्वपूर्ण है। खेल खेलने से हम सामर्थ्य, टीम वर्क, सहनशीलता, और साथीभाव का महत्व सीखते हैं। खेलों में व्यक्तित्व विकसित करने का भी महत्व है, जैसे योग"
732,जीन थेरेपी की प्रगति,"जीन थेरेपी एक उत्कृष्ट तकनीक है जिसका उपयोग विभिन्न जनन-संबंधी रोगों और अन्य जीवाणुओं के लिए किया जाता है। यह उपचार कार्यक्रम विशेष टारगेटस जीन को ठीक करने के लिए डिज़ाइन किया गया है, जो विशिष्ट रोग के कारण हो सकता है। जीन थेरेपी का उद्देश्य विकल्प उपचार के साथ मुकाबला करने के रूप में कार्य करना है और मरीजों की गुणसूत्र को सुधारना है।

जीन थेरेपी विभिन्न प्रकार की जीन्स का उपयोग करती है, जैसे कि DNA, RNA और अन्य जीनों को संशोधित करने के लिए तकनीक। यह विशिष्ट जीन के विनिमय को समर्थित करने के लिए कई तकनीकों का"
733,विश्व के आश्चर्यजनक प्राकृतिक स्थल,"विश्व भर में कई आश्चर्यजनक प्राकृतिक स्थल हैं जो अपनी सुंदरता और अनूठापन के लिए प्रसिद्ध हैं। इन स्थलों में विभिन्न प्राकृतिक आकर्षण और विविधता होती है जो यात्रियों को खींचती है।

एक ऐसा प्राकृतिक स्थल है ग्रैंड कैनयन जो कनाडा और अमेरिका की सीमा पर स्थित है। यह विश्व का सबसे गहरा नाला है और इसकी खूबसूरती देखने वालों को वास्तव में हैरान कर देती है। फिर, नॉर्वे का नॉर्वेजियन फ्ज़ॉर्ड भी एक अद्वितीय प्राकृतिक स्थल है जिसकी लम्बाई करीब 200 किमी है और इसकी सुंदरता दर्शकों को मोह लेती है।

विश्व के अन्य प्राकृ"
734,व्यायाम और फिटनेस ट्रैकिंग ऐप्स,"व्यायाम और फिटनेस ट्रैकिंग ऐप्स आजकल लोगों के जीवन में एक महत्वपूर्ण भूमिका निभा रहे हैं। इन ऐप्स की मदद से लोग अपने रोज़ाना के व्यायाम और आहार का ध्यान रख सकते हैं और अपने स्वास्थ्य को सुधार सकते हैं। ये ऐप्स विभिन्न फीचर्स के साथ आते हैं जैसे कि व्यायाम ट्रैकिंग, आहार की जानकारी, कैलोरी काउंट, स्लीप ट्रैकिंग आदि।

इन ऐप्स की मदद से लोग अपने लक्ष्यों को साधने के लिए निरंतर मोटिवेट रहते हैं। व्यायाम ट्रैकिंग फ़ीचर के जरिए लोग अपने व्यायाम की जानकारी जैसे कि दौड़ने, व्यायाम, योग, गिम जानक"
735,वैक्सीन विकास में नई तकनीकें,"वैक्सीन विकास में नई तकनीकें का उपयोग करना आजकल वैक्सीनों को तेजी से विकसित करने के लिए महत्वपूर्ण है। नई तकनीकें वैक्सीन निर्माण में विज्ञानिकों को मदद करती हैं, जिससे वे तेजी से और अधिक प्रभावी वैक्सीन विकसित कर सकें।

एक ऐसी नई तकनीक है mRNA वैक्सीन। इस तकनीक में, सुरक्षित mRNA का उपयोग करके शरीर को विशेष प्रकार के प्रोटीन बनाने के लिए प्रेरित किया जाता है, जिससे रोग के खिलाफ रोगी की प्रतिरक्षा बढ़ती है। यह तकनीक COVID-19 वैक्सीनों में उपयोग की गई है और इसने वैक्सीन विकास की दिशा में एक नया मोड़ खोला है।

एक"
736,पोषण और आहार में नई खोजें,"पोषण और आहार के क्षेत्र में नई खोजें लगातार हो रही हैं जो स्वास्थ्य और उत्पादकता में सुधार कर सकती हैं। इन तकनीकों के माध्यम से समृद्धि की दिशा में कई नए अवसर उपलब्ध हो रहे हैं।

एक ऐसी नई खोज है क्लोनिंग और जेनेटिक इंजीनियरिंग की जिसके माध्यम से पोषण में सुधार किया जा सकता है। इस तकनीक के जरिए विशेष प्रकार के फसलों और पशुओं का उत्पादन किया जा सकता है जिनमें अधिक पोषक तत्व होते हैं। इससे लोगों को पोषण से भरपूर आहार मिल सकता है जिससे समृद्धि में वृद्धि हो सकती है।

एक और नई खोज है 'पोषण की बारीकी' जिसम"
737,प्राचीन भारतीय विज्ञान और तकनीक,"प्राचीन भारत में विज्ञान और तकनीक का इतिहास बहुत पुराना है और यहां के वैज्ञानिकों ने अनेक अद्भुत अविष्कार किए हैं। भारतीय विज्ञान में गणित, ज्योतिष, वास्तुकला, धातुरूपी, चिकित्सा, आयुर्वेद, जलवायु विज्ञान, अंतरिक्ष विज्ञान और धार्मिक ग्रंथों में विज्ञान जैसे विषयों पर अनुसंधान किया गया है।

भारतीय गणितकार आर्यभट्ट ने गोलाध्ययन नामक ग्रंथ लिखा जिसमें वह गोलाकार संरचनाओं के लिए गणितीय सिद्धांतों का वर्णन किया। भारतीय वैज्ञानिक वराहमिहिर ने महासिद्धांत शिरोमणि नामक किताब लिखी, जिसमें वह स"
738,वैक्सीन विकास में नई तकनीकें,"वैक्सीन विकास में नई तकनीकें वैज्ञानिकों के लिए एक महत्वपूर्ण क्षेत्र हैं। इन तकनीकों का उद्देश्य वैक्सीनों की असरकारिता और सुरक्षा को बढ़ाना है।

एक नई तकनीक के रूप में mRNA वैक्सीन विकास एक चर्चित क्षेत्र है। ये वैक्सीन वायरस के लक्षणों के खिलाफ प्रेरित करने के लिए mRNA सामग्री का उपयोग करती हैं। यह वैक्सीन वैराल इन्फेक्शन के खिलाफ शक्तिशाली रूप से प्रतिक्रिया उत्पन्न करने की क्षमता प्रदान कर सकती है।

एक और रोमांचक तकनीक CRISPR-Cas9 है, जिसे वैक्सीन विकास में उपयोग किया जा रहा है। यह तकनीक वायरस की रीतियों को संश"
739,मानसिक स्वास्थ्य और टेक्नोलॉजी,"मानसिक स्वास्थ्य और टेक्नोलॉजी दोनों ही महत्वपूर्ण क्षेत्र हैं जिनका संबंध हमारे दैनिक जीवन से है। आज के दौर में टेक्नोलॉजी का उपयोग मानसिक स्वास्थ्य में सुधार करने के लिए किया जा रहा है। यहां कुछ तकनीकी उपायों के बारे में चर्चा की जा सकती है जो मानसिक स्वास्थ्य को सुधारने में मदद कर सकते हैं।

पहले तो, मानसिक स्वास्थ्य एप्लीकेशन्स बहुत महत्वपूर्ण हैं। ये ऐप्स मानसिक स्वास्थ्य से जुड़ी सहायक सेवाएं प्रदान करते हैं, जैसे मनोरोग अवस्था की जांच, माइंडफुलनेस अभ्यास, श्वासायाम तकनीक आदि। 

दूसरे, ध्यान एप्लीकेश"
740,व्यायाम और फिटनेस ट्रैकिंग ऐप्स,"व्यायाम और फिटनेस ट्रैकिंग ऐप्स आजकल स्वास्थ्य और फिटनेस जीवनशैली का महत्वपूर्ण हिस्सा बन गई हैं। ये ऐप्स आपको स्वस्थ रहने में मदद करते हैं और आपके लक्ष्यों को प्राप्त करने में सहायता प्रदान करते हैं। ये ऐप्स आपके व्यायाम सत्र, प्रतिदिन की चलने, भोजन की जानकारी, नींद की मात्रा, वजन और अन्य विभिन्न पैरामीटर को ट्रैक करने में मदद करते हैं।

कुछ प्रमुख व्यायाम और फिटनेस ट्रैकिंग ऐप्स में 'MyFitnessPal', 'Fitbit', 'Nike Training Club', 'Couch to 5K', 'Strava' और 'Google Fit' शामिल हैं। ये ऐप्स आपके व्यायाम सत्र को ट्रैक करने में मदद करते हैं, आपके प्रगति को दर्शाते हैं,"
741,टेलीमेडिसिन का भविष्य,"टेलीमेडिसिन एक ऐसा तकनीकी उपाय है जिसमें चिकित्सा सेवाएं और सलाहकारी सेवाएं दूरस्थ संचार साधनों के माध्यम से प्रदान की जाती हैं। यह तकनीक चिकित्सकों और रोगियों के बीच संपर्क को सुगम और सुविधाजनक बनाती है। टेलीमेडिसिन के माध्यम से लोग अपने घर से ही चिकित्सा सलाह और उपचार प्राप्त कर सकते हैं, जिससे समय और श्रम की बचत होती है।

टेलीमेडिसिन का भविष्य बहुत उज्जवल और सुविधाजनक है। इसके माध्यम से लोग अपनी सेहत से जुड़ी समस्याओं का समाधान ढूंढने के लिए विभिन्न चिकित्सा विशेषज्ञों से बात कर सकेंगे। विशेषज्ञों की सलाह के"
743,व्यायाम और फिटनेस ट्रैकिंग ऐप्स,"आजकल व्यायाम और फिटनेस का महत्व बढ़ चुका है और लोग स्वस्थ जीवन जीने के लिए अधिक उत्साहित हैं। व्यायाम और फिटनेस ट्रैकिंग ऐप्स इस क्षेत्र में एक महत्वपूर्ण भूमिका निभा रहे हैं। ये ऐप्स उपयोगकर्ताओं को उनके व्यायाम और डाइट प्लान को ट्रैक करने में मदद करते हैं और स्वस्थ जीवनशैली को बनाए रखने में सहायक होते हैं।

ये ऐप्स उपयोगकर्ताओं को व्यायाम सत्र, दौड़-घुसर, योग और अन्य व्यायाम गतिविधियों को ट्रैक करने में मदद करते हैं। साथ ही, ये ऐप्स उपयोगकर्ताओं की कैलोरी खपत, प्रतिशत शरीर की चर्बी, हृदय दर,"
742,वैक्सीन विकास में नई तकनीकें,"वैक्सीन विकास में नई तकनीकें

वैक्सीन एक महत्वपूर्ण तकनीक है जो रोगों से लड़ने में मदद करती है। हाल ही में, वैक्सीन विकास में कई नई तकनीकें उपयोग में आई हैं जो इस क्षेत्र में नए और सुगम कार्य प्रणालियों की संभावनाएं खोल रही हैं।

1. mRNA वैक्सीन: mRNA वैक्सीन विकास में एक बड़ा कदम है। इसमें वैक्सीन के लिए mRNA प्रोटीन कोड करता है, जिससे शरीर को रोग के खिलाफ रोकावट उत्पन्न करने की क्षमता मिलती है।

2. विकेटर वायरस: यह एक और प्रमुख तकनीक है जिसमें विकेटर वायरस को इस्तेमाल करके वैक्सीन विकसित की जा रही है। इसमें व"
745,विश्व की महान वास्तुकला,"वास्तुकला एक विशेष कला है जो मानव सभ्यता का अभिन्न हिस्सा है। इसका उद्भव बहुत प्राचीन समय से है और हर युग में अपनी अलग पहचान रखता है। वास्तुकला का उद्देश्य शारीरिक स्थिरता के साथ ही भव्यता और सुंदरता को ध्यान में रखकर निर्माण करना होता है।

विश्व की महान वास्तुकला के विषय में बात करें तो भारतीय वास्तुकला को उल्लेख किया जाना जरूरी है। हमारे देश में खगोल वास्तुकला, स्थापत्यकला और मूर्तिकला के विभिन्न रूप देखने को मिलते हैं। वास्तुकला के विभिन्न पहलुओं का अध्ययन करने से हमें हमारे पूर्वजों की उनकी विचारधारा, ध"
746,वैक्सीन विकास में नई तकनीकें,"वैक्सीन विकास एक महत्वपूर्ण क्षेत्र है जिसमें नवाचारी तकनीकें नए दरवाजे खोल रही हैं। इसके साथ ही यह तकनीकें वैक्सीन निर्माण और परीक्षण की गति को भी तेज कर रही हैं। 

प्रोटीन इंजेक्शन के अतिरिक्त, जेनेटिक इंजीनियरिंग एक और महत्वपूर्ण तकनीक है जिसका उपयोग वैक्सीन विकास में किया जा रहा है। इस तकनीक के माध्यम से जीनेटिक मार्ग से तैयार की गई वैक्सीनें शरीर को विशिष्ट रोग प्रतिरोधक प्रणाली (immune system) बनाने में मदद करती हैं। यह एक तेजी से विकसित हो रही तकनीक है जो वैक्सीन विकास की प्रक्रिया को सुगम बनाती है। 

नैनो"
744,वैक्सीन विकास में नई तकनीकें,"वैक्सीन विकास में नई तकनीकें

वैक्सीन विकास एक महत्वपूर्ण क्षेत्र है जो सार्वजनिक स्वास्थ्य को सुरक्षित रखने में महत्वपूर्ण भूमिका निभाता है। हाल ही में, कई नई तकनीकें वैक्सीन विकास को तेजी से और अधिक प्रभावी बनाने के लिए उपयोग की जा रही हैं।

1. mRNA वैक्सीन: mRNA वैक्सीन एक नई प्रकार की वैक्सीन है जिसमें mRNA कोड को उपयोग करके शरीर को वायरस के खिलाफ रोकने की क्षमता प्रदान की जाती है। यह तकनीक कोरोना वायरस के खिलाफ वैक्सीन विकसित करने में कामयाब रही है।

2. विरल वेक्टर वैक्सीन: इस तकनीक में, एक अनुक्रमिक वायरस को वैक"
747,विश्व के आश्चर्यजनक प्राकृतिक स्थल,"पृथ्वी पर अनगिनत सुंदर और अद्भुत स्थल हैं जो हमें अपनी प्राकृतिक सौंदर्य से प्रभावित करते हैं। यहाँ कुछ ऐसे आश्चर्यजनक प्राकृतिक स्थलों का वर्णन किया जा रहा है जो विश्व के लोगों के दिलों में एक अलग हिस्सा बन चुके हैं।

1. ग्रैंड कैनयन, अमेरिका: यह दुनिया का सबसे लंबा घाटी है और इसकी गहराई और व्यापकता ने लोगों को वाहवाही कर दी है।

2. एयर्स रॉक, ऑस्ट्रेलिया: यह उच्चतम चट्टान है जो उत्तरी टेरिटरी में स्थित है और इसका दृश्य अविश्वसनीय है।

3. नाइगारा जलप्रपात, कनाडा-अमेरिका सीमा: यह जलप्रपात दुनिया"
748,व्यायाम और फिटनेस ट्रैकिंग ऐप्स,"आजकल व्यायाम और फिटनेस की दिशा में जागरूकता बढ़ रही है और लोग अपने स्वास्थ्य का ध्यान रखने के लिए अलग-अलग तरीकों से प्रेरित हो रहे हैं। व्यायाम और फिटनेस ट्रैकिंग ऐप्स इसमें महत्वपूर्ण भूमिका निभा रहे हैं। ये ऐप्स आपके व्यायाम, आहार, नींद और अन्य स्वास्थ्य संबंधित डेटा को ट्रैक करने में मदद करते हैं। 

इन ऐप्स की मदद से आप अपने व्यायाम की प्रगति को ट्रैक कर सकते हैं, नियमितता बना सकते हैं, व्यायाम की जानकारी प्राप्त कर सकते हैं और अपने लक्ष्यों की दिशा में अग्रसर हो सकते हैं। इन ऐप्स में कई फीचर्स शामिल होते"
749,टेलीमेडिसिन का भविष्य,"टेलीमेडिसिन एक तकनीकी योग्यता का सामूहिक उपयोग है जिसका उद्देश्य चिकित्सा सेवाओं को व्यक्तिगतीकृत, दूरस्थ रूप से प्रदान करना है। टेलीमेडिसिन का उपयोग डिजिटल संचार के माध्यम से चिकित्सा देखभाल, निदान, उपचार, और निगरानी को सुविधाजनक बनाता है।

भविष्य में, टेलीमेडिसिन की भूमिका महत्वपूर्ण होने के संकेत हैं। इसके कई लाभ हैं, जैसे कि विशेषज्ञ चिकित्सा सेवाएं सर्वदा उपलब्ध होती हैं, रोगी के यहाँ जाने की आवश्यकता नहीं होती है, चिकित्सा देखभाल की गुणवत्ता में सुधार होता है, और रोगी की अधिक सक्रिय भागीद"
750,टेलीमेडिसिन का भविष्य,"टेलीमेडिसिन एक प्रौद्योगिकी है जिसके माध्यम से चिकित्सा सेवाएं दूरस्थ स्थानों से प्राप्त की जा सकती हैं। यह तकनीकी उन्नति ने चिकित्सा क्षेत्र में क्रांति ला दी है और भविष्य में इसका और भी बड़ा महत्व होने की संभावना है।

टेलीमेडिसिन की मुख्य फायदे में से एक है कि यह दूरस्थ इलाकों में रहने वाले लोगों को भी उच्च-गुणवत्ता वाली चिकित्सा सेवाएं प्रदान करने में मदद करती है। इसके अलावा, यह अस्पतालों और डॉक्टरों के भी बोझ को कम करने में सहायक होती है, जिससे चिकित्सा सेवाएं अधिक लोगों तक पहुंच सकती हैं।

टेलीमेडिसिन के भ"
751,विश्व की महान वास्तुकला,"वास्तुकला एक ऐसी कला है जो मानव सभ्यता के साथ साथ इतिहास को भी दर्शाती है। विश्व भर में अनेक महान वास्तुकला का विरासत मिलता है, जिन्होंने समय के साथ अपनी अद्वितीयता और सुंदरता को बनाए रखा है।

एगिप्त के पिरामिड, यूनान की पर्थनान, रोमन संस्कृति के भवन, मुगलकालीन इंडिया के महल, रेनेसांस की इटली के ग्रंथगार, पेरिस का लूवर म्यूज़ियम, चीन के फॉरबिडेन सिटी, सिडनी का ओपेरा हाउस, इस्टर्न और वेस्टर्न आर्चिटेक्चर के जादूगर जैसे फ्रैंक ल्लॉय्ड व्राइट, लुक भांडर और फ्रैंक गहरी सोम महान वास्तुकला कलाकार हैं जिनके क"
752,जीन थेरेपी की प्रगति,"जीन थेरेपी एक उच्च प्रोफाइल तकनीक है जिसमें अनुकूलित जीनों का उपयोग रोगों के इलाज में किया जाता है। इस तकनीक के माध्यम से वैज्ञानिक भविष्य की दिशा में क्रांति लाने की संभावना है। जीन थेरेपी के विकास से रोगों के इलाज में नए द्वारे खुलें हैं और जिन रोगों के इलाज के लिए अभी तक कोई सटीक इलाज नहीं मिला है, उनके इलाज के लिए भी नई राहें खोली जा रही हैं।

जीन थेरेपी के माध्यम से रोगों के जीनों में परिवर्तन किया जा सकता है जिससे रोग के कारण बनने वाले अवरोधक गुण संशोधित हो सकते हैं। इसके अलावा, यह तकनीक कैंसर, जी"
753,जीन थेरेपी की प्रगति,"जीन थेरेपी एक उत्कृष्ट तकनीक है जिसका उपयोग विभिन्न जन्मजात रोगों और बीमारियों के इलाज में किया जाता है। यह तकनीक मानव जीवन को बदलने की क्षमता रखती है और वैज्ञानिक रूप से विकसित की गई है। जीन थेरेपी का मुख्य उद्देश्य अवांछित जीन को ठीक करना है, जिससे स्वस्थ्य जीवन जीने में मदद मिले।

इस तकनीक के विकास के साथ, जीन थेरेपी में कई महत्वपूर्ण प्रगतियां हुई हैं। पिछले कुछ वर्षों में वैज्ञानिकों ने जीन थेरेपी के लिए नई और अधिक प्रभावी तरीके विकसित किए हैं। इन नए तकनीकों का उपयोग कैंसर, जीनेटिक व"
754,जीन थेरेपी की प्रगति,"जीन थेरेपी एक उत्कृष्ट तकनीक है जिसका उपयोग अनेक जीवनशैली रोगों के इलाज में किया जाता है। यह विशेष रूप से जेनेटिक डिसऑर्डर्स, कैंसर, डायबिटीज, हृदय रोग, और एड़ीज़न से निपटने में मददगार है। जीन थेरेपी के माध्यम से मरकरी जेनोम को संशोधित किया जाता ह५ ताकि वे वास्तविक समस्याओं का समाधान कर सकें।

जीन थेरेपी के माध्यम से उपयोगकर्ता की जेनेटिक विशेषताएं और विकार स्पष्ट रूप से संशोधित की जा सकती हैं। इस तकनीक के उदाहरण में, कैंसर के इलाज में जीन थेरेपी का प्रयोग चिकित्सकों द्वारा किया जाता है। ज"
756,विश्व की महान वास्तुकला,"वास्तुकला एक महान कला है जो मानव सभ्यता के विकास का प्रमुख साक्षी है। वास्तुकला का इतिहास बहुत प्राचीन है और इसका प्रभाव सभी समुदायों और सभ्यताओं पर दिखाई देता है। विभिन्न देशों की वास्तुकला के संगम से विश्व की महान वास्तुकला की धरोहर बनी है।

भारतीय वास्तुकला एक ऐसी महान वास्तुकला है जो अपनी अलग पहचान रखती है। प्राचीन भारतीय वास्तुकला ने मंदिर, महल, किले, और उपनगरों के निर्माण में अपनी विशेषता दिखाई है। भारतीय वास्तुकला का मुख्य लक्ष्य सुंदरता, सत्यता और समानता को प्रमोट करना है।

यूरोपीय वास्तुकला ने भी अपने"
755,विश्व की महान वास्तुकला,"वास्तुकला एक ऐसी कला है जो मानव इतिहास में महत्वपूर्ण स्थान रखती है। वास्तुकला का उद्देश्य न केवल रूपांतर करना होता है, बल्कि इसका लक्ष्य होता है कि व्यक्ति को अपने आसपास के वातावरण में सुख और समृद्धि का अनुभव कराना।

विश्व की महान वास्तुकला के उदाहरणों में एगिप्त के पिरामिड, भारत के खजुराहो और कोनारक मंदिर, ग्रीस के पार्थनोन मंदिर, इटली के कोलोसियम, और फ्रांस के आइफेल टावर जैसी अद्वितीय इमारतें शामिल हैं। इन भव्य संरचनाओं में सुंदरता, शैली, और प्रौद्योगिकी का अद्वितीय संगम है।

विश्व की महान वास्तुकल"
757,व्यायाम और फिटनेस ट्रैकिंग ऐप्स,"आजकल जीवनशैली में बदलाव के कारण व्यायाम और फिटनेस की दिन-प्रतिदिन की आवश्यकता बढ़ गई है। इसके साथ ही तकनीक का जादू भी इस क्षेत्र में दिखाई दे रहा है। व्यायाम और फिटनेस ट्रैकिंग ऐप्स इस मामले में बहुत महत्वपूर्ण साबित हो रहे हैं।

व्यायाम और फिटनेस ट्रैकिंग ऐप्स की मदद से हम अपने रोज़ाना के व्यायाम और डाइट का पूर्वानुमान लगा सकते हैं। इन ऐप्स के जरिए हम अपनी कड़ी मेहनत का रिकॉर्ड रख सकते हैं, अपने प्रगति का ट्रैकिंग कर सकते हैं और अपने लक्ष्य की दिशा में अग्रसर हो सकते हैं।

इन ऐप्स में कई फीचर्स शामिल"
758,पोषण और आहार में नई खोजें,"पोषण और आहार में नई खोजें बड़े महत्वपूर्ण हैं क्योंकि यह लोगों के स्वास्थ्य और विकास में महत्वपूर्ण भूमिका निभाते हैं। नवीनतम तकनीकी खोजें और अनुसंधान इस क्षेत्र में नए दरवाजे खोल सकते हैं और जनस्वास्थ्य को सुधार सकते हैं।

आधुनिक समय में, वैज्ञानिक और शोधकर्ताओं ने नए पोषण और आहार संबंधित तकनीकों का विकास कर रहे हैं। उनमें से कुछ उदाहरण हैं जैसे कि पोषक तत्वों के सही संदर्भन की पहचान करने के लिए जीनोमिक्स और बायोइनफोर्मेटिक्स का उपयोग। विभिन्न आहार अवयवों के संयोजन से संबंधित अनुसं"
761,अंतरिक्ष अन्वेषण का इतिहास,"अंतरिक्ष अन्वेषण एक रोमांचक और महत्वपूर्ण क्षेत्र है जिसमें मानवता ने अद्वितीय प्रगति की है। अंतरिक्ष में जाने की इच्छा से लोगों ने चाँद, अंतरिक्ष यात्राएँ, गहन अंतरिक्ष, उपग्रह और अंतरिक्ष स्टेशन जैसे कई अद्वितीय और उच्च स्तरीय परियोजनाओं में भाग लिया है। 

अंतरिक्ष अन्वेषण का आरंभ सिर्फ 20वीं सदी में हुआ था। 1957 में सोवियत संघ द्वारा लॉन्च किए गए स्पुटनिक-1 से अंतरिक्ष अन्वेषण की शुरुआत हुई। इसके बाद यूरोप, अमेरिका, भारत, चीन और अन्य देशों ने भी अंतरिक्ष में अपनी महत्वपूर्ण यातायात और अनुस"
763,व्यायाम और फिटनेस ट्रैकिंग ऐप्स,"व्यायाम और फिटनेस ट्रैकिंग ऐप्स आजकल लोगों के लिए एक बेहद महत्वपूर्ण उपकरण बन गए हैं। ये ऐप्स उन्हें उनके लक्ष्य को प्राप्त करने में मदद करते हैं, स्वस्थ जीवनशैली को बनाए रखने में सहायक होते हैं और उन्हें मोटिवेट करते हैं।

व्यायाम और फिटनेस ट्रैकिंग ऐप्स कई तरह की सेवाएं प्रदान करते हैं, जैसे कि प्रतिदिन की व्यायाम की जानकारी, आहार ट्रैकिंग, समय तालिका, नींद की गुणवत्ता, हृदय दर, और अन्य शारीरिक परिमाणों का ट्रैकिंग। ये ऐप्स उपयोगकर्ताओं को उनके प्रगति की समीक्षा करने में मदद करते हैं और उन्हें आगे"
759,व्यायाम और फिटनेस ट्रैकिंग ऐप्स,"व्यायाम और फिटनेस ट्रैकिंग ऐप्स आजकल लोगों के लिए बहुत महत्वपूर्ण हो गए हैं। इन ऐप्स की मदद से लोग अपने व्यायाम और फिटनेस की प्रगति को ट्रैक कर सकते हैं और अपने लक्ष्यों को हासिल करने में मदद प्राप्त कर सकते हैं।

ये ऐप्स व्यायाम की समय, दूरी, कैलोरी जलाने और दिनभर की गतिविधियों को ट्रैक करने में मदद करते हैं। कुछ ऐप्स आपको दैनिक योग्यता और खानपान की सलाह भी देते हैं।

इन ऐप्स की मदद से आप अपने प्रोग्रेस को देख सकते हैं और खुद को मोटिवेट करने के लिए एक लक्ष्य निर्धारित कर सकते हैं। इन ऐप्स में आप अपने व्यायाम का स"
762,पोषण और आहार में नई खोजें,"पोषण और आहार एक व्यक्ति के स्वास्थ्य और विकास में महत्वपूर्ण भूमिका निभाते हैं। आधुनिक विज्ञान और तकनीक के विकास के साथ-साथ, नई खोजें भारतीय जनता के लिए स्वस्थ आहार उपलब्ध कराने में मददगार साबित हो रही हैं।

एक प्रमुख खोज में से एक हैं जैव इंजीनियरिंग के उत्पादित फसल। जैव इंजीनियरिंग के द्वारा वैज्ञानिकों ने आहार में जरूरी पोषक तत्वों की मात्रा बढ़ाने और पेष्टिसाइड के उपयोग को कम करने के उद्देश्य से उत्पादित फसलों का विकास किया है। ये फसलें अधिक पोषक तत्वों जैसे विटामिन, प्रोटीन, और खनिजों को प"
760,खेलों का विकास और उनका सामाजिक प्रभाव,"खेलों का विकास और उनका सामाजिक प्रभाव हमारे समाज में महत्वपूर्ण है। खेल न केवल हमारे शारीरिक स्वास्थ्य के लिए महत्वपूर्ण है, बल्कि यह हमारी मानसिक स्थिति और सामाजिक संबंधों को भी सुधारता है।

खेल खेलने से हमारी शारीरिक क्षमताएँ और उत्साह बढ़ता है। खेल करने से हमारी ऊर्जा का सही उपयोग होता है और हमारी शारीरिक क्षमताएँ विकसित होती हैं। साथ ही, खेल हमारे मानसिक स्वास्थ्य के लिए भी फायदेमंद है। खेल खेलने से हमारा ध्यान बढ़ता है, हमारी मानसिक चुनौतियों का सामना करने की क्षमता बढ़ती है और हमारी मनोदशा में सुधार आता है।

इस"
764,टेलीमेडिसिन का भविष्य,"टेलीमेडिसिन एक तकनीकी उपकरण है जो लोगों को दूरस्थ चिकित्सा सेवाएं प्रदान करने में मदद करता है। यह डिजिटल प्लेटफॉर्म और इंटरनेट के माध्यम से चिकित्सा सलाह, रोग निदान, दवाइयों की प्राप्ति और उपचार प्रदान करता है। टेलीमेडिसिन का भविष्य बहुत उज्जवल है।

पहले, यह विशेषज्ञ चिकित्सा सेवाएं देने में विशेषज्ञता और सहयोग प्रदान करने में मदद करेगा। विशेषज्ञ चिकित्सा सेवाओं की कमी के कारण लोगों को उचित चिकित्सा सेवाएं प्राप्त करने में मदद मिलेगी।

दूसरे, टेलीमेडिसिन के जरिए लोग अपने घर से ही चिकित्सा सलाह प्राप्त कर सक"
768,भारतीय संस्कृति में त्योहारों का महत्व,"भारतीय संस्कृति में त्योहारों का विशेष महत्व है। इन त्योहारों की विविधता और रंगीनता देश की सामाजिक, सांस्कृतिक और आध्यात्मिक धरोहर को दर्शाती है। ये त्योहार समाज को एकजुट करने में मदद करते हैं और लोगों के बीच एक प्रेम और एकता की भावना को प्रोत्साहित करते हैं।

भारतीय संस्कृति में विभिन्न धर्मों के त्योहार शामिल हैं जैसे होली, दीवाली, ईद, बैसाखी, दशहरा, गणेश चतुर्थी, नवरात्रि आदि। ये त्योहार वर्षभर विभिन्न मौसमों में मनाए जाते हैं और लोगों के जीवन में उत्साह, आनंद और समृद्धि भर देते हैं।

त्योहारो"
765,अंतरिक्ष अन्वेषण का इतिहास,"अंतरिक्ष अन्वेषण एक उत्कृष्ट विज्ञान और प्रौद्योगिकी क्षेत्र है जिसमें मानव समुदाय ने अपने ज्ञान की सीमाएँ बढ़ाने के लिए अद्वितीय प्रयास किए हैं। अंतरिक्ष अन्वेषण का इतिहास उसके विकास और उसके महत्वपूर्ण क्षणों का वर्णन करता है।

अंतरिक्ष का अध्ययन प्राचीनकाल से ही चल रहा है। वेदों में भी अंतरिक्ष के विषय में उल्लेख मिलता है। यहां तक कि वैग्यानिक क्रियावली वाले प्राचीन ग्रंथों में भी अंतरिक्ष का वर्णन है। 

आधुनिक अंतरिक्ष अन्वेषण की शुरूआत 20वीं सदी में अंतरिक्ष यातायात के लिए उपग्रहों का उपयोग करके ह"
767,अंतरिक्ष अन्वेषण का इतिहास,"अंतरिक्ष अन्वेषण एक महत्वपूर्ण क्षेत्र है जिसमें मानव समुदाय ने नए सबक्षुम अन्वेषणों और आविष्कारों की दुनिया को खोला है। इस क्षेत्र का इतिहास दिलचस्प है और उसमें कई महत्वपूर्ण घटनाएं शामिल हैं।

अंतरिक्ष अन्वेषण का आरंभ सामान्य रूप से 20वीं सदी के दौरान हुआ। 1957 में सोवियत संघ ने पहला स्पुतनिक उपग्रह अंतरिक्ष में लांच किया, जिससे अंतरिक्ष अन्वेषण की नई यात्रा की शुरुआत हुई। उसके बाद, अमेरिका ने अपने उपग्रहों को अंतरिक्ष में भेजने का प्रयास किया और इसके साथ ही अंतरिक्ष युद्ध की दिशा में भी काम किया।

1969 में"
766,मानसिक स्वास्थ्य और टेक्नोलॉजी,"मानसिक स्वास्थ्य और टेक्नोलॉजी दोनों हमारे जीवन में महत्वपूर्ण भूमिका निभाते हैं। टेक्नोलॉजी ने हमें नए और सुगम जीवन की सुविधाएं प्रदान की हैं, जिससे हमारा जीवन आसान और सुखमय हो गया है। वहीं, मानसिक स्वास्थ्य भी हमारे जीवन का एक महत्वपूर्ण हिस्सा है जिसका हमारे समग्र कल्याण में महत्वपूर्ण योगदान होता है।

टेक्नोलॉजी ने मानसिक स्वास्थ्य के क्षेत्र में भी अद्वितीय योगदान दिया है। आज के समय में हम दूरसंचार के माध्यम से अपने प्रियजनों और मित्रों से आसानी से संपर्क में रह सकते हैं, जिससे हमारा मानसिक संतुलन बना रहत"
769,मानसिक स्वास्थ्य और टेक्नोलॉजी,"मानसिक स्वास्थ्य और टेक्नोलॉजी एक गहरा संबंध रखते हैं। वर्तमान समय में टेक्नोलॉजी ने हमारे जीवन के हर क्षेत्र में अपनी उपस्थिति महसूस करवाई है, और इसका मानसिक स्वास्थ्य पर भी गहरा प्रभाव है।

एक ओर जहाँ टेक्नोलॉजी ने हमें ज्यादा संचार करने की सुविधा प्रदान की है, वहीं दूसरी ओर इसने हमें अकेलापन और तनाव में डाल दिया है। सोशल मीडिया का अनियमित उपयोग, ऑनलाइन गेमिंग की लत, और डिजिटल स्क्रीनों की लंबी समय तक उपयोग करने से मानसिक रोगों की संभावना बढ़ जाती है।

हालांकि, टेक्नोलॉजी को सही तरीके से उपयोग करके ह"
770,अंतरिक्ष अन्वेषण का इतिहास,"अंतरिक्ष अन्वेषण का इतिहास बहुत प्राचीन है और यह मानवता के लिए बहुत महत्वपूर्ण है। पहले भारतीय वेदों में अंतरिक्ष के अंदर और बाहर की अद्भुतता के विषय में उल्लेख किया गया है।

वैज्ञानिक अनुसंधान के बाद अंतरिक्ष अन्वेषण की शुरुआत तारामंडल की गहराई को समझने के लिए हुई थी। 1957 में सोवियत संघ ने दुनिया का पहला artificial satellite, स्पुतनिक-1 को लॉन्च किया। इसके बाद अमेरिका, यूरोप, चीन, भारत और अन्य देशों ने भी अपने अंतरिक्ष मिशन शुरू किए।

1969 में अमेरिका की NASA ने चांद पर मानव उपक्रम अपोलो-11 को लॉन्च किया और चांद पर पहला मानव चलने"
771,विश्व के आश्चर्यजनक प्राकृतिक स्थल,"विश्व का सौंदर्य और आश्चर्य न केवल मानव सृष्टि में है, बल्कि प्राकृतिक स्थलों में भी अद्वितीयता और शान्ति की अनुभूति होती है। यहाँ कुछ ऐसे आश्चर्यजनक प्राकृतिक स्थलों का उल्लेख किया जा रहा है जो वास्तव में दुनिया की अद्वितीयता को दर्शाते हैं।

हावाईए, हवाईए न्यूजीलैंड में स्थित एक छोटा द्वीप है जिसे अपने अविश्वसनीय प्राकृतिक सौंदर्य के लिए जाना जाता है। यहाँ के आकर्षक बहुतायत में उच्च पहाड़ियाँ, घास के मैदान, गहरे नीले सागर और घने जंगल शामिल हैं।

ग्रैंड कैनियन, अमेरिका में स्थित यह खाड़ी"
772,भारतीय संस्कृति में त्योहारों का महत्व,"भारतीय संस्कृति में त्योहारों का विशेष महत्व है। ये त्योहार हमारे समाज की सांस्कृतिक धरोहर को जीवंत रखते हैं और लोगों को एक साथ लाने में मदद करते हैं। भारतीय त्योहार अलग-अलग धर्म और समुदायों की भावनाओं और आदर्शों को साझा करने का माध्यम भी हैं।

भारत के हर राज्य में अपने-अपने विशेष त्योहार होते हैं जो उसकी सांस्कृतिक धरोहर को दर्शाते हैं। उनमें दीपावली, होली, दशहरा, ईद, बैसाखी, रक्षाबंधन, ईद-उल-फितर, गुरुपर्व, बैकुंठ एकादशी, क्रिसमस, गणेश चतुर्थी, नवरात्रि, लोहड़ी, रमजान, ख़ुशीत, तुलसी पू"
773,भारतीय संस्कृति में त्योहारों का महत्व,"भारतीय संस्कृति में त्योहारों का अत्यधिक महत्व है। भारतीय समाज में त्योहार एक महत्वपूर्ण सामाजिक और सांस्कृतिक गतिविधि है जो समाज को एक साथ जोड़ती है और समृद्धि और समरसता की भावना को बढ़ाती है। भारतीय संस्कृति में अनेक प्रकार के त्योहार मनाए जाते हैं जैसे दीवाली, होली, दुर्गा पूजा, रक्षाबंधन, दशहरा, ईद, क्रिसमस आदि।

ये त्योहार समाज में एकता, समरसता और भाईचारे की भावना को उत्पन्न करते हैं। इन त्योहारों के दौरान लोग एक-दूसरे के साथ प्यार और भाईचारे का भाव बाँटते हैं। इन त्योहारों के माध्यम से भारतीय स"
774,व्यायाम और फिटनेस ट्रैकिंग ऐप्स,"वर्तमान में व्यायाम और फिटनेस ट्रैकिंग ऐप्स की मांग बढ़ रही है जिससे लोग अपनी स्वास्थ्य से संबंधित जानकारी और स्वास्थ्य लक्ष्यों को पूरा करने के लिए सहायता प्राप्त कर सकते हैं। ये ऐप्स उपयोगकर्ताओं को उनके व्यायाम कार्यक्रम को ट्रैक करने, कैलोरी गणना करने, नींद की गुणवत्ता को मापने, हृदय दर और ब्लड प्रेशर की निगरानी करने, आहार ट्रैक करने, पानी पीने की योजना बनाने और अन्य फिटनेस लक्ष्यों की सेटिंग करने में मदद करते हैं।

ये ऐप्स सामाजिक संवाद का भी माध्यम बन सकते हैं जहाँ उपयोगकर्ता दूसरों से प्रेरणा लेते हैं और सह"
776,टेलीमेडिसिन का भविष्य,"टेलीमेडिसिन एक विज्ञान या तकनीक है जिसके माध्यम से चिकित्सा सेवाएं और सलाह दूरसंचार के माध्यम से प्रदान की जाती हैं। यह तकनीक इंटरनेट, मोबाइल फोन, वीडियो कॉल और अन्य इलेक्ट्रॉनिक माध्यमों का उपयोग करके स्वास्थ्य सेवाओं को पहुंचाती है।

टेलीमेडिसिन का भविष्य बहुत उज्जवल है। इसके प्रमुख लाभों में समय और दूरी की दोनों से छुटकारा है। इसके माध्यम से लोग अपने घर से ही चिकित्सा सलाह और उपचार प्राप्त कर सकते हैं जिससे उन्हें अस्पताल जाने की जरूरत नहीं होती है। यह विशेष रूप से गरीबों और दूरस्थ इलाकों के लोगों के ल"
775,भारतीय संस्कृति में त्योहारों का महत्व,"भारतीय संस्कृति में त्योहारों का विशेष महत्व है। ये त्योहार समाज के सांस्कृतिक और धार्मिक जीवन का महत्वपूर्ण हिस्सा हैं। भारतीय संस्कृति में कई तरह के धार्मिक, सांस्कृतिक और राष्ट्रीय त्योहार मनाए जाते हैं, जो हमारे जीवन में उत्साह, समरसता और सामूहिक भावनाओं को मजबूत करते हैं।

त्योहार एक समय होते हैं जब परिवार के सदस्य एक साथ आकर्षित होते हैं और एक-दूसरे के साथ समय बिताने का अवसर मिलता है। ये त्योहार हमें संस्कृति और विरासत को समझने और मानने में मदद करते हैं।

धार्मिक त्योहार जैसे दीपावली, होली, दशहरा, ईद"
777,विश्व की महान वास्तुकला,"वास्तुकला एक ऐसी कला है जो मानव सभ्यता की सांस्कृतिक और ऐतिहासिक पहचान है। वास्तुकला का विकास विभिन्न समय और स्थानों पर अलग-अलग रूपों में हुआ है, जिससे प्रत्येक समय की विशेषताएं और भावनाएं इसके अंदर प्रकट होती हैं। विश्व की महान वास्तुकला कई प्राचीन और मध्यकालीन संस्कृतियों से समृद्ध हैं।

इसमें ग्रीक, रोमन, इस्लामी, गोथिक, रेनेसांस, बारोक, नवयुगीन, मोडर्न आदि विभिन्न युगों की स्थापत्यकला की अद्वितीयता और महानता देखने को मिलती है। प्राचीन ग्रीक और रोमन शैली की स्थापत्यकला में सादगी, सुंदरता और समर्पणता की"
778,प्राचीन भारतीय विज्ञान और तकनीक,"प्राचीन भारतीय सभ्यता ने विज्ञान और तकनीक के क्षेत्र में अद्भुत योगदान दिया है। भारतीय वैज्ञानिक और गणितज्ञ ने अनेक आविष्कार किए जिन्होंने विश्व को चमत्कारिता से भर दिया।

प्राचीन भारत में गणित, ज्योतिष, वास्तुशास्त्र, अयुर्वेद और धार्मिक ग्रंथों में विज्ञान के कई सिद्धांत दिए गए हैं। भारतीय गणितज्ञ आर्यभट्ट ने ज्योतिष गणित के क्षेत्र में महत्वपूर्ण योगदान दिया। उन्होंने सूर्य और चन्द्रमा की गति का आकलन किया था।

भारतीय वास्तुशास्त्र ने भवन निर्माण के क्षेत्र में महत्वपूर्ण योगदान दिया है।"
779,टेलीमेडिसिन का भविष्य,"टेलीमेडिसिन एक तकनीकी उपाय है जिसमें वैद्यकीय सेवाएं और सलाह दूरसंचार माध्यम के माध्यम से प्रदान की जाती हैं। यह विशेषकर दूरस्थ क्षेत्रों में व्यापक अवसर प्रदान करता है जहां वैद्यकीय सुविधाएं कम होती हैं।

टेलीमेडिसिन का भविष्य उज्जवल है और इसका विस्तार और विकास अविश्वसनीय है। इसके कई लाभ हैं, जैसे कि दूरसंचार के माध्यम से वैद्यकीय सलाह, निदान और उपचार की पहुंच, घर बैठे रोगी की देखभाल, और वैद्यकीय संसाधनों का सही उपयोग।

टेलीमेडिसिन के सफलता का एक बड़ा कारण यह है कि यह समय और शुल्क दोनो"
781,व्यायाम और फिटनेस ट्रैकिंग ऐप्स,"आजकल व्यायाम और फिटनेस ट्रैकिंग ऐप्स का उपयोग लोगों के बीच बहुत लोकप्रिय हो रहा है। ये ऐप्स उपयोगकर्ताओं को उनके व्यायाम और खान-पान की जानकारी प्रदान करते हैं और उन्हें अपने स्वास्थ्य को संभालने में मदद करते हैं।

व्यायाम और फिटनेस ट्रैकिंग ऐप्स के कुछ मुख्य फायदे हैं। पहले, ये ऐप्स आपको आपके व्यायाम सत्र की निगरानी करने में मदद करते हैं, जिससे आप अपने लक्ष्य की दिशा में अग्रसर हो सकते हैं। दूसरे, ये ऐप्स आपके भोजन की जानकारी रखने में मदद करते हैं ताकि आप स्वस्थ खाने की आदतें डाल सकें। तीसरे, ये ऐप्स आ"
780,विश्व के आश्चर्यजनक प्राकृतिक स्थल,"विश्व भर में हमें अनेक आश्चर्यजनक प्राकृतिक स्थल मिलते हैं जिनकी सुंदरता और महत्वपूर्णता को देखकर हम अचंभित हो जाते हैं। ये स्थल वास्तव में प्राकृतिक विचारों का अद्वितीय संगम होते हैं और विभिन्न प्राकृतिक प्रक्रियाओं की अद्वितीयता को दर्शाते हैं।

एक ऐसा प्राकृतिक स्थल है मॉरीया डीप, जो समुद्र के गहराई में स्थित है और यह दुनिया का सबसे गहरा समुद्री कन्याकुमारी है। इसके अलावा, ग्रीनलैंड का एक और रोमांचक स्थल है, जिसे ऑूरोरा बोरियालिस कहा जाता है। यह आकर्षक प्रकार के चमकदार रंगीन चमकीली धाराएं बनाता है जो आसमान"
783,व्यायाम और फिटनेस ट्रैकिंग ऐप्स,"व्यायाम और फिटनेस ट्रैकिंग ऐप्स आजकल स्वस्थ जीवनशैली के लिए बहुत महत्वपूर्ण हो गए हैं। ये ऐप्स आपको दिनचर्या में नियमित व्यायाम करने के लिए प्रेरित करते हैं और आपके स्वास्थ्य को ट्रैक करने में मदद करते हैं।

ये ऐप्स उपयोगकर्ताओं को अपने व्यायाम की गति, दौड़ने की दूरी, खाने-पीने की जानकारी, नींद, और कई अन्य विवरणों को ट्रैक करने की सुविधा प्रदान करते हैं। इन ऐप्स की मदद से आप अपने लक्ष्यों की ओर साफ़ दिशा में काम कर सकते हैं और स्वस्थ जीवनशैली का पालन कर सकते हैं।

कुछ लोकप्रिय व्यायाम और फिटनेस ट्रैकिंग ऐ"
782,वैक्सीन विकास में नई तकनीकें,"आधुनिक वैक्सीन विकास में नई तकनीकें का उपयोग करना वैक्सीनों को अधिक प्रभावी, सुरक्षित और उत्पादक बनाने में मदद कर सकता है। इन नई तकनीकों में से कुछ मुख्य हैं:

1. mRNA वैक्सीन: यह तकनीक RNA मॉलीक्यूल का उपयोग करती है जो जीनेटिक जानकारी को सेल में पहुंचाने में मदद करता है। COVID-19 वैक्सीन Pfizer-BioNTech और Moderna जैसी कंपनियों द्वारा विकसित की गई है।

2. विकेटर वैक्सीन: यह तकनीक वायरल वेक्टर का उपयोग करती है जिसे एक अन्य वायरस के संदूषक बनाने के लिए बदल दिया गया है। Oxford-AstraZeneca की COVID-19 वैक्सीन इस तकनीक का उपयोग करती है।

3. नैनो"
784,खेलों का विकास और उनका सामाजिक प्रभाव,"खेलों का विकास और उनका सामाजिक प्रभाव

खेलों का खेलना और उनके समर्थन मानव जीवन का महत्वपूर्ण हिस्सा है। खेल सिर्फ मनोरंजन के लिए ही नहीं, बल्कि शारीरिक, मानसिक और सामाजिक विकास के लिए भी महत्वपूर्ण रोल निभाते हैं। खेलों के खेलने से शारीरिक रूप से स्वस्थ रहा जा सकता है, वहीं मानसिक रूप से भी खेल खेलने से व्यक्ति मनोबलियों को सामर्थ्य और स्वावलम्बी बनाता है।

खेलों का खेलना सामाजिक स्तर पर भी महत्वपूर्ण है। खेलों के माध्यम से जनसमुदाय में एकता, टोलरेंस, टीमवर्क और नेतृत्व कौशल विकसित होते हैं। खेलों के माध्यम से लोगों क"
785,विश्व की महान वास्तुकला,"वास्तुकला एक ऐसी कला है जो हमारे जीवन को सुंदरता और संतुलन के साथ सजाती है। वास्तुकला न केवल इमारतों की रचना की कला है, बल्कि यह हमारे समाज और संस्कृति की अद्भुतता को दर्शाने का एक माध्यम भी है।

विश्व की महान वास्तुकला की बात करें तो वहाँ कई ऐसी इमारतें हैं जो अपनी अद्वितीयता और सुंदरता के लिए प्रसिद्ध हैं। एक उदाहरण के रूप में, ताजमहल भारत की एक महान वास्तुकला इमारत है जिसे मुग़ल सम्राट शाहजहाँ ने अपनी पत्नी मुमताज़ की याद में बनवाया था। ताजमहल की महानता उसकी सुंदरता, विस्तृतता और वास्तुकला के शैली में निहित उत"
786,वैक्सीन विकास में नई तकनीकें,"वैक्सीन विकास में नई तकनीकें का उपयोग वैक्सीनों की अधिक सुरक्षित और प्रभावी बनाने के लिए किया जाता है। इन नई तकनीकों का उपयोग वैक्सीन विकास में ताकतवर और तेजी से प्रभावी वैक्सीन बनाने के लिए किया जाता है।

एक ऐसी नई तकनीक है mRNA वैक्सीन, जिसमें mRNA अणु का उपयोग किया जाता है। यह तकनीक जनता की सुरक्षा बढ़ाने के साथ ही वैक्सीन विकास की गति को तेज करती है। इसके अलावा, नैनोटेक्नोलॉजी भी वैक्सीनों के विकास में महत्वपूर्ण भूमिका निभा रही है। यह छोटी नैनो-अणुओं का उपयोग करती है जो वैक्सीन को समर्थन"
787,भारतीय संस्कृति में त्योहारों का महत्व,"भारतीय संस्कृति का एक महत्वपूर्ण पहलू उसके विविध और रंग-बिरंगे त्योहार हैं। भारतीय समाज में त्योहारों का खास महत्व है और इन्हें उत्सव, समारोह और धार्मिक अवसर के रूप में मनाया जाता है। ये त्योहार समाज में एकता, समरसता, समाजिक संबंधों को मजबूत करते हैं और लोगों के बीच अच्छे रिश्तों को बढ़ावा देते हैं।

भारतीय संस्कृति में विभिन्न धर्मों और समुदायों के त्योहार होते हैं जैसे होली, दीपावली, दशहरा, दुर्गा पूजा, ईद, गुरुपूर्णिमा आदि। ये त्योहार विभिन्न अवसरों पर मनाए जाते हैं और लोग उन्हें धार"
788,भारतीय संस्कृति में त्योहारों का महत्व,"भारतीय संस्कृति का अभिन्न हिस्सा त्योहार हैं। भारत में हर धर्म और समुदाय के अपने-अपने त्योहार होते हैं जो समृद्ध और विविध संस्कृति का प्रतीक हैं। ये त्योहार विभिन्न समाजिक, धार्मिक और सांस्कृतिक आयामों को जोड़कर समृद्धि और एकता का संदेश देते हैं। 

त्योहारों का महत्व भारतीय समाज में अत्यंत गहरा है। ये त्योहार लोगों को एक साथ लाते हैं, जो उनके जीवन में खुशियों और समृद्धि का आभास कराते हैं। वे समाज में समरसता और एकता को बढ़ावा देते हैं और लोगों के बीच सद्भावना और सहयोग को मजबूत करते हैं।

भारतीय सं"
789,वैक्सीन विकास में नई तकनीकें,"वैक्सीन विकास में नई तकनीकें एक महत्वपूर्ण क्षेत्र हैं जो सार्वजनिक स्वास्थ्य को सुरक्षित रखने में महत्वपूर्ण भूमिका निभाती हैं। वैक्सीन विकास में प्रौद्योगिकी के नवाचार कई तरह के हैं, जिनमें सबसे प्रमुख हैं:

1. RNA वैक्सीन: RNA वैक्सीन एक नई प्रौद्योगिकी है जिसमें वैक्सीन को वायरस के खिलाफ लड़ाई में शामिल किया जाता है। यह तकनीक कोरोना वायरस के खिलाफ वैक्सीन विकसित करने में उपयोग किया गया है।

2. नैनोटेक्नोलॉजी: नैनोटेक्नोलॉजी का उपयोग वैक्सीन के डिलीवरी सिस्टम को सुधारने के लिए किया जा रहा है"
790,व्यायाम और फिटनेस ट्रैकिंग ऐप्स,"आजकल व्यायाम और फिटनेस ट्रैकिंग ऐप्स बहुत प्रमुख हो गए हैं जो लोगों को उनके स्वास्थ्य और फिटनेस लक्ष्यों की दिशा में मदद करने में मदद करते हैं। ये ऐप्स उपयोगकर्ताओं को उनके व्यायाम सत्रों को ट्रैक करने, कैलोरी काउंट करने, नींद पैटर्न को मापने और स्वस्थ जीवनशैली के लिए सुझाव देने में मदद करते हैं।

कुछ प्रमुख फिटनेस ट्रैकिंग ऐप्स में शामिल हैं - MyFitnessPal, Fitbit, Samsung Health, Google Fit, इत्यादि। ये ऐप्स उपयोगकर्ताओं को उनके आहार, व्यायाम, नींद और अन्य फिटनेस गतिविधियों को ट्रैक करने में मदद करते हैं और समय-समय पर पुनरावलोकन कर उन्ह"
791,खेलों का विकास और उनका सामाजिक प्रभाव,"खेलों का विकास और उनका सामाजिक प्रभाव

खेलों का विकास और उनका सामाजिक प्रभाव एक अहम मुद्दा है जिसे हमें समझना चाहिए। खेल न केवल शारीरिक स्वास्थ्य के लिए महत्वपूर्ण है, बल्कि मानसिक, आत्मिक और सामाजिक विकास के लिए भी आवश्यक है। खेल करने से हमारे संवादनशीलता, सहनशीलता, समन्वय, टीमवर्क और नेतृत्व कौशल विकसित होते हैं।

खेल एक माध्यम है जिसके माध्यम से हम सामाजिक संबंध बनाते हैं, टीम में मिलजुलकर काम करते हैं और एक-दूसरे के साथ मेलजोल बनाए रखते हैं। खेल में हार-जीत, सफलता-असफलता के अनुभव से हमें आत्मविश्वास मिल"
792,मानसिक स्वास्थ्य और टेक्नोलॉजी,"मानसिक स्वास्थ्य और टेक्नोलॉजी दोनों ही आधुनिक जीवन में महत्वपूर्ण भूमिका निभाते हैं। जब इन दोनों क्षेत्रों को एक साथ मिलाया जाता है, तो यह व्यक्ति के जीवन में क्रांति ला सकता है। टेक्नोलॉजी के उपयोग से मानसिक स्वास्थ्य को सुधारा जा सकता है।

टेक्नोलॉजी ने मानसिक स्वास्थ्य के क्षेत्र में कई संभावनाएं प्रदान की हैं। आजकल कई मोबाइल एप्लिकेशन उपलब्ध हैं जो ध्यान, मेडिटेशन और स्वास्थ्य सम्बंधित सुझाव प्रदान करते हैं। इन एप्लिकेशन्स की मदद से लोग अपने तनाव को कम कर सकते हैं और मानसिक स्वास्थ्य को सुधार सकते हैं।

इंट"
794,पोषण और आहार में नई खोजें,"पोषण और आहार में नई खोजें एक बहुत ही महत्वपूर्ण और रोचक विषय हैं, जो हमारे स्वास्थ्य और तंदुरुस्ती के लिए अत्यंत महत्वपूर्ण हैं। आधुनिक विज्ञान और प्रौद्योगिकी की मदद से नए तकनीकी उपाय विकसित किए जा रहे हैं जो हमें और अधिक समृद्ध और पोषण से भरपूर आहार प्रदान कर सकते हैं।

आधुनिक खोज और अनुसंधान के तहत, मानव शरीर के लिए सर्वोत्तम पोषण प्रदान करने वाले आहारों की खोज की जा रही है। नए तरीके से उत्पादित आहार, जैसे कि सुपरफूड्स, प्रोबायोटिक्स, और आयरन फोर्टिफाइड खाद्य पदार्थ, विभिन्न पोषक तत्वो"
793,प्राचीन भारतीय विज्ञान और तकनीक,"प्राचीन भारतीय विज्ञान और तकनीक का इतिहास बहुत ही गौरवमय है। भारतीय सभ्यता ने विज्ञान और तकनीक के क्षेत्र में कई महत्वपूर्ण योगदान दिए हैं। वेदों में गणित, रसायन विज्ञान, ज्योतिष, और अन्य क्षेत्रों की जानकारी मौजूद है जिसने बाद में विश्व को बहुत कुछ सिखाया।

भारतीय गणित का इतिहास बहुत प्राचीन है और भारत ने शून्य (जिसे शून्य की खोज माना जाता है) का आविष्कार किया। भारतीय गणितकार आर्यभट्ट, ब्रह्मगुप्त, और भास्कर जैसे वैज्ञानिकों ने गणित में अपना योगदान दिया। भारतीय वैज्ञानिक चरक ने आय"
796,खेलों का विकास और उनका सामाजिक प्रभाव,"खेलों का विकास और उनका सामाजिक प्रभाव

खेल एक महत्वपूर्ण गतिविधि है जो हमारे शारीरिक, मानसिक और सामाजिक विकास में महत्वपूर्ण भूमिका निभाता है। खेल न केवल हमें स्वस्थ रखने में मदद करता है, बल्कि हमारे सामाजिक और मानसिक संतुलन को भी बनाए रखता है।

खेल करने से हमारे शारीरिक विकास में सुधार होता है। खेल खेलने से हमारी ऊर्जा बढ़ती है, हड्डियों की मजबूती बढ़ती है और हमारी टाइमिंग और कोआर्डिनेशन में सुधार होता है। साथ ही, खेलने से हमारे मानसिक स्वास्थ्य में भी सुधार होता है। खेल करने से हम स्ट्रेस से राहत पाते हैं, मनोबल बढ़त"
795,पोषण और आहार में नई खोजें,"पोषण और आहार विज्ञान में नवाचार लगातार विकसित हो रहे हैं जो स्वस्थ्य जीवनशैली को बनाए रखने में मदद कर रहे हैं। नई खोजें और तकनीकें लोगों को अधिक संजीवनी खाद्य पदार्थों और विटामिन संपन्न आहार प्रदान करने में सक्षम बना रही हैं।

एक नई खोज ने विटामिन D के स्रोत के रूप में विशेष धारक खाद्य सामग्रियों को पहचानने में मदद की है। इससे विटामिन D की कमी से होने वाली बीमारियों को रोकने में सहायक हो सकता है। दूसरी ओर, ग्लूटेन एलर्जी या संभावित अन्य एलर्जीज़ के लिए खाद्य सामग्रियों का विकसित करना भी एक प्रमुख ध्यानाकर"
797,जीन थेरेपी की प्रगति,"जीन थेरेपी एक उत्कृष्ट तकनीक है जिसका उपयोग विभिन्न जननांग रोगों, जैसे कि कैंसर, मधुमेह, जीवाणु संक्रमण आदि के उपचार में किया जाता है। इस तकनीक में, वैज्ञानिक जीनों को परिवर्तित कर इन रोगों का इलाज करने के लिए उन्हें मानव जीवन में प्रवेश कराया जाता है।

जीन थेरेपी के क्षेत्र में हाल ही में कई महत्वपूर्ण प्रगति हुई हैं। एक बड़ी सफलता उस तकनीक के विकास में हुआ है जिसमें लिपोसोमल विहिकल्स का उपयोग किया जाता है। यह विहिकल्स जीनों को सुरक्षित ढंग से स्थानांतरित करने में मदद करते हैं।

इसके अलावा, कृषि क्षेत्र"
798,टेलीमेडिसिन का भविष्य,"टेलीमेडिसिन एक प्रौद्योगिकी है जिसके माध्यम से दूरस्थ रूप से चिकित्सा सेवाएं प्रदान की जा सकती हैं। यह तकनीकी उन्नति का एक उच्चाधिकारिक उदाहरण है जो चिकित्सा क्षेत्र में आ रही है।

टेलीमेडिसिन का भविष्य उज्जवल है। इसके माध्यम से लोग अपने घर से ही चिकित्सा सलाह और उपचार प्राप्त कर सकते हैं। यह दूरस्थ रूप से डॉक्टर्स, रुग्णों और चिकित्सा स्टाफ के बीच संचार को सुगम बनाता है और चिकित्सा सेवाओं को अधिक पहुंचने योग्य बनाता है।

टेलीमेडिसिन के माध्यम से लोग विभिन्न चिकित्सा सेवाओं का लाभ उठा सकते हैं जैसे कि"
800,पोषण और आहार में नई खोजें,"पोषण और आहार एक स्वस्थ और सकारात्मक जीवन जीने के लिए महत्वपूर्ण हैं। नवाचार और तकनीकी विकास के क्षेत्र में विभिन्न खोजें की गई हैं जो लोगों को स्वस्थ रहने में मदद कर सकती हैं।

आधुनिक विज्ञान ने बुद्धिमानी से डिजाइन किए गए आहार के बारे में कई अद्भुत खोज की है। उनमें से एक खोज यह है कि कैसे विभिन्न पोषक तत्वों को सही मात्रा में आहार में शामिल किया जा सकता है ताकि शरीर को सभी आवश्यक पोषक तत्व मिल सकें।

दूसरी ओर, आधुनिक खोजों ने जीवाणुओं के आधार पर विकसित किए गए प्रोबायोटिक्स के बारे में भी बहुत कुछ सिखाया ह"
801,पोषण और आहार में नई खोजें,"पोषण और आहार में नई खोजें एक महत्वपूर्ण क्षेत्र हैं जो समाज के स्वास्थ्य और विकास के लिए अहम हैं। इस दिशा में वैज्ञानिकों ने कई नई खोजें की हैं जो लोगों को स्वस्थ्य रखने में मददगार साबित हो सकती हैं।

आधुनिक विज्ञान ने आहार के महत्व को समझा है और इसके साथ ही नई विचार भी लाए हैं। विभिन्न पोषक तत्वों के सही मात्रा में लेने का महत्व बताया गया है। इसके अलावा, पोषण से जुड़े नए तरीके भी विकसित किए गए हैं जैसे कि जीनोमिक्स और प्रोबायोटिक्स। जीनोमिक्स के माध्यम से हम अपने आहार में विभिन्न जीनोमिक विशेषताओं को ध्य"
799,प्राचीन भारतीय विज्ञान और तकनीक,"प्राचीन भारतीय सभ्यता ने विज्ञान और तकनीक के क्षेत्र में भी महत्वपूर्ण योगदान दिया है। भारतीय विज्ञानकार और गणितज्ञ आर्यभट्ट, ब्रह्मगुप्त, चाणक्य, सुश्रुत आदि उन्होंने विभिन्न क्षेत्रों में अपनी विशेषज्ञता दिखाई है।

गणित में, आर्यभट्ट ने ज्योतिष और गणित में महत्वपूर्ण कार्य किया। उन्होंने शून्य की खोज की और गोलार्ध कोष्टक की श्रेणी को विकसित किया।

भूगोल में, ब्रह्मगुप्त ने भू-विज्ञान के क्षेत्र में योगदान दिया। उन्होंने गणितीय नियमों का उपयोग करके सूर्य और चंद्रमा के गति को वर्णित किया।

च"
802,खेलों का विकास और उनका सामाजिक प्रभाव,"खेलों का विकास और उनका सामाजिक प्रभाव

खेलों का खेलना हमारे दिमाग, शारीरिक स्वास्थ्य और मानसिक स्वास्थ्य के लिए अत्यंत महत्वपूर्ण है। खेल हमें सामाजिक, शारीरिक, मानसिक और नैतिक रूप से सुदृढ़ बनाते हैं। खेलों के माध्यम से हम टीमवर्क, दृढ़ संयम, उत्साह और सहनशीलता जैसे महत्वपूर्ण गुणों का विकास कर सकते हैं।

खेल समाज में एक महत्वपूर्ण भूमिका निभाते हैं। वे समाज में एकता और सामर्थ्य को बढ़ावा देते हैं। खेलों के माध्यम से हम अपनी सामर्थ्य को बढ़ा सकते हैं और सामाजिक संबंधों को मजबूत कर सकते हैं। खेल एक माध्यम ह"
803,प्राचीन भारतीय विज्ञान और तकनीक,"प्राचीन भारतीय सभ्यता ने विज्ञान और तकनीक के क्षेत्र में भी महत्वपूर्ण योगदान दिया है। वेदों, उपनिषदों, पुराणों और अन्य प्राचीन ग्रंथों में भारतीय वैज्ञानिक और तकनीकी ज्ञान की व्याख्या उपलब्ध है।

वेदों में गणित, ज्योतिष, रसायन और इंजीनियरिंग के सिद्धांतों का विस्तार से वर्णन किया गया है। उदाहरण के लिए, ऋग्वेद में 'सूर्यमण्डल' का विस्तारित वर्णन मिलता है जो ब्रह्मांड के गठन के लिए उत्तम माना जाता है।

भारतीय गणित का विकास भी प्राचीनकाल से ही हुआ है। ब्राह्मगुप्त जैसे गणितज्ञों ने भौतिकी, ज्योतिष"
804,अंतरिक्ष अन्वेषण का इतिहास,"अंतरिक्ष अन्वेषण एक ऐसा क्षेत्र है जिसने मानव समुदाय को नए और अज्ञात स्थानों की ओर देखने के लिए प्रेरित किया है। इसका इतिहास बहुत प्राचीन है और यह विज्ञान और प्रौद्योगिकी के क्षेत्र में महत्वपूर्ण उन्नति का उदाहरण है।

अंतरिक्ष अन्वेषण की शुरुआत इंसान के प्राचीन समय से ही हो चुकी थी, जब वे सितारों को देखकर आकर्षित होते थे और उनके गतिविधियों का अध्ययन करने का प्रयास करते थे। इतिहास में प्रथम अन्तरिक्ष यात्रा 1961 में यूरी गागरिन द्वारा की गई थी, जब वे वोस्टोक 1 यान में अंतरिक्ष यात्रा करने वाले पहले व्यक्ति बने।

इसके"
806,पोषण और आहार में नई खोजें,"पोषण और आहार इंसान के जीवन के दो महत्वपूर्ण पहलु हैं। खाने पीने के आदान-प्रदान से हमारे शरीर को ऊर्जा और पोषण की आवश्यकता पूरी होती है। इसलिए इन विषयों पर नवीनतम खोजें और अनुसंधान बहुत महत्वपूर्ण हैं।

हाल ही में अन्न और पोषण संस्थानों ने कई नई खोजें की हैं जो लोगों के लिए फायदेमंद साबित हो रही हैं। उनमें से कुछ खाद्य पदार्थों के बारे में हैं जो नये और सुरक्षित तरीके से पैक किए जा रहे हैं, जो उनकी दिनचर्या को सुविधाजनक बनाने में मदद कर रहे हैं।

कुछ अन्य खोजें भी उस खाद्य पदार्थ के गुणवत्ता को बेह"
807,व्यायाम और फिटनेस ट्रैकिंग ऐप्स,"व्यायाम और फिटनेस ट्रैकिंग ऐप्स ने आधुनिक जीवनशैली में एक महत्वपूर्ण स्थान बना लिया है। ये ऐप्स उपयोगकर्ताओं को उनकी व्यायाम और आहार की जानकारी सुरक्षित रखने में मदद करते हैं। ये ऐप्स आपके कलरी खपाये, व्यायाम समय, नींद, हृदय दर, और अन्य फिटनेस संबंधित जानकारी को ट्रैक करते हैं। 

इन ऐप्स का उपयोग करके आप अपने लक्ष्यों की प्राप्ति के लिए अपनी प्रगति को माप सकते हैं और उसे संज्ञान में रख सकते हैं। इन ऐप्स में व्यायाम योजनाएं, आहार साहायता, और सम्पर्क की सुविधा भी होती है। 

कुछ लोकप्रिय फिटनेस ट्रैकिंग"
805,प्राचीन भारतीय विज्ञान और तकनीक,"प्राचीन भारतीय सभ्यता ने अपने विचारों और विज्ञान की दृष्टि से एक उत्कृष्ट स्तर तक विकास किया था। वे अपने ज्ञान को अनुभव और अध्ययन के माध्यम से प्राप्त करते थे। भारतीय पुराणों और ग्रंथों में भारतीय वैज्ञानिक और तकनीकी ज्ञान के कई उदाहरण मौजूद हैं।

भारतीय गणितीय शैली ने गणित के क्षेत्र में महत्वपूर्ण योगदान दिया। भारतीय गणित के शिष्याक्रम में शून्य की खोज, पासकल की पंक्तियों और भास्कराचार्य जैसे गणितज्ञों के योगदान को महत्वपूर्ण माना जाता है।

भारतीय वैज्ञानिक अयंकारभट्ट ने सूर्य"
808,व्यायाम और फिटनेस ट्रैकिंग ऐप्स,"व्यायाम और फिटनेस ट्रैकिंग ऐप्स आजकल लोगों के लिए बहुत ही महत्वपूर्ण हो गए हैं। ये ऐप्स उन्हें उनके व्यायाम और स्वास्थ्य की जानकारी देते हैं और उन्हें मार्गदर्शन करते हैं। इन ऐप्स की मदद से लोग अपनी डायट और व्यायाम की प्रगति को ट्रैक कर सकते हैं और स्वस्थ जीवनशैली के लिए निर्धारित लक्ष्यों को हासिल कर सकते हैं।

इन ऐप्स में व्यायाम की जानकारी, व्यायाम की वीडियो गाइड, डायट चार्ट, कैलोरी काउंटर, स्लीप ट्रैकर, हार्ट रेट मॉनिटरिंग जैसी अनेक फीचर्स होते हैं। इन ऐप्स के जरिए लोग अपने व्यायाम को बेहतर बना सक"
809,मानसिक स्वास्थ्य और टेक्नोलॉजी,"मानसिक स्वास्थ्य और टेक्नोलॉजी एक गहरा संबंध रखते हैं। आजकल कंप्यूटर, मोबाइल फोन, इंटरनेट और सोशल मीडिया के उपयोग के बढ़ते स्तर के साथ, यह स्वास्थ्य देखभाल और मानसिक स्वास्थ्य पर प्रभाव डालता है।

एक ओर, इंटरनेट और सोशल मीडिया का उपयोग हमें अधिक जानकारी, साथी, और संबंध उपलब्ध कराता है जो हमारे मानसिक स्वास्थ्य के लिए उपयोगी हो सकता है। वहीं, इन तकनीकी उपकरणों का अधिक उपयोग करना भी एक कठिनता का कारण बन सकता है। डिजिटल उपसर्ग का उपयोग निश्चित सीमाओं में रखना जरूरी है।

आजकल कई मानसिक स्वास्थ्य"
810,अंतरिक्ष अन्वेषण का इतिहास,"अंतरिक्ष अन्वेषण एक ऐतिहासिक क्षेत्र है जिसमें मानव और यांत्रिक उपकरणों के द्वारा ब्रह्मांड की अध्ययन किया जाता है। अंतरिक्ष अन्वेषण का इतिहास हमें दिखाता है कि मानव ने अंतरिक्ष की खोज के लिए कितनी मेहनत और उत्साह से काम किया है।

अंतरिक्ष अन्वेषण का आरंभ समय के साथ हुआ। 20वीं सदी में अमरीकी वैज्ञानिक रॉकेटीय अभियांत्रिकी के पितामहा रॉबर्ट गोद्डार्ड ने रॉकेट की खोज की और इससे अंतरिक्ष अन्वेषण का संभावनात्मक द्वार खोला।

इसके बाद 1957 में सोवियत संघ ने दुनिया के पहले उपग्रह, स्पुटनिक-1 को अंतरिक्ष में प्रक"
811,भारतीय संस्कृति में त्योहारों का महत्व,"भारतीय संस्कृति में त्योहारों का विशेष महत्व है। ये त्योहार हमारे समाज और संस्कृति को अद्वितीयता और समृद्धि की भावना देते हैं। भारतीय त्योहार विविधता और सामूहिकता के साथ एकता और सद्भावना का संदेश भी लेकर आते हैं।

भारतीय संस्कृति में अनेक प्रकार के धार्मिक, सांस्कृतिक, और सामाजिक त्योहार मनाए जाते हैं। इनमें से कुछ मुख्य त्योहार हैं जिनका महत्व अत्यधिक है। जैसे दिवाली, होली, दशहरा, वैशाखी, ईद, गुरुपर्व, क्रिसमस आदि। इन त्योहारों के माध्यम से लोग एक-दूसरे के साथ खुशियों का जश्न मनाते हैं और उनके जी"
812,टेलीमेडिसिन का भविष्य,"टेलीमेडिसिन वह तकनीक है जिसके माध्यम से चिकित्सा सेवाएं दूरस्थ साधनों, जैसे इंटरनेट और मोबाइल एप्लिकेशन के जरिए प्रदान की जा सकती हैं। यह नई तकनीक चिकित्सा क्षेत्र में एक क्रांति ला सकती है और लोगों को व्यापक और सुलभ चिकित्सा सेवाओं तक पहुंचाने में मदद कर सकती है।

टेलीमेडिसिन के भविष्य में बहुत सारी संभावनाएं हैं। इसके माध्यम से डॉक्टर और चिकित्सा स्टाफ दूरस्थ रूप से मरीजों की देखभाल कर सकते हैं, जिससे वे समय और खर्च की बचत कर सकते हैं। टेलीमेडिसिन के जरिए लोग अपने स्वास्थ्य से जुड़ी सलाह और उपचार प्राप्त कर सकते"
813,पोषण और आहार में नई खोजें,"पोषण और आहार विज्ञान में नवाचार लगातार आ रहे हैं जो हमारे स्वास्थ्य को सुधारने में मददगार साबित हो रहे हैं। नई खोजें भोजन और पोषण के क्षेत्र में अनगिनत संभावनाएं प्रस्तुत कर रही हैं, जो स्वस्थ जीवनशैली को बनाए रखने में मदद कर सकती हैं।

एक बड़ी नई खोज उस तकनीक का विकास है जिसे ""क्रिस्पर"" कहा जाता है। यह तकनीक उस विशेष जीन को बदलने की क्षमता देती है जो विशिष्ट रोगों या स्वास्थ्य समस्याओं का कारण बनता है। इस तरह की खोज से उम्मीद है कि भविष्य में अनेक रोगों का इलाज संभव हो सके और लोगों को बेहतर स्वास्थ्य"
814,पोषण और आहार में नई खोजें,"पोषण और आहार विज्ञान एवं प्रौद्योगिकी दिन-प्रतिदिन नई खोजों के साथ विकसित हो रहे हैं। इन नई खोजों का उद्देश्य आहार के गुणवत्ता को बेहतर बनाना और लोगों के स्वास्थ्य को सुधारना है।

एक नई खोज के अनुसार, आहार में मौजूद विशेष प्रोबायोटिक्स विशेष रूप से पाचन को सुधारने में मदद कर सकते हैं। ये प्रोबायोटिक्स अपाचन संबंधी समस्याओं को कम कर सकते हैं और आंतरिक स्वास्थ्य को बेहतर बना सकते हैं।

एक और नई खोज के अनुसार, आहार में मौजूद विशेष एंटीऑक्सीडेंट्स मुख्य रोगों से लड़ने में मदद कर सकते हैं। ये ए"
817,अंतरिक्ष अन्वेषण का इतिहास,"अंतरिक्ष अन्वेषण का इतिहास इंसानों की जिज्ञासा और आवश्यकताओं की प्रेरणा से भरा हुआ है। इसका शुरूआती इतिहास इंसान के चाँद पर पहुंचने के सपने से ही जुड़ा है। यूरोप और अमेरिका में 20वीं सदी के मध्य में अंतरिक्ष अनुसंधान की शुरुआत हुई। इसके बाद रूस, चीन, जापान, भारत आदि देश भी इस क्षेत्र में अपनी छाप छोड़ने लगे।

यूरोप में फ्रांस और जर्मनी ने अंतरिक्ष अनुसंधान की शुरुआत की। पहले अंतरिक्ष यात्री सोवियत संघ के यूरी गागरिन ने 1961 में किया। इसके बाद अमेरिका ने अपनी पहली मानव अंतरिक्ष यात्रा 1969 में नील आर्मस"
818,टेलीमेडिसिन का भविष्य,"टेलीमेडिसिन एक तकनीकी उपाय है जिसमें डिजिटल संचार के माध्यम से रोगियों की देखभाल की जाती है। यह विशेष रूप से विपणन और गहराई से व्यक्तिगतीकृत सेवाएं प्रदान करने के लिए उपयुक्त है। टेलीमेडिसिन का उपयोग विभिन्न विज्ञान क्षेत्रों में हो रहा है, जैसे कि रोग निदान, उपचार योजना और दवाइयों की नियुक्ति करने में।

टेलीमेडिसिन का भविष्य उज्जवल है। इसके माध्यम से लोग दूरस्थ इलाकों में भी महानुभाव डॉक्टरों से संपर्क कर सकते हैं। इससे लोगों को समय और दूरी की चिंता नहीं करनी पड़ेगी, और उन्हें अच्छी देखभाल मिल स"
815,भारतीय संस्कृति में त्योहारों का महत्व,"भारतीय संस्कृति में त्योहारों का महत्व अत्यधिक है। भारत एक विविधतापूर्ण देश है और यहाँ अनेक धर्मों, भाषाओं और संस्कृतियों का संगम है। इसलिए, भारतीय समाज में विभिन्न तरह के त्योहार मनाए जाते हैं जो समृद्धि, खुशियों और सामर्थ्य का प्रतीक होते हैं।

त्योहारों के माध्यम से लोग एक-दूसरे के साथ जुड़ते हैं और सामुदायिक भावना को मजबूत करते हैं। इन त्योहारों में लोग अपने रिश्तेदारों और मित्रों के साथ समय बिताते हैं और एक-दूसरे के साथ खुशियों का आनंद लेते हैं। इसके अलावा, त्योहारों में धार्मिक और सांस्कृतिक अभ"
816,भारतीय संस्कृति में त्योहारों का महत्व,"भारतीय संस्कृति में त्योहारों का विशेष महत्व है। ये त्योहार भारतीय समाज के सांस्कृतिक और धार्मिक जीवन का महत्वपूर्ण हिस्सा हैं। इन त्योहारों के माध्यम से लोग एक-दूसरे के साथ जुड़ते हैं, परंपराओं को याद रखते हैं और धार्मिक अनुष्ठान करते हैं।

भारतीय संस्कृति में विभिन्न त्योहारों का आयोजन होता है जैसे दीपावली, होली, दशहरा, रक्षाबंधन, जन्माष्टमी, ईद, बैसाकी, गणेश चतुर्थी आदि। इन त्योहारों के दौरान लोग एक-दूसरे के साथ खुशियों का जश्न मनाते हैं और समाज में एकता और सद्भावना को मजबूत करते हैं।

"
819,पोषण और आहार में नई खोजें,"पोषण और आहार में नई खोजें लगातार आ रही हैं जो हमारे स्वास्थ्य को बेहतर बनाने में मदद कर रही हैं। इन नई खोजों के माध्यम से हम अपने आहार में सभी पोषक तत्वों को समाहित कर सकते हैं और अपने शरीर को सम्पूर्ण रूप से स्वस्थ रख सकते हैं।

आधुनिक विज्ञान ने विभिन्न पोषण तत्वों के महत्व को समझने में मदद की है, जैसे कि प्रोटीन, कार्बोहाइड्रेट्स, विटामिन्स, और मिनरल्स। नवीनतम शोधों ने दिखाया है कि सही मात्रा में प्रोटीन लेना शरीर के उत्तम फंक्शनिंग के लिए महत्वपूर्ण है, जबकि सही कार्बोहाइड्रेट्स की मात्रा से वजन नियंत्रित रखा ज"
820,प्राचीन भारतीय विज्ञान और तकनीक,"प्राचीन भारतीय सभ्यता ने विज्ञान और तकनीक के क्षेत्र में अद्वितीय योगदान दिया है। भारतीय ऐतिहासिक ग्रंथों में विज्ञान, गणित, ज्योतिष, वास्तुकला, भौतिकी और रसायनशास्त्र के अनेक विषयों पर ज्ञान और विचारधारा का समृद्ध विवरण मिलता है।

भारतीय गणितज्ञ आर्यभट्ट ने सूर्य सिद्धांत नामक ग्रन्थ में सूर्य की गति का गणना की थी, जो बाद में अंतरिक्ष विज्ञान में महत्वपूर्ण योगदान साबित हुआ।

भारतीय गणित में शून्य का आविष्कार किया गया था, जिसने गणित के क्षेत्र में एक महत्वपूर्ण क्रांति लाई। भारतीय गणितकार आ"
821,जीन थेरेपी की प्रगति,"जीन थेरेपी एक उत्कृष्ट तकनीक है जिसका उपयोग विभिन्न रोगों और गंभीर बीमारियों के इलाज में किया जाता है। यह तकनीक विज्ञान और चिकित्सा के क्षेत्र में व्यापक रूप से उपयोग की जा रही है और इसकी प्रगति निरंतर हो रही है।

जीन थेरेपी का काम विशेष रूप से व्यक्तिगत रोग के कारणों को समझने और उन्हें ठीक करने पर होता है। यह रोग के कारणी तत्वों को बदलने के लिए जीन्स को संशोधित करने की प्रक्रिया है जिससे रोग का इलाज संभव होता है।

जीन थेरेपी की प्रगति ने वैज्ञानिक समुदाय को अनेक संभावनाएं प्रदान की हैं। इसमें शामिल हैं जी"
822,भारतीय संस्कृति में त्योहारों का महत्व,"भारतीय संस्कृति में त्योहारों का विशेष महत्व है। ये त्योहार भारतीय समाज के सामाजिक संगठन, सांस्कृतिक मूल्यों और परंपराओं को मजबूत करते हैं। इन त्योहारों के माध्यम से लोग एक-दूसरे के साथ संबंध बनाते हैं, खुशियों का त्योहार मनाते हैं और एक-दूसरे के साथ अच्छे रिश्ते बनाए रखने का प्रयास करते हैं।

भारतीय संस्कृति में अनेक प्रकार के धार्मिक, सांस्कृतिक और राष्ट्रीय त्योहार मनाए जाते हैं। ये त्योहार भारत की विविधता और समृद्धि का परिचय कराते हैं। विभिन्न धर्मों के त्योहार जैसे होली, दीवाली, ईद, बैसाखी, गण"
823,भारतीय संस्कृति में त्योहारों का महत्व,"भारतीय संस्कृति में त्योहारों का विशेष महत्व है। ये त्योहार हमारे समाज की सांस्कृतिक और धार्मिक विरासत का प्रतीक हैं जो हमारे जीवन को सामृद्धिपूर्ण और खुशहाल बनाते हैं। भारतीय समुदायों में अनेक प्रकार के त्योहार मनाए जाते हैं जैसे दीवाली, होली, दशहरा, नवरात्रि, रक्षाबंधन, ईद, बैसाखी आदि।

त्योहारों का महत्व इसलिए है क्योंकि ये हमारे जीवन में समृद्धि, सम्बंध, और सामूहिक एकता को बढ़ावा देते हैं। इन त्योहारों के दौरान हम समाज में सामाजिक और पारिवारिक बंधनों को मजबूत करते हैं और एक-दूसरे के साथ खुशियां"
824,खेलों का विकास और उनका सामाजिक प्रभाव,"खेलों का विकास और उनका सामाजिक प्रभाव

खेलों का खेलना हमारे जीवन में विशेष महत्व रखता है। ये हमारे शारीरिक, मानसिक और सामाजिक विकास में महत्वपूर्ण भूमिका निभाते हैं। खेलना हमें स्वस्थ रखने में मदद करता है, हमारी ऊर्जा को व्यय करने में सहायक होता है और हमारे मस्तिष्क को स्थिरता प्रदान करता है।

खेलों का खेलना हमें सामरिक भावनाओं को सीखने का भी अवसर देता है। खेलों में टीम वर्क, सहयोग, अनुशासन, नेतृत्व और समर्थन जैसे महत्वपूर्ण गुण विकसित होते हैं। इसके अलावा, खेलों में जीतने और हारने का अनुभव हमें संयम, संघर्षशीलता"
825,अंतरिक्ष अन्वेषण का इतिहास,"अंतरिक्ष अन्वेषण एक विज्ञान और तकनीकी क्षेत्र है जिसमें अंतरिक्ष के विभिन्न पहलुओं का अध्ययन किया जाता है। इसका इतिहास बहुत प्राचीन समय से ही शुरू हो गया था।

अंतरिक्ष अन्वेषण का प्रारंभिक इतिहास बाबिलोन, मिस्र और ग्रीक सभ्यताओं से जुड़ा है, जहाँ तारामंडल और ग्रहों के गतिविधियों का अध्ययन किया गया था। इसके बाद रोमन सभ्यता ने भी अंतरिक्ष की अन्वेषण की ओर कदम बढ़ाया।

मध्यकाल में, भूगोलिक खोज और नेविगेशन के क्षेत्र में विज्ञान की वृद्धि के साथ, अंतरिक्ष के अध्ययन की प्रक्रिया में भी वृद्धि हुई। इसके पश"
826,वैक्सीन विकास में नई तकनीकें,"वैक्सीन विकास में नई तकनीकें

वैक्सीन विकास में नई तकनीकें लगातार उद्भव हो रही हैं जो रोगों के खिलाफ लड़ाई में महत्वपूर्ण भूमिका निभा रही हैं। ये तकनीकें न केवल वैक्सीन विकास की गति को बढ़ा रही हैं बल्कि उन्हें अधिक प्रभावी और सुरक्षित बनाने में भी मदद कर रही हैं।

एक नई तकनीक है mRNA वैक्सीन, जो कोविड-19 वैक्सीन विकसित करने में उपयोग की गई। यह वैक्सीन वायरस के खिलाफ शरीर की प्रतिक्रिया बनाने के लिए mRNA का उपयोग करती है, जिससे शरीर को वायरस के खिलाफ रोगी बनाने की क्षमता मिलती है। यह वैक्सीन अत्यंत प"
828,मानसिक स्वास्थ्य और टेक्नोलॉजी,"मानसिक स्वास्थ्य और टेक्नोलॉजी दोनों ही महत्वपूर्ण क्षेत्र हैं जिनका एक दूसरे से गहरा संबंध है। आधुनिक दुनिया में टेक्नोलॉजी ने हमारे जीवन को सरल और सुविधाजनक बना दिया है, हालांकि इसके साथ ही यह भी एक बड़ी चुनौती भी प्रदान करती है। लंबे घंटों तक स्क्रीन के सामने बैठकर काम करना, सोशल मीडिया का अधिक प्रयोग, और डिजिटल दुनिया में रहना मानसिक स्वास्थ्य के लिए नकारात्मक प्रभाव डाल सकता है।

इसके विरुद्ध, टेक्नोलॉजी भी मानसिक स्वास्थ्य को बेहतर बनाने में मदद कर सकती है। मानसिक स्वास्थ्य ऐप्स, ऑनलाइन काउंसलिंग सेव"
829,जीन थेरेपी की प्रगति,"जीन थेरेपी एक उत्कृष्ट और उच्च प्रौद्योगिकी है जिसका उपयोग विभिन्न जन्य और घातक रोगों के उपचार में किया जाता है। यह एक विशेष प्रकार की उपचार पद्धति है जिसमें विशेष जीन का परिवर्तन करके रोग के कारणों को निवारण किया जाता है। जीन थेरेपी के माध्यम से वैज्ञानिक तकनीकों का उपयोग करके वैज्ञानिक चिकित्सा क्षेत्र में क्रांति लाई गई है।

जीन थेरेपी के उपयोग से विभिन्न जन्य रोगों जैसे कि कैंसर, डायबिटीज, मस्तिष्क रोग, मस्तिष्क का खराब होना, इम्यून सिस्टम के विकार, जन्य रोग, विकारित जन्यता आदि के उपचार में स"
827,खेलों का विकास और उनका सामाजिक प्रभाव,"खेलों का विकास और उनका सामाजिक प्रभाव

खेलों का खेलना मानव सभ्यता के विकास में महत्वपूर्ण भूमिका निभाता है। खेलों के खेलने से व्यक्ति का शारीरिक, मानसिक और सामाजिक विकास होता है। खेलने से व्यक्ति का शारीरिक रूप से स्वस्थ रहता है, उसकी शारीरिक क्षमता बढ़ती है और उसकी मानसिक स्थिति में भी सुधार होता है।

खेलों का खेलना व्यक्ति को सामाजिक रूप से भी प्रभावित करता है। खेलों के माध्यम से सामाजिक संबंध बनाए जाते हैं, टीम वर्क और सहयोग की भावना विकसित होती है। खेलों के माध्यम से व्यक्ति में सामाजिक जिम्मेदारी की भावना भी विकसित ह"
830,प्राचीन भारतीय विज्ञान और तकनीक,"प्राचीन भारतीय विज्ञान और तकनीक का इतिहास बहुत पुराना है और यहाँ बहुत संवेदनशीलता और उत्कृष्टता का परिचय है। आर्यभट्ट, चाणक्य, चरक, सुश्रुत, अर्यभट, भास्कर, नागार्जुन, पिंगल, अप्पुस्वामि, धनवन्तरि आदि भारतीय वैज्ञानिकों ने विभिन्न क्षेत्रों में बहुत योगदान दिया।

भारतीय गणित का इतिहास बहुत प्राचीन है और भारत गणित की जननी मानी जाती है। भारतीय गणिताचार्य आर्यभट्ट ने शून्य की खोज की और गोलार्ध कोण की परिभाषा दी। उन्होंने सूर्य सिद्धांत की रचना की जिसमें वे सूर्य और चंद्रमा की गति के बारे में"
831,भारतीय संस्कृति में त्योहारों का महत्व,"भारतीय संस्कृति में त्योहारों का विशेष महत्व है। ये त्योहार हमारे समाज और संस्कृति को जोड़ने के लिए माध्यम होते हैं और समर्पितता एवं समरसता का भाव बढ़ाते हैं। भारत में अनेक प्रकार के धार्मिक, सांस्कृतिक, राष्ट्रीय तथा ग्रामीण त्योहार मनाए जाते हैं। 

त्योहारों के माध्यम से हम अपनी परंपराओं को जीवित रखते हैं और संबंधों को मजबूत करते हैं। ये मनाने वाले त्योहार हमें एक-दूसरे के साथ जुड़ने का अवसर देते हैं और एक साथ खुशियों का अनुभव करने की भावना को बढ़ाते हैं। 

त्योहारों के महत्व का एक और पहलू यह है कि ये हमें साम"
832,अंतरिक्ष अन्वेषण का इतिहास,"अंतरिक्ष अन्वेषण एक विज्ञान और तकनीकी क्षेत्र है जिसमें अंतरिक्ष में जाने वाले यात्री, उपकरण और वाहनों का अध्ययन किया जाता है। यह एक विशेष शाखा है जो भूगोल, भौतिकी, गणित, रसायन विज्ञान और कंप्यूटर विज्ञान को शामिल करती है।

अंतरिक्ष अन्वेषण का इतिहास बहुत पुराना है। प्राचीन समय से ही मानव ने स्वर्ग के लिए उत्कृष्टता की खोज की है। लेकिन आधुनिक अंतरिक्ष अन्वेषण का प्रारंभ जब 1957 में सोवियत संघ ने पहला उपग्रह, स्पुतनिक-1 को अंतरिक्ष में भेजा, तब हुआ। इसके बाद, अनेक देशों ने अंतरिक्ष में अपनी कदम रखी औ"
834,जीन थेरेपी की प्रगति,"जीन थेरेपी एक उत्कृष्ट तकनीक है जिसे उपयोग करके विभिन्न रोगों के निदान और उपचार के लिए व्यक्तिगत इलाज की संभावनाएं बढ़ाई जा रही हैं। यह तकनीक विशेष रूप से जेनेटिक विकारों और जननांग सम्बंधित विकारों के इलाज में उपयोगी है।

जीन थेरेपी के माध्यम से विशेष रूप से विकारित जीन को संशोधित या बदला जा सकता है, जिससे रोग के कारण होने वाली समस्याएं ठीक हो सकती हैं। इस तकनीक का उपयोग कैंसर, मुख्य विकार और जन्म से होने वाली गलतियों के इलाज में किया जा रहा है।

जीन थेरेपी की प्रगति ने चिकित्सा क्षेत्र में एक बड़ी"
835,पोषण और आहार में नई खोजें,"पोषण और आहार क्षेत्र में नवाचार और नई खोजें लगातार हो रही हैं। यह नए विज्ञानी अनुसंधान और तकनीकी उत्पादों के विकास के माध्यम से हो रहा है। इन नवाचारों में संपूर्ण आहार जैसे कि फल, सब्जियाँ, अनाज, दूध आदि का सही निर्वाहन, प्रक्रियाओं में सुधार, आहार संभालने की तकनीकें, पोषण संबंधित विज्ञान, आहार तकनीक, आहार सुरक्षा जैसे मुद्दे शामिल हैं।

आधुनिक खोजें और नवाचार आहार सुरक्षा को मजबूत करने में मदद करती हैं। भ्रष्टाचार, तालाबंदी, ट्रांसजेनिक फूड, आहार सुरक्षा और खाद्य सुरक्षा के लिए नई तकनीकें और"
836,विश्व की महान वास्तुकला,"वास्तुकला एक ऐसी कला है जो मानव सभ्यता के विकास का प्रमुख स्तंभ है। यह संस्कृति, ऐतिहासिकता, धार्मिकता और विज्ञान के साथ संगत होती है। विश्व की महान वास्तुकला कई अद्वितीय और प्रेरणादायक भवनों और संरचनाओं के माध्यम से दिखाई देती है।

प्राचीन यूनानी, रोमन, इंडो-इस्लामी और भारतीय संस्कृति में वास्तुकला के सुंदर उदाहरण मौजूद हैं। यूनानी स्थापत्यकला का थिएटर, रोमन अम्फिथिएटर, इस्लामिक मस्जिद और हिन्दू मंदिर वास्तुकला के महान क्षेत्र हैं।

इन भवनों में सुंदर आर्किटेक्चर, समर्थ भवन रचना, चित्रण और नक्काश"
833,भारतीय संस्कृति में त्योहारों का महत्व,"भारतीय संस्कृति में त्योहारों का अत्यधिक महत्व है। भारत की विविधता और एकता को दर्शाते हुए भारतीय त्योहार लोगों को एक साथ जोड़ते हैं और समृद्धि की दिशा में उन्हें आगे बढ़ने का प्रेरणा देते हैं।

त्योहारों के माध्यम से लोग अपने परंपरागत संस्कृति को समझते हैं और इसे आगे बढ़ाने का प्रयास करते हैं। ये त्योहार लोगों को एक-दूसरे के साथ भाईचारे और समरसता की भावना से भर देते हैं। जैसे कि, दीपावली के त्योहार पर लोग घरों को रोशन करते हैं और एक-दूसरे के साथ मिठाई बाँटते हैं, जिससे सामाजिक एकता और उत्साह में वृद"
837,भारतीय संस्कृति में त्योहारों का महत्व,"भारतीय संस्कृति में त्योहारों का अत्यधिक महत्व है। ये त्योहार भारतीय जीवन में रंग भरते हैं और सामाजिक, सांस्कृतिक और आध्यात्मिक संबंधों को मजबूती देते हैं।

भारतीय संस्कृति में विभिन्न धर्मों और समुदायों के अनुसार अनेक प्रकार के त्योहार मनाए जाते हैं। इन त्योहारों के माध्यम से लोग एक-दूसरे के साथ जुड़ते हैं, परंपराओं को निभाते हैं और अच्छे संबंध बनाए रखते हैं।

त्योहारों का महत्व सिर्फ जीवन में रंग भरने और आनंद उचित करने के लिए ही नहीं है, बल्कि ये समाज में एकता, सद्भावना और समरसता को बढ़ावा देते"
838,भारतीय संस्कृति में त्योहारों का महत्व,"भारतीय संस्कृति में त्योहारों का विशेष महत्व है। ये त्योहार भारतीय समाज की धार्मिक, सांस्कृतिक और सामाजिक विविधता को प्रकट करते हैं। इन त्योहारों के माध्यम से लोग एक-दूसरे के साथ जुड़ते हैं, खुशियों का साझा अनुभव करते हैं और समरसता और एकता का संदेश देते हैं। 

भारतीय संस्कृति में विभिन्न धर्मों के अनुसार विभिन्न त्योहार मनाए जाते हैं। इनमें दिवाली, होली, दशहरा, रक्षाबंधन, दुर्गा पूजा, जन्माष्टमी, ईद, वैशाखी, गुरुपूर्णिमा आदि शामिल हैं। 

ये त्योहार लोगों के जीवन में रंग-बिरंगे पल लाते हैं और स"
839,वैक्सीन विकास में नई तकनीकें,"वैक्सीन विकास में नई तकनीकें अत्यंत महत्वपूर्ण हैं जो वैक्सीनों को अधिक प्रभावी, सुरक्षित और उपयोगी बनाने की संभावनाएं बढ़ाती हैं। नवीनतम तकनीकों के माध्यम से वैक्सीन विज्ञान में क्रांति आई है, जो न केवल कोविड-19 जैसे महामारीयों के खिलाफ लड़ाई में मददगार साबित हो रही है, बल्कि विभिन्न अन्य रोगों के खिलाफ भी नए और प्रभावी वैक्सीनों की विकास में मदद कर रही है।

कई नई तकनीकें जैसे mRNA वैक्सीन, विकेट वैक्सीन, रिकंबिनेंट वैक्सीन, ननो-वैक्सीन, डीएनए वैक्सीन आदि वैक्सीन विकास में उपयोग की"
840,मानसिक स्वास्थ्य और टेक्नोलॉजी,"मानसिक स्वास्थ्य और तकनीकी साधनों के बीच गहरा संबंध है। आधुनिक तकनीकी उपकरणों ने मानसिक स्वास्थ्य के क्षेत्र में क्रांति ला दी है। आजकल कई मानसिक स्वास्थ्य समस्याओं के लिए तकनीकी समाधान उपलब्ध हैं। 

एक उदाहरण के रूप में, मानसिक स्वास्थ्य एप्लीकेशन्स ने स्वास्थ्य सेवाओं को पहुंचाने का तरीका बदल दिया है। ये एप्लीकेशन्स उपयोगकर्ताओं को मानसिक स्वास्थ्य से जुड़ी सलाह, समर्थन और संबोधन प्रदान करते हैं। साथ ही, इंटरनेट पर उपलब्ध ध्यान एप्लीकेशन्स और ऑनलाइन काउंसलिंग सेशन ने लोगों को मानसिक स्वास्थ्य समस्याओं का समाधान ढ"
842,जीन थेरेपी की प्रगति,"जीन थेरेपी एक उत्कृष्ट तकनीक है जिसे इस्तेमाल करके जीनेटिक विकारों को संशोधित किया जा सकता है। यह नई दवाओं की तुलना में अधिक सफलता के साथ विभिन्न रोगों के इलाज में प्रयोग किया जा रहा है। जीन थेरेपी के विकास में हाल ही में कई महत्वपूर्ण प्रगति हुई हैं।

सबसे पहले, जीन थेरेपी की कीमत में कमी आई है, जिससे इसकी पहुंच में सुधार हुआ है। इसके अलावा, नई तकनीकी उन्नतियों के कारण इसकी प्रभावीता में भी सुधार हुआ है। जीन थेरेपी के विभिन्न प्रकारों में संशोधन, अभिवृद्धि, और निवारण जैसे कार्य किए जा सकते हैं।

इसके अतिर"
843,विश्व के आश्चर्यजनक प्राकृतिक स्थल,"विश्व भर में हमें कई आश्चर्यजनक प्राकृतिक स्थल मिलते हैं जो हमें अपनी अद्वितीयता और सौंदर्य से प्रभावित करते हैं। ये स्थल विभिन्न प्राकृतिक प्रकारों और जीवन्तता से भरपूर होते हैं और इनकी अनूठीता और महत्वपूर्णता लोगों को आकर्षित करती है।

एक ऐसा प्राकृतिक स्थल है माउंट एवरेस्ट, जो हिमालय पर्वतमाला में स्थित है और दुनिया का सबसे ऊंचा पर्वत है। इसकी ऊँचाई 8,848 मीटर है और यह एक अत्यंत कठोर और अनियमित स्थल है जिसे चढ़ाई के शौकीन लोग पूरी करने के लिए प्रयासरत होते हैं।

अमेज़न वनस्पति, जिसे विश्व की फुहारी कह"
844,पोषण और आहार में नई खोजें,"पोषण और आहार एक व्यक्ति के स्वास्थ्य और विकास के लिए महत्वपूर्ण होते हैं। नवीनतम तकनीकी खोजें इन क्षेत्रों में नए दरवाजे खोल रही हैं।

आधुनिक सुपरफूड्स: सुपरफूड्स वे आहार हैं जो अत्यधिक पोषक गुणों से भरपूर होते हैं। नवीनतम खोज इस दिशा में लगातार की जा रही है और नए सुपरफूड्स जैसे कि मोरिंगा, चिया बीज, क्विनोआ आदि की खोज की जा रही है। ये खाद्य पदार्थ विभिन्न पोषक तत्वों से भरपूर होते हैं और स्वास्थ्य के लिए बहुत फायदेमंद होते हैं।

आहार जेनोमिक्स: आहार जेनोमिक्स एक तकनीक है जिसका उपय"
841,वैक्सीन विकास में नई तकनीकें,"वैक्सीन विकास में नई तकनीकें

वैक्सीन विकास में तकनीकी अग्रगामी माने जाने वाले कदम लेकर चल रहे हैं जो वैक्सीनों को और अधिक प्रभावी और सुरक्षित बनाने का मार्ग दिखा रही हैं। ये नई तकनीकें अनुसंधान और विकास की दिशा में महत्वपूर्ण मानी जा रही हैं।

1. mRNA वैक्सीन: mRNA वैक्सीन एक नई प्रकार की वैक्सीन है जो कोविड-19 जैसी बीमारियों के खिलाफ लाभकारी सिद्ध हो रही है। इसमें mRNA को इंजेक्शन के माध्यम से शरीर में पहुंचाया जाता है जिससे शरीर वायरस के खिलाफ प्रतिक्रिया उत्पन्न करता है।

2. वेक्टर वैक्सीन: वेक्टर वैक्सीन एक और प"
845,विश्व की महान वास्तुकला,"वास्तुकला का अर्थ है किसी भवन, मंदिर, गुम्बद या किसी अन्य स्थापत्य कला के निर्माण में बदलाव लाने वाली कला। वास्तुकला एक ऐसी कला है जो हमें हमारी सांस्कृतिक और ऐतिहासिक विरासत को समझने में मदद करती है।

विश्व की महान वास्तुकला कहानी अनगिनत भवनों, मंदिरों, गुम्बदों और अन्य निर्माणों से भरी हुई है। इनके माध्यम से हम विभिन्न समयावधियों और संस्कृतियों की महत्वपूर्ण जानकारी प्राप्त कर सकते हैं।

प्राचीन समय से लेकर आज तक, विश्व भर में वास्तुकला ने लोगों को आकर्षित किया है। इनमें भारतीय, यूरोपीय, अफ्रीकी, चीनी और अ"
846,जीन थेरेपी की प्रगति,"जीन थेरेपी एक उच्च प्रोफ़ाइल और विशेष रूप से विश्वसनीय तकनीक है जिसे इंसानी रोगों के इलाज के लिए उपयोग किया जा रहा है। यह तकनीक रोगी के विशिष्ट जीन में परिवर्तन करने के लिए उपयुक्त है ताकि उसके शरीर में सही प्रकार की प्रोटीन उत्पन्न हो सके।

इस तकनीक का सबसे बड़ा लाभ यह है कि यह वास्तव में रोग के मूल कारण को निशाना बनाता है और उसे ठीक करने के लिए सीधे जीनों के संशोधन का उपाय प्रदान करता है। इसके लिए वैज्ञानिक एक विशेष जीन को चुनकर उसमें संशोधन करते हैं और फिर उसे रोगी के शरीर में पहुँचाकर उसकी स्वास्थ्य स"
848,मानसिक स्वास्थ्य और टेक्नोलॉजी,"मानसिक स्वास्थ्य और तकनीक के बीच गहरा संबंध है। आजकल तकनीकी उपकरणों का उपयोग मानसिक स्वास्थ्य के समर्थन में किया जा रहा है। मानो या न मानो, स्मार्टफोन, ऐप्स, और इंटरनेट ने मानसिक स्वास्थ्य सेवाओं की पहुंच को बढ़ा दिया है। ये उपकरण मानसिक स्वास्थ्य सेवाओं को सुलभ और सुरक्षित बनाते हैं।

तकनीकी उपकरणों का उपयोग न केवल लोगों की मानसिक स्वास्थ्य की देखभाल में मदद करता है, बल्कि उन्हें अपनी समस्याओं को समझने और उन्हें हल करने के लिए एक माध्यम भी प्रदान करता है। ध्यान और मेडिटेशन एप्लिकेशन्स, स्मार्टफोन द्वारा पहुंचने"
849,पोषण और आहार में नई खोजें,"पोषण और आहार एक व्यक्ति के स्वास्थ्य और विकास के लिए महत्वपूर्ण हैं। विज्ञान और तकनीक के विकास के साथ-साथ नई खोजें भी हो रही हैं जो लोगों को स्वस्थ्य और पूर्ण आहार प्रदान करने में मदद कर रही हैं।

आधुनिक पोषण के क्षेत्र में नए अनुसंधान और तकनीकों ने लोगों के लिए नए संभावनाओं का संदेश दिया है। उदाहरण के लिए, जीनेटिक्स के क्षेत्र में की गई अनुसंधान ने अलर्जी और अन्य खतरनाक खाद्य पदार्थों को पहचानने में मदद की है। इससे लोग अपने आहार में बेहतर निर्णय ले सकते हैं और अपने स्वास्थ्य को बेहतर बना सकते हैं।

साथ ही"
847,पोषण और आहार में नई खोजें,"पोषण और आहार विज्ञान में नवाचार लगातार हो रहे हैं। इसके पीछे यह है कि हम अपने शरीर को सही पोषण प्रदान करके उसकी सेहत को बेहतर बना सकें। नवाचार खोजें और तकनीकियों के उपयोग से हम नए आहारी उत्पाद बना सकते हैं जो हमारे शरीर को जरूरी पोषक तत्व प्रदान कर सकें। 

आधुनिक साइंस और तकनीक के उपयोग से आजकल विभिन्न प्रकार के आहारी उत्पाद बनाए जा रहे हैं, जैसे कि विटामिन फोर्टीफाइड अनाज, प्रोटीन सप्लीमेंट्स, और विशेष रोगों के लिए डाइट फ़ूड। इन उत्पादों में सही मात्रा में पोषण प्रदान किया जाता है ताकि उनका सेवन करने से हम"
850,खेलों का विकास और उनका सामाजिक प्रभाव,"खेलों का विकास और उनका सामाजिक प्रभाव

खेल न केवल मनोरंजन का साधन होता है बल्कि यह एक महत्वपूर्ण माध्यम है जो हमारे दिमाग और शारीरिक स्वास्थ्य के विकास में मदद करता है। खेल का खेलना हमें सामूहिक भावनाओं, सहयोग, अनुशासन, और टीमवर्क की भावना सिखाता है।

खेलों के खेलने से हमारा शारीरिक स्वास्थ्य भी सुधारता है। यह हमारी शारीरिक क्षमता को बढ़ाता है, हमारी मांसपेशियों को मजबूत बनाता है और हमें स्वस्थ रखने में मदद करता है।

खेलों का सामाजिक प्रभाव भी अत्यधिक महत्वपूर्ण है। खेलों के माध्यम से हमें टीमवर्क की भावना, अनुशासन"
851,विश्व के आश्चर्यजनक प्राकृतिक स्थल,"विश्व भर में हमें कई ऐसे प्राकृतिक स्थल मिलते हैं जो अपनी अद्भुतता और आकर्षण के लिए प्रसिद्ध हैं। ये स्थल अपनी विशेषता के लिए उन्हें अनूठा बनाते हैं और लोगों को आकर्षित करते हैं। 

एक ऐसा प्राकृतिक स्थल है 'ग्रैंड कैनयन' जो कनाडा में स्थित है। यह दुनिया का सबसे गहरा नाला है जो लगभग 1 मील गहरा है। इसकी खूबसूरती और आकर्षकता की वजह से यह दर्शनीय स्थल के रूप में विख्यात है। 

दूसरे तीर्थ क्षेत्र के रूप में, भारत के केरल स्थित 'मुन्नार' एक अद्वितीय स्थल है जो प्राकृतिक सौंदर्य से भरपूर है। यहाँ की घाटियों, च"
852,टेलीमेडिसिन का भविष्य,"टेलीमेडिसिन एक प्रौद्योगिकी है जो दूरसंचार तकनीक का उपयोग करके चिकित्सा सेवाएं प्रदान करने की क्षमता है। यह तकनीकी उत्पादन के साथ-साथ चिकित्सा क्षेत्र में एक क्रांति लाने की संभावना रखती है।

टेलीमेडिसिन के भविष्य में विशेष रूप से चिकित्सा सेवाओं को पहुंचाने की क्षमता में वृद्धि होने की संभावना है। इसके माध्यम से डॉक्टर्स और रोगी अपने बीच सीधे संवाद कर सकते हैं और उचित चिकित्सा सलाह प्राप्त कर सकते हैं। इससे चिकित्सा सेवाओं की पहुंच भी गांवों और दूरदराज क्षेत्रों तक बढ़ सकती है।

टेलीमेडिसिन के माध्यम से रोगी ब"
853,जीन थेरेपी की प्रगति,"जीन थेरेपी एक उच्च स्तरीय चिकित्सा प्रक्रिया है जिसमें विशेष जीन या जीनों को मानव शरीर में स्थापित करके रोगों का इलाज किया जाता है। यह विज्ञान की दुनिया में एक महत्वपूर्ण उन्नति के रूप में मानी जाती है, जिसके परिणामस्वरूप यह उम्मीद की जा रही है कि इससे विभिन्न जटिल और असामान्य रोगों का समाधान निकाला जा सकेगा।

जीन थेरेपी के क्षेत्र में हाल ही में कुछ महत्वपूर्ण प्रगति हुई हैं। इसमें जीन संपादन (Gene Editing) और क्रिस्पर-कैस9 (CRISPR-Cas9) जैसी तकनीकों का उपयोग करके रोगों के गुणों को संशोधित किया जा रहा है। यह तकनीक अब तक कई रो"
854,अंतरिक्ष अन्वेषण का इतिहास,"अंतरिक्ष अन्वेषण एक उत्कृष्ट तकनीकी क्षेत्र है जिसमें मानव समुदाय ने अद्वितीय मानवीय उपलब्धियों को दर्शाया है। इसका इतिहास है जिसने हमें नये पहलुओं की दिशा में ले जाकर हमारे विचारों और दृष्टिकोण को बदल दिया है।

अंतरिक्ष अन्वेषण का इतिहास वास्तव में बहुत पुराना है। इसकी शुरुआत तारामंडल के विचार के साथ हुई। विभिन्न संस्कृत ग्रंथों में भी अंतरिक्ष संबंधित ज्ञान का उल्लेख मिलता है। अंतरिक्ष अन्वेषण का आधुनिक युग 20वीं सदी में शुरू हुआ जब विज्ञान और प्रौद्योगिकी में तेजी से विकास हुआ।

1957 में"
855,विश्व की महान वास्तुकला,"विश्व की महान वास्तुकला अनगिनत रंगों, सौंदर्य और सांस्कृतिक विरासत का संगम है। यह विभिन्न युगों में बनी महान भव्य इमारतें और मंदिरों की साक्षात्कार है। वास्तुकला के इन महान नमूनों में सिंधु सभ्यता के मोहेंजोदड़ो, मिस्र के पिरामिड्स, यूनान के पार्थनॉन, रोम के कोलोसियम, इंका के मचू पिच्चू और भारत के खजुराहो, अजंता एलोरा की गुफाएं शामिल हैं।

विश्व की महान वास्तुकला ने समय के साथ विकसित होते गए और नए-नए शैलियों में परिवर्तित होती रही। अंग्रेजी गोथिक शैली, रोमांटिक शैली, मॉडर्न शैली और वास्तुकला के अ"
856,जीन थेरेपी की प्रगति,"जीन थेरेपी एक उत्कृष्ट तकनीक है जिसे उपयोग करके विभिन्न जीवाणुरहित रोगों का इलाज किया जा सकता है। यह तकनीक रोग के कारण हुई जीनेटिक विकारों को संशोधित करने के लिए उपयुक्त है। जीन थेरेपी का उद्देश्य विकृत जीन को सुधारकर उसके कारणीय रोग को ठीक करना होता है।

इस तकनीक में, एक स्वस्थ जीन को रोगी के शरीर में पहुंचाया जाता है, जिससे विकृत जीन का प्रभाव कम हो जाता है। जीन थेरेपी का उपयोग विभिन्न विकारों जैसे कि कैंसर, मधुमेह, मस्क्यूलर डिस्ट्रोफीज आदि के इलाज में किया जा रहा है।

जीन थेरेपी की प्रगति ने च"
857,व्यायाम और फिटनेस ट्रैकिंग ऐप्स,"आजकल व्यायाम और फिटनेस का महत्व बढ़ गया है और लोग अपने स्वास्थ्य पर ध्यान देने लगे हैं। व्यायाम और फिटनेस ट्रैकिंग ऐप्स इसमें सहायक होते हैं जो लोगों को अपने लक्ष्यों तक पहुंचने में मदद करते हैं। ये ऐप्स उपयोगकर्ता के व्यायाम, खान-पान और नींद की जानकारी दर्ज करते हैं और उसका प्रगति का अनुमान लगाते हैं।

ये ऐप्स व्यायाम की गति, दौड़ने की दूरी, कैलोरी खपाई, वजन, नींद आदि के बारे में जानकारी प्रदान करते हैं। इसके अलावा, ये ऐप्स आपको संबंधित सलाह और टिप्स देते हैं ताकि आप अपने लक्ष्यों को प्राप्त क"
858,पोषण और आहार में नई खोजें,"पोषण और आहार विज्ञान एवं प्रौद्योगिकी में नवाचार के लिए एक उच्च गति से विकसित क्षेत्र है। नवीनतम तकनीकों और अनुसंधानों के परिणामस्वरूप, आजकल भूख, पोषण और स्वास्थ्य के क्षेत्र में कई रोचक और महत्वपूर्ण खोजें हो रही हैं।

एक ऐसी खोज है जिसे 'विटामिन फोर्टीफाइकेशन' कहा जाता है, जिसमें आहार में विटामिनों को बढ़ावा दिया जाता है। इसका मुख्य उद्देश्य भोजन के साथ सामान्य पोषक तत्वों के सेवन को बढ़ाना है। विटामिन फोर्टीफाइकेशन के माध्यम से, भोजन उत्पादों में विटामिन A, डी, बी-कॉम्प्लेक्स, फॉलिक एसिड"
860,जीन थेरेपी की प्रगति,"जीन थेरेपी एक नया और विशेष तकनीक है जिसका उपयोग विभिन्न रोगों जैसे कैंसर, जनन रोग, अल्जाइमर, डायबिटीज, एडिसन विषाणु और अन्य रोगों के इलाज में किया जा रहा है। यह तकनीक विज्ञान के साथ-साथ मेडिकल और जीनेटिक्स के क्षेत्र में भी एक महत्वपूर्ण समाधान है।

जीन थेरेपी में, विशेष तरह के जीन्स को मानव के शरीर में पहुंचाया जाता है ताकि किसी विशेष रोग का इलाज किया जा सके। यह तकनीक रोग के कारण बिगड़े हुए जीन को सही करने के लिए बनाई गई है। इस प्रकार, जीन थेरेपी विशेष जीन्स को शरीर के तंतुओं में सहेजने के लिए उपयोग किया"
859,विश्व के आश्चर्यजनक प्राकृतिक स्थल,"विश्व भर में हमें कई ऐसे आश्चर्यजनक प्राकृतिक स्थल मिलते हैं जो हमें अपनी अद्भुतता और सुंदरता से प्रभावित करते हैं। ये स्थल अपनी विशेषता के लिए प्रसिद्ध होते हैं और लोगों को आकर्षित करते हैं।

एक ऐसा प्राकृतिक स्थल है 'ग्रेट ब्लू होल' जो बेलीज में स्थित है। यह बहुत गहरा समुद्री गड्ढा है जिसका आकार विशाल है और इसका रंग नीला है। यह स्थल स्नॉर्कलिंग और डाइविंग के शौकीनों के लिए एक स्वर्ग है।

दूसरा उदाहरण है 'नॉर्वे के फ्जोर्ड' जो नॉर्वे के उत्तरी हिस्से में मिलते हैं। ये गहरे नाले और उच्च पहाड़ियों से घिर"
861,प्राचीन भारतीय विज्ञान और तकनीक,"प्राचीन भारतीय सभ्यता ने विज्ञान और तकनीक के क्षेत्र में भी महत्वपूर्ण योगदान दिया है। भारतीय ऐतिहासिक ग्रंथों और लेखों में विभिन्न विज्ञान और तकनीकी ज्ञान की चर्चाएं मिलती हैं, जो आज भी हमें उनकी महत्वपूर्णता का अहसास कराती हैं।

भारतीय गणित, खगोल विज्ञान, औषधि विज्ञान, हस्तशिल्प, जल-संचार, और धातुर्ग्यान जैसे क्षेत्रों में प्राचीन भारत ने अद्वितीय योगदान दिया। भारतीय गणितकार आर्यभट्ट ने शून्य की खोज की और गणित में कई सिद्धांतों की खोज की। उन्होंने ग्रहण और सूर्य ग्रहण की गणना की और खगोल"
863,खेलों का विकास और उनका सामाजिक प्रभाव,"खेलों का विकास और उनका सामाजिक प्रभाव

खेलों का खेलना हमारे शारीरिक, मानसिक और सामाजिक विकास में महत्वपूर्ण भूमिका निभाता है। खेल न केवल हमें स्वस्थ रखने में मदद करता है, बल्कि हमें सामाजिक और मानसिक मानवीयता के साथ जोड़ता है।

खेल खेलने से हमारा शारीरिक विकास होता है, हमारी ताकत और सहनशीलता बढ़ती है। साथ ही, खेल हमारे मानसिक स्वास्थ्य के लिए भी फायदेमंद होते हैं। यह हमारे मानसिक तनाव को कम करते हैं, हमें खुश और सकुशल बनाते हैं।

खेलों का सामाजिक प्रभाव भी अविश्वसनीय है। खेल हमें टीम वर्क और सहयोग की महत्वपूर्णता स"
865,मानसिक स्वास्थ्य और टेक्नोलॉजी,"मानसिक स्वास्थ्य और टेक्नोलॉजी दोनों ही एक-दूसरे के लिए महत्वपूर्ण हैं। टेक्नोलॉजी मानसिक स्वास्थ्य को सुधारने में महत्वपूर्ण भूमिका निभाती है। मानसिक स्वास्थ्य के लिए विभिन्न एप्लिकेशन्स, सॉफ्टवेयर और उपकरण उपलब्ध हैं जो लोगों को अपने मानसिक स्वास्थ्य को संभालने में मदद कर सकते हैं। 

एक्सरसाइज एप्लिकेशन्स जो योग और मेडिटेशन को शामिल करते हैं, मानसिक तनाव को कम करने और मानसिक स्थिति को सुधारने में मदद कर सकते हैं। इन एप्लिकेशन्स की मदद से लोग अपने दिनचर्या में योग और ध्यान को शामिल कर सकते हैं जो मानसिक स्वास"
864,मानसिक स्वास्थ्य और टेक्नोलॉजी,"मानसिक स्वास्थ्य और तकनीक का गहरा संबंध है जो हमारे जीवन में महत्वपूर्ण भूमिका निभाता है। आधुनिक तकनीकी उपकरणों की मदद से हम अपने मानसिक स्वास्थ्य को सुधार सकते हैं और उसे स्थिर रख सकते हैं। 

आजकल कई मानसिक स्वास्थ्य संबंधित एप्लिकेशन्स और ऑनलाइन सेवाएं उपलब्ध हैं जो मानसिक स्वास्थ्य की देखभाल में मदद कर सकती हैं। ध्यान और मेडिटेशन एप्लिकेशन्स, स्वास्थ्य ट्रैकिंग एप्लिकेशन्स, ऑनलाइन काउंसलिंग सेवाएं, और तनाव प्रबंधन एप्लिकेशन्स आजकल लोगों को मानसिक स्वास्थ्य पर ध्यान देने में मदद कर रही हैं।

विशेषकर कोविड"
862,टेलीमेडिसिन का भविष्य,"टेलीमेडिसिन एक विकेन्द्रीकृत स्वास्थ्य सेवा प्रदान करने का एक उत्कृष्ट माध्यम है जो डिजिटल प्लेटफॉर्म के माध्यम से चिकित्सा सलाह एवं उपचार प्रदान करता है। यह तकनीक स्वास्थ्य सेवाओं को सुलभ, सस्ती और उपयोगकर्ता केंद्रित बनाती है।

टेलीमेडिसिन का भविष्य बहुत उज्जवल है। इसके माध्यम से लोग अपने स्वास्थ्य सम्बंधित समस्याओं का समाधान पाने के लिए विशेषज्ञों से ऑनलाइन सलाह ले सकेंगे। यह विशेषज्ञ विभिन्न क्षेत्रों से हो सकते हैं, जैसे कि न्यूरोलॉजिस्ट, डाइटीशियन, मानसिक स्वास्थ्य विशेषज्ञ आदि।

टेलीमेडिसिन के उपय"
866,अंतरिक्ष अन्वेषण का इतिहास,"अंतरिक्ष अन्वेषण एक रोमांचक क्षेत्र है, जिसमें मानव ने अंतरिक्ष के रहस्यों को सुलझाने के लिए कई यातायात एवं अन्वेषण मिशनों का आयोजन किया है। इसका इतिहास बहुत व्यापक है और कई महत्वपूर्ण घटनाएं शामिल हैं।

अंतरिक्ष अन्वेषण का आरंभ 20वीं सदी के आधुनिक युग में हुआ, जब वैज्ञानिकों ने अंतरिक्ष के अद्भुत रहस्यों को जानने की शुरुआत की। जल्द ही, 1957 में सोवियत संघ ने वोस्टोक-1 उपग्रह का प्रक्षेप करके मानव को अंतरिक्ष में भेजा, जिससे अंतरिक्ष यातायात की नयी युग की शुरुआत हुई।

इसके बाद, अमेरिका ने भी अपने अ"
867,प्राचीन भारतीय विज्ञान और तकनीक,"भारतीय सभ्यता के इतिहास में विज्ञान और तकनीक का महत्वपूर्ण स्थान रहा है। प्राचीन भारतीय वैज्ञानिक और तकनीकी चिंतन को आज भी महत्वपूर्ण माना जाता है। भारतीय गणित, खगोलशास्त्र, औषधि विज्ञान, जलवायु विज्ञान, गणित, वास्तुकला और अन्य क्षेत्रों में भारत ने अपनी महानता प्रदर्शित की है।

भारतीय गणित और खगोलशास्त्र के क्षेत्र में भारतीय वैज्ञानिकों ने महत्वपूर्ण योगदान दिया है। आर्यभट्ट, वराहमिहिर, ब्रह्मगुप्त, भास्कराचार्य और अन्य वैज्ञानिकों ने गणित और खगोलशास्त्र के क्षेत्र में अद्भुत अविष्क"
868,विश्व के आश्चर्यजनक प्राकृतिक स्थल,"विश्व भर में हजारों प्राकृतिक स्थल हैं जो अपनी अनूठी सुंदरता और विचित्रता के लिए प्रसिद्ध हैं। यहाँ हम कुछ ऐसे आश्चर्यजनक प्राकृतिक स्थलों के बारे में चर्चा करेंगे जो विश्व के अद्वितीयतम हैं। 

1. ग्रैंड कैनयन, अमेरिका: यह विशालकाय खाड़ी कैनयन अमेरिका में स्थित है और इसकी गहराई 6,093 फीट तक है। इसकी सुंदरता और प्राकृतिक रूप से बनी संरचना लोगों को आकर्षित करती है। 

2. नॉर्वे की फियोर्ड: नॉर्वे की फियोर्ड दुनिया के सबसे खूबसूरत फियोर्ड में से एक है। इसकी ऊंचाई और समुद्री तट के साथ अनोखा मिलन दृश्य का आ"
869,टेलीमेडिसिन का भविष्य,"टेलीमेडिसिन एक तकनीकी उपकरण है जो दूरसंचार के माध्यम से चिकित्सा सेवाएं प्रदान करने में मदद करता है। इसका उपयोग विभिन्न चिकित्सा क्षेत्रों में जैसे कि निदान, उपचार, और देखभाल में किया जा सकता है। टेलीमेडिसिन की महत्वपूर्ण भूमिका उन लोगों के लिए है जो गेहूं क्षेत्रों में रहते हैं या अस्पतालों तक पहुंचने में असमर्थ हैं।

भविष्य में, टेलीमेडिसिन का उपयोग और भी व्यापक होने की संभावना है। इसके जरिए लोग अपने घर से ही डॉक्टरों से संपर्क कर सकेंगे और अपनी स्वास्थ्य समस्याओं का समाधान पा सकेंगे। विशेषज्ञ चिकित्सा स"
870,वैक्सीन विकास में नई तकनीकें,"वैक्सीन विकास में नई तकनीकें

वैक्सीन विकास एक महत्वपूर्ण क्षेत्र है जो हमारे समुदाय को संक्रामक रोगों से बचाने में मदद करता है। तकनीकी उन्नति के कारण, वैक्सीन विकास में नवीनीकरण हो रहा है और नए प्रौद्योगिकी तत्वों का उपयोग किया जा रहा है।

एक नई तकनीक है mRNA वैक्सीन, जिसमें वायरस के खिलाफ लड़ने के लिए mRNA प्रोटीन को शामिल किया जाता है। यह तकनीक कोरोना वायरस जैसे वायरस के खिलाफ वैक्सीनों में प्रयोग किया जा रहा है। इसका लाभ यह है कि यह तेजी से विकसित किया जा सकता है और वैक्सीन के उत्पादन को बढ़ावा देने म"
871,टेलीमेडिसिन का भविष्य,"टेलीमेडिसिन एक तकनीकी उपकरण है जिसके माध्यम से चिकित्सा सेवाएं दी जा सकती हैं, बिना व्यक्तिगत भेंट के। यह विशेषकर दूरस्थ क्षेत्रों में चिकित्सा सुविधाएं पहुंचाने में सहायक होता है। टेलीमेडिसिन की महत्वपूर्ण भूमिका है जब आवश्यक होता है दूरस्थ इलाकों में डॉक्टरों या चिकित्सा प्रदाताओं से सलाह लेने की। 

टेलीमेडिसिन का भविष्य बहुत उज्ज्वल है। यह चिकित्सा सेवाओं को अधिक सुलभ और सुलभ बनाने में मदद करता है। विशेषज्ञ डॉक्टरों की सलाह और उपचार की सुविधा, जो दूरस्थ क्षेत्रों में उपलब्ध नहीं है, अब टेलीमेडिसिन"
872,प्राचीन भारतीय विज्ञान और तकनीक,"प्राचीन भारतीय सभ्यता के इतिहास में विज्ञान और तकनीक का महत्वपूर्ण स्थान रहा है। भारतीय समाज ने विभिन्न क्षेत्रों में विज्ञान और तकनीक के क्षेत्र में कई महत्वपूर्ण योगदान दिए हैं।

भारतीय गणितज्ञ आर्यभट्ट ने गणित के क्षेत्र में अपनी महत्वपूर्ण योगदान दिए। उन्होंने सूर्य सिद्धांत नामक ग्रंथ लिखा, जिसमें वह ग्रहों की गति और उनके चाल के बारे में बताते हैं। इसके अलावा, भारतीय वैज्ञानिक चाणक्य ने अर्थशास्त्र और राजनीति के क्षेत्र में भी अपना योगदान दिया।

भारतीय वैज्ञानिक और शिक्षाविद् आर्यभट्ट ने ज"
874,पोषण और आहार में नई खोजें,"पोषण और आहार क्षेत्र में नई खोजें एक महत्वपूर्ण क्षेत्र हैं जो हमारे स्वास्थ्य और विकास के लिए महत्वपूर्ण हैं। वैज्ञानिकों ने इस क्षेत्र में नई तकनीकों और अनुसंधानों की मदद से नए उत्पादों और प्रौद्योगिकियों की खोज की है। 

आधुनिक पोषण के संदर्भ में, विज्ञान ने विभिन्न पोषक तत्वों के सही संयोजन और उपयोग की खोज की है। उदाहरण के लिए, विटामिन और मिनरल्स के सुप्लीमेंट्स, जैसे कि डी विटामिन या आयरन टेबलेट्स, से उपयुक्त पोषण के स्तर को बनाए रखने के लिए नई खोजें की गई हैं। 

आहार क्षेत्र में, नई खोजें भी ह"
873,वैक्सीन विकास में नई तकनीकें,"वैक्सीन विकास में नई तकनीकें एक महत्वपूर्ण क्षेत्र हैं जो स्वास्थ्य और विज्ञान को मजबूत करने में मदद कर सकती हैं। नवीनतम तकनीकें वैक्सीन विकास को तेजी से आगे बढ़ा रही हैं और नए वैक्सीनेशन तरीकों को संभव बना रही हैं।

एक महत्वपूर्ण नई तकनीक है mRNA वैक्सीन। यह वैक्सीन तत्वों को जन्मदाता RNA (mRNA) के माध्यम से प्रदान करती है, जिससे शरीर के रोग प्रतिकार तंतुओं को विकसित करने की प्रक्रिया शुरू हो जाती है। यह तकनीक कोरोना वायरस जैसे रोगों के लिए एक अच्छा उपाय है।

एक और नई तकनीक है वायरल वेक्टर वैक्सीन। इसम"
876,पोषण और आहार में नई खोजें,"पोषण और आहार में नई खोजें एक महत्वपूर्ण क्षेत्र हैं जिसमें तकनीकी विकास का महत्वपूर्ण योगदान है। नए और उन्नत तकनीकी साधनों के उपयोग से हम आहार की गुणवत्ता में सुधार कर सकते हैं और लोगों को स्वस्थ रखने में मदद कर सकते हैं।

आधुनिक तकनीकों का उपयोग करके गेहूं, दाल, सब्जियां और फलों की उचित उत्पादनता बढ़ाई जा सकती है। उचित उत्पादनता के साथ-साथ उन्नत भूगर्भीय तकनीकों का भी उपयोग करके विभिन्न पोषण सामग्रियों की उपलब्धता में सुधार किया जा सकता है।

साथ ही, आधुनिक तकनीकों का उपयोग करके भोजन पदार्थो"
875,पोषण और आहार में नई खोजें,"पोषण और आहार विज्ञान में नई खोजें लगातार हो रही हैं जो हमारे स्वास्थ्य को बेहतर बनाने में मदद कर रही हैं। नई तकनीकों और अनुसंधानों की मदद से वैज्ञानिक समुदाय लगातार नए और सुरक्षित आहार विकसित कर रहा है।

एक नई खोज जिसे ""न्यूट्रास्टरोनिक्स"" कहा जाता है, पोषण के क्षेत्र में एक बड़ी क्रांति है। इस तकनीक में भोजन की सामग्री के रासायनिक संरचना को बदलकर उसकी पोषण मान को बढ़ाया जा सकता है। इसके माध्यम से आहार में विटामिन, प्रोटीन, और खनिजों की मात्रा बढ़ाना संभव है।

एक और रोमांचक विषय है जैव प्रौद"
877,प्राचीन भारतीय विज्ञान और तकनीक,"प्राचीन भारतीय सभ्यता ने विज्ञान और तकनीक के क्षेत्र में अद्वितीय योगदान दिया है। भारतीय वैज्ञानिकों ने गणित, खगोलशास्त्र, औषधि विज्ञान, रसायन शास्त्र, नाट्यशास्त्र आदि क्षेत्रों में महत्वपूर्ण अविष्कार किए हैं।

गणित क्षेत्र में, भारतीय गणितज्ञ आर्यभट्ट ने 'आर्यभट्टीय' में शून्य की अवधारणा को पहली बार स्पष्ट किया। उन्होंने गोलार्ध कोण की मापदंड को पहचाना और ग्रहों की गति का अध्ययन किया।

खगोलशास्त्र में, भारतीय वैज्ञानिक अर्यभट्ट ने सूर्य और चंद्रमा की गति का अध्ययन किया और उनकी च"
878,पोषण और आहार में नई खोजें,"पोषण और आहार विज्ञान में नई खोजें एक महत्वपूर्ण क्षेत्र हैं जो हमारे स्वास्थ्य और विकास के लिए महत्वपूर्ण हैं। वैज्ञानिक और शोधकर्ताओं द्वारा की जा रही नई खोजें आहार की गुणवत्ता, पोषण स्तर और स्वास्थ्य पर काफी प्रभाव डाल रही हैं।

हाल ही में वैज्ञानिकों ने अनेक आहार उत्पादों में विभिन्न पोषक तत्वों की मात्रा और क्षमता को बढ़ाने के लिए नई तकनीकों का अभ्यास किया है। इन तकनीकों का उपयोग करके आहार में पोषक तत्वों की गुणवत्ता को बढ़ाया जा सकता है जिससे लोगों को पोषित और स्वस्थ रहने में मदद मिल सकती है।

व"
879,व्यायाम और फिटनेस ट्रैकिंग ऐप्स,"व्यायाम और फिटनेस ट्रैकिंग ऐप्स आजकल लोगों के लिए एक महत्वपूर्ण और उपयोगी साधन बन गए हैं। ये ऐप्स लोगों को उनके व्यायाम की प्रगति को ट्रैक करने में मदद करते हैं और उन्हें मोटिवेट करते हैं अपने फिटनेस लक्ष्यों की दिशा में आगे बढ़ने के लिए।

ये ऐप्स व्यायाम की जानकारी जैसे कि कितने कैलोरी जला दी गई हैं, कितना रन किया गया है, कितने वेट्स उठाए गए हैं आदि को सरल तरीके से ट्रैक करने में मदद करते हैं। इन ऐप्स की मदद से व्यक्ति अपने प्रोग्रेस को देख सकता है और अपने लक्ष्य को पूरा करने के लिए उत्साहित रहता है।

कु"
880,मानसिक स्वास्थ्य और टेक्नोलॉजी,"मानसिक स्वास्थ्य और तकनीकी उन्नति दोनों ही महत्वपूर्ण मामले हैं जो हमारे दैनिक जीवन का महत्वपूर्ण हिस्सा बन गए हैं। टेक्नोलॉजी का उपयोग मानसिक स्वास्थ्य में सुधार करने के लिए किया जा सकता है। 

आधुनिक तकनीकी उपकरण और ऐप्स ने मानसिक स्वास्थ्य की देखभाल में क्रांति ला दी है। मानसिक स्वास्थ्य ऐप्स की मदद से लोग अपने मानसिक स्वास्थ्य का ध्यान रख सकते हैं, मेडिटेशन और योग कर सकते हैं, अपने विचारों को साझा कर सकते हैं और उन्हें सुधारने के लिए स्थितिगत सलाह प्राप्त कर सकते हैं। 

वीडियो कॉल, ऑनलाइन काउंसलिंग, और डिजिटल मानसिक स"
881,अंतरिक्ष अन्वेषण का इतिहास,"अंतरिक्ष अन्वेषण एक विज्ञान और तकनीकी क्षेत्र है जो हमें ब्रह्मांड की रहस्यमयी दुनिया के बारे में जानकारी प्रदान करता ह। इस क्षेत्र का इतिहास बहुत विशाल है और इसमें कई महत्वपूर्ण घटनाएं हुई हैं।

अंतरिक्ष अन्वेषण का प्रारंभ हुआ था 20वीं सदी के आरंभ में, जब वैज्ञानिक और इंजीनियर्स ने अंतरिक्ष के अन्धकार को पेनेट्रेट करने के लिए उद्यम शुरू किया। वहाँ से यात्रा करने के लिए उन्होंने उपग्रहों और अंतरिक्ष यानों का निर्माण किया।

1961 में, रूस के विग्यानी यूरी गागरिन ने पहली बार मानव को अंतरिक्ष में यात्रा कराई थी। इसके ब"
883,जीन थेरेपी की प्रगति,"जीन थेरेपी एक उच्च तकनीकी और उत्कृष्ट उपचार पद्धति है जिसका उद्देश्य व्यक्ति के जीनों में परिवर्तन करके विभिन्न रोगों का इलाज करना है। जीन थेरेपी की प्रगति में वैज्ञानिकों और मेडिकल रिसर्चर्स ने कई महत्वपूर्ण योगदान दिये हैं।

पहले बात करें तकनीकी दृष्टि से, जीन थेरेपी के लिए आवश्यक सुविधाएं और तकनीक काफी विकसित हो चुकी हैं। इसमें जीन डिलीवरी सिस्टम, जीन एडिटिंग टूल्स और जीन एक्सप्रेशन रिगुलेशन तकनीकों में महत्वपूर्ण वृद्धि हुई है। इससे जीन थेरेपी के उपयोग की व्यापकता और प्रभाव भी बढ़ गय"
882,जीन थेरेपी की प्रगति,"जीन थेरेपी एक उपचारिक प्रक्रिया है जिसमें विशेष तकनीकों का उपयोग करके व्यक्ति के जीनों को संशोधित किया जाता है ताकि उनमें होने वाली रोगाणुओं या अन्य समस्याओं का इलाज किया जा सके। यह तकनीक विज्ञान और चिकित्सा क्षेत्र में एक महत्वपूर्ण क्रांति मानी जाती है और इससे विभिन्न रोगों के इलाज की संभावनाएं बढ़ गई हैं।

जीन थेरेपी के क्षेत्र में हर दिन नए और अद्वितीय विकास हो रहे हैं। इसमें ग्लाउकोमा, कैंसर, मधुमेह, मस्तिष्क रोग, थालस्सेमिया जैसी गंभीर बीमारियों के इलाज के लिए अनुसंधान किया जा रहा है। जीन थेरेपी के म"
885,जीन थेरेपी की प्रगति,"जीन थेरेपी एक उत्कृष्ट तकनीक है जिसका उपयोग विभिन्न रोगों और विकारों के उपचार में किया जाता है। यह एक प्रौद्योगिकी है जिसमें मानव जेनोम के अंतर्निहित विकास को समझने और संशोधित करने की क्षमता होती है। जीन थेरेपी के माध्यम से विज्ञान के विभिन्न क्षेत्रों में महत्वपूर्ण प्रगति हुई है।

जीन थेरेपी का उपयोग विभिन्न रोगों जैसे कैंसर, जीनेटिक विकार, उत्तेजना विकार और उत्तेजना की अधिकता के लिए किया जाता है। इस तकनीक के माध्यम से विज्ञानी विशेष रूप से मानव जीनोम को संशोधित कर डिजीज के कारणों को ठीक करने का प्रयास कर"
884,प्राचीन भारतीय विज्ञान और तकनीक,"प्राचीन भारतीय सभ्यता ने विज्ञान और तकनीक के क्षेत्र में कई महत्वपूर्ण योगदान दिये हैं। भारतीय इतिहास में अनेक आविष्कार हुए जो आज भी हमारे जीवन के अभिन्न हिस्से हैं। 

भारतीय गणितज्ञ आर्यभट्ट ने गणित के क्षेत्र में अपना महत्वपूर्ण योगदान दिया। उन्होंने ज्योतिषशास्त्र को विकसित किया और ग्रहों की गतियों को अच्छी तरह से समझा। उन्होंने ग्रहों की चाल को जानने के लिए 'आर्यभट्टीय' ग्रंथ रचा था। 

भारतीय चिकित्सा विज्ञान भी अत्यंत प्राचीन है। चरक और सुश्रुत जैसे प्राचीन चिकित्सा विज्ञानी ने अनेक चिकित्सा"
886,विश्व के आश्चर्यजनक प्राकृतिक स्थल,"विश्व भर में हमें कई ऐसे आश्चर्यजनक प्राकृतिक स्थल मिलते हैं जिन्हें देखकर हमें वास्तव में प्रकृति की अद्भुतता और शक्ति का एहसास होता है। ये स्थल वास्तव में प्राकृतिक चमत्कार हैं जो हमें अपनी सुंदरता और विशालता से प्रभावित कर देते हैं।

एक ऐसा प्राकृतिक स्थल है ग्रैंड कैनियन जो कनाडा और अमेरिका की सीमा पर स्थित है। यहाँ पर गहरी नाले और उच्च पर्वतों की दीवारें हैं जो देखने वालों को हैरान कर देती हैं। इसके अलावा, आयरलैंड में मोहर के पत्थरों की गजब की श्रृंगारिकता है जो दर्शकों को मोह लेने में सक्षम है।

दुनिया के अन्य"
887,पोषण और आहार में नई खोजें,"पोषण और आहार में नई खोजें आजकल तकनीकी विज्ञान के क्षेत्र में बहुत अग्रणी हैं। इसके कारण वैज्ञानिक अध्ययन और नई खोजें आहार और पोषण के क्षेत्र में हो रही हैं। ये नई खोजें लोगों के लिए स्वस्थ और पोषण से भरपूर आहार की योजना बनाने में मदद कर रही हैं।

एक तकनीकी खोज जिसे आजकल बहुत चर्चा मिल रही है, वह है 'क्रिस्पर' तकनीक। यह तकनीक जीनोम एडिटिंग के लिए इस्तेमाल की जाती है जिससे खाद्य पदार्थों को सुरक्षित और पोषकतापूर्ण बनाने में मदद मिलती है। इस तकनीक के जरिए वैज्ञानिक विभिन्न आहार में पोषक तत्वो"
889,अंतरिक्ष अन्वेषण का इतिहास,"अंतरिक्ष अन्वेषण एक उत्कृष्ट तकनीकी क्षेत्र है जो मानव की अविस्मरणीय क्रांति का प्रतीक है। इसका इतिहास व्यापक और उत्कृष्ट है।

अंतरिक्ष अन्वेषण का प्रारंभ विज्ञान और प्रौद्योगिकी की दिशा में अत्यधिक महत्वपूर्ण घटनाओं में से एक था। यह आज के सभी स्पेस मिशनों की जननी है। 

अंतरिक्ष अन्वेषण का इतिहास सन् 1957 में रूस के सपुत्निक-1 के प्रक्षेपण के साथ शुरू होता है। इसके बाद 1961 में यूरी गागरिन ने पहली बार मानव को अंतरिक्ष में ले जाकर इतिहास रचा। इसके बाद अंतरिक्ष अनुसंधान और अन्वेषण की दुनिया में नई रौशनी ड"
888,वैक्सीन विकास में नई तकनीकें,"वैक्सीन विकास में नई तकनीकें

वैक्सीन विकास में नई तकनीकें का उदय हो रहा है जो स्वास्थ्य सेवाओं के क्षेत्र में एक क्रांति ला सकती है। इन नई तकनीकों में से कुछ सहित हैं:

1. mRNA वैक्सीन: mRNA वैक्सीन कोरोनावायरस जैसे वायरस के खिलाफ लड़ाई में अहम भूमिका निभा रही है। यह वैक्सीन अंतरिक्ष अभ्यासों में सफलता प्राप्त कर चुकी है और वायरस के खिलाफ जल्दी वैक्सीन विकसित करने में मदद कर सकती है।

2. वायरल वेक्टर वैक्सीन: इस तकनीक में, वायरस के खिलाफ वैक्सीन का वायरल वेक्टर उपयोग किया जाता है जो इम्यूनिटी को बढ़ाने में मद"
890,अंतरिक्ष अन्वेषण का इतिहास,"अंतरिक्ष अन्वेषण मानव इतिहास का एक महत्वपूर्ण हिस्सा है जिसने हमें समय, दूरी और गहराई के प्रति अधिक जानकारी दी है। अंतरिक्ष अन्वेषण का इतिहास बहुत प्राचीन समय से है, जब लोग आकाश में तारों और ग्रहों की उपस्थिति को देखते थे और इसके बारे में अध्ययन करते थे।

आधुनिक अंतरिक्ष अन्वेषण की शुरुआत 20वीं सदी में हुई जब विज्ञानाग्रणी लोगों ने अंतरिक्ष की अज्ञात गहराई में से जानकारी प्राप्त करना शुरू किया। 1957 में रूस ने अपना पहला सैटेलाइट स्पुतनिक 1 को अंतरिक्ष में भेजा जिससे एक नया युग शुरू हुआ। इसके बाद अमेर"
891,वैक्सीन विकास में नई तकनीकें,"वैक्सीन विकास में नई तकनीकें अत्यंत महत्वपूर्ण हैं क्योंकि वे वैक्सीन विकास को तेजी से आगे बढ़ाने में मदद करती हैं। इन नई तकनीकों में सबसे प्रमुख हैं mRNA वैक्सीन। 

mRNA वैक्सीन तकनीक एक नई प्रकार की वैक्सीन है जो शरीर में mRNA को प्रेरित करती है ताकि शरीर स्वयं वायरस के खिलाफ कोड उत्पन्न कर सके। यह तकनीक वायरल वैक्सीनों के तुलनात्मक फायदे प्रदान करती है, जैसे कि तेज़ विकास, सुरक्षितता और योग्यता।

एक और नई तकनीक है एड़ीवेक्टर वैक्सीन। इस तकनीक में, एक अनुकरणीय वायरस का जीनेटिक सामग्री को वैक्सीन के लिए"
892,अंतरिक्ष अन्वेषण का इतिहास,"अंतरिक्ष अन्वेषण एक उच्च प्रौद्योगिकी क्षेत्र है जिसमें वैज्ञानिक और अंतरिक्ष अनुसंधानकर्ता अंतरिक्ष में विभिन्न तकनीकी कार्यों का अध्ययन करते हैं। अंतरिक्ष अनुसंधान का इतिहास बहुत पुराना है। प्राचीन समय से ही मानव ने आकाश और तारों की खोज की गई है।

अंतरिक्ष अनुसंधान की शुरुआत में गुगल वेबर की खोजने वाले अंतरिक्ष यान अपोलो कार्यक्रम ने बहुत धमाकेदार प्रदर्शन किया। इसके बाद अंतरिक्ष अनुसंधान कार्यक्रम विस्तार से विकसित हुए और विभिन्न देशों ने अंतरिक्ष में अपनी पहचान बनाने के लिए प्रयास किए।

इसके बाद व"
894,पोषण और आहार में नई खोजें,"पोषण और आहार में नई खोजें निरंतर हो रही हैं ताकि हम अपने शरीर को सही पोषण प्राप्त कर सकें और स्वस्थ रह सकें। यह नई खोजें हमें बेहतर आहार विकल्प और खाद्य संयंत्र तक पहुंचाने में मदद कर सकती हैं।

आधुनिक तकनीक ने हमें नए तरीके से खाद्य पदार्थों की खोज करने में मदद की है। उदाहरण के लिए, जीनोमिक्स, न्यूट्रास्टिक्स और बायोटेक्नोलॉजी के उपयोग से हम विभिन्न आहार संयंत्रों को और पोषक बना सकते हैं। इसके अलावा, स्वास्थ्य सेवाओं और फिटनेस एप्लिकेशन्स भी हमें सही आहार चयन में मदद कर सकते हैं।

वैज्ञानिक अनुसंधान"
893,व्यायाम और फिटनेस ट्रैकिंग ऐप्स,"व्यायाम और फिटनेस ट्रैकिंग ऐप्स आजकल लोगों के जीवन में एक महत्वपूर्ण भूमिका निभा रही हैं। ये ऐप्स लोगों को उनके व्यायाम और वजन नियंत्रण के लक्ष्यों को प्राप्त करने में मदद करती हैं। ये ऐप्स उपयोगकर्ताओं को उनके व्यायाम सत्र, खान-पान, नींद और अन्य स्वास्थ्य संबंधित डेटा को ट्रैक करने में सहायता प्रदान करती हैं। 

कुछ प्रमुख व्यायाम और फिटनेस ट्रैकिंग ऐप्स जैसे कि MyFitnessPal, Fitbit, Nike Training Club, Samsung Health आदि लोगों को उनके फिटनेस लक्ष्यों की प्राप्ति में मदद करते हैं। इन ऐप्स के माध्यम से लोग अपने भोजन की जानकारी, व्यायाम का समय, उपयो"
895,जीन थेरेपी की प्रगति,"जीन थेरेपी एक उच्च स्तरीय और विज्ञान में प्रगति कर रही तकनीक है जिसका उपयोग जीवाणु जीनों को संशोधित करने के लिए किया जाता है। यह उपचार के लिए एक नई दिशा तय कर सकता है जिसमें विशिष्ट जीन का उपयोग कॉपी किया जा सकता है या गलत जीनों को संशोधित किया जा सकता है।

जीन थेरेपी की प्रगति में कई महत्वपूर्ण उपयोग शामिल हैं, जैसे कि जीनों की शुरुआती भूल को ठीक करना, जीनों के अद्यतन करना और गलत जीनों को संशोधित करना। यह उपयोग विभिन्न रोगों जैसे कि कैंसर, मौत का विशेषण, जनन संक्रामक रोगों, मंत्रिमंडली रोगों और बह"
897,विश्व के आश्चर्यजनक प्राकृतिक स्थल,"विश्व भर में कई ऐसे आश्चर्यजनक प्राकृतिक स्थल हैं जो हमें अपनी अद्वितीयता और सुंदरता से प्रभावित करते हैं। ये स्थल विभिन्न भूगोलिक विकासों के फलस्वरूप उत्पन्न होते हैं और अक्सर पर्यटकों के ध्यान को आकर्षित करते हैं।

एक ऐसा प्राकृतिक स्थल है प्योरोरा वेली जो न्यूजीलैंड में स्थित है। यहाँ के आकर्षक वृक्ष, घने जंगल और नदियों की सुंदरता से लोग प्रभावित होते हैं। इसके अलावा, ग्रेट ब्लू होल जो बेलीज में स्थित है एक और अद्वितीय स्थल है। इस गहरे समुद्री गड्ढे की खूबसूरती को देखकर यात्री चौंक जाते हैं।

"
896,खेलों का विकास और उनका सामाजिक प्रभाव,"खेलों का विकास और उनका सामाजिक प्रभाव

खेलों का खेलना हमारे जीवन में अहम भूमिका निभाता है। खेलों के खेलने से हमारी सामरिक, शारीरिक और मानसिक स्थिति में सुधार होता है। खेलों का विकास हमारे शारीरिक और मानसिक स्वास्थ्य के लिए बेहद महत्वपूर्ण है। खेल खेलने से हमारे शारीरिक शक्ति, टेक्निकल स्किल्स, और मानसिक चुस्ती बढ़ती है।

खेलों का खेलना हमें टीम वर्क, सहयोग, और लीडरशिप कौशल में सुधार करता है। खेल खेलने से हमें सहनशीलता, संघर्षशीलता, और उत्साह भी मिलता है। खेलों के माध्यम से हमें निष्पक्षता, न्याय, और समर्थन की भावन"
898,भारतीय संस्कृति में त्योहारों का महत्व,"भारतीय संस्कृति में त्योहारों का विशेष महत्व है। ये त्योहार हमारे जीवन में खुशियों और उत्साह का माहौल बनाते हैं और समाज को एक साथ जोड़ने का काम करते हैं। भारतीय संस्कृति में विभिन्न धार्मिक, सांस्कृतिक और राष्ट्रीय त्योहार मनाए जाते हैं जैसे दीपावली, होली, दशहरा, दुर्गा पूजा, रक्षा बंधन, ईद, गुरुपूर्णिमा आदि।

ये त्योहार हमारे समाज में एकता और सद्भावना को बढ़ावा देते हैं। इन त्योहारों के दौरान लोग एक-दूसरे के साथ साझा करते हैं, मिलकर खुशियों का जश्न मनाते हैं। त्योहारों के रंग-बिरंगे रंग, सज"
900,विश्व की महान वास्तुकला,"वास्तुकला एक कला है जो मानव संसार में सजीव है। वास्तुकला न केवल एक भव्य और सुंदर भवन बनाने का काम है, बल्कि इसका उद्देश्य है कि वह एक सामाजिक, सांस्कृतिक और ऐतिहासिक पृष्ठभूमि भी हो। विभिन्न देशों में वास्तुकला ने विविध रूप लिए हैं और उनमें से कुछ अद्वितीय और महान वास्तुकला की उदाहरण हैं।

भारत में, खजुराहो, अजंता और एलोरा गुफाएँ, ताजमहल, कोणार्क, रानी की वाव जैसे भव्य और महान वास्तुकला के उदाहरण हैं। इन भव्य भवनों की सुंदरता, समर्थन और विवेकपूर्ण डिज़ाइन ने लोगों को हराकर रख दिया है"
899,प्राचीन भारतीय विज्ञान और तकनीक,"प्राचीन भारतीय सभ्यता ने विज्ञान और तकनीक के क्षेत्र में भी अपना महत्वपूर्ण योगदान दिया है। भारतीय परंपरा ने अनेक विज्ञानिक और तकनीकी उत्पादों का जीवन में उपयोग किया है और विश्व को उन्हें प्रदान किया है।

भारतीय गणित के क्षेत्र में शुद्ध गणित, ज्योतिष गणित, अलग-अलग प्रकार के गणितीय सूत्र, गणितीय अभियोग्यता, वर्गमूल, द्विगुणित, संख्यात्मक तत्व, परिमाण, रेखांकन, संख्या पद्धति, प्रथम, द्वितीय, तृतीय और चतुर्थ गुणनांक, गणितीय अभियोग्यता, भिन्न, सम, एक, गुणित, भागित, अधिकतम संख्या, न्यून"
902,टेलीमेडिसिन का भविष्य,"टेलीमेडिसिन एक विज्ञानात्मक उपकरण है जिसके माध्यम से चिकित्सा सेवाएं दूरस्थ स्थानों पर उपलब्ध कराई जा सकती हैं। यह तकनीकी उन्नति का एक अद्वितीय माध्यम है जो डॉक्टर और मरीजों के बीच संपर्क को सुगम और सुविधाजनक बनाता है।

टेलीमेडिसिन के भविष्य काफी उज्जवल है। इसका उपयोग विभिन्न क्षेत्रों में बढ़ रहा है, जैसे कि रोगी की देखभाल, नौकरियों की सुरक्षा, शिक्षा और सामाजिक संबंधों का संचालन। टेलीमेडिसिन की मदद से डॉक्टर दूरस्थ स्थानों से रोगी की देखभाल कर सकते हैं, जिससे समय और आर्थिक लाभ होता है।

इसके साथ"
901,विश्व की महान वास्तुकला,"वास्तुकला एक ऐसी कला है जो इंसानी समाज और संस्कृति को दर्शाती है। यह कला बहुत सारे अवधारणाओं, विचारों और विशेषताओं का समावेश करती है। वास्तुकला का इतिहास विशाल है और विभिन्न समय युगों में विभिन्न प्रकारों में विकसित हुआ है।

विश्व की महान वास्तुकला के रूप में कई भव्य और महत्वपूर्ण भवन हैं जो इतिहास, संस्कृति और विशेषता से भरपूर हैं। इनमें से कुछ प्रमुख भवन शाहजहां के ताजमहल, पेरिस का आइफेल टावर, रोम के कोलोसियम, दुबई का बर्ज खलीफा, न्यूयॉर्क का एम्पायर स्टेट बिल्डिंग, लंदन की टावर ब्रिज, सिडनी का ओपेरा"
905,व्यायाम और फिटनेस ट्रैकिंग ऐप्स,"आजकल व्यायाम और फिटनेस का ध्यान रखना स्वस्थ जीवनशैली का महत्वपूर्ण हिस्सा बन गया है। व्यायाम करने और स्वस्थ रहने के लिए व्यायाम ट्रैकिंग ऐप्स एक अच्छा सहायक हो सकते हैं। ये ऐप्स आपको व्यायाम की गतिविधियों को ट्रैक करने में मदद करते हैं, सही तरीके से डाइट की जानकारी देते हैं और आपके स्वास्थ्य को बेहतर बनाने के लिए मार्गदर्शन प्रदान करते हैं।

ये ऐप्स आपके व्यायाम की गतिविधियों को ट्रैक करने के साथ-साथ आपके लक्ष्यों को निर्धारित करने में भी मदद करते हैं। इनमें कई प्रकार के व्यायाम जैसे कि योगा, पावर लिफ्टिंग, कार्ड"
904,भारतीय संस्कृति में त्योहारों का महत्व,"भारतीय संस्कृति में त्योहारों का अद्वितीय महत्व है। ये त्योहार हमारे जीवन में रंग भरते हैं और समाज को एक साथ जोड़ते हैं। भारतीय संस्कृति में कई प्रकार के धार्मिक, सांस्कृतिक, और राष्ट्रीय त्योहार मनाए जाते हैं। 

धार्मिक त्योहार जैसे दीपावली, होली, दशहरा, रक्षाबंधन, ईद, गुरुपूर्णिमा आदि हमारे जीवन में उत्साह और खुशी लाते हैं। इन त्योहारों का महत्व उनके परंपरागत मूल्यों और धार्मिक महत्व के कारण भी है। 

सांस्कृतिक त्योहार जैसे लोहड़ी, बैसाकी, नवरात्रि, ओणम, पोंगल, बैशाखी आदि भारतीय संस्कृ"
903,पोषण और आहार में नई खोजें,"पोषण और आहार विज्ञान दिन-प्रतिदिन नए अनुसंधानों के माध्यम से अपनी गति बढ़ा रहा है। इन खोजों के माध्यम से हमें बेहतर और स्वस्थ जीवन जीने के लिए नए आहारी उत्पादों की उपलब्धता हो रही है।

हाल ही में वैज्ञानिकों ने सूर्य की किरणों का उपयोग करके आहार में नए पोषण तत्वों को अपनाया है। इन तत्वों के सेवन से शरीर में कैंसर और अन्य बीमारियों का खतरा कम होता है। विभिन्न विटामिन्स और मिनरल्स के साथ, इन तत्वों का सही मात्रा में सेवन शारीरिक और मानसिक स्वास्थ्य के लिए फायदेमंद है।

विज्ञान के इस क्षेत्र में एक और बड़ी खोज है व"
907,पोषण और आहार में नई खोजें,"पोषण और आहार एक स्वस्थ जीवन जीने के लिए महत्वपूर्ण हैं। विज्ञान में नई खोजें हमें इस दिशा में आगे बढ़ने में मदद कर रही हैं। 

हाल ही में कई अध्ययनों ने दिखाया है कि अंतरिक्ष में उगाए फल-सब्जियों में अधिक पोषक तत्व होते हैं। उच्च गुणवत्ता वाले खाद्य पदार्थ आहार में अधिक पोषण प्रदान कर सकते हैं। 

एक और रोचक खोज यह है कि आहार के सेवन की विधि पोषण को कैसे प्रभावित करती है। कुछ अध्ययनों में देखा गया है कि अगर किसी भोजन को धीरे-धीरे खाया जाए तो उसका पोषक तत्व शरीर द्वारा अधिक से अधिक अवशोषित किय"
906,विश्व की महान वास्तुकला,"वास्तुकला, या स्थापत्यकला, मानव सभ्यता का एक महत्वपूर्ण हिस्सा है जो हमारे समाज और संस्कृति को दर्शाती है। दुनियाभर में महान वास्तुकला के उदाहरण मिलते हैं जो इतिहास, सांस्कृतिक धरोहर और विज्ञान के साथ जुड़े होते हैं।

प्राचीन यूनानी, रोमन और इज्लामी शैलियों से लेकर मध्यकालीन और आधुनिक युग की वास्तुकला ने हमें अपनी विविधता और शैली में विस्तारित किया है। प्रमुख उदाहरण में प्योरामिड, ताजमहल, प्य्रामिड्स, परिस की नोट्र डैम, सिडनी ऑपरा हाउस, एफिल टावर, अंगकोर वाट, और इतने सारे अन्य भवन शामिल हैं।

महान वास्तुक"
909,विश्व के आश्चर्यजनक प्राकृतिक स्थल,"विश्व में कई ऐसे आश्चर्यजनक प्राकृतिक स्थल हैं जो अपनी सुंदरता और अनूठापन के लिए प्रसिद्ध हैं। ये स्थल अपनी मानवता के लिए एक माध्यम होते हैं ताकि हम प्रकृति के सौंदर्य का आनंद उठा सकें और समय बिता सकें।

प्रथम आते हैं ग्रेट ब्लू होल, जो बहामास के द्वीपसमूह में स्थित है। यह एक विशाल समुद्री गहराई है जिसका आकार व्यापक है और इसका नीला पानी आकर्षकता बढ़ाता है। फिर आता है नॉर्वे का एगरब्रिग जोर्डन, जिसे दुनिया का सबसे खूबसूरत फ्जोर्ड माना जाता है। इसकी गहरी नालियां और पहाड़ों की श्रृंखला देखने वाले को अद"
908,टेलीमेडिसिन का भविष्य,"टेलीमेडिसिन एक विज्ञान है जिसमें विभिन्न स्वास्थ्य सेवाओं को दूरस्थ संचार तकनीक का उपयोग करके प्रदान किया जाता है। यह नवाचारी तकनीकी उपाय स्वास्थ्य सेवाओं को अधिक पहुंचने वाला बनाता है और व्यक्ति को अच्छी सेवाएं प्राप्त करने में मदद करता है।

टेलीमेडिसिन का भविष्य बहुत उज्जवल है। इसके द्वारा स्वास्थ्य सेवाएं और उपचार अधिक सुलभ और उपयुक्त बनेंगे। यह विशेषकर वहाँ के लोगों के लिए फायदेमंद होगा जहाँ स्वास्थ्य सेवाएं कम होती हैं। दूरस्थ रूप से डॉक्टरों से संपर्क करने की सुविधा से लोग अपनी सेहत सम्बंधी समस्य"
911,भारतीय संस्कृति में त्योहारों का महत्व,"भारतीय संस्कृति में त्योहारों का विशेष महत्व है। ये त्योहार हमारे जीवन में खुशियों और समृद्धि का संदेश लेकर आते हैं और हमें सामाजिक एवं धार्मिक महत्वपूर्ण संदेश देते हैं। भारतीय संस्कृति में विभिन्न धर्मों और समुदायों के अनुसार अनेक प्रकार के त्योहार मनाए जाते हैं।

त्योहारों के माध्यम से हम अपने परंपरागत मूल्यों और अद्भुत विरासत को समझने का अवसर पाते हैं। इन त्योहारों में विशेष भोजन, पूजा-अर्चना, रंग-बिरंगे वस्त्र, गीत-संगीत और नृत्य होते हैं जो हमें एक साथ लगाव और एकता की भावना देते हैं।

त्योहारों के"
910,टेलीमेडिसिन का भविष्य,"टेलीमेडिसिन एक तकनीकी उपाय है जिसके माध्यम से चिकित्सा सेवाएं दूरस्थ स्थानों से प्राप्त की जा सकती हैं। यह डिजिटल संचार के उपयोग से विभिन्न स्वास्थ्य सेवाओं को पहुंचाने का एक माध्यम है। इसका उद्देश्य अस्पतालों और क्लिनिकों में भीड़ को कम करना, व्यस्तता को कम करना और चिकित्सा सेवाओं की पहुंच को बढ़ाना है।

टेलीमेडिसिन का भविष्य बहुत उज्जवल है। इसके जरिए चिकित्सा सेवाएं गरीबों और दूरस्थ इलाकों में भी पहुंचाई जा सकेंगी। यह विशेष रूप से वहाँ काम आएगी जहाँ चिकित्सा सेवाओं की कमी हो और लोग डॉक्टरों तक पहुंचने में स"
912,विश्व के आश्चर्यजनक प्राकृतिक स्थल,"पृथ्वी पर कई आश्चर्यजनक प्राकृतिक स्थल हैं जिन्हें देखने के लिए लोग दुनिया भर से यात्रा करते हैं। ये स्थल न केवल सुंदर हैं बल्कि उनकी विशेषता और माहौल भी अद्वितीय होती है।

एक ऐसा प्राकृतिक स्थल है माउंट एवरेस्ट। यह दुनिया का सबसे ऊंचा पर्वत है और नेपाल और तिब्बत के सीमा पर स्थित है। इसे चढ़ने के लिए लोग आत्म-परीक्षण और साहस की जरूरत होती है।

अगला प्राकृतिक स्थल है ग्रैंड कैनयन, जो अमेरिका में स्थित है। यह विशालकाय नाला अपनी खूबसूरती और गहराई के लिए प्रसिद्ध है।

बाकी, एयर्स रॉक ऑस्ट्रेलिया में ए"
913,अंतरिक्ष अन्वेषण का इतिहास,"अंतरिक्ष अन्वेषण एक उत्कृष्ट विज्ञान और तकनीकी क्षेत्र है जो हमारे ब्रह्मांड की अद्वितीय विशालता और रहस्यों को समझने में मदद करता है। अंतरिक्ष अन्वेषण का इतिहास बहुत पुराना है। प्राचीन समय से ही मानव समुदाय चाँद, सूर्य और अन्य ग्रहों की ओर दृष्टि डालता रहा है।

अंतरिक्ष अन्वेषण की नई युग रॉकेट्री और उपग्रह प्रक्षेपण के साथ शुरू हुई। 1957 में सोवियत संघ ने पहला उपग्रह, स्पुतनिक-1 का प्रक्षेपण किया। इसके बाद अमेरिका, भारत, यूरोपीय यूनियन, चीन, जापान और अन्य देशों ने भी अंतरिक्ष अन्वेषण के क्षेत्र में उप"
914,प्राचीन भारतीय विज्ञान और तकनीक,"प्राचीन भारतीय सभ्यता ने विश्व को विज्ञान और तकनीक में कई महत्वपूर्ण योगदान दिए हैं। वेदों में गणित, भौतिक और रसायन विज्ञान, ज्योतिष, आयुर्वेद आदि के बारे में व्यापक ज्ञान मौजूद है।

भारतीय गणितज्ञ आर्यभट्ट ने ‘आर्यभट्टीयम’ में गणित के कई सिद्धांतों की खोज की थी। उन्होंने सूर्य और चंद्रमा की गति का आकलन किया और ज्यामिति के क्षेत्र में महत्वपूर्ण योगदान दिया।

भारतीय भौतिकशास्त्र में भी विशेष ध्यान दिया गया है। आर्यभट्ट ने ग्रहों की दिशा और गति के बारे में अद्वितीय विचार दिए। भारतीय"
915,खेलों का विकास और उनका सामाजिक प्रभाव,"खेलों का विकास और उनका सामाजिक प्रभाव

खेलों का खिलाड़ी के जीवन में महत्वपूर्ण स्थान है। खेल खिलाड़ियों को न केवल शारीरिक बल और स्थिरता प्रदान करते हैं, बल्कि उनके सामाजिक विकास और अच्छी सेहत के लिए भी महत्वपूर्ण हैं। खेलों से सीखी गई टीम काम, नेतृत्व, सहयोग और सामाजिक जिम्मेदारी कौशल जीवन में बहुत उपयोगी साबित होते हैं।

खेल से अच्छे स्वास्थ्य का भी ध्यान रखा जा सकता है। खेल खेलने से हमारी मानसिक और शारीरिक स्थिति बनी रहती है जिससे हमारी दिनचर्या भले से चलती है। 

खेलों का सामाजिक प्रभाव भी काफी महत्वपूर्ण है"
916,पोषण और आहार में नई खोजें,"पोषण और आहार दोनों ही हमारे स्वास्थ्य और विकास के लिए महत्वपूर्ण हैं। नवीनतम खोजें इन दोनों क्षेत्रों में हमें बेहतर जीवन जीने की संभावनाएं प्रदान करती हैं। 

हाल ही में कई अनुसंधानों ने दिखाया है कि विभिन्न पोषण तत्व जैसे की प्रोटीन, विटामिन, और मिनरल्स का सही संतुलन हमारे स्वास्थ्य के लिए कितना महत्वपूर्ण है। इन खोजों ने भी बताया है कि विभिन्न भोजन तत्वों का संतुलन रखने से विभिन्न रोगों से बचा जा सकता है और शारीरिक और मानसिक विकास में मदद मिलती है। 

आधुनिक खोजों ने भी नए आहार विकल्पों का पता लगाने में मदद की ह"
917,मानसिक स्वास्थ्य और टेक्नोलॉजी,"मानसिक स्वास्थ्य और टेक्नोलॉजी, दोनों ही एक दूसरे के विकास में महत्वपूर्ण भूमिका निभाते हैं। टेक्नोलॉजी के उपयोग से मानसिक स्वास्थ्य के क्षेत्र में कई सुधार हुए हैं। आजकल कई मानसिक स्वास्थ्य सेवाएं ऑनलाइन उपलब्ध हैं, जिससे लोग अपनी समस्याओं को साझा कर सकते हैं और उचित उपाय प्राप्त कर सकते हैं।

टेक्नोलॉजी के उपयोग से सामाजिक मीडिया, मनोरंजन के साधन और संचार के तरीके में भी सुधार आया है, जिससे लोग अपने विचारों और भावनाओं को आसानी से व्यक्त कर सकते हैं। इसके अलावा, मानसिक स्वास्थ्य से जुड़ी जानकारी और समर्थन की पह"
918,भारतीय संस्कृति में त्योहारों का महत्व,"भारतीय संस्कृति में त्योहारों का विशेष महत्व है। ये त्योहार हमारी सांस्कृतिक धरोहर को दर्शाते हैं और समृद्धि और सहयोग की भावना को बढ़ावा देते हैं। इन त्योहारों से समाज में एकता, समरसता और समाजिक संबंधों की मजबूती का आभास होता है।

हर त्योहार अपनी विशेषता और महत्वपूर्ण संदेश लेकर आता है। उन्हें मनाने से हम अपनी परंपराएं और विरासत को याद रखते हैं और उन्हें अगली पीढ़ियों तक बनाए रखने का प्रयास करते हैं।

भारतीय संस्कृति में त्योहारों का महत्व इसलिए भी है क्योंकि वे हमारे जीवन को आनंदित और रंगीन बनाते है"
919,अंतरिक्ष अन्वेषण का इतिहास,"अंतरिक्ष अन्वेषण मानव जीवन का एक महत्वपूर्ण हिस्सा बन गया है और इसका इतिहास उसकी गाथा है। इसकी शुरुआत धरती पर से ही हुई जब मानव ने स्वयं को उच्च ऊंचाईयों तक पहुंचाने की कोशिश की। पहले अंतरिक्ष अन्वेषण की कोशिश चाँद पर की गई जिसका पहला महत्वपूर्ण कदम यूरोपीय देशों द्वारा लिया गया। 

1957 में रूस द्वारा उड़ान भरने वाला स्पुटनिक-1 चाँद के चारों ओर भ्रमण करके धरती की ओर संकेत करता था। इसके बाद चाँद पर मानव की पहली उड़ान 1969 में अमेरिकी अंतरिक्ष एजेंसी एनासा द्वारा किया गया। इसके बाद अंतरिक्ष अन्वेष"
920,खेलों का विकास और उनका सामाजिक प्रभाव,"खेलों का विकास और उनका सामाजिक प्रभाव

खेलों का विकास और उनका सामाजिक प्रभाव बहुत महत्वपूर्ण है। खेल न केवल शारीरिक स्वास्थ्य के लिए महत्वपूर्ण है, बल्कि मानसिक और सामाजिक रूप से भी विकास के लिए अच्छा है। खेल खिलाड़ियों को टीम वर्क, नेतृत्व, सहनशीलता, और समर्पण की भावना सिखाते हैं। 

खेलों के माध्यम से लोग समाज में में जुड़ते हैं, सहयोग और टीम वर्क के माध्यम से उनकी बातचीत क्षमता बढ़ती है। खेल खेलने से लोग अपनी मानसिक स्थिति को सुधार सकते हैं और तनाव को कम करने में मदद कर सकते हैं। 

खेल के माध्यम से समाज में समर्थन और स"
921,टेलीमेडिसिन का भविष्य,"टेलीमेडिसिन एक विज्ञानात्मक उपकरण है जो चिकित्सा सेवाओं को दूरस्थ साधनों का उपयोग करके प्रदान करता है। यह नवाचारी तकनीक के माध्यम से चिकित्सा सेवाओं को पहुंचाने में मदद करता है और रोगी का अच्छा ख्याल रखने में महत्वपूर्ण भूमिका निभाता है।

टेलीमेडिसिन का भविष्य बहुत उज्ज्वल है। इसका उपयोग विभिन्न क्षेत्रों में तेजी से बढ़ रहा है, जैसे कि दूरस्थ डायग्नोस्टिक्स, उपचार, और दवाओं की परामर्श सेवाएं। टेलीमेडिसिन के माध्यम से विशेषज्ञ सलाहकारों और रोगियों के बीच सीधा संवाद हो सकता है, जिससे समस्याओं का समाधान"
922,भारतीय संस्कृति में त्योहारों का महत्व,"भारतीय संस्कृति में त्योहारों का विशेष महत्व है। ये त्योहार भारतीय समाज के विविध आयामों को जोड़कर उन्हें समृद्ध करते हैं और एक अद्वितीय सामर्थ्य और एकता का भाव देते हैं। भारतीय संस्कृति में हर त्योहार अपने आप में एक अद्वितीय पहचान रखता है और लोगों को एक साथ लाने का कार्य करता है।

भारतीय संस्कृति में त्योहारों के माध्यम से लोग एक-दूसरे के साथ तालमेल और समरसता का आनंद लेते हैं। इन त्योहारों के दौरान लोग एक-दूसरे के साथ साझा करते हैं, खुशियों का आनंद लेते हैं और साथ में मनाते हैं। इन त्योहारों के माध्यम"
923,विश्व के आश्चर्यजनक प्राकृतिक स्थल,"विश्व भर में हमें कई आश्चर्यजनक प्राकृतिक स्थल मिलते हैं जिन्हें देखकर हम अद्भुत और आकर्षक नजारे देख सकते हैं। ये स्थल अपनी प्राकृतिक सुंदरता और अनूठापन के लिए प्रसिद्ध हैं और वहाँ जाने वाले पर्यटकों को अविस्मरणीय अनुभव प्रदान करते हैं।

इनमें से कुछ प्रमुख प्राकृतिक स्थल शामिल हैं - ग्रांड कैनयन (Grand Canyon) जो अमेरिका में स्थित है और विश्व का एक अद्वितीय खोजने योग्य नीला गहरा खाई है। फिजी का नीला गहरा (Blue Hole of Fiji) भी एक अद्वितीय समुद्री गहरा है जिसकी खूबसूरती देखने वाले को भविष्य में भी याद रहती है।

इसके अत"
924,टेलीमेडिसिन का भविष्य,"टेलीमेडिसिन एक ऐसी तकनीक है जिसमें चिकित्सा सेवाएं दूरस्थ संचार के माध्यम से प्रदान की जाती है। यह तकनीक विभिन्न प्रकार की सुविधाएं प्रदान करती है जैसे कि दूरस्थ चिकित्सा परामर्श, आंकलन, चिकित्सीय जानकारी और चिकित्सा शिक्षा।

टेलीमेडिसिन का भविष्य उज्जवल है। इसके विकास से चिकित्सा सेवाएं सुगम, सुलभ और उपलब्ध हो रही हैं। इसके माध्यम से गांवों और छोटे शहरों में भी उच्च गुणवत्ता की चिकित्सा सेवाएं पहुंचाना संभव हो रहा है। इससे गरीब और दूरस्थ इलाकों के लोगों को भी उच्च गुणवत्ता की चिकित्सा सुविधा मिल"
926,टेलीमेडिसिन का भविष्य,"टेलीमेडिसिन एक ऐसा चरण है जिसने स्वास्थ्य सेवाओं को परिवर्तित कर दिया है और भविष्य में इसका अभाव संभावित नहीं है। यह तकनीकी उन्नति ने दूरस्थ रूप से रोगी की देखभाल को सुगम और अधिक पहुँचने वाला बना दिया है।

टेलीमेडिसिन के सुधारों में से एक विशेष बात यह है कि वह समाज के हर वर्ग के लोगों के लिए उपलब्ध है। गाँवों और छोटे शहरों में रहने वाले व्यक्तियों के लिए टेलीमेडिसिन ने स्वास्थ्य सेवाओं की पहुँच को बढ़ावा दिया है। इसके साथ ही, यह रोगी और डॉक्टर के बीच संपर्क को भी मजबूत बनाता है, जिससे लक्षणों के सह"
925,प्राचीन भारतीय विज्ञान और तकनीक,"प्राचीन भारतीय सभ्यता ने विज्ञान और तकनीक के क्षेत्र में भी बहुत महत्वपूर्ण योगदान दिया है। भारतीय इतिहास में कई ऐसे वैज्ञानिक और गणितज्ञ थे जिन्होंने अपने अद्भुत अनुसंधानों से दुनिया को विस्मित किया।

वेदों में गणित, ज्योतिष, गणित, चिकित्सा और तकनीकी विषयों पर व्यापक ज्ञान दिया गया है। भारतीय गणितज्ञ आर्यभट्ट, ब्रह्मगुप्त, भास्कराचार्य आदि ने ज्योतिष, गणित और खगोलशास्त्र के क्षेत्र में महत्वपूर्ण योगदान दिया। भारतीय चिकित्सा विज्ञान भी विश्व में मान्यता प्राप्त है। चरक संहिता और सुश्रु"
927,खेलों का विकास और उनका सामाजिक प्रभाव,"खेलों का विकास और उनका सामाजिक प्रभाव

खेलों का महत्व और उनका सामाजिक प्रभाव विभिन्न विवादों के बावजूद अद्वितीय है। खेल न केवल दिमाग को स्वस्थ रखने में मदद करते हैं, बल्कि उनका खेलने का अनुभव भी सामाजिक और मानसिक रूप से विकसित करता है।

खेल खेलने से हम टीम वर्क, सहयोग, नेतृत्व, संघर्ष के लिए तैयार होते हैं। यह विभिन्न युगल और सामाजिक समूहों के बीच संवाद और समन्वय का माध्यम भी बनता है। खेल में हार और जीत के अनुभव से हमें समर्थन और संघर्ष की महत्वपूर्णता समझाई जाती है।

सामाजिक रूप से, खेल समाज में समरसता और सह"
928,टेलीमेडिसिन का भविष्य,"टेलीमेडिसिन एक तकनीकी उपकरण है जिसका उपयोग दूरसंचार के माध्यम से चिकित्सा सेवाएं प्रदान करने के लिए किया जाता है। इसका उद्देश्य यह है कि व्यक्ति आसपास के किसी भी स्थान से डॉक्टर से संपर्क कर सके और चिकित्सा सलाह प्राप्त कर सके।

टेलीमेडिसिन का भविष्य बहुत उज्ज्वल और सुविधाजनक है। इसके माध्यम से लोग अपने घर से ही डॉक्टर से संपर्क कर सकेंगे और अपनी स्वास्थ्य समस्याओं का समाधान प्राप्त कर सकेंगे। यह विशेष रूप से उन लोगों के लिए उपयुक्त है जो गांवों या दूरदराज क्षेत्रों में रहते हैं जहाँ चिकित्सा सुविधाएँ कम होती हैं।

"
929,भारतीय संस्कृति में त्योहारों का महत्व,"भारतीय संस्कृति में त्योहारों का विशेष महत्व है। भारतीय समाज में त्योहार न केवल आनंद और उत्साह लाते हैं, बल्कि उनके माध्यम से समाज में एकता, सद्भावना और सहयोग की भावना को बढ़ावा देते हैं। 

त्योहारों के द्वारा लोग अपने परंपरागत मूल्यों को याद करते हैं और उन्हें आगे बढ़ाने का प्रयास करते हैं। इन त्योहारों में लोग एक-दूसरे के साथ खुशियों का अनुभव करते हैं और साथ ही अपने रिश्तेदारों और परिवार के साथ भी समय बिताते हैं। 

भारतीय संस्कृति में त्योहारों का महत्व भी धार्मिक दृष्टिकोण से भी है। धार्मिक त्योहार ज"
931,पोषण और आहार में नई खोजें,"पोषण और आहार एक व्यक्ति के स्वास्थ्य और विकास में महत्वपूर्ण भूमिका निभाते हैं। समय के साथ तकनीकी विकास ने खाद्य क्षेत्र में नई खोजों का मार्ग खोल दिया है जो मानव समुदाय को अधिक स्वस्थ्य और पोषण से भरपूर आहार प्रदान कर सकती हैं।

एक बड़ी खोज जिसका निष्पादन हो रहा है, वह है 'सेल्फ-हीलिंग फूड'. इस प्रौद्योगिकी के तहत, वैज्ञानिकों ने ऐसे खाद्य उत्पादों का विकास किया है जो किसी व्यक्ति के शारीरिक गुण सुधार सकते हैं। इन खाद्य उत्पादों में ऐसे तत्व होते हैं जो शारीर की तंतुओं को मजबूत करने में मदद करते हैं औ"
932,विश्व की महान वास्तुकला,"वास्तुकला एक ऐसी कला है जो मानव सभ्यता के विकास का प्रमुख तत्व है। इसका महत्व अत्यधिक है क्योंकि वास्तुकला न सिर्फ भवनों की शैली और स्थानों का निर्माण करती है, बल्कि यह मानव समाज की धार्मिकता, सांस्कृतिक विविधता और ऐतिहासिक पहचान को भी दर्शाती है।

विश्व की महान वास्तुकला कई प्राचीन सभ्यताओं की अद्वितीयता और विशेषता को प्रकट करती है। इनमें से कुछ महान उदाहरण हैं - प्योरमिड्स ऑफ इजिप्ट, टाजमहल ऑफ भारत, पन्थेओन ऑफ ग्रीस, कोलोसियम और पान्थेओन ऑफ रोम इत्यादि। ये भवन सिर्फ उनकी अद्वितीय डिज़ाइन और आर्किटेक्चर"
930,विश्व की महान वास्तुकला,"वास्तुकला एक ऐसी कला है जिसने मानव सभ्यता के विकास में महत्वपूर्ण भूमिका निभाई है। वास्तुकला के माध्यम से निर्माण की गई इमारतें और संरचनाएं विभिन्न समय और स्थानों की सांस्कृतिक, सामाजिक और ऐतिहासिक पहचान बन गई हैं।

विश्व की महान वास्तुकला में शामिल हैं प्यारिस की आइफेल टावर, इटली की लेना टावर, भारत के ताजमहल, जापान की ओसाका कैसल, ग्रीस की पार्थनोन मंदिर, अमेरिका की स्टेच्यू ऑफ लिबर्टी, इंग्लैंड के बिग बेन, दुबई की बुर्ज खलीफा, जर्मनी की कोलन कैथेड्रल, चीन की ग्रेट वॉल और रोमनिया का द्राकुला का कैसल।

इन भव"
934,खेलों का विकास और उनका सामाजिक प्रभाव,"खेलों का विकास और उनका सामाजिक प्रभाव

खेल न केवल मनोरंजन का माध्यम होता है बल्कि यह एक महत्वपूर्ण तंत्र है जो हमारे शारीरिक, मानसिक और सामाजिक विकास में मदद करता है। खेल खेलने से हमारी शारीरिक दक्षता और कूशलता बढ़ती है, मानसिक तनाव कम होता है और हमारी सोचने की क्षमता में सुधार होता है। इसके अतिरिक्त, खेलों का सामाजिक प्रभाव भी होता है।

खेलों के माध्यम से हम सामाजिक संबंध बनाते हैं और सामूहिक जीवन की महत्वपूर्ण योग्यताओं का विकास होता है। टीम खेल जैसे क्रिकेट, फुटबॉल और वॉलीबॉल आदि में खिलाड़ियों को साथ मिलकर काम क"
935,वैक्सीन विकास में नई तकनीकें,"वैक्सीन विकास में नई तकनीकें

वैक्सीन एक अहम उपकरण है जो रोगों से लड़ने में मदद करता है और समुदाय को सुरक्षित रखता है। वैक्सीन विकास में नए तकनीकी उन्नतियों ने इस क्षेत्र में नये दरवाज़े खोले हैं।

1. mRNA वैक्सीन: mRNA वैक्सीन एक नई प्रकार की वैक्सीन है जिसमें mRNA के जरिए शरीर को रोग के खिलाफ जवाब बनाने के लिए संकेत दिए जाते हैं। COVID-19 वैक्सीन में इस तकनीक का उपयोग किया गया है।

2. वायरल वेक्टर वैक्सीन: इस तकनीक में एक अनुकूल वायरस का उपयोग करके जीवाणु के टुकड़े को शरीर में पहुंचाया जाता है। यह वैक"
933,जीन थेरेपी की प्रगति,"जीन थेरेपी एक उत्कृष्ट तकनीक है जिसे उपयोग करके विभिन्न जीवाणुकीय रोगों और जननसंबंधी रोगों के इलाज में मदद मिलती है। यह तकनीक गैर-सांविक रूप से विकसित रोगों के इलाज के लिए बहुत समर्थ है। जीन थेरेपी में रोग के कारण बने अवरोधक जीनों को संशोधित करने के लिए जन्य पुनर्वासन और जन्य एकीकरण की प्रक्रियाएं उपयोग में लाई जाती हैं। 

जीन थेरेपी में दो मुख्य प्रकार हैं - सीडीएनए और जीन एडिटिंग। सीडीएनए में नए जीन डाले जाते हैं, जबकि जीन एडिटिंग में मौजूद जीन को संशोधित किया जाता है। 

जीन थेरेप"
937,खेलों का विकास और उनका सामाजिक प्रभाव,"खेलों का विकास और उनका सामाजिक प्रभाव

खेल एक महत्वपूर्ण गतिविधि है जो हमारे शारीरिक, मानसिक और सामाजिक विकास में महत्वपूर्ण भूमिका निभाता है। खेल खेलने से हमारी शारीरिक क्षमता बढ़ती है, हमारी मानसिक स्थिति में सुधार होता है और हमारा सामाजिक संबंध मजबूत होता है।

खेलों का विकास बच्चों के लिए विशेष रूप से महत्वपूर्ण है। खेल खेलने से उनकी शारीरिक गतिविधियाँ बढ़ती हैं, उनकी मानसिक समर्था में वृद्धि होती है और उनका सामाजिक मिलन सुधरता है। बच्चों को टीम वर्क, दमनस्पर्धा और नैतिकता के मूल्यों की सीख मिलती है जो उन"
936,भारतीय संस्कृति में त्योहारों का महत्व,"भारतीय संस्कृति में त्योहारों का अत्यधिक महत्व है। भारत एक विविधतापूर्ण देश है जिसमें अनेक जातियों, धर्मों और सम्प्रदायों के लोग रहते हैं। त्योहार इस विविधता को समर्थन देने के साथ-साथ लोगों के बीच एकता और समरसता का संदेश भी देते हैं।

त्योहार लोगों की जीवन में रंग भर देते हैं और उन्हें सामाजिक और सांस्कृतिक मान्यताओं को मान्यता देने का अवसर प्रदान करते हैं। ये त्योहार लोगों के जीवन में खुशियों का स्रोत बनते हैं और उनके बीच एक अद्वितीय बांधन बनाते हैं।

भारतीय संस्कृति में अनेक प्रकार के त्योहार मनाए जात"
938,खेलों का विकास और उनका सामाजिक प्रभाव,"खेलों का विकास और उनका सामाजिक प्रभाव

खेल एक महत्वपूर्ण गतिविधि है जो हमारे शारीरिक, मानसिक और सामाजिक विकास में मदद करती है। खेल करने से हमारा शारीरिक स्वास्थ्य बना रहता है और हमारी मानसिक क्षमता में भी सुधार होता है। इसके साथ ही खेलों का सामाजिक प्रभाव भी हमारे जीवन में महत्वपूर्ण है।

खेलों का खेलना सामाजिक मूल्यों को सीखने का एक अच्छा तरीका है। खेल में टीम बनाना, साझा काम करना, निर्णय लेना और हार-जीत का सामना करना सीखने के लिए महत्वपूर्ण है। यह हमें समाज में सहयोग करने और अपने सुरक्षित और स्वस्थ रहने की क्षमता प्रदान करता है"
939,व्यायाम और फिटनेस ट्रैकिंग ऐप्स,"व्यायाम और फिटनेस ट्रैकिंग ऐप्स आजकल लोगों के लिए बहुत ही महत्वपूर्ण हैं। ये ऐप्स लोगों को उनकी दिनचर्या में फिटनेस को शामिल करने में मदद करते हैं। इन ऐप्स की सहायता से लोग अपनी व्यायाम सत्र, खानपान, नींद और अन्य स्वास्थ्य संबंधित गतिविधियों को ट्रैक कर सकते हैं।

इन ऐप्स के माध्यम से लोग अपने लक्ष्यों को सेट कर सकते हैं और उन्हें पूरा करने के लिए स्वयं को प्रेरित कर सकते हैं। ये ऐप्स अक्सर व्यायाम सत्र की वीडियो, ऑडियो या टेक्स्ट गाइडेंस, फिटनेस चैलेंजेस, स्वास्थ्य सलाह आदि प्रदान करते हैं।

कुछ लोकप्रिय व्याय"
940,मानसिक स्वास्थ्य और टेक्नोलॉजी,"मानसिक स्वास्थ्य और टेक्नोलॉजी एक गहरा संबंध है जो हमारे जीवन को सकारात्मक रूप से प्रभावित करता है। टेक्नोलॉजी ने मानसिक स्वास्थ्य के क्षेत्र में अनेक संभावनाएं खोली हैं। 

आधुनिक दुनिया में दिमागी स्वास्थ्य के लिए विभिन्न मोबाइल एप्लीकेशन, वेबसाइट और ऑनलाइन सेवाएं उपलब्ध हैं जो मानसिक स्वास्थ्य सम्बंधित समस्याओं का समाधान करने में मदद करती हैं। इन एप्लीकेशन के माध्यम से मनोरोग विशेषज्ञों से संपर्क करना, माइंडफुलनेस तकनीक सीखना, ध्यान और योग अभ्यास करना आदि सम्भव होता है। 

साथ ही, ऑनलाइन कन्सल्टेशन के माध्यम से दू"
941,वैक्सीन विकास में नई तकनीकें,"वैक्सीन विकास में तकनीकी नवाचार लगातार वैज्ञानिकों के ध्यान को आकर्षित कर रहे हैं। ये नई तकनीकें वैक्सीन विकास को तेजी से और अधिक प्रभावी बना रही हैं।

1. mRNA वैक्सीन: mRNA वैक्सीन एक नई प्रकार की वैक्सीन है जो कोविड-19 वैक्सीन विकसित करने में महत्वपूर्ण भूमिका निभा रही है। यह वैक्सीन शरीर में mRNA को प्रेरित करती है, जिससे शरीर के रसायनिक प्रतिक्रियाओं को बढ़ावा मिलता है और वायरस के खिलाफ रोगाणुओं के खिलाफ प्रतिरोध उत्पन्न होता है।

2. नैनोपार्टिकल वैक्सीन: नैनोपार्टिकल वैक्सीनें छोटे आयाम की होती हैं और व"
943,खेलों का विकास और उनका सामाजिक प्रभाव,"खेलों का विकास और उनका सामाजिक प्रभाव

खेलों का महत्व और उनका सामाजिक प्रभाव विश्वभर में अग्रणी है। खेलों का खेलना शारीरिक, मानसिक और सामाजिक विकास में महत्वपूर्ण भूमिका निभाता है। खेल न केवल शारीरिक स्वास्थ्य को बढ़ावा देता है, बल्कि मानसिक स्वास्थ्य और सामाजिक संबंधों में भी सुधार करता है।

खेलों के माध्यम से व्यक्ति कौशल, सहनशीलता, टीमवर्क, नेतृत्व, और समर्पण की भावना विकसित करता है। खेल में योग्यता प्राप्त करने के लिए व्यक्ति को प्रयास करना, समर्पित रहना, और अपनी सीमाओं को पार करने की क्षमता विकसित होती है।

सामाजिक"
944,जीन थेरेपी की प्रगति,"जीन थेरेपी एक उच्चतम स्तरीय तकनीक है जिसका उपयोग विभिन्न रोगों के इलाज में किया जाता है। यह एक उत्कृष्ट चिकित्सा प्रणाली है जिसमें मरीज के दिल की समस्याओं को ठीक करने के लिए उनके जीनों में परिवर्तन किया जाता है। जीन थेरेपी के माध्यम से बीमारियों के कारण बदले गए जीनों को मरीज के शरीर में पहुंचाया जाता है ताकि उन्हें स्वस्थ बनाने के लिए उचित जीन उत्पन्न किया जा सके।

जीन थेरेपी की प्रगति तेजी से बढ़ रही है और इसे मौजूदा चिकित्सा प्रणाली का एक महत्वपूर्ण हिस्सा माना जा रहा है। इस तकनीक के उपयोग से कई ऐसी बीमार"
942,खेलों का विकास और उनका सामाजिक प्रभाव,"खेलों का विकास और उनका सामाजिक प्रभाव

खेल एक महत्वपूर्ण गतिविधि है जो हमारे शारीरिक, मानसिक और सामाजिक विकास में महत्वपूर्ण भूमिका निभाता है। खेल न केवल हमें स्वस्थ रखने में मदद करता है बल्कि हमें अन्याय, सहयोग, अनुशासन, समर्पण और टीमवर्क के मूल्यों की सीख देता है।

खेलों का खेलना हमारे शारीरिक स्वास्थ्य को सुधारता है और हमें जीवनशैली रखने के लिए प्रेरित करता है। यह हमें संतुलित डाइट, अच्छी नींद और नियमित व्यायाम की आवश्यकता को समझाता है। साथ ही, यह हमें सामाजिक मिलने-जुलने का मौका देता है और हमें अन्य लोगो"
945,विश्व की महान वास्तुकला,"वास्तुकला एक ऐसी कला है जो सदियों से मानव सभ्यता के विकास का प्रमुख आधार रही है। वास्तुकला के माध्यम से हम न केवल जीवन के स्थायी अभिव्यक्ति को समझते हैं बल्कि समय के साथ बदलती समाज की चुनौतियों और यातायात की जटिलताओं का भी समाधान ढूंढ़ते हैं।

विश्व की महान वास्तुकला में से कुछ उदाहरण शहरों जैसे पेरिस, इस्तानबुल, रोम, ताजमहल आदि हैं। इन शहरों की वास्तुकला में उन्होंने अद्वितीय स्थापत्यकला का निर्माण किया है जो आज भी लोगों को प्रेरित कर रहा है।

इन महान वास्तुकला निर्माणों के पीछे न केवल उनकी सुंदरता और दृश"
947,भारतीय संस्कृति में त्योहारों का महत्व,"भारतीय संस्कृति में त्योहारों का विशेष महत्व है। ये त्योहार भारतीय जीवन में खुशी, एकता, समरसता और सामाजिक संबंधों को मजबूत करने का माध्यम होते हैं। इन त्योहारों के आयोजन में परिवार और समुदाय का साथ आता है जो सामाजिक संबंधों को मजबूत करता है और संवाद को बढ़ावा देता है।

भारत में हर धार्मिक समुदाय के अपने-अपने त्योहार होते हैं जैसे होली, दिवाली, ईद, गुरु पूर्णिमा, बैसाकी, नवरात्रि, क्रिष्ण जन्माष्टमी आदि। इन त्योहारों में लोग एक-दूसरे के साथ खुशियों और उत्साह को साझा करते हैं। इन त्योहारों की धारावाह"
946,जीन थेरेपी की प्रगति,"जीन थेरेपी एक उच्च प्रौद्योगिकी उपचार विधि है जिसमें विशेष तकनीकों का उपयोग करके मानव जीवन को बेहतर बनाने की कोशिश की जाती है। जीन थेरेपी का मुख्य लक्ष्य विकलांगता, जन्म से होने वाली रोग गलतियों, कैंसर, डायबिटीज, हृदय रोग आदि जैसी गंभीर बीमारियों का इलाज करना है। 

जीन थेरेपी में वैज्ञानिक शोध के आधार पर विशेष तरह के जीन को मानव शरीर में स्थापित किया जाता है ताकि रोग के कारण उत्पन्न होने वाली गलत संक्रमण को ठीक किया जा सके। इस तकनीक का उपयोग रसायनिक, बायोलॉजिकल और बायोमेडिकल उत्पादों के उत्पाद"
948,पोषण और आहार में नई खोजें,"पोषण और आहार एक व्यक्ति के स्वास्थ्य और विकास में महत्वपूर्ण भूमिका निभाते हैं। नवीनतम शोध और खोज के परिणामों के अनुसार, कुछ नई खोजें जो पोषण और आहार के क्षेत्र में हुई हैं, निम्नलिखित हैं:

1. आहार की गुणवत्ता बढ़ाने के लिए नवीनतम तकनीक: वैज्ञानिक और प्रौद्योगिकी क्षेत्र में हुई तकनीकी नवाचारों के माध्यम से आहार की गुणवत्ता को बढ़ाने की कई नई तकनीकें आए हैं। उदाहरण के लिए, गेनेटिक इंजीनियरिंग के माध्यम से पोषण से भरपूर फल और सब्जियों की खेती की जा रही है।

2. स्वास्थ्य के लिए विशेष आहार: विशेष"
949,टेलीमेडिसिन का भविष्य,"टेलीमेडिसिन या दूरसंचार चिकित्सा एक तकनीकी उपाय है जिसमें चिकित्सा सेवाएं दूरस्थ संचार के माध्यम से प्रदान की जाती हैं। यह विशेष रूप से ग्रामीण और दूरवस्थ क्षेत्रों में चिकित्सा सुविधाओं को पहुंचाने के लिए उपयोगी है।

टेलीमेडिसिन का भविष्य बहुत उज्जवल है। इसके माध्यम से चिकित्सा सेवाएं अधिक उपलब्ध होंगी और लोगों को जरूरी चिकित्सा सेवाएं आसानी से मिल सकेंगी। विशेषज्ञ डॉक्टरों की दूरस्थ सलाह, ऑनलाइन दवाइयों की व्यवस्था और चिकित्सा जानकारी को साझा करने के लिए टेलीमेडिसिन उपयोगी होगी।

टेलीमेडिसिन"
950,व्यायाम और फिटनेस ट्रैकिंग ऐप्स,"व्यायाम और फिटनेस ट्रैकिंग ऐप्स आजकल लोगों के लिए बहुत महत्वपूर्ण हो गए हैं। ये ऐप्स उन्हें उनकी रोजाना की फिटनेस एक्टिविटी को ट्रैक करने में मदद करते हैं। इन ऐप्स की मदद से लोग अपने प्रोग्रेस को माप सकते हैं, लक्ष्यों की ओर बढ़ सकते हैं और निरंतर प्रेरित रह सकते हैं। 

व्यायाम और फिटनेस ट्रैकिंग ऐप्स के कई फायदे हैं। इनमें आप अपने व्यायाम सत्रों को ट्रैक कर सकते हैं, खुद को मोटिवेट कर सकते हैं, खान-पान की जानकारी रख सकते हैं और अपनी सेहत पर ध्यान दे सकते हैं। इन ऐप्स में चैलेंजेस, इंस्ट्रक्शन्स और संभावित प्रो"
951,पोषण और आहार में नई खोजें,"पोषण और आहार के क्षेत्र में नई खोजें लगातार हो रही हैं जो हमारे स्वास्थ्य के लिए बहुत महत्वपूर्ण हैं। इन नई खोजों से हम अपने आहार में आवश्यक पोषक तत्वों को सही मात्रा में ले सकते हैं जिससे हमारे शरीर को सही मायने में पोषित किया जा सके।

एक नई खोज जिसे वैज्ञानिकों ने किया है, वह है मिश्रित आहार की महत्वता। इसमें अलग-अलग पोषण सामग्रियों को सही प्रमाण में मिश्रित करके खाना खाने की सलाह दी जाती है। इससे हमें सभी पोषक तत्व एक साथ मिलते हैं जिससे हमारे शरीर को पूरा पोषण मिलता है।

एक और नई खोज है जैसे कि जीवाणु से बने फू"
952,वैक्सीन विकास में नई तकनीकें,"वैक्सीन विकास एक महत्वपूर्ण क्षेत्र है जिसमें नवाचार तकनीकें लागू की जा रही हैं। ये नई तकनीकें वैक्सीन विकास की गति को तेज करने में मदद कर रही हैं और साथ ही उन्हें अधिक प्रभावी बना रही हैं।

1. mRNA वैक्सीन: mRNA वैक्सीन एक नवाचारिक तकनीक है जिसमें वायरस के खिलाफ लड़ने के लिए मैसेंजर RNA का उपयोग किया जाता है। यह वैक्सीन वायरस के गुणवत्ता प्रोटीन को उत्पन्न करने के लिए शरीर में उत्तेजित करती है, जिससे व्यक्ति का शरीर उस वायरस के खिलाफ प्रतिक्रिया बनाता है।

2. वायरल वेक्टर वैक्सीन: इस तकनीक में, अन्य अशुद्ध व"
953,प्राचीन भारतीय विज्ञान और तकनीक,"प्राचीन भारत में विज्ञान और तकनीक का इतिहास बहुत प्राचीन है और यहाँ विभिन्न क्षेत्रों में विकास हुआ है। भारतीय गणितज्ञ आर्यभट्ट ने गणित के क्षेत्र में अपनी महत्वपूर्ण योगदान दिया। उन्होंने गोलार्ध कोण, सूर्य ग्रहण आदि के लिए निर्देशांक तैयार किए थे। 

सांस्कृतिक और वैज्ञानिक धारणाओं में कई महत्वपूर्ण योगदान देने के साथ, भारतीय वैज्ञानिक चरक ने चिकित्सा के क्षेत्र में अपने अनुभवों को संकलित किया। उन्होंने आयुर्वेद की महत्वपूर्ण ग्रंथ पुस्तक ""चरक संहिता"" को लिखा और उसमें विभिन्न औषधियों के गुणों और"
954,व्यायाम और फिटनेस ट्रैकिंग ऐप्स,"व्यायाम और फिटनेस ट्रैकिंग ऐप्स आजकल स्वास्थ्य और फिटनेस के क्षेत्र में लोकप्रिय हो रहे हैं। ये ऐप्स उपयोगकर्ताओं को उनके व्यायाम और भोजन की जानकारी देने के साथ-साथ उनके प्रगति को भी ट्रैक करने में मदद करते हैं। 

इन ऐप्स के माध्यम से उपयोगकर्ता अपने व्यायाम समय, दौड़ने की दूरी, कैलोरी खपाने, सोने की समय आदि की जानकारी दर्ज कर सकते हैं। इसके अलावा, ये ऐप्स उपयोगकर्ताओं को मोटिवेट करने के लिए उन्हें निरंतर प्रेरित करते रहते हैं। 

कुछ प्रमुख व्यायाम और फिटनेस ट्रैकिंग ऐप्स में MyFitnessPal, Fitbit, Nike Training Club, Google Fit, और Samsung Health शामिल हैं। ये"
956,जीन थेरेपी की प्रगति,"जीन थेरेपी एक उत्कृष्ट तकनीक है जिसका उपयोग विभिन्न रोगों जैसे कैंसर, दिल की बीमारी, वायरल इन्फेक्शन्स और जन्मजात गलतियों के इलाज में किया जाता है। जीन थेरेपी के माध्यम से विशेष जीन्स को मानव जीवन में प्रविष्ट किया जाता है जिनसे रोग के कारण होने वाली बीमारी का इलाज किया जा सकता है।

जीन थेरेपी में वैज्ञानिक अनुसंधान और प्रौद्योगिकी का उपयोग करके विशेष जीन्स को मानव शरीर में स्थायी रूप से स्थापित किया जाता है। यह तकनीक दुनिया भर में कई विज्ञानी और चिकित्सा विशेषज्ञों द्वारा लागू की जा रही है और अब तक"
955,अंतरिक्ष अन्वेषण का इतिहास,"अंतरिक्ष अन्वेषण एक तकनीकी क्षेत्र है जिसमें वैज्ञानिकों ने विभिन्न ग्रहों, तारों और अन्य खगोलीय वस्तुओं का अध्ययन किया है। अंतरिक्ष अन्वेषण का इतिहास बहुत पुराना है। प्राचीन समय से ही मानव ने आसमान की ओर देखने की इच्छा रखी थी और उसने अंतरिक्ष की रहस्यमयी दुनिया का अध्ययन करने के लिए कई उपकरण बनाए हैं।

सबसे पहले अंतरिक्ष यात्रा का उल्लेख महाभारत और रामायण में मिलता है। इसके बाद ग्रीक, चीनी, अरब और इंग्लैंड जैसे विभिन्न सम्राटों ने भी अंतरिक्ष के गुप्त रहस्यों का पता करने के लिए अनुभव किया।

मानव न"
958,वैक्सीन विकास में नई तकनीकें,"वैक्सीन विकास में नई तकनीकें

वैक्सीन विकास एक क्रियाशील क्षेत्र है जिसमें समय के साथ नई तकनीकें लागू की जाती रही हैं। इन नई तकनीकों का उद्देश्य वैक्सीन विकास की प्रक्रिया को अधिक प्रभावी, तेज और सस्ते बनाना है।

1. mRNA वैक्सीन: mRNA वैक्सीनें एक नई प्रकार की वैक्सीन हैं जो कोविड-19 वैक्सीन विकास में उपयोग की गई हैं। ये वैक्सीन शरीर में mRNA को प्रेरित करती हैं जिससे शरीर को वायरस के खिलाफ रोकथाम के लिए प्रेरित किया जा सकता है।

2. DNA वैक्सीन: DNA वैक्सीन भी एक विकसित तकनीक है जिसमें वायरस के DNA का टुकड़ा शरीर में डाला जाता"
957,खेलों का विकास और उनका सामाजिक प्रभाव,"खेलों का विकास और उनका सामाजिक प्रभाव

खेलों का खेलना एक स्वास्थ्य और मनोरंजन से भरपूर तरीका है। खेल न केवल हमारी शारीरिक सेहत को बनाए रखने में मदद करता है बल्कि मानसिक स्वास्थ्य को भी सुधारता है। खेलों का खेलना हमारे जीवन में सकारात्मक परिवर्तन लाता है और हमें अनेक महत्वपूर्ण गुणों से युक्त करता है।

खेलों का खेलना सामाजिक प्रभाव भी डालता है। खेल हमें टीमवर्क, सहयोग, व्यवस्था और नेतृत्व की महत्वपूर्ण शिक्षाएं देता है। खेलों में विजय हासिल करने के लिए हमें अपनी टीम के सदस्यों के साथ मिलकर काम करना पड़ता है, जो हमें साम"
959,भारतीय संस्कृति में त्योहारों का महत्व,"भारतीय संस्कृति में त्योहारों का बहुत अधिक महत्व है। ये त्योहार हमारे समाज के सांस्कृतिक और धार्मिक जीवन का महत्वपूर्ण हिस्सा हैं और हमारी संस्कृति की अमूल्य धरोहर को बनाए रखने में मदद करते हैं। भारत में विभिन्न धर्मों और समुदायों के अनुसार अनेक त्योहार मनाए जाते हैं जैसे दिवाली, होली, दशहरा, ईद, क्रिसमस, नवरात्रि आदि।

त्योहारों के दिनों में लोग अपने परिवार और दोस्तों के साथ मिलकर खुशियों का जश्न मनाते हैं। इन त्योहारों के दिन लोग एक-दूसरे के साथ खुशियां बांटते हैं, खाना-पीना करते हैं और एक-दूसरे को उप"
960,व्यायाम और फिटनेस ट्रैकिंग ऐप्स,"व्यायाम और फिटनेस ट्रैकिंग ऐप्स आजकल लोगों के जीवन में एक महत्वपूर्ण स्थान बन गए हैं। ये ऐप्स उन्हें अपने व्यायाम और स्वास्थ्य की देखभाल के लिए मार्गदर्शन प्रदान करने में मदद करते हैं। इन ऐप्स में आप अपने व्यायाम कार्यक्रम को निर्धारित कर सकते हैं, अपने कदमों की गणना कर सकते हैं, और अपनी डाइट और नींद का भी ध्यान रख सकते हैं।

कुछ लोकप्रिय व्यायाम और फिटनेस ट्रैकिंग ऐप्स में से कुछ 'MyFitnessPal', 'Fitbit', 'Nike Training Club', 'Couch to 5K', 'Strava', 'Runkeeper' और '8fit' शामिल हैं। ये ऐप्स उपयोगकर्ताओं को व्यायाम का जादू अनुभव कराते हैं और स्वस्थ जीवनश"
961,जीन थेरेपी की प्रगति,"जीन थेरेपी एक उत्कृष्ट तकनीक है जिसका उपयोग विभिन्न रोगों जैसे कि कैंसर, जीवाणु संक्रमण और दिमागी रोगों के इलाज में किया जाता है। इस तकनीक में, वैज्ञानिक अध्ययनों और विशेषज्ञता का उपयोग करके विशेष जीन को शरीर के कोशिकाओं में पहुंचाया जाता है जिससे विशेष रोगों के उपचार में सफलता प्राप्त की जा सकती है।

जीन थेरेपी की प्रगति में विज्ञानिक समुदाय के अद्भुत योगदान हैं। नवीनतम गणितीय तकनीकों के उपयोग से जीन का संशोधन करना और उसे विशेष रोगों के लक्षणों को प्रभावित करने के लिए उपयोगी बनाना संभव हो ग"
962,टेलीमेडिसिन का भविष्य,"टेलीमेडिसिन एक विकासशील तकनीक है जिसमें चिकित्सा सेवाएं और सलाहकारी सेवाएं दूरस्थ साधनों के माध्यम से प्रदान की जाती हैं। यह तकनीक डिजिटल संचार के उन्नत साधनों का उपयोग करती है जैसे कि इंटरनेट, वीडियो कॉल, स्मार्टफोन, और अन्य इलेक्ट्रॉनिक उपकरण।

टेलीमेडिसिन का भविष्य बहुत उज्जवल है। इसके माध्यम से लोग अपने घर से ही चिकित्सा सलाह प्राप्त कर सकेंगे, जिससे वे अस्पतालों और क्लिनिक का भी भीड़-भाड़ से बच सकेंगे। इससे गरीब और दूरस्थ इलाकों के लोग भी अच्छी चिकित्सा सेवाएं प्राप्त कर सकेंगे।

टेलीमेडिसिन की म"
963,प्राचीन भारतीय विज्ञान और तकनीक,"प्राचीन भारतीय सभ्यता ने वैज्ञानिक और तकनीकी क्षेत्र में कई महत्वपूर्ण योगदान दिये हैं। वेदों में गणित, ज्योतिष, रसायन विज्ञान, भौतिकी और अन्य विज्ञानों की जानकारी मिलती है। उन्होंने सूर्य और चंद्रमा की गति का अध्ययन किया, ज्योतिष शास्त्र के माध्यम से उन्होंने नक्षत्रों की गति की गणना की और विभिन्न तारों के लिए यात्रा की गणना की। 

भारतीय गणितज्ञ आर्यभट्ट ने ज्योतिष और गणित में महत्वपूर्ण कार्य किया। उन्होंने ग्रहों की गति का अध्ययन किया और सोलर या लुनर ईक्लिप्स के समय को पूर्वानुमान किया। 

संस्कृत भाषा म"
964,खेलों का विकास और उनका सामाजिक प्रभाव,"खेलों का विकास और उनका सामाजिक प्रभाव

खेल एक महत्वपूर्ण गतिविधि है जो हमारे शारीरिक, मानसिक और सामाजिक विकास में महत्वपूर्ण भूमिका निभाती है। खेलों का खेलना हमारी शारीरिक सुविधा को बढ़ाता है, मानसिक स्थिति को सुधारता है और सामाजिक मिलन को बढ़ावा देता है।

खेलों के खेलने से हमारे शारीरिक विकास में सुधार होती है। खेलों में भाग लेने से हमारी ताकत, चुस्ती, स्थिरता और कूदने की क्षमता बढ़ती है। इसके साथ हमारी दिलचस्पी और मनोबल भी मजबूत होता है।

खेलों का खेलना हमारे मानसिक स्वास्थ्य के लिए भी फायदेमंद है। खेलों में"
966,अंतरिक्ष अन्वेषण का इतिहास,"अंतरिक्ष अन्वेषण एक रोमांचक और उत्कृष्ट क्षेत्र है जिसमें मानव समुदाय ने विशाल गहराईयों में जाने का प्रयास किया है। अंतरिक्ष अनुसंधान का इतिहास विशाल है और इसमें कई महत्वपूर्ण घटनाएं हैं।

अंतरिक्ष अनुसंधान का प्रारंभ होता है 20वीं सदी के शुरुआती दशक में, जब विभिन्न देशों ने अंतरिक्ष के रहस्यों को सुलझाने के लिए अपने उपग्रह भेजने का प्रयास किया। पहला उपग्रह, सपुतनिक-1, 1957 में सोवियत संघ द्वारा लॉन्च किया गया था। इसके बाद अंतरिक्ष अनुसंधान में तेजी से वृद्धि हुई और विभिन्न देशों ने अपने उपग्रह को अंत"
968,पोषण और आहार में नई खोजें,"पोषण और आहार एक व्यक्ति की सेहत और विकास में महत्वपूर्ण भूमिका निभाते हैं। विज्ञान और प्रौद्योगिकी में हर दिन नई खोजें की जा रही हैं जो लोगों के जीवन को बेहतर बनाने के लिए मददगार साबित हो सकती हैं।

आधुनिक तकनीक और अनुसंधान ने पोषण और आहार के क्षेत्र में कई नई खोजें की हैं। एक ऐसी खोज है जिसमें जैविक खेती और जलवायु परिवर्तन के संबंध की बात की जा रही है। इसका मुख्य उद्देश्य पोषण युक्त फसलों की उत्पादन बढ़ाना है।

एक और महत्वपूर्ण खोज आहार सुरक्षा और स्वास्थ्य आहार के लिए है। इसमें खाद्य सुरक"
967,भारतीय संस्कृति में त्योहारों का महत्व,"भारतीय संस्कृति में त्योहारों का विशेष महत्व है। ये त्योहार भारतीय जीवन के महत्वपूर्ण हिस्से हैं जो समृद्धि, सामाजिक एकता और सांस्कृतिक विरासत को बढ़ावा देते हैं। भारतीय त्योहार धार्मिक, सांस्कृतिक और सामाजिक दृष्टिकोण से विविधता और रंगबिरंगाई का प्रतीक हैं।

भारतीय संस्कृति में त्योहारों का महत्व उनके एकता और सामरस्य को दर्शाता है। त्योहारों के दौरान लोग एक साथ आत्मीयता और समरसता के साथ एकत्रित होते हैं, जो समाज में एक महत्वपूर्ण भावना का निर्माण करता है। इन त्योहारों के माध्यम से लोग अपनी परंपराओं, स"
969,मानसिक स्वास्थ्य और टेक्नोलॉजी,"मानसिक स्वास्थ्य और टेक्नोलॉजी दोनों हमारे जीवन में महत्वपूर्ण भूमिका निभाते हैं। टेक्नोलॉजी के विकास से हमारे दैनिक जीवन में अनेक सुविधाएं आ गई हैं, परन्तु इसके साथ ही मानसिक स्वास्थ्य की समस्याएं भी बढ़ गई हैं। 

आधुनिक दुनिया में लंबी कार्यक्षमता, उच्च तनाव, और सोशल मीडिया का अधिक प्रयोग मानसिक स्वास्थ्य को प्रभावित कर रहे हैं। इससे डिप्रेशन, एंग्जायटी, भय, और तनाव जैसी समस्याएं बढ़ गई हैं। 

हालांकि, टेक्नोलॉजी भी मानसिक स्वास्थ्य को सुधारने में मददगार हो सकती है। ऑनलाइन काउंसलिंग, मेडिटेशन एप"
970,व्यायाम और फिटनेस ट्रैकिंग ऐप्स,"आजकल व्यायाम और फिटनेस ट्रैकिंग ऐप्स का उपयोग बढ़ता जा रहा है। ये ऐप्स उपयोगकर्ताओं को उनकी व्यायाम और खान-पान की जानकारी प्रदान करते हैं और उन्हें स्वस्थ रहने में मदद करते हैं। ये ऐप्स वजन घटाने, मांसपेशियों को मजबूत करने, योगा या मेडिटेशन करने जैसी व्यायाम गतिविधियों को ट्रैक करने के लिए उपयुक्त होते हैं।

इन ऐप्स में आप अपनी रोजाना की व्यायाम गतिविधियों को नोट कर सकते हैं, कैलोरी काउंट कर सकते हैं, स्वास्थ्य संबंधित सलाह ले सकते हैं और अपनी प्रगति को ट्रैक कर सकते हैं। कुछ ऐप्स में सोशल मीडिया फीचर"
965,खेलों का विकास और उनका सामाजिक प्रभाव,"खेलों का विकास और उनका सामाजिक प्रभाव

खेलों का महत्व समाज में अविश्वसनीय है। खेल न केवल शारीरिक स्वास्थ्य के लिए महत्वपूर्ण होते हैं बल्कि मानसिक तथा सामाजिक विकास में भी बहुत अहम भूमिका निभाते हैं। 

खेल खिलाड़ियों को सामाजिक मूल्यों जैसे टीमवर्क, सहयोग, संघर्ष, नेतृत्व और जीतने की क्षमता को सिखाते हैं। खेल में भाग लेने से व्यक्ति सामूहिक जिम्मेदारी और सहयोग के लिए तैयार होते हैं। 

खेल खेलने से व्यक्ति का स्वतंत्र मनोबल विकसित होता है जिससे उन्हें दबावों का सामना करने की क्षमता प्राप्त होती है। यह उन्हें जीवन म"
971,व्यायाम और फिटनेस ट्रैकिंग ऐप्स,"आजकल जीवनशैली में बदलाव के कारण हम सभी को अपने स्वास्थ्य और फिटनेस का ध्यान रखना जरूरी है। व्यायाम और फिटनेस ट्रैकिंग ऐप्स इसमें महत्वपूर्ण साथी हो सकते हैं। ये ऐप्स हमें हमारे व्यायाम, पोषण, नींद और सामान्य फिटनेस की जानकारी देते हैं और हमें स्वस्थ रहने के लिए प्रेरित करते हैं।

इन ऐप्स की मदद से हम अपने व्यायाम की प्रगति को ट्रैक कर सकते हैं, अपने खाने-पीने की व्यवस्था को संगठित रख सकते हैं और सही नींद लेने के लिए अनुसूचियां बना सकते हैं। ये ऐप्स आपके लक्ष्य को साधने में मदद करते हैं और आपको संजीवनी बूट क"
972,पोषण और आहार में नई खोजें,"पोषण और आहार खोजें हमारे स्वास्थ्य और विकास के लिए महत्वपूर्ण हैं। नवीनतम खोज और अनुसंधान इन क्षेत्रों में नए दरवाजे खोल सकते हैं जो हमें स्वस्थ्य जीवन जीने के लिए मदद कर सकते हैं।

आधुनिक विज्ञान और प्रौद्योगिकी ने नए उपचार, पोषण स्थितियों का मापन और नए आहार विकल्पों की खोज में महत्वपूर्ण योगदान दिया है। उदाहरण के लिए, जीनेटिक अनुसंधान ने हमें व्यक्तिगत पोषण की जरूरतों को समझने में मदद की है और नए आहार विकल्पों का विकास किया है।

साथ ही, आहार और पोषण से जुड़े अनुसंधान में भी नवाचार हुए है"
973,वैक्सीन विकास में नई तकनीकें,"वैक्सीन विकास में नई तकनीकें का उपयोग आधुनिक तकनीकी विकास के क्षेत्र में बड़ी उपलब्धि मानी जा रही है। इन नई तकनीकों की मदद से वैक्सीन विकास की प्रक्रिया को तेजी से और प्रभावी बनाया जा सकता है।

एक ऐसी नई तकनीक है mRNA वैक्सीन, जिसे कोरोना वायरस के खिलाफ वैक्सीन विकास में सफलतापूर्वक उपयोग किया गया है। इस तकनीक में mRNA मोलेक्यूल का उपयोग किया जाता है जो शरीर में वैक्सीन के खिलाफ प्रतिक्रिया उत्पन्न करने के लिए उत्तेजित करता है। यह वैक्सीन तैयार करने में सरलता और तेजी से तैयार की जा सकती है।

एक और नई तकनीक ह"
975,अंतरिक्ष अन्वेषण का इतिहास,"अंतरिक्ष अन्वेषण एक उत्कृष्ट तकनीकी क्षेत्र है जिसमें मानव समुदाय ने अद्वितीय कारनामे किए हैं। अंतरिक्ष अन्वेषण का इतिहास बहुत प्राचीन है। प्राचीन समय में लोग चंद्रमा और सूर्य की गतियों का अध्ययन कर रहे थे। इसके बाद उन्होंने उन्हें देवताओं की भूमिका दी और उनकी पूजा की शुरुआत की।

आधुनिक अंतरिक्ष अन्वेषण की शुरुआत 20वीं सदी के शुरुआत में हुई जब विज्ञान के क्षेत्र में तेजी से विकास हुआ। 1957 में सोवियत संघ ने पहला उपग्रह ""स्पुतनिक-1"" लॉन्च किया, जिससे अंतरिक्ष युग की शुरुआत हुई। उसके बाद अमेरिका, भारत"
976,प्राचीन भारतीय विज्ञान और तकनीक,"प्राचीन भारतीय सभ्यता ने अपनी सबसे प्राचीन काल से ही विज्ञान और तकनीक के क्षेत्र में महत्वपूर्ण योगदान दिया है। वेदों में भारतीय विज्ञान की उच्चतम भावना का वर्णन किया गया है। उनके अनुसार, भूमंडल पर जिन शक्तियों ने समय-समय पर काम किया है, उन्हें 'देवताओं' के रूप में विभाजित किया गया है।

भारतीय वैज्ञानिक अष्टांगिक मार्ग के अनुसार ज्ञान की उच्चतम शिखर तक पहुंचने के लिए आवश्यक गुणों को विकसित करते हैं। इसमें यम, नियम, आसन, प्राणायाम, प्रत्याहार, ध्यान, धारणा, और समाधि शामिल हैं।

भारतीय वैज्ञानिकों ने"
974,जीन थेरेपी की प्रगति,"जीन थेरेपी एक उत्कृष्ट विज्ञान तकनीक है जिसमें विज्ञानात्मक अनुसंधान के माध्यम से व्यक्ति के जीनों में परिवर्तन किया जाता है ताकि किसी विशेष रोग या समस्या का इलाज किया जा सके। जीन थेरेपी का उद्देश्य यह है कि विशेष रोगों का इलाज करने के लिए व्यक्ति के जीनों को संशोधित करके उसके शरीर को स्वस्थ बनाना।

जीन थेरेपी की प्रगति ने मेडिकल साइंस में क्रांति ला दी है। इस तकनीक का उपयोग अनेक गंभीर रोगों जैसे कि कैंसर, जीनेटिक विकार, डायबिटीज, मस्तिष्कशक्ति विकार, मोटापा आदि के इलाज में किया जा रहा है।

जीन थेरेपी की प्रमुख"
977,खेलों का विकास और उनका सामाजिक प्रभाव,"खेलों का विकास और उनका सामाजिक प्रभाव

खेलों का खेलना हमारे शारीरिक, मानसिक और सामाजिक विकास में महत्वपूर्ण भूमिका निभाता है। खेलों के खेलने से हमारी शारीरिक क्षमता बढ़ती है, हमारी मानसिक स्थिति में सुधार होता है और हमें सामाजिक संबंधों को मजबूत करने में मदद मिलती है।

खेलों के खेलने से हमारी शारीरिक क्षमता बढ़ती है। खेल खेलते समय हमारे हृदय की कार्यक्षमता बढ़ जाती है, हमारे हड्डियां मजबूत होती हैं और हमारी चढ़ावदारी बढ़ती है। इसके अलावा, खेलों के खेलने से हमारा मानसिक स्वास्थ्य भी बेहतर होता है। खेल हमें तन"
978,अंतरिक्ष अन्वेषण का इतिहास,"अंतरिक्ष अन्वेषण एक विज्ञान और तकनीकी क्षेत्र है जिसमें अंतरिक्ष के गहरे रहस्यों को समझने के लिए विभिन्न प्रक्रियाएं और उपकरणों का उपयोग किया जाता है। इसका इतिहास बहुत पुराना है और इसमें कई महत्वपूर्ण घटनाएं शामिल हैं।

प्राचीन काल में लोग स्वर्ग, चंद्रमा और अन्य ग्रहों के बारे में अपनी कल्पना से परिचित थे, लेकिन वास्तविक अंतरिक्ष अनुसंधान का प्रारंभ तारामंडल, चंद्रग्रहणों और अन्य अद्भुत घटनाओं की अध्ययन से हुआ।

आधुनिक अंतरिक्ष अन्वेषण का कारण वैज्ञानिक और तकनीकी विकास है, जिसमें रॉकेट्री, उपग्रह, औ"
981,वैक्सीन विकास में नई तकनीकें,"वैक्सीन विकास में नई तकनीकें एक महत्वपूर्ण क्षेत्र हैं जो स्वास्थ्य और विज्ञान के लिए बहुत महत्वपूर्ण है। वैक्सीन विकास में नई तकनीकें उन तकनीकों को सम्मिलित करती हैं जो वैक्सीन तैयारी की दिशा बदल देती हैं। इन तकनीकों में सबसे महत्वपूर्ण हैं जेनेटिक इंजीनियरिंग, नैनोटेक्नोलॉजी, और कंप्यूटेशनल बायोलॉजी।

जेनेटिक इंजीनियरिंग के उपयोग से वैक्सीन विकास में कई नई संभावनाएं खुल गई हैं। इसके माध्यम से वैक्सीन के तत्वों को संशोधित किया जा सकता है जिससे उनकी प्रभावकारिता और सुरक्षा बढ़ सकती है"
979,पोषण और आहार में नई खोजें,"पोषण और आहार दोनों ही हमारे स्वास्थ्य के लिए महत्वपूर्ण हैं। नवीनतम खोजें इन दोनों क्षेत्रों में हमें नए और बेहतर तरीके से स्वस्थ रहने की संभावनाएं प्रदान कर रही हैं।

आधुनिक पोषण के क्षेत्र में नवीनतम खोजें भोजन की समृद्धि और उसकी पोषकता को बढ़ाने पर केंद्रित हैं। उनमें भोजन के पोषक तत्वों के संशोधन, विटामिन्स और मिनरल्स के नए स्रोतों की खोज और उनके सही संयोजन का अध्ययन शामिल है। इसके अलावा, जैव और घातक तत्वों के मामूली संशोधन और उनके स्वास्थ्य पर प्रभाव की गहराई से जानकारी प्राप्त की जा रही है।

आहार के क"
980,विश्व के आश्चर्यजनक प्राकृतिक स्थल,"विश्व में अनगिनत प्राकृतिक स्थल हैं जिन्हें देखकर हम स्वयं को हैरान महसूस करते हैं। ये स्थल अपनी विशेषता और सुंदरता के लिए प्रसिद्ध हैं।

एक ऐसा प्राकृतिक स्थल है 'नॉर्वे की ऐजेन्डा', जो सुंदर फियोर्ड्स के लिए मशहूर है। यहां की विशाल फियोर्ड्स, उच्च पहाड़ियों और नीले आसमान के बीच का मनोहारी दृश्य प्रकृति की अद्वितीयता को प्रकट करता है।

दूसरा उदाहरण 'अफ्रीका का विक्टोरिया जलप्रपात' है, जो नीले जल में गिरता है और ध्वनि और शक्ति का अद्वितीय संगम है। इस जलप्रपात का दृश्य अत्यंत मनोहारी होता है और दर्शकों को"
982,जीन थेरेपी की प्रगति,"जीन थेरेपी एक रिवोल्यूशनरी तकनीक है जिससे विभिन्न जन्मजात रोगों के इलाज में मदद मिलती है। यह तकनीक वास्तव में मानव जीवन को बदलने की क्षमता रखती है। जीन थेरेपी का उद्देश्य व्यक्ति के जीनों में परिवर्तन करके उनकी स्वास्थ्य स्थिति को सुधारना है।

जीन थेरेपी की प्रगति में वैज्ञानिकों ने अनेक महत्वपूर्ण कदम उठाए हैं। इस तकनीक के द्वारा विभिन्न जीनों में म्यूटेशन को संशोधित किया जा सकता है जो विभिन्न रोगों के कारण बनती हैं। इसके अलावा, जीन थेरेपी के जरिए नई और अधिक प्रभावी उपचार विकसित किए जा रहे हैं।

"
983,जीन थेरेपी की प्रगति,"जीन थेरेपी एक उत्कृष्ट तकनीक है जिसे उपयोग करके विभिन्न रोगों का इलाज किया जा सकता है। यह तकनीक विशेषत: जेनेटिक रोगों और कैंसर के इलाज में अच्छे परिणाम प्रदान करती है। जीन थेरेपी के माध्यम से, किसी व्यक्ति के अंडकोष या योनि के स्त्राव के माध्यम से लाभकारी जीन्स को प्रविष्ट किया जा सकता है जिससे उनकी रोगाणुओं के खिलाफ प्रतिरोध बढ़ जाता है।

जीन थेरेपी का उद्देश्य विकल्पिक जीन को अवशोषित करने या पुराने जीन को बदलने के माध्यम से विकल्पिक जीन को जीनों के अंश में संशोधित करना है। इस प्रकार, जीन थेरेपी एक व्यक्ति के"
984,व्यायाम और फिटनेस ट्रैकिंग ऐप्स,"व्यायाम और फिटनेस ट्रैकिंग ऐप्स आजकल लोगों के लिए एक महत्वपूर्ण टूल बन गए हैं जो उन्हें अच्छे स्वास्थ्य और फिटनेस की दिशा में मार्गदर्शन प्रदान करते हैं। ये ऐप्स उपयोगकर्ताओं को उनके लक्ष्यों और आवश्यकताओं के अनुसार व्यायाम, डाइट योजना, स्वास्थ्य परीक्षण, नींद आदि की जानकारी प्रदान करते हैं।

इन ऐप्स में कई फीचर्स शामिल होते हैं जैसे कि व्यायाम की वीडियो गाइड, रिमाइंडर, कैलोरी काउंटर, स्टेप काउंटर, हृदय दर की मॉनिटरिंग, स्वास्थ्य डेटा रिपोर्टिंग, मोटिवेशनल मैसेज आदि। ये लोगों को अपने प्र"
985,पोषण और आहार में नई खोजें,"पोषण और आहार एक व्यक्ति के स्वास्थ्य के लिए महत्वपूर्ण हैं। नवीनतम तकनीकी खोजें इस क्षेत्र में नए आविष्कारों को संभव बनाती हैं जो लोगों के स्वास्थ्य को सुधार सकती हैं। यहाँ कुछ प्रमुख खोजें हैं जिन्होंने पोषण और आहार के क्षेत्र में नए दरवाजे खोले हैं।

1. जीनेटिक इंजीनियरिंग: जीनेटिक इंजीनियरिंग के माध्यम से आहार की गुणवत्ता में सुधार किया जा सकता है। यह तकनीक जैव विज्ञान के उदाहरण है जो आहार पदार्थों की गुणवत्ता में सुधार कर सकती है।

2. आनुवंशिक विश्लेषण: आनुवंशिक विश्लेषण के माध्यम से व्यक"
986,भारतीय संस्कृति में त्योहारों का महत्व,"भारतीय संस्कृति में त्योहारों का विशेष महत्व है। ये त्योहार हमारे समाज के सांस्कृतिक और धार्मिक विरासत का हिस्सा हैं और हमें इन्हें मनाकर हमारी परंपराओं को जीवंत रखने में मदद करते हैं। भारत में विभिन्न धार्मिक समुदायों के लोग अपने-अपने त्योहारों को उत्सवित करते हैं और इन्हें खुशी और उत्साह के साथ मनाते हैं।

त्योहारों के माध्यम से हम अपने परिवार और समाज में एकता, समरसता और सौहार्द की भावना को मजबूत करते हैं। इन अवसरों पर हम अपने अपने परिवार सदस्यों के साथ समय बिताने का मौका पाते हैं और एक-दूसरे के साथ नवीनतम खुशियों औ"
987,टेलीमेडिसिन का भविष्य,"टेलीमेडिसिन एक विज्ञान या सेवा है जिसमें इंटरनेट और अन्य नवाचारों का उपयोग करके रोगी और डॉक्टर के बीच संचार को सुविधाजनक बनाने का प्रयास किया जाता है। यह एक ऐसा उपाय है जिसमें लोग अपने घरों से ही डॉक्टर से संपर्क कर सकते हैं और उनकी सेवाएं प्राप्त कर सकते हैं।

टेलीमेडिसिन का भविष्य बहुत उज्ज्वल है। इसके माध्यम से लोग दूरस्थ इलाकों में भी अच्छी स्वास्थ्य सेवाएं प्राप्त कर सकेंगे। खासकर गांवों और छोटे शहरों में जहां डॉक्टरों की कमी है, वहां टेलीमेडिसिन एक महत्वपूर्ण साधन हो सकता है।

इसके साथ ही डिजिटलीकरण के"
988,मानसिक स्वास्थ्य और टेक्नोलॉजी,"मानसिक स्वास्थ्य और टेक्नोलॉजी दोनों हमारे जीवन के महत्वपूर्ण हिस्से हैं और इन दोनों के बीच गहरा संबंध है। आधुनिक दुनिया में टेक्नोलॉजी का उपयोग मानसिक स्वास्थ्य में सुधार करने के लिए किया जा रहा है। 

टेक्नोलॉजी के माध्यम से हम आसानी से मानसिक स्वास्थ्य सम्बंधित सूचनाओं और सेवाओं तक पहुँच सकते हैं। उदाहरण के लिए, अब तकनीकी उपकरणों के माध्यम से हम आत्म-समझदारी और मनोवैज्ञानिक समर्थन प्राप्त कर सकते हैं। साथ ही, वेबसाइट, मोबाइल ऐप्स और सामाजिक मीडिया के माध्यम से मानसिक स्वास्थ्य संबंधित जानकारी और समर्थन प्राप"
989,भारतीय संस्कृति में त्योहारों का महत्व,"भारतीय संस्कृति में त्योहारों का विशेष महत्व है। ये त्योहार समाज को एक साथ लाते हैं और लोगों के जीवन में खुशियां और उत्साह भरते हैं। भारत में अनेक प्रकार के धार्मिक, सांस्कृतिक और सामाजिक त्योहार मनाए जाते हैं।

त्योहारों के माध्यम से भारतीय संस्कृति के मूल्यों और परंपराओं का समर्थन किया जाता है। ये त्योहार लोगों के बीच एकता और सद्भावना को बढ़ावा देते हैं। इन त्योहारों के माध्यम से लोग अपने रिश्तेदारों और परिवार के साथ वक्त बिताते हैं और एक-दूसरे के साथ खुशियों और दुखों को साझा करते हैं।

त्योहारों के अवसर पर ल"
990,प्राचीन भारतीय विज्ञान और तकनीक,"प्राचीन भारतीय सभ्यता ने वैज्ञानिक और तकनीकी क्षेत्र में भी अपना महत्वपूर्ण योगदान दिया है। भारतीय इतिहास में धातुरेखा, गणित, वास्तुकला, औषधि विज्ञान, ज्योतिष आदि में उनके उत्कृष्ट योगदान की चर्चा होती रही है।

भारतीय गणितज्ञ आर्यभट्ट ने ‘आर्यभट्टीयम’ नामक गणित ग्रंथ लिखा, जिसमें वह अंकगणित, ज्योतिषशास्त्र, गोलाध्याय, गोलकाध्याय, गोलधारा, त्रिकोणमिति, विस्तारयुतकाध्याय आदि पर विस्तार से चर्चा करते हैं। 

भारतीय वास्तुकला ने भी विश्व को अपनी कला से प्रभावित किया। भारतीय मूर्तिकला"
992,अंतरिक्ष अन्वेषण का इतिहास,"अंतरिक्ष अन्वेषण मानव इतिहास का एक महत्वपूर्ण हिस्सा है जिसने हमें सूर्य सिस्टम और बाह्य ब्रह्मांड के बारे में अनगिनत जानकारी प्रदान की है। इसका शुरुआती संकेत लगभग 20वीं सदी के मध्य में देखा गया जब रॉकेट प्रौद्योगिकी का विकास हुआ। इसके बाद 1957 में सोवियत संघ ने सफलतापूर्वक स्पुटनिक-1 का प्रक्षेपण किया, जिससे अंतरिक्ष युग का आरम्भ हुआ।

1961 में यूरी गागरिन ने पहली बार मानव को अंतरिक्ष में यात्रा कराकर इतिहास रचा। इसके बाद अंतरिक्ष अन्वेषण में अग्रणी भूमिका खेलने वाले कई देशों ने अंतरिक्ष अन्वेषण के क्ष"
991,मानसिक स्वास्थ्य और टेक्नोलॉजी,"मानसिक स्वास्थ्य और टेक्नोलॉजी दोनों ही एक व्यक्ति के जीवन में महत्वपूर्ण भूमिका निभाते हैं। आजकल की दौड़भगद्ध जीवनशैली में ज्यादातर लोग तनाव, चिंता, डिप्रेशन, और अन्य मानसिक समस्याओं का सामना कर रहे हैं। इस संदर्भ में, टेक्नोलॉजी एक महत्वपूर्ण भूमिका निभा सकती है।

टेक्नोलॉजी के उपयोग से व्यक्ति अपने मानसिक स्वास्थ्य की देखभाल कर सकते हैं। मानसिक स्वास्थ्य एप्लीकेशन्स, ध्यान और मेडिटेशन ऐप्स, और ऑनलाइन काउंसलिंग सेवाएं लोगों को अपनी मानसिक समस्याओं का समाधान ढूंढने में मदद कर सकती हैं। इन तकनीकी"
993,जीन थेरेपी की प्रगति,"जीन थेरेपी एक उन्नत तकनीक है जिसका उपयोग विभिन्न रोगों जैसे कैंसर, जन्मसामयिक विकार, और ऊतकों के असामान्य कार्यों के इलाज में किया जाता है। यह एक प्रकार की उच्च-स्तरीय चिकित्सा है जिसमें विशेष तरीके से परिवर्तित जीन या जीनों को मरीजों के शरीर में पहुंचाया जाता है ताकि उन्हें स्वस्थ बनाया जा सके।

जीन थेरेपी की प्रगति में विज्ञान और मेडिकल फील्ड में कई महत्वपूर्ण दिग्गज योगदान दे रहे हैं। इस तकनीक के विकास से कई अद्भुत परिणाम मिल रहे हैं, जैसे कि कैंसर जैसी गंभीर बीमारियों के इलाज में सफलता।

जीन थेरेपी क"
994,भारतीय संस्कृति में त्योहारों का महत्व,"भारतीय संस्कृति में त्योहारों का विशेष महत्व है। ये त्योहार भारतीय जीवन का महत्वपूर्ण हिस्सा हैं जो हमारे जीवन को रंगीन और खुशहाल बनाते हैं। भारतीय संस्कृति में अनेक धार्मिक, सांस्कृतिक और सामाजिक त्योहार मनाए जाते हैं जैसे दिवाली, होली, दशहरा, रक्षाबंधन, जन्माष्टमी, ईद, बैसाखी, नवरात्रि, गणेश चतुर्थी, लोहड़ी आदि।

ये त्योहार सामाजिक एकता और भाईचारे को मजबूत करने के साथ-साथ धार्मिक और सांस्कृतिक भावनाओं को सजीव रखने में मदद करते हैं। इन त्योहारों में रंग-बिरंगे रंगों की चमक, सुगंधित ख"
995,मानसिक स्वास्थ्य और टेक्नोलॉजी,"मानसिक स्वास्थ्य और टेक्नोलॉजी दोनों ही महत्वपूर्ण क्षेत्र हैं जो हमारे जीवन को सुधारने में मदद करते हैं। जब दोनों को मिलाया जाता है, तो उनका संयोजन अद्वितीय और अच्छा परिणाम देता है।

टेक्नोलॉजी की मदद से हम विभिन्न मानसिक स्वास्थ्य समस्याओं का समाधान ढूंढ सकते हैं। उदाहरण के लिए, ऑनलाइन मानसिक स्वास्थ्य एप्लीकेशन्स और वेबसाइट्स हमें मानसिक समस्याओं के लिए सलाह और समर्थन प्रदान कर सकती हैं। इसके अलावा, टेक्नोलॉजी के माध्यम से ऑनलाइन काउंसलिंग और दूरदर्शी चिकित्सा सुविधाएं भी उपलब्ध होती हैं जो लोगों को अप"
997,विश्व के आश्चर्यजनक प्राकृतिक स्थल,"विश्व भर में हमें कई आश्चर्यजनक प्राकृतिक स्थल मिलते हैं जिनकी सुंदरता और विचित्रता हर किसी को मोहित कर देती है। ये स्थल प्राकृतिक सौंदर्य के कारण लोगों के बीच प्रसिद्ध होते हैं। इन स्थलों में वन्यजीव, विविध प्राकृतिक आकृतियाँ, जलवायु और अनूठी प्राकृतिक प्रकृति की विशेषताएँ देखने को मिलती हैं।

दुनिया के कुछ प्रसिद्ध आश्चर्यजनक प्राकृतिक स्थल हैं जैसे कि ग्रैंड कैनयॉन (Grand Canyon) जो अमेरिका में स्थित है। यहाँ के खारा पत्थर और नदी की काटने वाली शक्ति ने एक अद्वितीय और गहरी खाई बनाई है जिसकी दृश्यगत सुंदरता देखने"
996,विश्व के आश्चर्यजनक प्राकृतिक स्थल,"विश्व भर में हमें अनगिनत प्राकृतिक स्थल मिलते हैं जो अपनी अद्वितीयता और सौंदर्य से हमें प्रभावित करते हैं। कुछ ऐसे आश्चर्यजनक प्राकृतिक स्थल हैं जो हमें अपनी अद्वितीयता के कारण विचलित कर देते हैं।

दुनिया में ग्रैंड कैनियन वेली, योसेमाइटी वेली, आयरलैंड की क्लिफ्स, माउंट एवरेस्ट, नाइगरा फॉल्स, ग्रेट बैरियर रीफ, एंटार्कटिका, एग्जॉटिक बीचेस, ग्रीनलैंड और माउंट फूजी जैसे अद्वितीय प्राकृतिक स्थल हैं। ये स्थल हमें अपनी विशालता, प्राकृतिक सौंदर्य और रहस्यमयता के कारण हैरान कर देते हैं।

ग्र"
998,मानसिक स्वास्थ्य और टेक्नोलॉजी,"मानसिक स्वास्थ्य और टेक्नोलॉजी दोनों ही एक व्यक्ति के जीवन में महत्वपूर्ण भूमिका निभाते हैं। आज के समय में टेक्नोलॉजी ने हमारे जीवन को कई तरीके से सरल बना दिया है, लेकिन इसके साथ ही यह भी सबकुछ तकनीकी बना देता है जिससे व्यक्ति का मानसिक स्वास्थ्य प्रभावित हो सकता है।

टेक्नोलॉजी के उपयोग से सोशल मीडिया, स्मार्टफोन, और इंटरनेट का अधिक प्रयोग होने से व्यक्ति के मानसिक स्वास्थ्य पर असर पड़ता है। उचित सीमा में इन तकनीकी उपकरणों का उपयोग करना ठीक है, लेकिन इसका अत्यधिक उपयोग किसी के मानसिक स्वास्थ्य को प्रभावित"
999,विश्व के आश्चर्यजनक प्राकृतिक स्थल,"विश्व भर में कई ऐसे आश्चर्यजनक प्राकृतिक स्थल हैं जो हमें अपनी प्राकृतिक सुंदरता और महत्वपूर्णता से प्रभावित करते हैं। इन स्थलों में वायुमंडल, जलवायु, वन्यजीव, जल, और भूमि की अद्वितीयता को देखकर हमारे मन को शांति और आनंद मिलता है।

एक ऐसा प्राकृतिक स्थल है नाइगरा जलप्रपात, जो कनाडा और अमेरिका की सीमा पर स्थित है। यह जलप्रपात अपनी विशालता और गहराई के लिए मशहूर है और यहाँ की जलधारा देखने लायक है।

दूसरा उदाहरण आयरलैंड के ग्रीनलैंड द्वीप है, जो उत्तरी ध्रुवीय क्षेत्र में स्थित है। यहाँ की सुंदर बर्फीली पर"
1000,वैक्सीन विकास में नई तकनीकें,"वैक्सीन विकास में नई तकनीकें

आधुनिक वैक्सीन विकास के क्षेत्र में तकनीकी उन्नति ने महत्वपूर्ण योगदान दिया है। इन नई तकनीकों का उपयोग करके वैक्सीन विकास की गति बढ़ा दी गई है और सुरक्षित एवं प्रभावी वैक्सीनों को विकसित करने में मदद मिल रही है।

1. रीकंबिनेंट डीएनए तकनीक: इस तकनीक में, वैक्सीन के लिए जेनेटिक इंजीनियरिंग के माध्यम से विशेष प्रोटीनों का उत्पादन किया जाता है, जिसे वैक्सीन के रूप में उपयोग किया जा सकता है।

2. नैनोटेक्नोलॉजी: यह तकनीक नैनोस्केल परिसंचरण और वितरण के माध्यम से वै"
