Article Number,Topic,Article Content
1,सौर ऊर्जा के नवीनतम विकास,"सौर ऊर्जा एक प्राकृतिक ऊर्जा स्रोत है जो हरित और साफ है और जो अंतरिक्ष से आने वाले सूर्य के प्रकाश द्वारा उत्पन्न होती है। सौर ऊर्जा का उपयोग बिजली उत्पादन, गर्मी और ऊर्जा व्यवस्था के लिए किया जाता है।

सौर ऊर्जा के नवीनतम विकास में आजकल सौर ऊर्जा पैनल, सोलर इन्वर्टर, सोलर बैटरी, सोलर पंप और सौर जल संयंत्र जैसी नवाचारी तकनीकों पर काम हो रहा है। सौर ऊर्जा के इन नवाचारों ने ऊर्जा सेक्टर में क्रांति ला दी है जिससे ऊर्जा संकट का समाधान हो सकता है।

विशेषकर भारत में, सौर ऊर्जा के विकास को बढ़ावा देने के लिए विभिन्न सरक"
4,रोबोटिक्स का विकास और उसके अनुप्रयोग,"रोबोटिक्स एक ऐसा क्षेत्र है जिसमें विज्ञान और इंजीनियरिंग का संगम है जिससे आधुनिक रोबोट बनाए जाते हैं। रोबोटिक्स के क्षेत्र में नवाचार और नए तकनीकी उत्पाद बनाने की क्षमता काम आती है। इसका उद्देश्य मानव कार्यों को सुगम और अधिक सुरक्षित बनाना है।

रोबोटिक्स का विकास तेजी से हो रहा है और इसके अनेक उपयोग हैं। उदाहरण के लिए, भूखंड में या खतरनाक क्षेत्रों में मानवों के बजाय रोबोट का उपयोग किया जा सकता है। ये रोबोट खतरनाक स्थितियों में जाकर जानकारी एकत्र कर सकते हैं और जोखिम को कम कर सकते हैं।

साथ ही,"
5,जलवायु परिवर्तन के खिलाफ नई तकनीकें,"जलवायु परिवर्तन एक बड़ी चुनौती है जिससे लड़ने के लिए नई और नवाचारी तकनीकें विकसित की जा रही हैं। इन तकनीकों का उद्देश्य जलवायु परिवर्तन को कम करने, पर्यावरण की सुरक्षा करने और संतुलित जलवायु प्रणाली को बनाए रखने में मदद करना है।

कुछ नई तकनीकें इस समस्या का समाधान करने में मदद कर सकती हैं, जैसे कि ऊर्जा उत्पादन में नवाचारी तकनीकें जो जलवायु संज्ञानात्मक परिवर्तन को कम कर सकती हैं। सौर ऊर्जा, पवन ऊर्जा, जल ऊर्जा और नाभिकीय ऊर्जा जैसे शुद्ध ऊर्जा स्रोतों का उपयोग करना जलवायु परिवर्तन को कम करने में मदद कर सकत"
3,इंटरनेट ऑफ़ थिंग्स (IoT) और स्मार्ट सिटी,"आजकल इंटरनेट ऑफ़ थिंग्स (IoT) तकनीक एक बहुत ही महत्वपूर्ण और रोजमर्रा की जिंदगी में हमारे लिए अच्छा या बुरा दोनों हो सकता है। IoT ने हमारे जीवन को बहुत आसान बना दिया है। स्मार्ट सिटी एक ऐसी प्रणाली है जिसमें शहर की इंफ्रास्ट्रक्चर और सेवाएँ IoT तकनीक का उपयोग करके सुदृढ़ की जाती हैं।

स्मार्ट सिटी तकनीक के जरिए जनता को बेहतर सुविधाएं प्रदान की जा सकती हैं। उदाहरण के लिए, ट्रैफिक समस्याओं को हल करने के लिए ट्रैफिक प्रबंधन सिस्टम, ऊर्जा बचत के लिए स्मार्ट ग्रिड और शहरी सुरक्षा के लिए स्मार्ट सिक्योरिटी सिस्टम आदि लग"
2,ब्लॉकचेन प्रौद्योगिकी का भविष्य,"ब्लॉकचेन प्रौद्योगिकी एक विशेष प्रकार की डिजिटल लेजर है जो जानकारी को सुरक्षित ढंग से संग्रहित करने और साझा करने की क्षमता प्रदान करती है। ब्लॉकचेन एक डिस्ट्रिब्यूटेड लेजर है, जिसमें डेटा कई गणना संस्करणों पर संग्रहित होता है, जिससे कि वह हानि उठाने का संभावना नहीं है।

ब्लॉकचेन प्रौद्योगिकी का भविष्य बेहद उज्जवल है। इस प्रौद्योगिकी का उपयोग विभिन्न क्षेत्रों में बढ़ रहा है, जैसे वित्तीय सेवाएं, स्वास्थ्य सेवाएं, लॉगिस्टिक्स, सरकारी सेवाएं और बहुत कुछ। ब्लॉकचेन प्रौद्योगिकी द्वारा डेटा की सुरक"
8,इलेक्ट्रिक वाहनों की भविष्य की संभावनाएँ,"इलेक्ट्रिक वाहनों का उपयोग वायु प्रदूषण को कम करने, ऊर्जा सततता बढ़ाने और ऊर्जा संकटों का समाधान करने के लिए एक महत्वपूर्ण कदम है। 

इलेक्ट्रिक वाहनों के लाभों में प्रमुख हैं कम प्रदूषण, शांतिपूर्ण चालन, कम शोर, और कम चलने की लागत। इन वाहनों का उपयोग विद्युत स्थानीय ऊर्जा स्रोतों से चालित होते हैं, जिससे कार्बन उत्सर्जन कम होता है। 

भविष्य में, इलेक्ट्रिक वाहनों का उपयोग और भी बढ़ने की संभावना है। बड़े शहरों में टैक्सी, बस, और ऑटोरिक्शा जैसे जनसाधारण के परिवहन साधन इलेक्ट्रिक हो सकते हैं। साथ ही, नए प्रौद"
6,इंटरनेट ऑफ़ थिंग्स (IoT) और स्मार्ट सिटी,"आधुनिक तकनीकी युग में, इंटरनेट ऑफ़ थिंग्स (IoT) और स्मार्ट सिटी दोनों ही महत्वपूर्ण तकनीकी उद्यान हैं। IoT का अर्थ है वह तकनीक जिसमें विभिन्न डिवाइस और सेंसर्स इंटरनेट के माध्यम से एक-दूसरे से संचार कर सकते हैं। जिससे हमारे दैनिक जीवन को सुगम और सुरक्षित बनाने में मदद मिलती है।

स्मार्ट सिटी एक ऐसी शहर होती है जिसमें IoT के उपयोग से सुरक्षित और सुगम जीवन जीने की सुविधा मिलती है। इसमें शहर के अलग-अलग क्षेत्रों में स्मार्ट पार्किंग, ट्रांसपोर्ट सिस्टम, ऊर्जा व्यवस्था, स्वच्छता, सुरक्षा आदि को स्मार्ट बनाने का प्रयास"
9,डिजिटल मुद्राओं की सुरक्षा चुनौतियाँ,"डिजिटल मुद्राएं आजकल बढ़ती तकनीकी उन्नति का एक प्रमुख उदाहरण हैं, जिन्हें ऑनलाइन खरीदारी और लेन-देन के लिए उपयोग किया जा सकता है। हालांकि, डिजिटल मुद्राओं की सुरक्षा चुनौतियां भी हैं जिन्हें ध्यान में रखना आवश्यक है।

सबसे बड़ी सुरक्षा चुनौती है ऑनलाइन धोखाधड़ी और चोरी का खतरा। हैकर्स और ऑनलाइन धोखाधड़ी व्यक्तियों के पैसे चुराने के लिए अपने चालों का उपयोग कर सकते हैं। इसलिए, सुरक्षित इंटरनेट कनेक्शन का उपयोग करना बहुत महत्वपूर्ण है।

दूसरी चुनौती है मुद्रा की चोरी या गुमनाम हो जाना। य"
7,सतत विकास की नई रणनीतियाँ,"सतत विकास एक नई दौर में प्रमुख धारणा बन गया है। इसका मतलब है कि विकास को एक निरंतर प्रक्रिया माना जाता है जो समाज, अर्थव्यवस्था, पर्यावरण, और सामाजिक संरचना के सभी क्षेत्रों में होती रहती है। इस नए सोच के साथ, नई रणनीतियों की आवश्यकता है जो समाज के सभी वर्गों को सम्मिलित करने के लिए उपयुक्त हों।

एक महत्वपूर्ण दिशा यह है कि विकास को लाभकारी और सामर्थ्यवर्धक बनाया जाए, ताकि इससे समाज के सभी वर्गों को बेहतर जीवन मिल सके। साथ ही, समाज में समानता और न्याय को बढ़ावा देने के लिए भी कदम उठाए जाने चाहिए।

विकास की स्थिति क"
10,कृत्रिम बुद्धिमत्ता का उपयोग साइबर सुरक्षा में,"कृत्रिम बुद्धिमत्ता या Artificial Intelligence (AI) एक तकनीकी उपकरण है जो मानव बुद्धि के कार्यों को सिमुलेट करने में सक्षम है। आज के समय में साइबर सुरक्षा एक महत्वपूर्ण मुद्दा बन गया है, जिसमें AI का उपयोग सुरक्षा को सुदृढ़ बनाने के लिए किया जा रहा है।

AI के उपयोग से साइबर सुरक्षा में कई प्रकार के लाभ हो सकते हैं। पहले, AI सुरक्षा जाँच करने में मानवों की तुलना में तेजी से और सहजता से कर सकता है। यह सुरक्षा नियंत्रण और हमलों की पहचान करने में मदद कर सकता है। दूसरे, AI सुरक्षा सिस्टम को स्वचालित बनाकर सुरक्षा की स्थिति को सुधारने में मदद कर सकता है। इसे लर"
12,इंटरनेट ऑफ़ थिंग्स (IoT) और स्मार्ट सिटी,"इंटरनेट ऑफ़ थिंग्स (IoT) एक तकनीकी योजना है जिसमें विभिन्न डिवाइस, सेंसर्स और सॉफ़्टवेयर स्वचालित रूप से डेटा संग्रहित, साझा और प्रस्तुत करने के लिए इंटरनेट से जुड़े होते हैं। यह तकनीकी योजना न केवल व्यक्तिगत उपयोग के लिए है बल्कि यह शहरों को भी स्मार्ट बनाने के लिए उपयोगी है।

स्मार्ट सिटी एक ऐसी शहर की डिज़ाइन की विचारधारा है जो विभिन्न प्रौद्योगिकी और डिजिटल सॉल्यूशन्स का उपयोग करके अपने नागरिकों को एक सुरक्षित, आरामदायक और पर्यावरण के प्रति सजग शहर में रहने का अनुभव प्रदान करता है। इसमें स"
13,वर्चुअल रियलिटी में नवीनतम रुझान,"वर्चुअल रियलिटी (Virtual Reality) एक तकनीक है जिसमें उपयोगकर्ता को वास्तविकता से भिन्न दुनिया में ले जाने की क्षमता होती है। इस तकनीक के साथ उपयोगकर्ता एक वर्चुअल या मानक दुनिया में वास्तविक जैसा अनुभव कर सकते हैं। वर्चुअल रियलिटी में हार्डवेयर जैसे हेडसेट, सेंसर्स और कंट्रोलर्स का उपयोग किया जाता है जो उपयोगकर्ता को वर्चुअल दुनिया में ले जाते हैं।

नवीनतम रुझानों में, वर्चुअल रियलिटी का उपयोग अनेक क्षेत्रों में बढ़ रहा है। खेलों के क्षेत्र में, वर्चुअल रियलिटी एक नए अनुभव को उपलब्ध कराती है जो खिलाड़ियो"
11,सौर ऊर्जा के नवीनतम विकास,"सौर ऊर्जा का उपयोग आजकल तेजी से बढ़ रहा है और इसमें नवीनतम विकास देखने को मिल रहा है। सौर ऊर्जा एक साफ, असीमित और पर्यावरण के लिए अनुकूल ऊर्जा स्रोत है जो दिन में सूर्य के प्रकाश से प्राप्त होती है। यह ऊर्जा कारबन निष्क्रिय है और वायु प्रदूषण को न्यूनतम करने में मदद करती है।

नवीनतम सौर ऊर्जा प्रौद्योगिकियों में सबसे महत्वपूर्ण विकासों में से एक रोजमर्रा की उपयोगिता और प्रभावकारीता में सुधार है। नए तकनीकी उत्पाद और उपकरण विकसित किए जा रहे हैं जो सौर पैनल की प्रदर्शन क्षमता को बढ़ाने में मदद करेंगे। उद"
14,सौर ऊर्जा के नवीनतम विकास,"सौर ऊर्जा एक प्राकृतिक स्रोत है जो हमें स्वच्छ, असीमित और सुरक्षित ऊर्जा प्रदान करता है। इसके विकास में नवीनतम तकनीकी उन्नति एक महत्वपूर्ण भूमिका निभा रही है।

प्राथमिक रूप से, सौर ऊर्जा की उत्पादन की प्रक्रिया को सुधारने के लिए नवीनतम तकनीकों का उपयोग किया जा रहा है। सौर पैनल की प्रदर्शन क्षमता में सुधार करने के लिए नानो तकनीक और एमआईटी तकनीकी उत्पादों का उपयोग किया जा रहा है। इससे पैनल की कार्यक्षमता बढ़ जाती है और ऊर्जा उत्पादन में वृद्धि होती है।

दूसरे तकनीकी उन्नतियों में सौर ऊर्जा का संचार और भंडार"
15,प्लास्टिक प्रदूषण कम करने की नई विधियाँ,"प्लास्टिक प्रदूषण आजकल एक गंभीर मामला बन चुका है जिसका समाधान हमें जल्दी से जल्दी ढूंढना होगा। लेकिन सामान्य प्लास्टिक की उपयोगिता के साथ-साथ इसका प्रयोग बढ़ गया है जिससे पर्यावरण पर बुरा प्रभाव पड़ रहा है। इस समस्या का हल निम्नलिखित नई विधियों में हो सकता है:

1. बायो-प्लास्टिक: यह प्लास्टिक प्रकृति से बनाया गया है और पूरी तरह से उचित है। इसका उपयोग करके हम प्लास्टिक प्रदूषण को कम कर सकते हैं।

2. प्लास्टिक की पुनर्चक्रण तकनीक: इस तकनीक में पुराने प्लास्टिक को रीसायकल करके नया प्लास्टिक बनाया जा सकता है। इससे प"
16,डिजिटल मुद्राओं की सुरक्षा चुनौतियाँ,"डिजिटल मुद्राएं आधुनिक दुनिया में एक महत्वपूर्ण भूमिका निभा रही हैं, लेकिन इनकी सुरक्षा भी एक बड़ी चुनौती है। डिजिटल मुद्राएं एक डिजिटल प्लेटफार्म पर आधारित होती हैं, जिसमें ऑनलाइन लेनदेन किए जाते हैं। इसके चलते उन्हें सुरक्षित बनाए रखना बहुत महत्वपूर्ण है।

डिजिटल मुद्राओं की सुरक्षा की चुनौतियों में साइबर अपराधियों की चालाकी, फिशिंग, मैलवेयर, रैंसमवेयर जैसे जोखिम होते हैं। इन समस्याओं का सामना करते हुए उपयोगकर्ताओं को सतर्क रहना चाहिए और सुरक्षित इंटरनेट उपयोग करना चाहिए।

डिजिटल मुद्राओं की स"
17,इंटरनेट ऑफ़ थिंग्स (IoT) और स्मार्ट सिटी,"आज के युग में तकनीकी विकास ने हर क्षेत्र में अपना प्रभाव दिखाए है। इंटरनेट ऑफ़ थिंग्स (IoT) एक ऐसी तकनीक है जिसने बहुत सारे क्षेत्रों में नए संभावनाओं का द्वार खोल दिया है। यह तकनीक विभिन्न डिवाइसों को इंटरनेट के माध्यम से जोड़कर उन्हें एक डिजिटल नेटवर्क में अपना स्थान देती है।

इंटरनेट ऑफ़ थिंग्स की एक विशेष प्रकार को तकनीकी तर्कों में ""स्मार्ट सिटी"" कहा जाता है। स्मार्ट सिटी एक ऐसी शहरी व्यवस्था है जहाँ विभिन्न संयंत्र, इमारतें, सड़कें, ट्रांसपोर्ट साधन, ऊर्जा स्रोत आदि को IoT के माध्यम से जोड़ा जाता है। इसका"
18,वर्चुअल रियलिटी में नवीनतम रुझान,"वर्चुअल रियलिटी (Virtual Reality - VR) एक तकनीक है जिसमें एक व्यक्ति को वास्तविकता के अनुभव का अहसास कराया जाता है, जिसमें वे वास्तविक या कल्पित दृश्यों में इंटरैक्ट कर सकते हैं। इस तकनीक का उपयोग विभिन्न क्षेत्रों में किया जा रहा है, जैसे व्यावसायिक उपयोग, शिक्षा, मनोरंजन और सेवाएं। यहाँ कुछ नवीनतम रुझान वर्चुअल रियलिटी में हैं:

1. **वास्तुकल्पित वातावरण**: VR वातावरण को और भी वास्तविक बनाने के लिए कई नए तकनीकी उन्नतियां कर रहा है। इससे उपयोगकर्ता को बेहतर अनुभव मिलता है और उन्हें उस वातावरण के भीतर पूरी तरह"
19,ड्रोन प्रौद्योगिकी के नए उपयोग,"ड्रोन प्रौद्योगिकी ने हमारे जीवन में कई नए उपयोगों का द्वार खोल दिया है। ड्रोन्स अब केवल मनोरंजन के लिए ही नहीं, बल्कि व्यावसायिक और सामाजिक क्षेत्रों में भी उपयोग किए जा रहे हैं।

पहले तो, ड्रोन्स का उपयोग सुरक्षा क्षेत्र में हो रहा है। विभिन्न सुरक्षा एजेंसियों द्वारा ड्रोन्स का उपयोग सीमा सुरक्षा, गरीबी निवारण और आपातकालीन स्थितियों में किया जा रहा है। ड्रोन्स के उपयोग से लड़ाकू शक्तियों के खिलाफ सुरक्षित सीमाओं की सुरक्षा में मदद मिल रही है।

दूसरे, व्यावसायिक क्षेत्र में भी ड्रोन्स का उपयोग हो रहा है। ड्र"
20,वर्चुअल रियलिटी में नवीनतम रुझान,"वर्चुअल रियलिटी (Virtual Reality) एक तकनीकी उपकरण है जो एक व्यक्ति को वास्तविकता से भिन्न वायर्टुअल या कल्पनिक परिदृश्य को अनुभव करने में सक्षम बनाता है। यह तकनीक नवीनतम रुझानों में से एक है जो तकनीकी क्षेत्र में बहुतायत मायने रखता है। वर्चुअल रियलिटी के क्षेत्र में हर दिन नई प्रौद्योगिकियाँ और उपकरणों का विकास हो रहा है जो उपयोगकर्ताओं को अद्वितीय अनुभव प्रदान करने में सहायक हैं।

नवीनतम रुझानों में से एक वर्चुअल रियलिटी में वृत्तान्तिक वायर्टुअल वस्तुओं को महसूस करने के लिए हाथों के उपयोग से संबंधित है। यह त"
22,वर्चुअल रियलिटी में नवीनतम रुझान,"वर्चुअल रियलिटी (Virtual Reality - VR) एक तकनीक है जिसमें एक वास्तविकता का अनुभव तैयार किया जाता है जिसे यूजर एक VR हेडसेट के माध्यम से अनुभव कर सकता है। वर्चुअल रियलिटी ने तकनीकी जगत में एक अद्वितीय यात्रा किया है और नवीनतम रुझानों के साथ हमें नये संभावनाओं की दिशा में ले जा रहा है।

पहला रुझान है हार्डवेयर में सुधार, जिसमें अब और भी उन्नत VR हेडसेट्स उपलब्ध हो रहे हैं जो अधिक सुविधाएँ और अनुभव प्रदान करने में सक्षम हैं। इनमें अधिक उच्च-परिभाषित (high-definition) डिस्प्ले, प्रगतिशील गतिशीलता (motion tracking), और बेहतर संवेदनशीलता (sensitivity) श"
21,जलवायु परिवर्तन के खिलाफ नई तकनीकें,"जलवायु परिवर्तन एक गंभीर मुद्दा है जिसका सीधा असर धरती पर हो रही परिवर्तनों में देखा जा रहा है। इस समस्या का समाधान ढेर सारी नई तकनीकों का उपयोग करके किया जा सकता है।

पहली तकनीक है सौर ऊर्जा का उपयोग करना। सौर पैनल जलवायु परिवर्तन के खिलाफ एक अच्छा समाधान हो सकते हैं क्योंकि ये ऊर्जा स्रोत शुद्ध होता है और पर्यावरण को कोई नुकसान नहीं पहुंचाता।

दूसरी तकनीक है वनस्पतियों का अध्ययन करना। वनस्पतियाँ अधिक ऑक्सीजन उत्पादित करती हैं और कार्बन डाइऑक्साइड को संभालती हैं। इसलिए, वनस्पतियों की संरक्षण और वृद्ध"
23,ब्लॉकचेन प्रौद्योगिकी का भविष्य,"ब्लॉकचेन प्रौद्योगिकी एक नवाचारी तकनीक है जिसने विभिन्न क्षेत्रों में क्रांति ला दी है। ब्लॉकचेन की मुख्य विशेषता यह है कि इसमें डेटा को सुरक्षित और असंशोधित रूप से स्टोर किया जाता है। इसका मतलब है कि इसमें किसी भी तरह की बदलाव या हस्तक्षेप के आसपास नहीं किया जा सकता।

ब्लॉकचेन प्रौद्योगिकी का भविष्य बहुत उज्जवल और उत्साहजनक है। इस तकनीक के उपयोग से विभिन्न क्षेत्रों में नए उद्यम और सेवाएं उत्पन्न हो रही हैं। वित्तीय संस्थाएं, स्वास्थ्य सेवाएं, लॉजिस्टिक्स, सरकारी कार्यवाही आदि इस तकनीक का उपयो"
24,सौर ऊर्जा के नवीनतम विकास,"सौर ऊर्जा एक साफ, सुरक्षित और अनगिनत संभावित स्रोत है जो हमें ऊर्जा आपूर्ति की सुरक्षा और स्थिरता में मदद कर सकता है। नवीनतम विकासों में सौर ऊर्जा का उपयोग और विस्तार शामिल हैं।

नवीनतम तकनीकी विकास ने सौर ऊर्जा को और भी सुलभ और कोस्ट-इफेक्टिव बनाया है। सौर पैनल और ऊर्जा संचारकों की क्षमता में वृद्धि हुई है, जिससे उनका उत्पादन और उपयोग अधिक सुलभ हो गया है। इसके अलावा, नवीनतम चार्जिंग तकनीक ने इलेक्ट्रिक वाहनों के लिए सौर ऊर्जा का उपयोग और भी सरल बना दिया है।

सौर ऊर्जा के नवीनतम विकास में उच्च प"
26,वन्यजीव संरक्षण में तकनीक का उपयोग,"वन्यजीव संरक्षण में तकनीक का महत्वपूर्ण योगदान है। वन्यजीव संरक्षण का मुख्य उद्देश्य वन्यजीवों की संरक्षा और उनके जीवनसंचार को सुरक्षित रखना है। तकनीकी उपकरणों का उपयोग इस क्षेत्र में अद्वितीय तरीके से होता है।

पहले तो, तकनीकी उपकरण जैसे रेडियो कॉलर्स, GPS ट्रैकिंग उपकरण, दूरसंचार सुविधाएं आदि वन्यजीवों का प्रबंधन करने में मददगार साबित होते हैं। इन उपकरणों के माध्यम से वन्यजीवों की गतिविधियों का मानचित्रण किया जा सकता है और उनकी स्थिति का निरीक्षण किया जा सकता है।

दूसरे, तकनीकी उपकरणों क"
27,क्वांटम कंप्यूटिंग की व्यावहारिक अनुप्रयोग,"क्वांटम कंप्यूटिंग एक उभयान्तरीय दिग्गज विज्ञान है जो कंप्यूटर विज्ञान और क्वांटम मैकेनिक्स को एक साथ मिलाकर नई तकनीकों का निर्माण करता है। इसका उद्देश्य है विशेषतः उपयुक्त क्वांटम प्रक्रियाएँ जैसे सुपरपोजिशन, एन्टैंगलमेंट और अविश्वसनीय विकटता का उपयोग करके संभावितता की गणना करना है।

क्वांटम कंप्यूटिंग के अनेक व्यावहारिक अनुप्रयोग हैं, जिनमें सबसे महत्वपूर्ण हैं क्रिप्टोग्राफी, रसायन और बायोलॉजी।

क्रिप्टोग्राफी में, क्वांटम कंप्यूटिंग एक महत्वपूर्ण भूमिका निभाता है। एक ऐसा क्व"
28,कृत्रिम बुद्धिमत्ता का उपयोग साइबर सुरक्षा में,"कृत्रिम बुद्धिमत्ता या Artificial Intelligence (AI) एक तकनीकी क्षेत्र है जो मानव बुद्धि की प्रक्रियाओं को मॉडल करने और सिमुलेट करने के लिए उपयोग की जाती है। आजकल साइबर सुरक्षा में भी AI का उपयोग हो रहा है ताकि सुरक्षित रहा जा सके।

AI का उपयोग साइबर सुरक्षा में कई तरह से किया जा सकता है। पहले, AI सिस्टम साइबर हमलों को पहचानने और रोकने में मदद कर सकते हैं। एक AI सिस्टम बहुत सारे डेटा पैटर्न्स को एनालाइज करके साइबर हमले की संभावना को देख सकती है और संदेशों या डेटा को स्कैन करके संदेशों में संदेशों को पहचान सकती है।

दूसरे, AI सिस्टम सुरक्षा के लिए स्वतंत्र रू"
29,इंटरनेट ऑफ़ थिंग्स (IoT) और स्मार्ट सिटी,"इंटरनेट ऑफ़ थिंग्स (IoT) के द्वारा स्मार्ट सिटी की अवधारणा को वास्तविकता में परिणामस्वरूप बदलने का संभावना है। यह विज्ञान और प्रौद्योगिकी के साथ-साथ नागरिकों के जीवन को भी प्रभावित करेगा। स्मार्ट सिटी तकनीकी उपकरणों का उपयोग करके नगरीय विकास को नए आयाम देगी।

इंटरनेट ऑफ़ थिंग्स के माध्यम से स्मार्ट सिटी के लाभ विभिन्न क्षेत्रों में महसूस होंगे। उदाहरण के लिए, वाहनों में सेंसर्स लगाकर उन्हें एक साथ संगठित किया जा सकता है, जिससे यातायात का प्रबंधन बेहतर होगा। इसके अलावा इंटरनेट कनेक्टेड उपकरणों के माध"
25,सतत विकास की नई रणनीतियाँ,"आधुनिक तकनीकी उद्योगों में नए और सतत विकास के लिए नई रणनीतियाँ अत्यंत महत्वपूर्ण हैं। इन रणनीतियों का उद्देश्य उत्कृष्टता, उत्पादकता और सुदृढ़ता को बढ़ाना है ताकि उद्योग संवर्धनशील बने।

पहली रणनीति है डिजिटलीकरण और अद्वितीयता। उद्योग डिजिटलीकरण के माध्यम से अपनी प्रक्रियाएं और साधनों को सुधार सकता है। डेटा एनालिटिक्स, आर्टिफिशियल इंटेलिजेंस और मशीन लर्निंग की मदद से उद्योग नए उत्पाद और सेवाएं विकसित कर सकता है।

दूसरी रणनीति है सहयोग और भागीदारी को बढ़ाना। उद्योग को अन्य"
30,इलेक्ट्रिक वाहनों की भविष्य की संभावनाएँ,"आजकल इलेक्ट्रिक वाहनों का उपयोग तेजी से बढ़ रहा है और यह एक स्वच्छ और पर्यावरण के लिए हानिकारक पारिस्थितिकी विकल्प है। इलेक्ट्रिक वाहनों की भविष्य में बहुत संभावनाएं हैं।

पहली बात तो यह है कि इलेक्ट्रिक वाहनों की प्रोडक्शन में तकनीकी विकास हो रहा है और उनकी कीमतें भी कम हो रही हैं। इससे इलेक्ट्रिक वाहनों को खरीदने में आम जनता को अधिक सुविधा मिलेगी और वे इसका उपयोग कर सकेंगे।

दूसरी बात, इलेक्ट्रिक वाहनों के लिए चार्जिंग इंफ्रास्ट्रक्चर का विकास हो रहा है। इससे लोगों को अपनी गाड़ी को चार्ज करने के लिए बहुत सु"
34,ब्लॉकचेन प्रौद्योगिकी का भविष्य,"ब्लॉकचेन प्रौद्योगिकी एक उच्चस्तरीय तकनीक है जो डिजिटल जानकारी को सुरक्षित ढंग से संग्रहित करने में मदद करती है। इसका उपयोग विभिन्न क्षेत्रों में किया जा रहा है, जैसे कि वित्त, स्वास्थ्य और सार्वजनिक निर्वाचन। ब्लॉकचेन के मुख्य लाभों में शामिल हैं नेटवर्क की सुरक्षा, डेटा की पारदर्शिता, स्थायित्व और उपयोगकर्ता के निजी जानकारी की सुरक्षा।

ब्लॉकचेन प्रौद्योगिकी का भविष्य उज्जवल है। इसके संभावनाएं असीमित हैं। इसका उपयोग वित्तीय संस्थानों में लेन-देन की सुरक्षा में वृद्धि करने के लिए हो सकता है। स"
33,ड्रोन प्रौद्योगिकी के नए उपयोग,"ड्रोन प्रौद्योगिकी ने विभिन्न क्षेत्रों में नए और रोचक उपयोग की संभावनाएं खोल दी हैं। यह उच्च तकनीकी उपकरण विज्ञान, रोजगार, सुरक्षा और साहित्य क्षेत्रों में व्यापक उपयोग किए जा रहे हैं।

पहले, ड्रोन कृषि क्षेत्र में अहम भूमिका निभा रहे हैं। वे खेतों का निरीक्षण करके फसल की सेवाएं सुनिश्चित करते हैं और किसानों को फसल संबंधी सहायक सलाह प्रदान करते हैं। इसके अलावा, ड्रोन जलवायु अनुसंधान और नदी किनारे की नदियों का निगरानी करने में भी मदद करते हैं।

दूसरे, ड्रोन सुरक्षा क्षेत्र में भी महत्वपूर्ण भूमिका निभाते है"
31,सौर ऊर्जा के नवीनतम विकास,"सौर ऊर्जा एक प्राकृतिक स्रोत है जो हमें अनगिनत ऊर्जा प्रदान कर सकता है और जिसका उपयोग करके हम अपनी ऊर्जा की आवश्यकताओं को पूरा कर सकते हैं। यह एक साफ, सुरक्षित, और असीमित ऊर्जा स्रोत है जो वायुमंडलीय प्रदूषण को कम करने में मदद कर सकता है।

नवीनतम विकासों में, सौर ऊर्जा तकनीकी और विज्ञान क्षेत्रों में महत्वपूर्ण उन्हाळ ला रही है। सौर पैनल, सौर ऊर्जा संयंत्र, और सौर ऊर्जा बैटरी जैसी प्रौद्योगिकियों में नवीनतम विकास हो रहा है। नवीनतम तकनीकी उत्पादों में ऊर्जा उत्पादन की क्षमता में वृद्धि, ऊर्जा संचयन, और संच"
32,प्लास्टिक प्रदूषण कम करने की नई विधियाँ,"प्लास्टिक प्रदूषण एक गंभीर समस्या है जो हमारे पृथ्वी के लिए बड़ा खतरा है। प्लास्टिक का उपयोग हमारी जीवनशैली में आसानी लाता है, लेकिन इसकी अधिक मात्रा में उपयोग से पर्यावरण पर नकारात्मक प्रभाव पड़ता है। इस समस्या को हल करने के लिए कुछ नई विधियाँ विकसित की गई हैं।

पहला उपाय है 'बायो-प्लास्टिक' का प्रयोग करना। ये प्लास्टिक पूरी तरह से प्राकृतिक तरीके से बनाया जाता है और उसका विघटन भी तेजी से होता है। इससे प्रदूषण कम होता है।

दूसरा उपाय है 'प्लास्टिक रीसाइक्लिंग' को बढ़ावा देना। पुराने प्लास्टिक को र"
36,जलवायु परिवर्तन के खिलाफ नई तकनीकें,"जलवायु परिवर्तन एक गंभीर समस्या है जिससे हम सभी प्रभावित हो रहे हैं। इस समस्या का सामना करने के लिए नई तकनीकें विकसित की जा रही हैं जो हमें साफ ऊर्जा प्रणालियों, अधिक ऊर्जा दक्ष उपकरणों और पर्यावरण में कार्बन निषेध को बढ़ावा देने की सामर्थ्य प्रदान कर रही हैं।

एक महत्वपूर्ण तकनीक है सौर ऊर्जा का उपयोग करना। सौर पैनल ऊर्जा को सूर्य के प्रकाश से बिजली में परिवर्तित करते हैं और इसे उपयोग के लिए सहेजते हैं। इसके अलावा, वायु ऊर्जा भी एक अन्य विकल्प है जो जलवायु परिवर्तन के खिलाफ एक प्रदर्शनकारी उपाय हो सकता है। पवनचक"
38,सतत विकास की नई रणनीतियाँ,"सतत विकास की नई रणनीतियाँ

आधुनिक समय में तकनीकी उन्नति के साथ-साथ, समाज में समर्थन के साधन भी विकसित हो रहे हैं। इसके साथ ही, नई रणनीतियाँ भी विकसित हो रही हैं जो सतत विकास को सुनिश्चित करने में मदद कर रही हैं। ये रणनीतियाँ विभिन्न क्षेत्रों में अपनाई जा रही हैं।

पहली रणनीति है डिजिटलीकरण की बढ़ती धारा। आधुनिक तकनीक के साथ, डिजिटलीकरण को सम्बद्ध करके विभिन्न क्षेत्रों में विकास की गति में वृद्धि हो रही है। 

दूसरी रणनीति है सामाजिक उपयोगिता की वृद्धि। इसमें समाज में साझेदारी को महत्व दिया जा रहा है। लोगों क"
39,क्वांटम कंप्यूटिंग की व्यावहारिक अनुप्रयोग,"क्वांटम कंप्यूटिंग एक उभयानुप्रयोगी तकनीक है जिसमें क्वांटम बिट का उपयोग किया जाता है जिससे कंप्यूटर के गतिशीलता और सामर्थ्य में सुधार किया जा सकता है। क्वांटम कंप्यूटिंग के अनुप्रयोग कई क्षेत्रों में हो सकते हैं।

क्वांटम कंप्यूटिंग का एक व्यावहारिक अनुप्रयोग क्रिप्टोग्राफी में हो सकता है। क्वांटम कंप्यूटर्स के पास गिनता अधिक संभावनाएं होती हैं जो उपयुक्त एल्गोरिथ्म के माध्यम से क्रिप्टोग्राफिक कुंजी को तोड़ सकते हैं। इसका मतलब है कि क्वांटम कंप्यूटिंग का उपयोग करके सुरक्षित डेटा को उचित रक्षा के लिए"
37,प्लास्टिक प्रदूषण कम करने की नई विधियाँ,"प्लास्टिक प्रदूषण आज की सबसे बड़ी पर्यावरण समस्याओं में से एक है और इसका समाधान करने के लिए हमें नई और सशक्त विधियों की खोज करनी चाहिए। अब तक कई तकनीकी उपाय आये हैं जो प्लास्टिक प्रदूषण को कम करने में मदद कर सकते हैं।

पहली बात तो यह है कि हमें प्लास्टिक का पुनर्चक्रण करने के लिए और भी अधिक प्रयास करने चाहिए। इसके लिए नए और सुलभ प्रक्रियाएं विकसित की जा रही हैं जो प्लास्टिक को पुनः उपयोग में लाने में मदद कर सकती हैं।

दूसरी बात, हमें प्लास्टिक की बजाय अन्य प्राकृतिक सामग्रियों का उपयोग करने की कोशिश करनी चाहिए। उद"
35,ब्लॉकचेन प्रौद्योगिकी का भविष्य,"ब्लॉकचेन प्रौद्योगिकी का भविष्य बहुत उज्जवल है और इसका उपयोग विभिन्न क्षेत्रों में बढ़ रहा है। ब्लॉकचेन एक डिस्ट्रीब्यूटेड लेजर टेक्नोलॉजी है जिसमें डेटा ब्लॉक्स में सुरक्षित तरीके से संग्रहित होता है और इन ब्लॉक्स को एक साथ जोड़कर एक लॉग में स्टोर किया जाता है। यह तकनीक किसी भी तरह के डेटा या लेनड डेटा का प्रबंधन करने में मदद करती है और इसे अद्वितीय और सुरक्षित बनाती है।

ब्लॉकचेन प्रौद्योगिकी का उपयोग वित्तीय सेवाओं, स्वास्थ्य सेवाओं, सरकारी सेवाओं, लॉजिस्टिक्स, संसाधन प्रबंधन, जलव"
40,सतत विकास की नई रणनीतियाँ,"आधुनिक तकनीकी युग में, सतत विकास की नई रणनीतियाँ व्यापक रूप से उपयोग में लाई जा रही हैं। यह रणनीतियाँ विभिन्न क्षेत्रों में अनुशासनपूर्ण विकास को प्रोत्साहित करने के लिए डिजाइन की जाती हैं।

पहली रणनीति है Agile Development, जो सॉफ्टवेयर डेवलपमेंट के लिए उपयोगी है। इसमें, एक टीम काम को छोटे-छोटे स्प्रिंट्स में विभाजित करके काम करती है और महत्वपूर्ण फीडबैक के आधार पर उसे समाप्त करती है।

दूसरी रणनीति है DevOps, जो सॉफ्टवेयर विकास और संचालन को एक संगठित प्रक्रिया में जोड़ती है। यह दोनों टीमों के साथ सहयोग और संगठन"
41,कृत्रिम बुद्धिमत्ता का उपयोग साइबर सुरक्षा में,"कृत्रिम बुद्धिमत्ता या Artificial Intelligence (AI) एक तकनीक है जो कंप्यूटरों को मानव जैसी बुद्धि और कार्यों को सीखने और समझने की क्षमता प्रदान करती है। साइबर सुरक्षा में भी AI एक महत्वपूर्ण भूमिका निभाती है।

कंप्यूटर हमेशा सुरक्षित नहीं रहते हैं और इनमें सुरक्षा गड़बड़ी का खतरा बना रहता है। यह धारणा ली जा रही है कि AI का उपयोग कंप्यूटरों को सुरक्षित बनाने में मदद कर सकता है।

AI का उपयोग साइबर सुरक्षा में ताकतवर और सुरक्षित सुरक्षा उपायों को विकसित करने में समर्थ है। यह एक्सप्लोइट्स और संदेशों को अद्वितीय रूप से पहचानने में म"
42,प्लास्टिक प्रदूषण कम करने की नई विधियाँ,"प्लास्टिक प्रदूषण को कम करने के लिए नई विधियाँ विकसित की जा रही हैं। प्लास्टिक प्रदूषण के खिलाफ सबसे प्रमुख कदम में से एक है प्लास्टिक का पुनः प्रयोग करना। इसके लिए बायोडिग्रेडेबल प्लास्टिक एक अच्छा विकल्प है जो प्राकृतिक तरीके से टूट जाता है। इसके अलावा, प्लास्टिक की बजाय अन्य सामग्री जैसे पेपर, कपड़े, लकड़ी आदि का उपयोग करने की प्रेरणा भी बढ़ रही है।

एक और महत्वपूर्ण तकनीक है प्लास्टिक रीसायकलिंग। इस प्रक्रिया में पुराने प्लास्टिक को पुनर्चक्रित करके नए उत्पाद बनाए जा सकते हैं। इससे प्लास्टिक का उपयोग क"
43,इंटरनेट ऑफ़ थिंग्स (IoT) और स्मार्ट सिटी,"आधुनिक तकनीक के क्षेत्र में एक नया आदान-प्रदान है - इंटरनेट ऑफ़ थिंग्स (IoT)। यह तकनीक अब स्मार्ट सिटी के निर्माण में महत्वपूर्ण भूमिका निभा रही है। स्मार्ट सिटी एक ऐसा शहर होता है जिसमें विभिन्न उपकरण, यंत्र, वाहन और इलेक्ट्रॉनिक उपकरण आपस में जुड़े होते हैं और इन्हें इंटरनेट के माध्यम से एक-दूसरे से संचालित किया जाता है।

IoT के माध्यम से स्मार्ट सिटी में बेहतर ऊर्जा प्रबंधन, ट्राफिक नियंत्रण, पुनर्चक्रण, और सुरक्षा सुविधाएं उपलब्ध होती हैं। उदाहरण के लिए, स्मार्ट ट्राफिक नियंत्रण सिस्टम द्वारा यातायात की द"
44,ब्लॉकचेन प्रौद्योगिकी का भविष्य,"ब्लॉकचेन प्रौद्योगिकी एक उच्चतम स्तर की सुरक्षा, ट्रांजेक्शन गति और ट्रांजेक्शन गोपनीयता प्रदान करने के लिए एक व्यापक तकनीक है। यह एक डिस्ट्रीब्यूटेड लेजर है जिसमें डेटा ब्लॉक के रूप में जोड़े जाते हैं और इन ब्लॉक को एक सिक्योर चेन में रखा जाता है। 

ब्लॉकचेन प्रौद्योगिकी का भविष्य बहुत उज्जवल है। यह तकनीक विभिन्न क्षेत्रों में व्यापक रूप से उपयोग किया जा रहा है, जैसे वित्तीय सेवाएं, स्वास्थ्य सेवाएं, लॉजिस्टिक्स, इम्यूनिटी साइबर सुरक्षा, वोटिंग सिस्टम आदि। 

ब्लॉकचेन प्रौद्योगिकी क"
45,इलेक्ट्रिक वाहनों की भविष्य की संभावनाएँ,"वर्तमान में इलेक्ट्रिक वाहनों का उपयोग तेजी से बढ़ रहा है और भविष्य में यह उदाहरण से अधिक आम बन जाएंगे। इलेक्ट्रिक वाहनों की भविष्य को देखते हुए कुछ संभावनाएँ निम्नलिखित हैं:

1. सरकारी प्रोत्साहन: सरकारें इलेक्ट्रिक वाहनों के उपयोग को बढ़ाने के लिए नीतियों और प्रोत्साहनात्मक मामलों की स्थापना करेंगी। इससे इलेक्ट्रिक वाहनों की बाजार में अधिक विस्तार होगा।

2. बैटरी तकनीक का विकास: बैटरी तकनीक में और विकास होगा जो इलेक्ट्रिक वाहनों की दूरी, चार्जिंग समय और कीमत को और अधिक सुविधाजनक बनाएगा।

3. ऑटोमेट"
46,सतत विकास की नई रणनीतियाँ,"विज्ञान और प्रौद्योगिकी के क्षेत्र में तेजी से बदलाव हो रहा है और इसके साथ ही सतत विकास की नई रणनीतियाँ भी आम तौर पर अपनाई जा रही हैं। इन रणनीतियों का मुख्य उद्देश्य है नवाचार करना, उत्कृष्टता सुनिश्चित करना और विकास को सुगम बनाना।

पहली रणनीति में डिजाइन सोच की जाती है, जिसमें उत्पादों और सेवाओं के डिजाइन को महत्व दिया जाता है। इसका मकसद उपभोक्ताओं की आवश्यकताओं और अनुभवों को समझकर उत्कृष्ट उत्पाद विकसित करना है। 

दूसरी रणनीति में एजाइल डेवलपमेंट का प्रयोग किया जाता है जिसमें प्रोजेक्ट को छोटे छो"
47,इलेक्ट्रिक वाहनों की भविष्य की संभावनाएँ,"विश्व भर में जलवायु परिवर्तन के चलते गाड़ीयां और वाहनों की विकास की दिशा में एक महत्वपूर्ण परिवर्तन देखने को मिल रहा है - इलेक्ट्रिक वाहनों की भविष्य की संभावनाएँ। इलेक्ट्रिक वाहन न केवल पर्यावरण के प्रति जिम्मेदारी भारी करते हैं, बल्कि इनकी देखभाल और चालन की लागत भी कम होती है। 

आजकल कई देशों ने इलेक्ट्रिक वाहनों के उत्पादन और बेचने के लिए नीतियां बना रखी हैं। भारत में भी सरकार ने इलेक्ट्रिक वाहनों को बढ़ावा देने के लिए विभिन्न योजनाएं शुरू की हैं। 

इलेक्ट्रिक वाहनों के विकास से न केवल वायु प्रदूषण को कम किया जा"
48,कृत्रिम बुद्धिमत्ता का उपयोग साइबर सुरक्षा में,"कृत्रिम बुद्धिमत्ता (Artificial Intelligence) एक ऐसी तकनीक है जिसने साइबर सुरक्षा के क्षेत्र में एक महत्वपूर्ण भूमिका अदा की है। आजकल साइबर हमले बढ़ रहे हैं और इसके लिए उपयुक्त सुरक्षा उपाय अपनाना आवश्यक है। कृत्रिम बुद्धिमत्ता साइबर सुरक्षा में उपयोग किया जा रहा है ताकि विभिन्न साइबर हमलों को पहचानने और रोकने में मदद मिल सके।

कृत्रिम बुद्धिमत्ता का उपयोग विभिन्न क्षमताओं के साथ किया जा सकता है, जैसे कि पैटर्न रिकग्निशन, अनोमली डिटेक्शन, डेटा एनालिटिक्स आदि। यह तकनीक बहुत तेजी से डेटा को विश्लेषित कर सकती है और संदेशों क"
49,सौर ऊर्जा के नवीनतम विकास,"सौर ऊर्जा एक प्राकृतिक संसाधन है जो हमें साफ ऊर्जा और वितरण की स्वतंत्रता प्रदान करता है। वर्तमान में, सौर ऊर्जा का उपयोग विश्व भर में तेजी से बढ़ रहा है और नवीनतम तकनीकी विकास इस क्षेत्र में महत्वपूर्ण भूमिका निभा रहा है।

एक सौर ऊर्जा परियोजना के लिए सबसे महत्वपूर्ण तकनीकी विकास है सौर ऊर्जा उत्पादन के तरीकों में सुधार। सौर ऊर्जा को उत्पन्न करने के लिए उपयोग की जा रही तकनीकों में धीमे गति से सबसे अधिक क्षमता और प्रदर्शन की दिशा में सुधार किया जा रहा है। नवीनतम तकनीकी विकास इसे अधिक सुरक्षित, स्थायी और साफ बन"
51,ब्लॉकचेन प्रौद्योगिकी का भविष्य,"ब्लॉकचेन प्रौद्योगिकी एक ऐसी नवाचारिक तकनीक है जिसने आधुनिक वित्तीय सेवाओं और व्यवसायों को परिवर्तित कर दिया है। इस तकनीक का उद्भव बिटकॉइन क्रिप्टोकरेंसी के रूप में हुआ था, लेकिन वर्तमान में ब्लॉकचेन के उपयोग क्षेत्र विस्तारित हो गया है।

ब्लॉकचेन प्रौद्योगिकी का भविष्य बहुत उज्जवल है। इस तकनीक से निर्भर वित्तीय सेवाएं और व्यवसायों में ट्रांसपेरेंसी, सुरक्षा, और वित्तीय प्रणाली की सुधार होने की संभावना है। ब्लॉकचेन की मदद से डेटा की सुरक्षा और गोपनीयता में भी सुधार होगा।

ब्लॉकचेन प्रौद"
52,कृत्रिम बुद्धिमत्ता का उपयोग साइबर सुरक्षा में,"कृत्रिम बुद्धिमत्ता (Artificial Intelligence) एक ऐसी तकनीक है जो संगणक प्रणालियों को मानव जैसी सोचने और निर्णय लेने की क्षमता प्रदान करती है। साइबर सुरक्षा में कृत्रिम बुद्धिमत्ता का उपयोग बहुत महत्वपूर्ण है क्योंकि यह सुरक्षा विशेषज्ञों को सहायता प्रदान कर सकता है जो साइबर हमलों को पहचानने और रोकने में सक्षम नहीं हैं।

कृत्रिम बुद्धिमत्ता साइबर सुरक्षा में विभिन्न कार्यों के लिए उपयोग किया जा सकता है, जैसे कि हमलों की पहचान, डेटा सुरक्षा, और संदेशों की गहन विश्लेषण। यह तकनीक सुरक्षा नियंत्रण में तेजी और सामर्थ्य लाती है, जिससे हमलों को प"
53,वन्यजीव संरक्षण में तकनीक का उपयोग,"वन्यजीव संरक्षण एक महत्वपूर्ण क्षेत्र है जिसमें तकनीक का महत्वपूर्ण योगदान है। वन्यजीव संरक्षण में तकनीक का उपयोग विभिन्न क्षेत्रों में किया जा सकता है।

पहले तो, तकनीकी उपकरणों का उपयोग वन्यजीवों की गणना और मॉनिटरिंग में किया जा सकता है। दूरस्थ सेंसिंग, जैसे कि ड्रोन और सेल्यूलर नेटवर्क, की मदद से वन्यजीवों की गणना की जा सकती है और इसके लिए आवश्यक कार्रवाई ली जा सकती है।

दूसरे, तकनीकी उपकरण संरक्षण क्षेत्र में सुरक्षा बढ़ाने में मदद कर सकते हैं। गेम ट्रैकिंग कैमरे, GPS कलर्स और रेडियो कॉलर्स ज"
50,प्लास्टिक प्रदूषण कम करने की नई विधियाँ,"प्लास्टिक प्रदूषण आजकल एक बड़ी समस्या बन चुकी है और इसे कम करने के लिए नई विधियाँ अपनाने की आवश्यकता है। प्लास्टिक का उपयोग कम करने के लिए कई तकनीकी उपाय हैं।

पहले तो, हमें प्लास्टिक की बजाय पर्यावरण किर्केट या बायोडिग्रेडेबल प्लास्टिक का उपयोग करना चाहिए। ये प्लास्टिक प्रक्रिया से बनते हैं और प्रदूषण में कमी करते हैं।

दूसरा उपाय है प्लास्टिक की पुनर्चक्रण प्रक्रिया को प्रोत्साहित करना। यानी की प्लास्टिक को रीसायकल करना। रीसायकल का उपयोग करके हम प्लास्टिक के पुनर्चक्रण के जरिए प्रदूषण को कम कर सकते हैं।

तीसरा तकनीकी"
54,ब्लॉकचेन प्रौद्योगिकी का भविष्य,"ब्लॉकचेन प्रौद्योगिकी एक ऐसी नवाचारिक तकनीक है जिसने दुनिया में क्रांति ला दी है। यह तकनीक डिजिटल लेजर में डेटा रिकॉर्ड करने के लिए उपयोग की जाती है जो सुरक्षित, सत्यापनयोग्य और अनुप्रयोगिक होता है। ब्लॉकचेन के उपयोग से प्राइवेसी, सुरक्षा और सत्यापन में सुधार होता है जो किसी भी व्यक्तिगत या व्यावसायिक लेन-देन को सुरक्षित बनाने में मदद करता है।

आगामी दशक में, ब्लॉकचेन प्रौद्योगिकी का उपयोग और प्रणालियों में विस्तार होने की संभावना है। इसका उपयोग वित्तीय संदेशों, स्वास्थ्य सेवाओं, इलेक्ट्रॉनिक च"
55,रोबोटिक्स का विकास और उसके अनुप्रयोग,"रोबोटिक्स एक तकनीकी क्षेत्र है जिसमें विभिन्न तकनीकी उपकरण का उपयोग करके स्वचालित मशीनों या रोबोटों को डिज़ाइन और विकसित किया जाता है। आधुनिक रोबोटिक्स ने विभिन्न क्षेत्रों में अहम योगदान दिया है, जैसे कि निर्माण, संचार, स्वास्थ्य और अंतरिक्ष।

रोबोटिक्स के विकास ने विभिन्न क्षेत्रों में क्रांति ला दी है। उदाहरण के लिए, ऑटोमेशन के माध्यम से रोबोट्स का उपयोग कारखानों में उत्पादन को तेजी से और अधिक दक्ष बनाने में मदद करता है। इसके अलावा, रोबोटिक्स ने स्वास्थ्य क्षेत्र में भी अहम योगदान दिया है,"
56,इंटरनेट ऑफ़ थिंग्स (IoT) और स्मार्ट सिटी,"आधुनिक तकनीक ने हमारे जीवन को सुविधाजनक बनाने के लिए कई नए तरीके उपलब्ध कराए हैं। इंटरनेट ऑफ़ थिंग्स (IoT) और स्मार्ट सिटी इनमें से कुछ हैं। IoT एक ऐसी तकनीक है जिसमें विभिन्न डिवाइस और सेंसर्स इंटरनेट के माध्यम से जुड़े होते हैं ताकि वे आपस में संचार कर सकें और डेटा साझा कर सकें। जब हम इस तकनीक को स्मार्ट सिटी के साथ मिलाते हैं, तो यह शहरों को सुरक्षित, सुगम और ऊर्जा दक्ष बनाने में मदद करता है।

स्मार्ट सिटी एक ऐसी अवस्था है जो इन तकनीकी उपायों का उपयोग करके शहर के प्रबंधन को बेहतर बनाती है। इसमें ट्राफिक प्रबंधन"
58,ब्लॉकचेन प्रौद्योगिकी का भविष्य,"ब्लॉकचेन प्रौद्योगिकी का भविष्य बहुत उज्ज्वल और उम्मीदवार है। ब्लॉकचेन एक विशेष प्रकार की डिजिटल लेजर है जिसमें ट्रांजैक्शन्स की पूरी रिकॉर्ड सुरक्षित और सत्यापित रहती है। यह तकनीक सकारात्मक रूप से विभिन्न क्षेत्रों में उपयोग किया जा रहा है और इसका प्रभाव भविष्य में भी मजबूत होने की संभावना है।

ब्लॉकचेन प्रौद्योगिकी के भविष्य के कुछ मुख्य आधार क्षेत्र निम्नलिखित हैं:

1. वित्तीय सेवाएं: ब्लॉकचेन तकनीक वित्तीय सेवाओं में प्रवेश को मजबूत बना रहा है। सुरक्षित और ट्रांजैक्शन्सपरक लेन-देन सिस्ट"
57,इलेक्ट्रिक वाहनों की भविष्य की संभावनाएँ,"इलेक्ट्रिक वाहनों की भविष्य के संभावित दृश्यों में तेजी से बदलाव की अपेक्षा है। विद्युत चालित वाहनों के प्रयोग में वृद्धि के पीछे कई कारण हैं। पहला कारण वायु प्रदूषण का मुख्य कारण इंटरनेशनल ऑटोमोबाइल उत्पादकों को अपने उत्पादों की प्रदूषण मुक्तता बढ़ाने के लिए उपयुक्त तकनीक की खोज करने के लिए मजबूर कर रहा है।

दूसरा कारण विद्युत वाहनों की बढ़ती मांग है। जनता उनके कार्यक्षेत्रों में इंटरनल कंबस्टन इंजन वाले वाहनों के संचालन से उत्पन्न धुएं के कारण उनके स्वास्थ्य पर नकारात्मक प्रभाव को देखते हुए इल"
60,प्लास्टिक प्रदूषण कम करने की नई विधियाँ,"प्लास्टिक प्रदूषण एक गंभीर मानव स्वास्थ्य और पर्यावरण समस्या है जिसे देखते हुए नई विधियों की खोज की जा रही है। प्लास्टिक प्रदूषण को कम करने के लिए कई उपाय और तकनीकें विकसित की जा रही हैं।

पहला उपाय है प्लास्टिक की पुनर्चक्रण तकनीक। इसके जरिए प्लास्टिक को पुन: उपयोग के लिए पुन: बनाया जा सकता है और इससे प्लास्टिक का प्रदूषण भी कम हो सकता है।

दूसरा उपाय है बायोडिग्रेडेबल प्लास्टिक का उपयोग करना। ये प्लास्टिक प्रकृति में आसानी से टूट जाता है और प्रदूषण का कारण नहीं बनता।

तीसरा उपाय है प्लास्टिक की जगह अन्य प"
61,डिजिटल मुद्राओं की सुरक्षा चुनौतियाँ,"आधुनिक दौर में डिजिटल मुद्राओं का उपयोग बढ़ता जा रहा है, लेकिन इसके साथ ही सुरक्षा की चुनौतियाँ भी बढ़ रही हैं। डिजिटल मुद्राओं की सुरक्षा में होने वाली समस्याएं निम्नलिखित हैं:

1. मालवेयर: डिजिटल मुद्राओं के उपयोग में मालवेयर एक बड़ी चुनौती है जिससे उपयोक्ताओं के खातों को हानि पहुंचा सकती है।

2. फिशिंग: फिशिंग हमले के माध्यम से अप्रामाणिक वेबसाइट्स के माध्यम से प्राप्त लिंक्स के जरिए उपयोक्ताओं के नाम, पता और बैंक खाता जानकारी चोरी की जा सकती है।

3. फर्जी वेबसाइट्स: फर्जी वेबसाइट्स के माध्यम से उपयोक्ताओं स"
63,वन्यजीव संरक्षण में तकनीक का उपयोग,"वन्यजीव संरक्षण में तकनीक का महत्वपूर्ण योगदान है। वन्यजीव संरक्षण के लिए तकनीक का उपयोग तीन मुख्य क्षेत्रों में किया जा सकता है - मॉनिटरिंग, संगठनात्मक योजनाएं और संवेदनशीलता। 

पहले, मॉनिटरिंग में तकनीक का उपयोग जीवों की संख्या, जनसंख्या की दिशा, और उनके पर्यावरणीय परिवेश की स्थिति का पता लगाने में किया जाता है। उचित तकनीक का उपयोग करके जीवों की गतिविधि, प्रजनन की स्थिति और संभावित खतरों का मूल्यांकन किया जा सकता है। 

दूसरे, संगठनात्मक योजनाएं में तकनीक का उपयोग वन्यजीव संरक्षण की योजनाओं को अ"
59,सतत विकास की नई रणनीतियाँ,"सतत विकास एक ऐसी प्रक्रिया है जिसमें निरंतर उन्नति और सुधार होता रहता है। आधुनिक काल में, विज्ञान, प्रौद्योगिकी, और सामाजिक परिवर्तनों के कारण सतत विकास के लिए नई रणनीतियाँ आवश्यक हो रही हैं।

पहली रणनीति यह है कि विकास को सामाजिक समानता और समरसता के साथ आगे बढ़ाना चाहिए। विकास के लिए सबका सहभागिता और समरसता के सिद्धांत को ध्यान में रखकर नई रणनीतियाँ तैयार की जा रही हैं।

दूसरी रणनीति इसे पर्यावरणीय दृष्टिकोण से देखना है। विकास के प्रक्रिया में पर्यावरण का संरक्षण और संवर्धन महत्वपूर्ण है। इसके लिए नई"
62,प्लास्टिक प्रदूषण कम करने की नई विधियाँ,"प्लास्टिक प्रदूषण एक बड़ी समस्या है जो हमारे पृथ्वी के लिए एक खतरा है। इस समस्या के समाधान के लिए कई नई विधियाँ और तकनीकें विकसित की गई हैं।

पहली विधि है 'बायोडिग्रेडेबल प्लास्टिक' का उपयोग। यह प्लास्टिक प्रकृति के साथ गलने वाला होता है और वायरनमेंटली फ्रेंडली होता है। इसका इस्तेमाल उन जगहों पर किया जा सकता है जहाँ प्लास्टिक का ज्यादा इस्तेमाल होता है।

दूसरी विधि है 'प्लास्टिक रीसायकलिंग'। इसमें पुराने प्लास्टिक को रीसायकल करके नए प्लास्टिक के बनाने का प्रक्रिया होता है। इससे प्लास्टिक की फिर से उपयोगिता बढ"
65,इंटरनेट ऑफ़ थिंग्स (IoT) और स्मार्ट सिटी,"आजकल शहरों में तकनीकी उन्नति का एक नया चरण आया है जिसे 'स्मार्ट सिटी' कहा जाता है। इसमें इंटरनेट ऑफ़ थिंग्स (IoT) तकनीक का उपयोग किया जाता है। IoT शब्द का मतलब है कि विभिन्न डिवाइस और वस्तुओं को इंटरनेट के माध्यम से एक-दूसरे से कनेक्ट किया जाए ताकि उन्हें स्वत: अपने बीच संवाद करने की क्षमता मिले।

स्मार्ट सिटी के अंतर्गत विभिन्न डिवाइस जैसे स्मार्ट ट्रैफिक लाइट्स, स्मार्ट पार्किंग, स्वच्छता मॉनिटरिंग सिस्टम, ऊर्जा प्रबंधन, सुरक्षा सिस्टम आदि आते हैं। इन डिवाइस का उपयोग करके शहर की ऊर्जा की बचत, ट्रैफिक क"
64,सतत विकास की नई रणनीतियाँ,"आधुनिक समय में तकनीकी विकास इतनी तेजी से हो रहा है कि नई रणनीतियों की आवश्यकता बनी है। यह रणनीतियाँ विभिन्न क्षेत्रों में सतत विकास को सुनिश्चित करने में मदद कर सकती हैं।

पहली रणनीति है नई तकनीकों के प्रयोग को बढ़ावा देना। आधुनिक तकनीक क्षेत्र में नवाचार के लिए नई तकनीकों का उपयोग करना अत्यंत महत्वपूर्ण है। उदाहरण के लिए, एंआई, मेगा डेटा, एवं इंटरनेट ऑफ थिंग्स की तकनीकों का उपयोग करके उत्पादों और सेवाओं को बेहतर बनाने के लिए नए तरीके विकसित किए जा रहे हैं।

दूसरी रणनीति है सहयोगपूर्ण अनुसं"
66,डिजिटल मुद्राओं की सुरक्षा चुनौतियाँ,"आजकल डिजिटल मुद्राओं का उपयोग बढ़ रहा है, और इसके साथ ही उनकी सुरक्षा भी एक बड़ी चुनौती बन गई है। डिजिटल मुद्राओं की सुरक्षा के मुख्य चुनौतियाँ निम्नलिखित हैं:

1. कायमीता: डिजिटल मुद्राओं की सुरक्षा के लिए सबसे महत्वपूर्ण चुनौती यह है कि कैसे इन्हें हैकर्स और ऑनलाइन धोखाधड़ी से बचाया जा सके।

2. प्राइवेसी: डिजिटल मुद्राओं का उपयोग करने वाले लोगों की प्राइवेसी की सुरक्षा को बनाए रखना भी महत्वपूर्ण है।

3. दोहरी खरीदारी: किसी भी डिजिटल मुद्रा के साथ दोहरी खरीदारी और उपयोग करने की सुरक्षा की जानकारी केवल उपय"
67,वन्यजीव संरक्षण में तकनीक का उपयोग,"वन्यजीव संरक्षण में तकनीक का महत्वपूर्ण योगदान है। वन्यजीव संरक्षण का मुख्य उद्देश्य वन्यजीवों की सुरक्षा और उनके अवस्थान को सुधारना है। तकनीकी उपायों का उपयोग करके हम वन्यजीव संरक्षण में कई समस्याओं का समाधान कर सकते हैं।

एक प्रमुख तकनीकी उपाय है रेडियो कॉलार और GPS ट्रैकिंग का उपयोग करना। इससे हम वन्यजीवों की गतिविधियों को ट्रैक कर सकते हैं और उनके आवासीय क्षेत्र का पता लगा सकते हैं। इसके अलावा, ड्रोन तकनीक का भी उपयोग किया जा रहा है जिससे वन्यजीवों की गणना और संरक्षण की कार्रवाई की जा सकती है।

तक"
68,डिजिटल मुद्राओं की सुरक्षा चुनौतियाँ,"आज के डिजिटल युग में डिजिटल मुद्राएं एक महत्वपूर्ण भूमिका निभा रही हैं। लेकिन इन मुद्राओं की सुरक्षा एक बड़ी चुनौती है। डिजिटल मुद्राओं की सुरक्षा से जुड़ी कुछ मुख्य चुनौतियाँ निम्नलिखित हैं:

1. काइबर अपराध: डिजिटल मुद्रा लेनदेन के समय काइबर अपराधियों की संभावना होती है। उन्हें आपके खाते से पैसे चोरी करने के लिए फिशिंग, मैलवेयर, या फिर डिजिटल धारक गड़बड़ी का उपयोग किया जा सकता है।

2. अमान्य लेनदेन: डिजिटल मुद्राओं के द्वारा लेनदेन करते समय अमान्य लेनदेन के खतरे का सामना करना पड़ सकता है। यह आपके"
70,रोबोटिक्स का विकास और उसके अनुप्रयोग,"रोबोटिक्स एक ऐसा क्षेत्र है जिसमें रोबोट या स्वचालित मशीनें विभिन्न कार्यों को स्वतंत्रता से करने के लिए डिज़ाइन और विकसित की जाती हैं। रोबोटिक्स ने आधुनिक तकनीकी विज्ञान में क्रांति ला दी है जिसका उपयोग विभिन्न क्षेत्रों में किया जा रहा है। 

रोबोटिक्स के विकास का मुख्य उद्देश्य मानवता की सुविधा और जीवन को आसान बनाना है। यह विज्ञान विभिन्न क्षेत्रों में अपना उपयोग कर रहा है जैसे कि विनिर्माण, संचार, चिकित्सा, औद्योगिक उत्पादन, आदि। 

रोबोटिक्स के अनुप्रयोगों में स्वचालित उपकरण, स्वचालित वाहन, चिक"
69,इंटरनेट ऑफ़ थिंग्स (IoT) और स्मार्ट सिटी,"आजकल इंटरनेट ऑफ़ थिंग्स (IoT) तकनीक तेजी से विकसित हो रही है और इसका उपयोग शहरों को स्मार्ट सिटी में बदलने में किया जा रहा है। स्मार्ट सिटी विभिन्न तकनीकी उपकरणों का उपयोग करके शहरी जीवन को सुगम और अधिक सुरक्षित बनाने का एक प्रयास है।

IoT और स्मार्ट सिटी के बीच कनेक्शन के माध्यम से शहरी इंफ्रास्ट्रक्चर को अधिक संवेदनशील और सहज बनाने का प्रयास किया जा रहा है। इसके माध्यम से शहरी सुविधाएं बेहतर ढंग से प्रबंधित की जा सकती हैं और लोगों को अधिक सुगमता मिल सकती है।

स्मार्ट सिटी के उदाहरण में शहरी परिवहन, ऊर्जा प्रबंधन"
71,ड्रोन प्रौद्योगिकी के नए उपयोग,"ड्रोन प्रौद्योगिकी के साथ नए उपयोग लगातार विकसित हो रहे हैं और इसका समुदाय के विभिन्न क्षेत्रों में उपयोग हो रहा है। ड्रोन का उपयोग उड़ान भरने, जांच-परakh और डेलीवरी आदि के कामों के लिए किया जा रहा है।

एक उदाहरण के रूप में, ड्रोन का उपयोग वन्यजीव संरक्षण में किया जा रहा है। ड्रोन को वन्यजीवों की गिनती और जीवन्तता की जांच के लिए उपयोग किया जा रहा है। इसके अलावा, ड्रोन जंगलों की सुरक्षा में भी मददगार हो सकते हैं, जैसे कि वन्यजीव तस्करी के खिलाफ सुरक्षा के लिए उनकी निगरानी करने में।

इसके अतिरिक्त,"
72,जलवायु परिवर्तन के खिलाफ नई तकनीकें,"जलवायु परिवर्तन एक बड़ी चुनौती है जिसका सामना पुरे विश्व को करना है। इस समस्या का सामना करने के लिए नई तकनीकें विकसित की जा रही हैं जो पर्यावरण को बचाने में मदद कर सकती हैं।

पहली तकनीक है जलवायु परिवर्तन के कारणों को कम करने के लिए जलवायु क्रियाशीलता में सुधार करना। उदाहरण के लिए, जलवायु परिवर्तन के कारण उत्पन्न गैसों को कम करने के लिए कारखानों और वाहनों में शुद्ध ऊर्जा का उपयोग किया जा सकता है।

दूसरी तकनीक है जलवायु परिवर्तन के प्रभावों से निपटने के लिए सुरक्षित और स्थायी जलवायु नीतियों का अनुसरण करना। इसमें जल"
73,इंटरनेट ऑफ़ थिंग्स (IoT) और स्मार्ट सिटी,"आधुनिक शहरों में इंटरनेट ऑफ़ थिंग्स (Internet of Things - IoT) का उपयोग करके स्मार्ट सिटी (Smart City) की अवधारणा को साकार करने के लिए कई तकनीकी उपाय किए जा रहे हैं। इस प्रक्रिया में, विभिन्न सेंसर्स, डिवाइस, विभागीय संरचना, नेटवर्किंग तंत्र और सॉफ्टवेयर का उपयोग किया जाता है। इसका उद्देश्य शहरी जीवन को अधिक सुरक्षित, सुगम और स्थायी बनाना है।

इंटरनेट ऑफ़ थिंग्स के जरिए, उपकरण और सेंसर्स स्मार्ट सिटी के विभिन्न क्षेत्रों में लगे होते हैं जिनसे डेटा एकत्रित किया जाता है। इस डेटा को विश्लेषण करके नगर प्रशासन और निगम सुधारात्मक न"
75,इंटरनेट ऑफ़ थिंग्स (IoT) और स्मार्ट सिटी,"आधुनिक जीवन शैली और तकनीकी विकास के साथ, शहरों को स्मार्ट सिटी में बदलने की दिशा में एक महत्वपूर्ण कदम है इंटरनेट ऑफ़ थिंग्स (IoT)। IoT शहरों को स्मार्ट बनाने में महत्वपूर्ण भूमिका निभाता है, जिससे सुरक्षित, सुगम और सुसंगत शहर की तरफ एक कदम बढ़ाता है।

IoT के माध्यम से शहरों में स्मार्ट पारिस्थितिकी, ऊर्जा प्रबंधन, सुरक्षा, संचार, परिवहन, स्वास्थ्य और बहुत कुछ को बेहतर बनाया जा सकता है। उदाहरण के लिए, ट्रैफिक प्रबंधन के लिए सेंसर्स का उपयोग, व्यक्तिगत सुरक्षा के लिए CCTV कैमरे, ऊर्जा बचत के लिए स्मार्ट ग्रिड्स और स्म"
74,ड्रोन प्रौद्योगिकी के नए उपयोग,"ड्रोन प्रौद्योगिकी ने सामाजिक, वाणिज्यिक, सुरक्षा और वैज्ञानिक क्षेत्रों में एक बड़ा नया क्षेत्र खोल दिया है। इसके साथ ही इस तकनीक के नए उपयोग भी उभर रहे हैं।

पहला उपयोग है ड्रोन का वाणिज्यिक क्षेत्र में। ड्रोन के माध्यम से उत्पादों की डिलीवरी, जल और वायु मार्ग सुरक्षा, कृषि और वन्यजीव संरक्षण जैसे क्षेत्रों में उपयोग किया जा रहा है।

दूसरा उपयोग है सुरक्षा क्षेत्र में। ड्रोन को नकली उड़ानों की पहचान, सीमा सुरक्षा, आपातकालीन परिस्थितियों में सहायता और लॉकडाउन के दौरान निगरानी आदि में उपयोग किया जा रहा"
77,रोबोटिक्स का विकास और उसके अनुप्रयोग,"रोबोटिक्स एक उच्चतम स्तर की तकनीक है जो रोबोटों के निर्माण, नियंत्रण और उनके कार्यों के डिज़ाइन को संदर्भित करती है। रोबोटिक्स ने विभिन्न क्षेत्रों में क्रांति ला दी है, जैसे कि निर्माण, स्वास्थ्य, खोज, और लॉजिस्टिक्स।

रोबोटिक्स का विकास तेजी से हो रहा है और इसका उपयोग भी विस्तार से हो रहा है। उदाहरण के लिए, चिकित्सा क्षेत्र में रोबोटिक सर्जरी, रोबोटिक उपकरण विकसित किए गए हैं जिनका इस्तेमाल ऑपरेशन के दौरान किया जा सकता है। इससे ऑपरेशन की सुरक्षा और सटीकता में सुधार हो रहा है।

रोबोटिक्स का उपयो"
76,कृत्रिम बुद्धिमत्ता का उपयोग साइबर सुरक्षा में,"कृत्रिम बुद्धिमत्ता (Artificial Intelligence) एक ऐसी तकनीक है जो मानव बुद्धिमत्ता की कार्यों को मिमिक करती है तथा स्वयं निर्धारित कार्यों को सम्पादित करने की सक्षमता रखती है। साइबर सुरक्षा में कृत्रिम बुद्धिमत्ता का उपयोग कारक हो सकता है क्योंकि यह एक सक्षम सुरक्षा साधन है जो सुरक्षा प्रश्नों को समझने और हल करने में मानवों की मदद कर सकती है।

कृत्रिम बुद्धिमत्ता साइबर सुरक्षा के कई पहलुओं में मदद कर सकती है, जैसे कि साइबर हमलों की पहचान, उनकी रोकथाम और जवाबी कार्रवाई का सुझाव। यह सुरक्षा निगरानी के लिए ऑटोमेटेड सिस्टम बनाने में भी मदद कर सकती है"
79,इलेक्ट्रिक वाहनों की भविष्य की संभावनाएँ,"इलेक्ट्रिक वाहनों का उपयोग जल्द ही बढ़ रहा है और इसका भविष्य भी बहुत उज्जवल है। इलेक्ट्रिक वाहनों की भविष्य की कुछ मुख्य संभावनाएं निम्नलिखित हैं:

1. पर्यावरण के लिए अधिक उपयोगी: इलेक्ट्रिक वाहन वायु प्रदूषण को कम करने में मददगार होते हैं और साथ ही ध्वनि प्रदूषण को भी कम करते हैं।

2. ऊर्जा संयंत्रों का उपयोग: इलेक्ट्रिक वाहनों का उपयोग करने से विभिन्न ऊर्जा संसाधनों का उपयोग कम होता है और इससे ऊर्जा संसाधनों की सुरक्षा में सुधार होता है।

3. बेहतर टेक्नोलॉजी: नवीनतम टेक्नोलॉजी के उपयोग से इलेक्ट्रिक"
80,ब्लॉकचेन प्रौद्योगिकी का भविष्य,"ब्लॉकचेन प्रौद्योगिकी एक नवाचारी और सुरक्षित तकनीक है जो डिजिटल लेन-देन को सुरक्षित रूप से संचालित करने के लिए उपयोग की जा रही है। इस तकनीक को पहले सिक्योरिटी और क्रिप्टोकरेंसी के क्षेत्र में उपयोग किया जाता था, लेकिन अब यह बहुत सारे अन्य क्षेत्रों में भी अपनाया जा रहा है।

ब्लॉकचेन प्रौद्योगिकी के उपयोग से डेटा सुरक्षित रूप से संचालित जा सकता है, जिससे डेटा की गोपनीयता और सुरक्षा बनी रहती है। यह एक डिस्ट्रिब्यूटेड लेजर होता है, जिसमें सभी डेटा ट्रांजैक्शन की पुष्टि जाता है और इसे हैक नहीं किया जा सकता ह"
78,वर्चुअल रियलिटी में नवीनतम रुझान,"वर्चुअल रियलिटी (Virtual Reality) एक तकनीक है जिसमें कंप्यूटर पर बनाई गई वर्चुअल या आभासी परिस्थितियों का उपयोग कर एक व्यक्ति को वास्तविक जैसा महसूस कराया जाता है। वर्चुअल रियलिटी में व्यक्ति एक विशेष हेडसेट का उपयोग करके एक वर्चुअल विश्व में डूब जाता है और उसे वहां की वातावरण और अनुभव मिलता है।

नवीनतम रुझानों के साथ वर्चुअल रियलिटी का उपयोग और प्रयोग तेजी से बढ़ रहा है। इसमें नए सॉफ्टवेयर और हार्डवेयर के विकास के साथ-साथ उपयोगकर्ताओं के लिए नए अनुभवों का निर्माण किया जा रहा है।

इस समय, वर्चु"
81,सौर ऊर्जा के नवीनतम विकास,"सौर ऊर्जा आजकल एक प्रमुख ऊर्जा स्रोत बन चुकी है जो वायुमंडलीय प्रदूषण को कम करने में मदद करती है और साथ ही ऊर्जा स्वतंत्रता को बढ़ावा देती है। सौर ऊर्जा के क्षेत्र में निवेश और नवाचारों के कारण इसमें लगातार वृद्धि हो रही है।

नवीनतम विकास के क्षेत्र में सौर पैनल, सौर ऊर्जा भंडारण प्रणाली, सौर ऊर्जा संयंत्र, और सौर ऊर्जा उत्पादन तकनीक मुख्य हैं। सौर पैनल के क्षेत्र में मॉनोक्रिस्टलाइन सिलिकॉन, पॉलीक्रिस्टलाइन सिलिकॉन, और थिन फिल्म सौर पैनल जैसी नई प्रौद्योगिकियों का उपयोग हो रहा है। सौर ऊर्जा भंडारण प्र"
82,इंटरनेट ऑफ़ थिंग्स (IoT) और स्मार्ट सिटी,"आधुनिक तकनीक के क्षेत्र में एक महत्वपूर्ण और रोचक विषय है 'इंटरनेट ऑफ़ थिंग्स' (IoT)। IoT का मतलब है विभिन्न उपकरण और डिवाइसेज़ जैसे सेंसर, स्मार्टफोन, व्यक्तिगत डिवाइसेज़ आदि को इंटरनेट के माध्यम से जोड़ना या कनेक्ट करना। इसका उद्देश्य है अधिक संगठित, सुरक्षित और सहज तरीके से जानकारी साझा करना और उपकरणों को आपस में बातचीत करने की क्षमता प्रदान करना।

इसके साथ ही, IoT की एक अन्य महत्वपूर्ण अनुप्रयोगनी क्षेत्र है 'स्मार्ट सिटी'। स्मार्ट सिटी एक ऐसी नगरी है जिसमें IoT तकनीक का प्रयोग सुरक्षित और सुगमता से होता है। य"
83,ब्लॉकचेन प्रौद्योगिकी का भविष्य,"ब्लॉकचेन प्रौद्योगिकी एक उन्नत तकनीक है जो रिकॉर्ड को सुरक्षित, सत्यापित और ट्रांसपैरेंट ढंग से संग्रहित करने में मदद करती है। यह तकनीक एक डिस्ट्रीब्यूटेड डेटाबेस पर आधारित है जिसमें डेटा ब्लॉक के रूप में स्टोर किया जाता है और प्रत्येक ब्लॉक का हैश को पिछले ब्लॉक के हैश से जोड़कर शामिल किया जाता है। इस प्रक्रिया से डेटा को हैक करना अधिक मुश्किल हो जाता है।

ब्लॉकचेन प्रौद्योगिकी का भविष्य बहुत उज्जवल है। यह विभिन्न क्षेत्रों में उपयोग किया जा रहा है, जैसे वित्तीय सेवाएं, स्वास्थ्य सेवाएं, सरकारी व"
84,वर्चुअल रियलिटी में नवीनतम रुझान,"वर्चुअल रियलिटी (Virtual Reality) एक तकनीक है जिसे इस्तेमाल करके व्यक्ति किसी अलग और वास्तविकता से अलग मायाजाल में चला जाता है। वर्चुअल रियलिटी से उपयोगकर्ता वास्तविक वातावरण से अलग होकर एक नए दुनिया में खो जाता है। वर्चुअल रियलिटी का इस्तेमाल विभिन्न क्षेत्रों में किया जा रहा है, जैसे मनोरंजन, शिक्षा, चिकित्सा और व्यावसायिक क्षेत्र।

नवीनतम रुझानों में सबसे महत्वपूर्ण विषयों में से एक है वर्चुअल रियलिटी की गहराई और अनुभव का मामूला बेहतरीन होना। नए तकनीकी नवाचारों के कारण, वर्चुअल रियलिटी के अनुभव में वृ"
85,जलवायु परिवर्तन के खिलाफ नई तकनीकें,"जलवायु परिवर्तन को रोकने के लिए नई तकनीकें विकसित की जा रही हैं। इन तकनीकों में से कुछ मुख्य हैं:

1. कार्बन संवर्धन: कार्बन संवर्धन तकनीकें उस कार्बन को बुनकर रखने की क्षमता विकसित करती हैं जो वायुमंडल को हानि पहुंचाने वाले ऊर्जा उत्पादकों से अस्वीकार करती है।

2. ऊर्जा संवर्धन: नई ऊर्जा संवर्धन तकनीकें जैसे सौर ऊर्जा, पवन ऊर्जा और जल ऊर्जा जलवायु परिवर्तन को कम करने में मदद करती हैं।

3. वृक्षारोपण: वृक्षारोपण जलवायु परिवर्तन के लिए महत्वपूर्ण है क्योंकि पेड़ों ने कार्बन डाइऑक्साइड को वायुमंडल से हटाने में म"
86,डिजिटल मुद्राओं की सुरक्षा चुनौतियाँ,"आजकल डिजिटल मुद्राएँ एक बड़ा चरण हैं जो लोगों को अपने वित्तीय संबंध को सुविधाजनक बनाने में मदद कर रही हैं। इसके साथ ही, डिजिटल मुद्राओं के उपयोग से आत्मविश्वास और सुरक्षा की समस्याएँ भी उत्पन्न हो रही हैं। डिजिटल मुद्राओं की सुरक्षा चुनौतियाँ निम्नलिखित हैं:

1. ऑनलाइन धोखाधड़ी: ऑनलाइन लेन-देन के दौरान धोखाधड़ी की संभावना होती है जिससे आपके धन की सुरक्षा को खतरा हो सकता है।

2. फिशिंग: फिशिंग एक तकनीक है जिसमें आपको धोखा देकर आपकी व्यक्तिगत जानकारी चोरी की जा सकती है और इससे आपके डिजिटल मुद्राओं की"
87,सौर ऊर्जा के नवीनतम विकास,"सौर ऊर्जा एक साफ और अनगिनत स्रोत है जो हमें समुद्री तथा प्राकृतिक वातावरण की ओर देखने के लिए मजबूर कर रही है। इसके उत्कृष्ट परिणामों के कारण सौर ऊर्जा के विकास में तेजी से वृद्धि हुई है।

नवीनतम सौर ऊर्जा विकास में उच्च प्रदर्शन सौर सेल, सौर ऊर्जा निर्माण, सौर ऊर्जा भंडारण, सौर ऊर्जा उपयोग और सौर ऊर्जा संवर्धन जैसे क्षेत्रों में विशेषज्ञता हुई है। सौर ऊर्जा सेलों की तकनीकी वृद्धि ने बेहतर संवेदनशीलता और अधिक संग्रहीत ऊर्जा का उत्पादन किया है। सौर ऊर्जा निर्माण क्षेत्र में नवीनतम उपकरणों का उपयोग"
88,डिजिटल मुद्राओं की सुरक्षा चुनौतियाँ,"डिजिटल मुद्राएं आजकल व्यापार, लेन-देन और निवेश के लिए एक लोकप्रिय विकल्प हैं, लेकिन इनकी सुरक्षा से जुड़ी चुनौतियों को नजरअंदाज नहीं किया जा सकता। डिजिटल मुद्राओं की सुरक्षा का महत्व बढ़ गया है क्योंकि इनके उपयोग से चोरी और धोखाधड़ी का जोखिम भी बढ़ गया है।

पहली चुनौती है सुरक्षित प्लेटफॉर्म की गारंटी। डिजिटल मुद्राएं ऑनलाइन प्लेटफॉर्म्स के माध्यम से व्यवस्थित होती हैं और उन्हें हैक करने का खतरा होता है। इसलिए, प्लेटफॉर्म की सुरक्षा को बनाए रखना जरूरी है।

दूसरी चुनौती है उपयोगकर्ताओं की स"
89,क्वांटम कंप्यूटिंग की व्यावहारिक अनुप्रयोग,"क्वांटम कंप्यूटिंग एक उभयी तकनीक है जिसमें क्वांटम बिट यानी क्यूबिट का उपयोग होता है। क्वांटम कंप्यूटर क्वांटम अवस्था का उपयोग करते हैं जो क्लासिकल कंप्यूटर के बारे में नहीं होती है। क्वांटम कंप्यूटिंग की विशेषता यह है कि यह क्लासिकल कंप्यूटिंग की तुलना में पूर्णत: अलग है।

क्वांटम कंप्यूटिंग का एक महत्वपूर्ण उदाहरण शोर के एल्गोरिदम पर आधारित है। यह एल्गोरिदम द्वारा एक संख्या के गुणनखंड का खोज किया जा सकता है जिससे क्लासिकल कंप्यूटिंग से बहुत अधिक समय लगेगा।

क्वांटम कंप्यूटिंग के"
90,इंटरनेट ऑफ़ थिंग्स (IoT) और स्मार्ट सिटी,"इंटरनेट ऑफ़ थिंग्स (IoT) और स्मार्ट सिटी के एकीकरण से जुड़े हुए हमारे जीवन में क्रांतिकारी बदलाव आए हैं। IoT तकनीक ने हमें अपने घरों, ऑफिसों, और शहरों को संभालने के नए तरीके दिए हैं। स्मार्ट सिटी को बनाने के लिए विभिन्न डिवाइस और सेंसर्स को एक साथ जोड़ा जाता है ताकि शहर की सेवाएँ और संरचना अधिक सुविधाजनक और सुरक्षित हो सकें। 

स्मार्ट सिटी में IoT का उपयोग जल, बिजली, सुरक्षा, परिवहन, और अन्य क्षेत्रों में किया जाता है। उदाहरण के लिए, स्मार्ट मीटरिंग की मदद से ऊर्जा बचाई जा सकती है और ट्रैफिक मैनेजमेंट सिस्टम द्व"
91,सतत विकास की नई रणनीतियाँ,"विज्ञान और प्रौद्योगिकी के क्षेत्र में सतत विकास की नई रणनीतियाँ बदलते समय के साथ आवश्यक होती हैं। नवाचारों की गति में वृद्धि और विकास के लिए नई रणनीतियों की आवश्यकता है। यहां कुछ मुख्य रणनीतियाँ हैं जो सतत विकास को प्रोत्साहित करने में मदद कर सकती हैं:

1. अनुसंधान और विकास में निवेश: वैज्ञानिक अनुसंधान और प्रौद्योगिकी में निवेश करना अत्यंत महत्वपूर्ण है। सरकारों, शोध संस्थानों और निजी कंपनियों को अधिक धन और संसाधन प्रदान करने की आवश्यकता है।

2. उद्यमिता को प्रोत्साहित करना: उद्यमिता को संवर्धित करने के"
92,जलवायु परिवर्तन के खिलाफ नई तकनीकें,"जलवायु परिवर्तन एक गंभीर मुद्दा है जिसका सामना हम सभी कर रहे हैं। इस समस्या का सामना करने के लिए हमें पर्यावरण के प्रति सचेतन होने के साथ-साथ नई तकनीकों का भी उपयोग करना होगा। नई तकनीकें जलवायु परिवर्तन के खिलाफ लड़ने में महत्वपूर्ण भूमिका निभा सकती हैं।

एक तकनीक है वायुमंडलीय कार्बन धारक (Carbon Capture)। इस तकनीक में वायुमंडलीय कार्बन धारक मशीनें कार्बन डाइऑक्साइड को वायुमंडलीय दाब के साथ कैद कर लेती हैं और इसे आगे बढ़ने से रोकती हैं। यह तकनीक कार्बन भंडारण और उपयोग के लिए संभावनाएं खोलती है जिससे जलवायु प"
93,ड्रोन प्रौद्योगिकी के नए उपयोग,"ड्रोन प्रौद्योगिकी ने विभिन्न क्षेत्रों में नए और रोचक उपयोग का दरवाजा खोला है। इस तकनीक का उपयोग विमानताल परिवहन से लेकर सुरक्षा, जलवायु विज्ञान, कृषि, स्वास्थ्य और औद्योगिक क्षेत्र तक कई अन्य क्षेत्रों में किया जा रहा है।

ड्रोन को सुरक्षा क्षेत्र में अहम भूमिका देने के लिए उपयोग किया जा रहा है। विभाजन या आपातकालीन स्थितियों में सुरक्षा एजेंसियों द्वारा ड्रोन का उपयोग किया जा रहा है। वे अद्वितीय दृष्टिकोण से स्थितियों का मॉनिटरिंग करने और जानकारी जुटाने में मदद करते हैं।

ड्रोन विज्ञान और कृषि क्ष"
96,इलेक्ट्रिक वाहनों की भविष्य की संभावनाएँ,"वर्तमान में जलवायु परिवर्तन और प्रदूषण की समस्याएं ध्यान में रखते हुए, इलेक्ट्रिक वाहनों का उपयोग बढ़ रहा है और भविष्य में इसका उपयोग और भी बढ़ने की संभावना है। इलेक्ट्रिक वाहनों के उपयोग से कार्बन उत्सर्जन कम होता है, जिससे वायु प्रदूषण कम होता है और आसपासी हवा की गुणवत्ता बेहतर होती है।

इलेक्ट्रिक वाहनों की बैटरी तकनीक की सुधारणाओं के साथ-साथ इनकी कीमत भी कम हो रही है, जिससे ये वाहन सामान्य लोगों के लिए भी अधिक उपयोगी हो रहे हैं। सरकारें भी इलेक्ट्रिक वाहनों को प्रोत्साहित करने के लिए नीतियाँ बना रह"
97,प्लास्टिक प्रदूषण कम करने की नई विधियाँ,"प्लास्टिक प्रदूषण एक बड़ी समस्या है जिससे पूरा विश्व जूझ रहा है। प्लास्टिक एक अच्छी चीज होने के नाते भी उसका अधिक उपयोग करने से हमारे पर्यावरण को नुकसान पहुंचता है। इस समस्या को हल करने के लिए कई नई तकनीकी विधियाँ विकसित की गई हैं।

पहली विधि है प्लास्टिक की पुन: संयोजन (Recycling)। प्लास्टिक को फिर से संयोजित करके नए उत्पाद बनाना एक अच्छा तरीका है। इससे प्लास्टिक का उपयोग कम होता है और पर्यावरण को भी नुकसान नहीं पहुंचता।

दूसरी तकनीक है प्लास्टिक की विकल्प सामग्रियों का उपयोग करना। इसमें बायोडिग्रेडेबल प्ल"
94,रोबोटिक्स का विकास और उसके अनुप्रयोग,"रोबोटिक्स एक तकनीकी क्षेत्र है जिसमें रोबोट या स्वचालित मशीनों का विकास और उनके उपयोग का अध्ययन किया जाता है। यह एक ऐसा क्षेत्र है जो भविष्य में हमारे जीवन को बदलने की संभावनाएं लेकर आ रहा है।

रोबोटिक्स का विकास तेजी से बढ़ रहा है और इसके अनेक उपयोग हैं। प्रथम उपयोग तो यह है कि रोबोट्स हमें कई कठिनाईयों से निपटने में मदद कर सकते हैं। उदाहरण के लिए, रोबोट्स विभिन्न उद्योगों में काम कर सकते हैं और वहाँ मानव कामगारों की जानकारी और मेहनत को कम कर सकते हैं।

दूसरा उपयोग है रोबोटिक्स का शिक्ष"
98,डिजिटल मुद्राओं की सुरक्षा चुनौतियाँ,"आजकल डिजिटल मुद्राएं बढ़ती हुई तकनीकी उन्नति का एक परिणाम हैं जो हमारे जीवन को सुविधाजनक बनाते हैं। हालांकि, इसमें कई सुरक्षा चुनौतियाँ भी हैं जिन्हें ध्यान में रखना जरूरी है।

पहली चुनौती है ऑनलाइन धोखाधड़ी। डिजिटल मुद्राओं का उपयोग करते समय धोखाधड़ी की आशंका हमें सदैव रहनी चाहिए। फिशिंग, फ्रॉड, मैलवेयर आदि तकनीकियों का उपयोग करके ऑनलाइन धोखाधड़ी किया जा सकता है।

दूसरी चुनौती है गुप्त सूचना की सुरक्षा। डिजिटल मुद्राओं का उपयोग करते समय गुप्त सूचना जैसे पासवर्ड, पिन, आदि को सुर"
95,क्वांटम कंप्यूटिंग की व्यावहारिक अनुप्रयोग,"क्वांटम कंप्यूटिंग एक उभय प्रकार की तकनीक है जो क्लासिकल कंप्यूटिंग के साथ तुलना में सुपरियर गणना क्षमता प्रदान करती है। यह विशेष तरह के क्यूबिट्स का उपयोग करती है जिनका स्थिति समय के साथ बदल सकता है और जो क्लासिकल बिट्स की तुलना में अनगिनत अवसरों को समायोजित करने में सक्षम हैं।

क्वांटम कंप्यूटिंग के कई व्यावहारिक अनुप्रयोग हैं, जो विभिन्न क्षेत्रों में उपयोग किए जा रहे हैं। एक सामान्य क्वांटम कंप्यूटिंग का उपयोग डेटा एनालिटिक्स, मशीन लर्निंग, और डेटा क्रिप्शन में हो सकता है। क्वांटम कंप्यूटिंग की गणन"
99,रोबोटिक्स का विकास और उसके अनुप्रयोग,"रोबोटिक्स एक ऐसी तकनीक है जिसमें रोबोटों का निर्माण, उनके डिज़ाइन, विकास और उपयोग किया जाता है। यह एक अद्वितीय क्षेत्र है जिसमें कंप्यूटर विज्ञान, यांत्रिकी, इलेक्ट्रॉनिक्स, और नानोटेक्नोलॉजी जैसी विभिन्न तकनीकों का समन्वय होता है। रोबोटिक्स का उद्देश्य मानव कार्यों को सुगम और सुरक्षित बनाना है।

रोबोटिक्स के विकास से हमारे जीवन के कई क्षेत्रों में सुधार हुआ है। उदाहरण के लिए, आजकल विभिन्न औद्योगिक क्षेत्रों में रोबोट्स का उपयोग हो रहा है, जैसे कि ऑटोमेशन, संचार, और स्वास्थ्य सेवाएं। रो"
100,सतत विकास की नई रणनीतियाँ,"सतत विकास एक संवृद्धि का मार्ग है जिसमें समाज और अर्थव्यवस्था को सुदृढ़ और सुस्थिर बनाने का प्रयास किया जाता है। इसके लिए नई रणनीतियों की आवश्यकता होती है जो सुरक्षित, सशक्त और सामर्थ्यवर्धक हों।

पहली रणनीति है डिजिटलीकरण की बढ़ती मात्रा। डिजिटल युग में तकनीकी उन्नति का उचित उपयोग करके लोगों को संबोधित करना महत्वपूर्ण है। इससे न केवल उनका जीवन सरल होता है, बल्कि उन्हें अधिक संभावनाएं भी मिलती हैं।

दूसरी रणनीति है वैश्विकीकरण का समर्थन करना। व्यापार, विज्ञान, साझेदारी और विदेशी निवेश में व"
101,जलवायु परिवर्तन के खिलाफ नई तकनीकें,"जलवायु परिवर्तन एक बड़ी चुनौती है जिसका सामना हम सभी कर रहे हैं। इस समस्या का सामना करने के लिए नई तकनीकें विकसित की जा रही हैं।

पहली तकनीक है ऊर्जा संयंत्रों का परिवर्तन। वर्षों से विकसित ऊर्जा स्रोतों के स्थान पर नवाचारी सौर और वायु ऊर्जा पर ध्यान केंद्रित किया जा रहा है। इन स्रोतों से ऊर्जा उत्पादित करने से वायु प्रदूषण कम होगा और साथ ही संगठित रूप से ऊर्जा प्राप्त करने में मदद मिलेगी।

दूसरी तकनीक है सड़क परिवहन के लिए बिजली और बायोफ्यूल पर आधारित वाहनों का विकसित करना। इन वाहनों से निकाले जाने वाले उत्सर्जित"
102,ड्रोन प्रौद्योगिकी के नए उपयोग,"ड्रोन प्रौद्योगिकी वर्तमान समय में तकनीकी उन्नति का एक महत्वपूर्ण साधन बन गई है जिसका उपयोग विभिन्न क्षेत्रों में किया जा रहा है। इसके नए और अनोखे उपयोगों में से कुछ निम्नलिखित हैं:

1. ड्रोन्स का उपयोग विविध इंडस्ट्रीज में निगरानी और सुरक्षा के लिए किया जा रहा है। उदाहरण के लिए, विमानन उड़ान और रेलवे सुरक्षा के लिए ड्रोन्स का उपयोग किया जा रहा है।

2. कृषि क्षेत्र में ड्रोन्स का उपयोग फसलों की मॉनिटरिंग, प्रक्षेपण और बीमारियों की निगरानी के लिए किया जा रहा है। इससे कृषि उत्पादन में सुधार हो रहा है।

3."
103,कृत्रिम बुद्धिमत्ता का उपयोग साइबर सुरक्षा में,"कृत्रिम बुद्धिमत्ता (Artificial Intelligence) एक ऐसी तकनीक है जो मानव बुद्धि को मॉडल करती है ताकि कंप्यूटर या मशीन मानव जैसे निर्णय ले सके। आजकल साइबर सुरक्षा में भी कृत्रिम बुद्धिमत्ता का उपयोग किया जा रहा है ताकि सुरक्षित और सुरक्षा को मजबूत बनाने में मदद मिल सके।

कृत्रिम बुद्धिमत्ता की सहायता से सुरक्षा एक्सपर्ट्स कंप्यूटर सिस्टम को सिखा सकते हैं कि क्या एक संभावित हमले की पहचान करने के लिए कौन-कौन से संकेत होते हैं। इससे सुरक्षा विशेषज्ञ अधिक तेजी से और अधिक सहयोगी ढंग से हमलों को रोक सकते हैं।

कृत्रिम बुद्धिमत्ता का उपयो"
104,कृत्रिम बुद्धिमत्ता का उपयोग साइबर सुरक्षा में,"कृत्रिम बुद्धिमत्ता या आर्टिफिशियल इंटेलिजेंस (AI) एक तकनीक है जिसे बड़े डेटा सेट और एल्गोरिदम का उपयोग करके मानव बुद्धि के कार्यों को मॉडल करने के लिए डिज़ाइन किया गया है। इसका उपयोग साइबर सुरक्षा में सुरक्षा उत्पादन और सुरक्षा समस्याओं को हल करने के लिए किया जा सकता है।

कृत्रिम बुद्धिमत्ता का उपयोग साइबर सुरक्षा में कई तरह से किया जा सकता है। पहले, एआई सिस्टम वास्तविक समय में त्रुटियों को पहचानने और उन्हें ठीक करने में मदद कर सकता है। यह सुरक्षा घातकों के खिलाफ एक प्राकृतिक रक्षा प्रणाली तैयार कर सकता है।

द"
106,सतत विकास की नई रणनीतियाँ,"सतत विकास की नई रणनीतियाँ आज के समय में व्यापक रूप से मान्यता प्राप्त कर रही हैं। इन नई रणनीतियों का उद्देश्य विकास को सुदृढ़ और स्थायी बनाना है, ताकि समाज में समृद्धि और समानता की स्थिति प्राप्त हो सके। यहां कुछ मुख्य नई रणनीतियाँ हैं:

1. समृद्धि केंद्रित प्राधान्य: इस रणनीति के अनुसार, समृद्धि को मानव संसाधनों की समृद्धि के रूप में देखा जाता है। समृद्धि का मानव केंद्रित दृष्टिकोण समाज में समानता और समृद्धि की सबसे बेहतर रणनीति मानी जाती है।

2. उदार और पुनर्निर्मित संबंध: इस रणनीति के तहत, समाज में संबं"
105,वन्यजीव संरक्षण में तकनीक का उपयोग,"वन्यजीव संरक्षण एक महत्वपूर्ण मुद्दा है जिसमें तकनीकी उपाय एक महत्वपूर्ण भूमिका निभाते हैं। वन्यजीव संरक्षण का मुख्य उद्देश्य वन्यजीवों की संरक्षण और उनकी प्रजातियों को सुरक्षित रखना है। तकनीकी उपाय इस लक्ष्य को प्राप्त करने में महत्वपूर्ण भूमिका निभाते हैं।

तकनीकी उपाय जैसे जैविक संग्रहण, रेडियो कॉलर्स, डीएनए की जांच, गेटवे डिवाइसेस, ड्रोन्स आदि के उपयोग से वन्यजीव संरक्षण क्रियान्वयन को सुदृढ़ और प्रभावी बनाता है। जैविक संग्रहण वन्यजीवों की गतिविधियों को मापने में मदद करता है और उ"
107,सतत विकास की नई रणनीतियाँ,"आज की तकनीकी युग में, सतत विकास की नई रणनीतियाँ बहुत महत्वपूर्ण हैं। पहले के मुकाबले, आज के विकास में तेजी और प्रभावकारीता की आवश्यकता है। इसके लिए कुछ नई रणनीतियाँ अपनाई जा रही हैं।

पहली रणनीति है एजाइलिटी, यानी त्वरित और पुनरावृत्ति युक्त संवाद। एजाइलिटी के माध्यम से, विकास कार्यों को आसानी से समझा जा सकता है, गलतियों का सुधार किया जा सकता है और उपयुक्त समाधान तेजी से ढूंढा जा सकता है।

दूसरी रणनीति है डिजाइन सोचना, जिसमें उपयोगकर्ताओं की आवश्यकताओं और अनुभवों को महत्व दिया जाता है। डिजाइन स"
109,सतत विकास की नई रणनीतियाँ,"सतत विकास एक ऐसी प्रक्रिया है जिसमें प्रौद्योगिकी और नवाचार का महत्वपूर्ण योगदान है। विज्ञान और प्रौद्योगिकी के तेजी से बदलते संकेतों के साथ, नई रणनीतियाँ आवश्यक हो गई हैं ताकि समृद्धि की दिशा में हमारा प्रयास सुनिश्चित हो सके।

पहली रणनीति है नवाचार को प्रोत्साहित करना। नए विचारों और तकनीकों को प्रोत्साहित करने से अच्छे नतीजे मिल सकते हैं। इसके लिए सरकारें, उद्यमिता और शिक्षा तंत्र एक साथ काम करने की आवश्यकता है।

दूसरी रणनीति है नई तकनीकों का संवर्धन करना। तकनीकी उन्नति को बढ़ावा देने से हम समस्याओं का स"
111,सौर ऊर्जा के नवीनतम विकास,"सौर ऊर्जा एक प्राकृतिक ऊर्जा स्रोत है जो अनगिनत विकल्पों के साथ हमें लाभ पहुंचाने में सक्षम है। इसका उपयोग विद्युत ऊर्जा उत्पादन में, गर्मी और शीतलन के उपकरणों में और जल संचयन के उद्देश्यों में किया जा सकता है। विश्व भर में सौर ऊर्जा के विकास को बढ़ावा देने के लिए नवीनतम तकनीकी उन्नति और नए अनुसंधान किए जा रहे हैं।

सौर ऊर्जा के नवीनतम विकास में सौर पैनल, सौर ऊर्जा संयंत्र, और सौर सेल्स के क्षेत्र में अभूतपूर्व प्रौद्योगिकी का उपयोग किया जा रहा है। नए प्रौद्योगिकी और अनुसंधान से, सौर ऊर्जा की सामर्थ्य"
110,ब्लॉकचेन प्रौद्योगिकी का भविष्य,"ब्लॉकचेन प्रौद्योगिकी एक उभरती हुई और विश्वसनीय तकनीक है, जिसने विभिन्न क्षेत्रों में क्रांति ला दी है। इसका भविष्य बहुत उज्जवल और व्यापक है।

पहले बात करें, ब्लॉकचेन प्रौद्योगिकी वित्तीय सेवाओं, स्वास्थ्य सेवाओं, लॉजिस्टिक्स, स्मार्ट कंट्रैक्ट्स, इम्यूटेबल डेटा, साइबर सुरक्षा, चेन सप्लाई चेन मैनेजमेंट और और भी कई क्षेत्रों में उपयोग किया जा रहा है। आने वाले समय में इसका उपयोग और भी बढ़ने वाला है।

ब्लॉकचेन तकनीक की सुरक्षा और ट्रांसपेरेंसी के कारण यह विभिन्न सरकारी विभागों और विभिन्न उद"
108,क्वांटम कंप्यूटिंग की व्यावहारिक अनुप्रयोग,"क्वांटम कंप्यूटिंग एक उच्च-स्तरीय तकनीक है जो क्वांटम मैकेनिक्स के सिद्धांतों पर आधारित है और जिसका उद्देश्य विशेष रूप से व्यावहारिक कार्यों को सुलझाना है। इसका उद्देश्य है संभावनाओं की गिनती करने के लिए संभावित सभी स्थितियों के साथ सुगमता से काम करना।

क्वांटम कंप्यूटिंग के व्यावहारिक अनुप्रयोगों में कई क्षेत्र शामिल हैं, जैसे कि रसायन विज्ञान, दृश्य संशोधन, और बिग डेटा विश्लेषण। इन क्षेत्रों में क्वांटम कंप्यूटिंग का उपयोग संभावनाओं की गिनती, मॉडलिंग और विश्लेषण के लिए किया जा सकता है।

एक उद"
112,डिजिटल मुद्राओं की सुरक्षा चुनौतियाँ,"आजकल डिजिटल मुद्राएं बहुत ही प्रमुख हैं और लोग इन्हें अपनी लेन-देन में प्रयोग कर रहे हैं। हालांकि, इसके साथ ही डिजिटल मुद्राओं की सुरक्षा भी एक बड़ी चुनौती है। इन सुरक्षा चुनौतियों को समझना और उनसे बचाव की अच्छी तरह से सूचना रखना महत्वपूर्ण है।

पहली चुनौती है ऑनलाइन धोखाधड़ी। डिजिटल मुद्राओं का उपयोग करते समय लोगों को अपनी निजी जानकारी को सुरक्षित रखना चाहिए। अकाउंट डिटेल्स, पासवर्ड्स और पिन को किसी के साथ शेयर न करें।

दूसरी चुनौती है वायरस और मैलवेयर से सुरक्षा। कंप्यूटर और मोबाइल डिवाइस में"
115,इंटरनेट ऑफ़ थिंग्स (IoT) और स्मार्ट सिटी,"आजकल इंटरनेट ऑफ़ थिंग्स (IoT) की तकनीक बहुत तेजी से विकसित हो रही है और इसका उपयोग स्मार्ट सिटी के विकास में किया जा रहा है। स्मार्ट सिटी एक ऐसी शहरी क्षेत्र है जहां विभिन्न तकनीकी उपकरण और सेंसर्स का उपयोग करके जनसंख्या के जीवन को बेहतर बनाने के लिए शहरी सुविधाओं को संचालित करने का उद्देश्य होता है।

IoT के माध्यम से स्मार्ट सिटी में विभिन्न उपकरण और सुविधाएं संचालित होती हैं। उदाहरण के लिए, स्मार्ट पार्किंग सिस्टम के माध्यम से लोगों को खाली पार्किंग स्थल की जानकारी मिलती है और उन्हें अवसर मिलता है अपनी गाड़ी पार्क क"
113,वन्यजीव संरक्षण में तकनीक का उपयोग,"वन्यजीव संरक्षण में तकनीक का महत्वपूर्ण योगदान है। वन्यजीव संरक्षण का मुख्य उद्देश्य वन्यजीवों की सुरक्षा और उनके निवास स्थलों का संरक्षण करना है। तकनीकी उपकरण और तकनीकों का उपयोग इस क्षेत्र में कई तरीकों से किया जा सकता है।

पहले तो, तकनीकी उपकरण जैसे कैमरे, रेडियो कलर्लर्स, जीप, ड्रोन आदि का उपयोग जंगली जीवों की गिनती और उनकी चाल का अध्ययन करने में किया जा सकता है। इससे वन्यजीवों की स्थिति का निरीक्षण किया जा सकता है और उनकी रक्षा के लिए उपयुक्त कदम उठाए जा सकते हैं।

दूसरे, तकनीकी उपकरण जै"
114,क्वांटम कंप्यूटिंग की व्यावहारिक अनुप्रयोग,"क्वांटम कंप्यूटिंग एक उभयमार्गी प्रौद्योगिकी है जिसमें क्वांटम बिट की उपयोगिता के सिलसिले में कंप्यूटर जानकारी को प्रसंस्करण करते हैं। यह तकनीक विद्युत और अणु मेकेनिक्स के सिद्धांतों पर आधारित है और इसका मुख्य लक्ष्य विशेष तरह के विशेष गणना टास्क्स को तेजी से पूरा करना है जिसे क्लासिकल कंप्यूटिंग से नहीं किया जा सकता।

क्वांटम कंप्यूटिंग के व्यावहारिक उपयोग कई क्षेत्रों में देखे गए हैं। इसमें सबसे प्रमुख भूमिका कंप्यूटर सुरक्षा में है, जहां अक्षमता प्रणाली को इस्तेमाल किया जा सकता है ताकि गोपनीय जानक"
116,इंटरनेट ऑफ़ थिंग्स (IoT) और स्मार्ट सिटी,"आज की दुनिया में तकनीकी विकास के क्षेत्र में एक नया क्रांति आया है जिसे 'इंटरनेट ऑफ़ थिंग्स' (IoT) कहा जाता है। IoT एक ऐसी तकनीक है जिसमें विभिन्न डिवाइस और सेंसर इंटरनेट के माध्यम से एक-दूसरे से संचार कर सकते हैं। यह तकनीक न केवल जीवन को सुविधाजनक बनाती है, बल्कि स्मार्ट सिटी योजनाओं के लिए भी महत्वपूर्ण है।

स्मार्ट सिटी एक ऐसी शहर योजना है जिसमें IoT की मदद से शहर के विभिन्न क्षेत्रों को संगठित और सुरक्षित बनाया जा सकता है। इसमें ऊर्जा प्रबंधन, ट्रांसपोर्ट सिस्टम, जल संसाधन प्रबंधन, सुरक्षा, स्वच्छता आदि शामिल होते"
117,इंटरनेट ऑफ़ थिंग्स (IoT) और स्मार्ट सिटी,"आजकल इंटरनेट ऑफ़ थिंग्स (IoT) और स्मार्ट सिटी के बीच गहरा संबंध है। IoT एक तकनीकी योजना है जिसमें विभिन्न डिवाइस जैसे सेंसर, कैमरा, एक्ट्युएटर, और कनेक्टेड डिवाइस इंटरनेट के माध्यम से आपस में जुड़े होते हैं। ये डिवाइस डेटा को संग्रहित करते हैं और उसे व्याख्या करने के लिए इंटरनेट के माध्यम से सर्वर को भेजते हैं। 

इसके साथ ही, स्मार्ट सिटी एक ऐसी विज्ञान योजना है जिसमें इंटरनेट के सहायक सिस्टम का उपयोग करके शहरों को सुरक्षित, सुगम, और सामर्थ्यवान बनाया जाता है। यह शहरों को ठिकाने और प्रदान करने के लिए इंटरनेट की स"
118,इलेक्ट्रिक वाहनों की भविष्य की संभावनाएँ,"इलेक्ट्रिक वाहनों की भविष्य के बारे में बात करते हुए, यह स्पष्ट है कि ये वाहन आने वाले समय में हमारे जीवन का महत्वपूर्ण हिस्सा बनेंगे। इसके पीछे कई कारण हैं, जिनमें पर्यावरण के प्रति जागरूकता, ऊर्जा संसाधनों की गिरती मांग और तकनीकी विकास की दिशा मुख्य है।

इलेक्ट्रिक वाहनों की मुख्य भविष्य संभावनाएं निम्नलिखित हैं:

1. नए और बेहतर तकनीक: इलेक्ट्रिक वाहनों की तकनीक में नए और बेहतर उन्नतियों की संभावना है, जो उनकी दक्षता, चालन सुविधाएं और सुरक्षा को बढ़ा सकती है।

2. सस्ताई और सुरक्षितता: बढ़ती तकनीकी विकास के कार"
119,प्लास्टिक प्रदूषण कम करने की नई विधियाँ,"प्लास्टिक प्रदूषण एक महत्वपूर्ण विषय है जिस पर हमें गंभीरता से सोचना चाहिए। प्लास्टिक की अधिक मात्रा में उपयोग के कारण पृथ्वी पर बड़ी समस्याएं उत्पन्न हो रही हैं। इस समस्या को हल करने के लिए कुछ नई विधियाँ विकसित की गई हैं।

पहली विधि है प्लास्टिक की पुनर्चक्रण प्रक्रिया। इस प्रक्रिया में प्लास्टिक को फिर से पुनः उपयोग के लिए बनाया जाता है। इससे प्लास्टिक की मात्रा कम होती है और पर्यावरण को भी नुकसान कम होता है।

दूसरी विधि है बायो-प्लास्टिक का उपयोग करना। यह प्लास्टिक है जो पूरी तरह से उच्चायनीय होता है और प्राकृतिक"
120,सतत विकास की नई रणनीतियाँ,"सतत विकास की नई रणनीतियाँ

आधुनिक समय में तकनीकी उन्नति ने विश्व को बड़े परिवर्तनों का सामना करवाया है। विकास के क्षेत्र में नई रणनीतियाँ आयी हैं जो सतत विकास को संभावनाओं से भरपूर बनाने में महत्वपूर्ण भूमिका निभा रही हैं।

पहली रणनीति विकास के लिए डिजाइन सोचने की है। इसमें विकास के सभी पहलुओं को समझकर और उनकी आवश्यकताओं को ध्यान में रखकर उचित डिजाइन तैयार किया जाता है। उदाहरण के लिए, डिजाइन सोचने की रणनीति के अनुसार विकास के लिए नए शिक्षा मॉडल, स्वास्थ्य सेवाएं और अन्य क्षेत्रों में नवाचारिक समाधान"
121,क्वांटम कंप्यूटिंग की व्यावहारिक अनुप्रयोग,"क्वांटम कंप्यूटिंग एक नवाचारी तकनीक है जो कंप्यूटिंग क्षेत्र में एक बड़ा क्रांति ला सकती है। इस तकनीक का उपयोग परंपरागत कंप्यूटिंग से अलग है और इसमें क्वांटम मेकेनिक्स के सिद्धांतों का उपयोग किया जाता है। क्वांटम कंप्यूटर एक ऐसी मशीन है जो क्वांटम बिट्स या क्यूबिट्स का उपयोग करके डेटा को प्रोसेस करती है। इसके कारण इसे पारंपरिक कंप्यूटर से कई गुना तेज़ और अधिक शक्तिशाली माना जाता है।

क्वांटम कंप्यूटिंग के व्यावहारिक अनुप्रयोगों में शामिल हैं डेटा एनालिटिक्स, मशीन लर्निंग, न्यूरल नेटवर्क्स"
122,वन्यजीव संरक्षण में तकनीक का उपयोग,"वन्यजीव संरक्षण एक महत्वपूर्ण क्षेत्र है जिसका मुख्य उद्देश्य वन्यजीवों की संरक्षण एवं उनके जीवन स्थानों का संरक्षण करना है। तकनीक इस क्षेत्र में एक महत्वपूर्ण भूमिका निभाती है और वन्यजीव संरक्षण में कई तकनीकी उपाय किए जा रहे हैं।

पहले, तकनीक का उपयोग वन्यजीवों की निगरानी और गणना में किया जाता है। वन्यजीव संरक्षण के लिए सेंसर्स, कैमरे, जीप्सीज और ड्रोन्स का उपयोग किया जाता है जो वन्यजीवों की गतिविधियों को मापने में मदद करते हैं।

दूसरे, तकनीक का उपयोग वन्यजीवों के जीवन स्थानों का संरक्षण करन"
125,रोबोटिक्स का विकास और उसके अनुप्रयोग,"रोबोटिक्स एक विज्ञान शाखा है जो रोबोट तकनीक के अध्ययन और विकास के साथ-साथ उनके निर्माण, चलान, और उपयोग की जाँच करती है। इसका मुख्य उद्देश्य मानव श्रम की बचत और कार्यों को सुरक्षित और अनुकूल बनाना है। रोबोटिक्स का विकास विभिन्न क्षेत्रों में बड़ी सफलता प्राप्त कर चुका है, जैसे कि विनिर्माण, चिकित्सा, और विज्ञान।

रोबोटिक्स के उपयोग से मानव समाज को कई तरह की सुविधाएं मिल रही हैं। उदाहरण के लिए, औद्योगिक क्षेत्र में रोबोट सहायकों का उपयोग करके उत्पादन को तेजी से और अनुकूल बनाने में मदद मिल रही है।"
124,सौर ऊर्जा के नवीनतम विकास,"सौर ऊर्जा एक साफ, अविरल और सुरक्षित ऊर्जा स्रोत है जो हमारे प्राकृतिक वातावरण को बचाता है और साथ ही ऊर्जा के घातक उत्सर्जन को कम करता है। सौर ऊर्जा के विकास में तेजी से तकनीकी उन्नति हो रही है और नवीनतम तकनीकी नवाचार सौर ऊर्जा को एक अविश्वसनीय स्त्रोत बना रहे हैं।

उत्पादन में सौर ऊर्जा के विकास में सूर्य पैनल, सोलर सेल्स, सौर ऊर्जा तथा सोलर इन्वर्टर्स में नवीनतम तकनीकी योगदान है। नए और सुधारित सौर ऊर्जा प्रणालियों के उपयोग से ऊर्जा उत्पादन की दक्षता में वृद्धि हो रही है और इससे ऊर्जा उत्पादन की लागत कम हो रही ह"
126,ड्रोन प्रौद्योगिकी के नए उपयोग,"ड्रोन प्रौद्योगिकी ने समय के साथ अपना उपयोग बढ़ाती जा रही है और इसका उपयोग केवल विमान उड़ाने के लिए ही सीमित नहीं है। वर्तमान में ड्रोन विभिन्न क्षेत्रों में उपयोग किए जा रहे हैं, जैसे अविश्वसनीय तस्वीरें क्लिक करना, निरीक्षण, परिवहन, और भू-सर्वेक्षण।

सबसे पहले, ड्रोन ने फोटोग्राफी क्षेत्र में आधुनिकीकरण लाया है। उच्च गुणवत्ता वाली तस्वीरें और वीडियो बनाने के लिए ड्रोन का उपयोग किया जा रहा है, जो अविश्वसनीय दृश्यों को कैद करता है।

दूसरे, ड्रोन ने निरीक्षण क्षेत्र में भी क्रांति लाई है। उ"
123,डिजिटल मुद्राओं की सुरक्षा चुनौतियाँ,"आजकल डिजिटल मुद्राएं बढ़ती तकनीकी प्रगति के साथ बढ़ रही हैं। इसके साथ ही उनकी सुरक्षा भी एक बड़ी चुनौती बन गई है। डिजिटल मुद्राएं अक्सर ऑनलाइन व्यवसाय, शॉपिंग और भुगतान के लिए इस्तेमाल होती हैं, और इसमें खातों और व्यक्तिगत जानकारी की भी महत्वपूर्णता है।

डिजिटल मुद्राओं की सुरक्षा की चुनौतियों में साइबर क्रिमिनल्स, फिशिंग अटैक, मलवेयर, रैंसमवेयर, और डेटा चोरी जैसी घातक हमले शामिल हैं। इनके खिलाफ लोगों को सतर्क रहना और सुरक्षित इंटरनेट व्यवहार करना जरूरी है। 

डिजिटल मुद्राओं की सुरक्षा सुनिश्च"
127,जलवायु परिवर्तन के खिलाफ नई तकनीकें,"जलवायु परिवर्तन आजकल एक बड़ी चुनौती है और हमें इसका सामना करना होगा। नई तकनीकें इस मुद्दे को हल करने में मदद कर सकती हैं।

पहली तकनीक है ऊर्जा संसाधनों का उपयोग करना। सौर ऊर्जा, वायु ऊर्जा, जल ऊर्जा और भूकंप ऊर्जा जैसे प्राकृतिक स्रोतों से ऊर्जा उत्पादन को बढ़ावा देना चाहिए। इससे हम विद्युत ऊर्जा की आवश्यकताओं को पूरा कर सकते हैं और जलवायु परिवर्तन को कम कर सकते हैं।

दूसरी तकनीक है प्रदूषण नियंत्रण के लिए नई इनोवेशन्स। उचित प्रदूषण नियंत्रण तकनीकों का उपयोग करके हम वायु और जल प्रदूषण को कम कर सक"
128,डिजिटल मुद्राओं की सुरक्षा चुनौतियाँ,"आजकल डिजिटल मुद्राएँ बढ़ती हुई तकनीक का प्रतिनिधित्व कर रही हैं, लेकिन इसके साथ ही सुरक्षा चुनौतियाँ भी बढ़ गई हैं। डिजिटल मुद्राओं की सुरक्षा को लेकर विशेष गंभीरता और सतर्कता की आवश्यकता है। यहाँ कुछ मुख्य सुरक्षा चुनौतियाँ हैं:

1. ऑनलाइन धोखाधड़ी: डिजिटल मुद्राएँ ऑनलाइन तरीके से आसानी से हैक हो सकती हैं, इसलिए उपयोक्ताओं को अपनी प्राइवेट की जानकारी को सुरक्षित रखने के लिए सतर्क रहना चाहिए।

2. मालवेयर: कुछ वायरस और मालवेयर इंटरनेट से डिजिटल मुद्राओं को हैक करने के लिए डिज़ाइन किए गए हैं। उपयोक्ताओं को"
129,डिजिटल मुद्राओं की सुरक्षा चुनौतियाँ,"डिजिटल मुद्राएं आजकल बड़ी तेजी से विकसित हो रही हैं और लोग इन्हें बेहतर विकल्प मान रहे हैं। हालांकि, इन डिजिटल मुद्राओं की सुरक्षा एक बड़ी चुनौती है जिसका सामना करना पड़ रहा है।

एक बड़ी सुरक्षा चुनौती है हैकिंग का खतरा। डिजिटल मुद्राएं ऑनलाइन होती हैं, जिसका मतलब है कि उनको हैकर्स के लिए निशाना बनाना आसान हो जाता है। इसलिए, सुरक्षित प्लेटफॉर्म और तकनीक का उपयोग करना बहुत महत्वपूर्ण है। 

एक और चुनौती है फिशिंग और फ्रॉड के खतरे का। हैकर्स अक्सर फर्जी वेबसाइट्स और ईमेल के माध्यम से व्यक्तिगत जानक"
132,इलेक्ट्रिक वाहनों की भविष्य की संभावनाएँ,"इलेक्ट्रिक वाहनों का उपयोग ग्रीन और सस्ते उर्जा स्रोतों की ओर एक महत्वपूर्ण कदम है। आजकल जलवायु परिवर्तन के चलते लोग अधिक से अधिक इलेक्ट्रिक वाहनों का अनुधान कर रहे हैं। इलेक्ट्रिक वाहनों के उपयोग से प्रदूषण कम होगा और वायु प्रदूषण का स्तर भी घटेगा।

इलेक्ट्रिक वाहनों की भविष्य में कई संभावनाएं हैं। पहले, और अधिक उत्कृष्ट बैटरी प्रौद्योगिकी और तकनीक का विकास होने से वाहनों की चार्जिंग समय और उसकी चालक दूरी बढ़ेगी। यह वाहनों की उपयोगिता बढ़ाएगा और उनके लिए अधिक स्थायी विकल्प प्रदान करेगा"
131,वन्यजीव संरक्षण में तकनीक का उपयोग,"वन्यजीव संरक्षण में तकनीक का महत्वपूर्ण योगदान है। वन्यजीव संरक्षण एक प्रक्रिया है जिसमें वन्यजीवों की संरक्षा, उनके जीवनसत्ता की रक्षा और उनकी प्रजातियों की संरक्षा सहित सम्पूर्ण पर्यावरण की सुरक्षा की जाती है। तकनीक का उपयोग इस क्षेत्र में निम्नलिखित तरीकों से किया जा सकता है:

1. ट्रैकिंग और मॉनिटरिंग: तकनीक जैसे GPS को उपयोग करके वन्यजीवों का ट्रैकिंग और मॉनिटरिंग किया जा सकता है। इससे उनके स्थान, आवास, और आचरण की समझ में मदद मिलती है।

2. सतही जलवायु डेटा: तकनीक जैसे उपग्रह से प्राप्त किए गए सतही जलव"
130,वर्चुअल रियलिटी में नवीनतम रुझान,"वर्चुअल रियलिटी (Virtual Reality) एक तकनीकी उपकरण है जिसके माध्यम से व्यक्ति किसी अन्य मायावी या वास्तविक दुनिया में प्रवेश कर सकता है। यह तकनीक भविष्य के लिए एक महत्वपूर्ण रूप में बदलाव लाने वाली है और इसके साथ हर दिन नए रुझान आ रहे हैं।

वर्चुअल रियलिटी में नवीनतम रुझानों में से एक शीर्षक है फुल इमर्शन (Full Immersion)। यह तकनीक उपयोगकर्ताओं को वास्तविकता में अधिक विश्वास करने में मदद करती है जिससे उनका अनुभव अधिक उत्कृष्ट और जीवंत होता है। इसमें उपयोगकर्ताओं को तकनीकी उपकरणों के माध्यम से वास्तविक दुनिया में गहर"
133,इंटरनेट ऑफ़ थिंग्स (IoT) और स्मार्ट सिटी,"आधुनिक शहरों में स्मार्ट टेक्नोलॉजी का उपयोग बढ़ता जा रहा है जिससे नगरीय जीवन को सुगम और सुरक्षित बनाने में मदद मिल रही है। इंटरनेट ऑफ़ थिंग्स (IoT) इसमें महत्वपूर्ण भूमिका निभा रहा है। IoT तकनीक के जरिए सभी उपकरण और उपकरणों को इंटरनेट के माध्यम से जोड़ा जा सकता है जिससे उनकी संचार और डेटा साझा करने की क्षमता बढ़ जाती है। 

स्मार्ट सिटी में IoT का उपयोग कई क्षेत्रों में किया जा रहा है जैसे कि परिवहन, ऊर्जा, सुरक्षा, स्वच्छता आदि। उदाहरण के लिए, ट्राफिक मॉनिटरिंग के लिए स्मार्ट कैमरे, ऊर्जा बचत के लिए स"
134,सतत विकास की नई रणनीतियाँ,"सतत विकास एक नया पहलू है जो खुद को संगीत कर लिया है। इस पूरे क्षेत्र में, यह सोच को बदल दिया है कि विकास एक स्थिर प्रक्रिया है, जिसमें नए रणनीतियाँ और उपाय लागू किए जा रहे हैं। इस नए दौर में, सतत विकास की नई रणनीतियाँ विशेष रूप से उच्च तकनीकी युक्तियों पर आधारित हैं।

एक नई रणनीति है कि डिजिटली सक्षम और स्थायी समाधानों का उपयोग करके सरकारों और संगठनों को समस्याओं का समाधान ढूंढने में मदद करना। उदाहरण के लिए, ब्लॉकचेन तकनीक का उपयोग डेटा सुरक्षा और प्रबंधन में किया जा सकता है। इसके अलावा, एक और रणनी"
135,रोबोटिक्स का विकास और उसके अनुप्रयोग,"रोबोटिक्स एक तकनीकी क्षेत्र है जिसमें रोबोट निर्माण, डिज़ाइन और उनके उपयोग के विभिन्न पहलुओं का अध्ययन किया जाता है। इसका मुख्य उद्देश्य मानव श्रम को दक्षतापूर्वक स्थानांतरित करना है और टास्क को सुरक्षित और प्रभावी ढंग से पूरा करने में मदद करना है। रोबोटिक्स के विकास ने आधुनिक तकनीकी उत्पादों के विकास में महत्वपूर्ण योगदान दिया है और इसे व्यापक रूप से उद्योग, स्वास्थ्य देखभाल, और अन्य क्षेत्रों में उपयोग किया जा रहा है।

रोबोटिक्स के विकास में सेंसर्स, एक्ट्यूएटर्स, कम्प्यूटर विज्ञान और कृ"
136,वर्चुअल रियलिटी में नवीनतम रुझान,"वर्चुअल रियलिटी (Virtual Reality) एक तकनीक है जिसमें एक व्यक्ति को वास्तविकता के बजाय एक मानक में वास्तविक लगने वाली वातावरण में ले जाता है। यह तकनीक एक वर्चुअल रियलिटी हेडसेट के माध्यम से किया जाता है, जिसमें एक व्यक्ति के चश्मे के समान उपकरण होते हैं जो उसे एक वास्तविकता से भिन्न विश्व में ले जाते हैं। 

नवीनतम रुझान में, वर्चुअल रियलिटी के क्षेत्र में तेजी से विकास हो रहा है। इसमें अब तकनीकी सुधार हो रहे हैं जो पहले के मुकाबले उपयोगकर्ताओं को और अधिक वास्तविक अनुभव प्रदान करते हैं। उदाहरण के लिए, नवीनतम VR हेडसेट म"
137,जलवायु परिवर्तन के खिलाफ नई तकनीकें,"जलवायु परिवर्तन एक बड़ी समस्या है जिसका सामाजिक, आर्थिक और पर्यावरणीय प्रभाव है। इस समस्या का समाधान निरंतर नई और सुरक्षित तकनीकों की खोज और विकास में है।

एक ऐसी तकनीक है जिसे वन्निंग (वायु से सीढ़ीदार नेटवर्किंग) कहा जाता है। यह एक प्रौद्योगिकी है जिसमें पौधों द्वारा वायु में कार्बन डाइऑक्साइड को निष्कासित करने के लिए उनकी प्राकृतिक क्षमता का उपयोग किया जाता है। इस प्रक्रिया में पौधे कार्बन को वायुमंडल से हटाते हैं और उसे अपने अंदर संदर्भित करते हैं, जिससे पौधे तेजी से उगने लगते हैं। इस प्रक्रिया क"
138,प्लास्टिक प्रदूषण कम करने की नई विधियाँ,"प्लास्टिक प्रदूषण एक महत्वपूर्ण विषय है जिस पर हमें गंभीरता से विचार करना चाहिए। वर्तमान में, हमारा प्लास्टिक अपव्यय बहुत अधिक हो गया है और इससे पर्यावरण को कई समस्याएँ हो रही हैं। इस समस्या को हल करने के लिए कुछ नई विधियाँ का अभ्यास किया जा रहा है।

पहली विधि है 'बायो-प्लास्टिक्स' का प्रयोग करना। बायो-प्लास्टिक्स वे प्लास्टिक हैं जो पूरी तरह से पौधों से बने होते हैं और प्राकृतिक रूप से टूट जाते हैं। इसका इस्तेमाल करके हम प्लास्टिक के हानिकारक प्रभावों को कम कर सकते हैं।

दूसरी विधि है 'प्लास्टिक रीसाइक्लिंग' क"
139,रोबोटिक्स का विकास और उसके अनुप्रयोग,"रोबोटिक्स एक ऐसा क्षेत्र है जिसमें एकत्रित सांद्रता विज्ञान, कंप्यूटर विज्ञान और इंजीनियरिंग के सिद्धांतों का उपयोग करके स्वचालित मशीनों को विकसित किया जाता है। रोबोटिक्स का विकास न केवल आधुनिक प्रौद्योगिकी के क्षेत्र में महत्वपूर्ण है, बल्कि यह भविष्य की दिशा में भी महत्वपूर्ण योगदान देने वाला है।

रोबोटिक्स के विकास से गंभीर उत्थान हुआ है जैसे कि चिकित्सा, उद्योग, और आवास सेवाएं। चिकित्सा क्षेत्र में रोबोटिक्स के उपयोग से सर्जरी, दवा वितरण, और रोग परीक्षण में सुधार हुआ है। उद्योग क्षेत्र में"
141,इलेक्ट्रिक वाहनों की भविष्य की संभावनाएँ,"विश्व में इलेक्ट्रिक वाहनों की प्रोत्साहक वृद्धि देखने को मिल रही है और यह एक प्रमुख तकनीकी और पर्यावरण के दृष्टिकोण से बहुत ही महत्वपूर्ण विकल्प है। इलेक्ट्रिक वाहन स्वच्छ, सुरक्षित, शांत और सुरक्षित हैं और इसका उपयोग वायु प्रदूषण को कम करने में मदद कर सकता है।

इलेक्ट्रिक वाहनों का उपयोग लघु, मध्यम और बड़े उद्यमों के लिए एक सुगम और वातावरण में सजीव स्थान बना सकता है। इन वाहनों की चालना कम लागत पर होती है और इनकी बजाय पेट्रोल या डीजल की तुलना में उत्पादित कार्बन डाइऑक्साइड की मात्रा भी कम होती है।

भविष्य म"
142,जलवायु परिवर्तन के खिलाफ नई तकनीकें,"जलवायु परिवर्तन एक बड़ी चुनौती है जिससे हमारी पृथ्वी का जीवन धरातल प्रभावित हो रहा है। इस समस्या का समाधान निकलने के लिए नई तकनीकें एवं उपाय तैयार किए जा रहे हैं।

पहली तकनीक है सौर ऊर्जा का उपयोग। सौर ऊर्जा अब सस्ती और साफ ऊर्जा के रूप में उपयोग की जा रही है। सौर पैनल ऊर्जा को बिजली में बदलते हैं जिससे वायु प्रदूषण कम होता है।

दूसरी तकनीक है वायु प्रदूषण को कम करने वाली तकनीकें। एक ऐसी तकनीक है वायु शुद्धिकरण प्लांट्स जो कार्बन डाइऑक्साइड को अलग करके साफ वायु उत्पन्न करती हैं। 

तिसरी तकनी"
143,वन्यजीव संरक्षण में तकनीक का उपयोग,"वन्यजीव संरक्षण एक महत्वपूर्ण क्षेत्र है जिसका मुख्य उद्देश्य प्राकृतिक संसाधनों और जीव जंतुओं की सुरक्षा और संरक्षण करना है। तकनीक ने इस क्षेत्र में भी एक महत्वपूर्ण भूमिका निभाई है और वन्यजीव संरक्षण को सुधारने में महत्वपूर्ण परिवर्तन लाये हैं।

पहले, तकनीक ने वन्यजीवों की निगरानी और मॉनिटरिंग को सुगम बना दिया है। उचित तकनीक का उपयोग करके वन्यजीवों के संख्या, स्थान और गतिविधियों का अध्ययन किया जा सकता है, जिससे उनका संरक्षण सुनिश्चित हो सकता है।

दूसरे, तकनीक ने वन्यजीवों के लिए सुरक्षित क्षेत्रों"
140,सौर ऊर्जा के नवीनतम विकास,"सौर ऊर्जा एक अविरल स्त्रोत है जिसका उपयोग विभिन्न क्षेत्रों में किया जा रहा है, जैसे कि ऊर्जा उत्पादन, गृह और उद्योग सेक्टर, और परिवहन इत्यादि। नवीनतम विकासों में सौर ऊर्जा के कई महत्वपूर्ण क्षेत्रों में निम्नलिखित उन्नतियाँ हुई हैं:

1. सौर पैनल: उत्कृष्ट तकनीकी विकास के कारण सौर पैनल कारगरता में वृद्धि कर रहे हैं। नवीनतम तकनीक से सौर पैनल की ऊर्जा उत्पादन क्षमता में महत्वपूर्ण सुधार हो रहा है।

2. ऊर्जा संचयन: सौर ऊर्जा का सबसे बड़ा चुनौतीपूर्ण समस्या है ऊर्जा संचयन की क्षमता। नवीनतम विकासों में ऊर"
144,प्लास्टिक प्रदूषण कम करने की नई विधियाँ,"प्लास्टिक प्रदूषण एक गंभीर मामला है जो हमारे पृथ्वी के लिए एक महत्वपूर्ण समस्या बन गया है। प्लास्टिक के अधिक उपयोग के कारण महासागरों में बहुत सारा प्लास्टिक अवशेष जमा हो जाता है, जिससे पानी और जीवन के लिए खतरा बनता है। इस समस्या को हल करने के लिए कई नई तकनीकें विकसित की जा रही हैं।

पहली तकनीक है बायो-प्लास्टिक, जो प्लास्टिक की तरह काम करता है लेकिन पूरी तरह से प्राकृतिक रूप से उत्पन्न होता है और विघटन के बाद पूर्णतः जीवितावधि में विघटित हो जाता है।

दूसरी तकनीक है प्लास्टिक रीसायकलिंग, जिसमें प्रयुक्त प्ल"
146,क्वांटम कंप्यूटिंग की व्यावहारिक अनुप्रयोग,"क्वांटम कंप्यूटिंग एक उभयमान क्षेत्र है जिसमें क्वांटम मैकेनिक्स के सिद्धांतों का उपयोग करके कंप्यूटिंग क्षमता को बढ़ाया जाता है। इस नवाचारी प्रौद्योगिकी का उद्देश्य पारंपरिक कंप्यूटिंग से अधिक तेज, अधिक सुरक्षित और अधिक व्यावसायिक रूप से उपयोग करना है।

क्वांटम कंप्यूटिंग के अनेक व्यावहारिक अनुप्रयोग हैं, जिनमें से कुछ निम्नलिखित हैं:

1. क्रिप्टोग्राफी: क्वांटम कंप्यूटिंग का उपयोग डेटा की सुरक्षा बढ़ाने के लिए किया जा सकता है। क्वांटम क्रिप्टोग्राफी एक सुरक्षित तरीके से डेटा को एनक्रिप्ट और"
145,प्लास्टिक प्रदूषण कम करने की नई विधियाँ,"प्लास्टिक प्रदूषण एक बड़ी समस्या है जो हमारे पृथ्वी के लिए बहुत हानिकारक है। इस समस्या को हल करने के लिए हमें नए और प्रभावी तरीके अपनाने की जरूरत है।

1. **बायोडिग्रेडेबल प्लास्टिक**: बायोडिग्रेडेबल प्लास्टिक एक प्रकार की प्लास्टिक है जो प्राकृतिक तरीके से टूट जाती है। इसे उपयोग में लाने से हम प्लास्टिक की भरमार को कम कर सकते हैं।

2. **प्लास्टिक की पुनर्चक्रण तकनीकें**: यह एक और महत्वपूर्ण तकनीक है जिसे अपनाकर हम प्लास्टिक को पुनर्चक्रित कर सकते हैं और उसका पुनः उपयोग कर सकते हैं।

3. **प्लास्टिक के बदले अन्य सामग्री का उपयोग**: ह"
148,रोबोटिक्स का विकास और उसके अनुप्रयोग,"रोबोटिक्स एक क्षेत्र है जो तकनीकी उपकरणों और सॉफ्टवेयर का उपयोग करके स्वचालित मशीनों का विकास और उपयोग करता है। यह विज्ञान, इंजीनियरिंग और कंप्यूटर विज्ञान के क्षेत्रों का संगम है जो स्वचालित तरीके से कार्य करने वाले उपकरणों का निर्माण करता है।

रोबोटिक्स का विकास तेजी से बढ़ रहा है और विभिन्न क्षेत्रों में अनेक उपयोग हो रहे हैं। उदाहरण के लिए, विनिर्माण में रोबोट्स का उपयोग काम को अधिक सुरक्षित और दक्ष बनाता है। चिकित्सा में भी रोबोटिक्स का उपयोग हो रहा है, जैसे की अत्यंत सूक्ष्म और कठिन शल"
147,ब्लॉकचेन प्रौद्योगिकी का भविष्य,"ब्लॉकचेन प्रौद्योगिकी एक नवाचारी तकनीक है जो डिजिटल सूचना को सुरक्षित और पारदर्शी तरीके से संग्रहित करने की क्षमता प्रदान करती है। ब्लॉकचेन के उपयोग से ट्रांजैक्शन की पुष्टि और सत्यापन किया जा सकता है जिससे डेटा की सुरक्षा बढ़ जाती है।

ब्लॉकचेन प्रौद्योगिकी का भविष्य बहुत उज्जवल है। इसका उपयोग विभिन्न क्षेत्रों में बदलाव ला सकता है, जैसे वित्तीय सेवाएं, स्वास्थ्य सेवाएं, लॉगिस्टिक्स, शिक्षा आदि। ब्लॉकचेन के उपयोग से डेटा की सुरक्षा और गोपनीयता में सुधार होगा, जिससे आपकी व्यक्तिगत जानकारी स"
149,जलवायु परिवर्तन के खिलाफ नई तकनीकें,"जलवायु परिवर्तन एक गंभीर समस्या है जिसका सामना हम सभी कर रहे हैं। इस समस्या का समाधान न केवल अवांछित जलवायु परिवर्तन को रोकने में मदद करेगा, बल्कि हमें नई तकनीकें विकसित करने की भी आवश्यकता है जो इस समस्या का सामना करने में हमारी सहायता करें।

कुछ नई तकनीकें जैसे कि विज्ञान की मदद से विकसित की गई बायो-इंजीनियरिंग की तकनीकें, कार्बन कैप्चर और स्टोरेज तकनीक, नेचर बेस्ड सॉल्यूशन्स, सौर ऊर्जा और वायु ऊर्जा जैसे ऊर्जा संयंत्र आदि जलवायु परिवर्तन के खिलाफ नई उम्मीद लेकर आ रही हैं।

बायो-इंजीनियरिंग तकनीक"
150,सतत विकास की नई रणनीतियाँ,"सतत विकास एक ऐसी प्रक्रिया है जो समृद्धि के लिए महत्वपूर्ण है। विकास को स्थायी और सुस्त बनाए रखने के लिए नई रणनीतियाँ अत्यंत महत्वपूर्ण हैं।

पहली रणनीति यह है कि सुस्त विकास के लिए समुदाय को सशक्त बनाना होगा। समुदाय को अपने विकास के मामले में सामने आने देना चाहिए और उन्हें निर्णय लेने की शक्ति देनी चाहिए।

दूसरी रणनीति यह है कि विकास को वायुमंडलीय मुद्दों से जुड़ना होगा। जलवायु परिवर्तन, पर्यावरणीय असमानता आदि के मुद्दे विकास को ध्यान में रखने की जरूरत है।

तीसरी रणनीति यह है कि विकास को समाजिक न्याय क"
151,इंटरनेट ऑफ़ थिंग्स (IoT) और स्मार्ट सिटी,"आधुनिक तकनीकी युग में, इंटरनेट ऑफ़ थिंग्स (IoT) और स्मार्ट सिटी एक महत्वपूर्ण और रोचक विषय हैं। IoT एक तकनीकी यंत्रणा है जिसमें विभिन्न डिवाइस और वस्तुएं इंटरनेट के माध्यम से जुड़ जाती हैं, जिससे उन्हें डेटा साझा करने और कंट्रोल करने की क्षमता मिलती है। स्मार्ट सिटी कांसेप्ट इसी तकनीकी यंत्रणा का एक उपयोग है, जिसमें शहरी इंफ्रास्ट्रक्चर को इंटरनेट के जरिए एक संगठित और संचालनीय तरीके से कनेक्ट किया जाता है।

स्मार्ट सिटी के अंदर आने वाले लाभों में ऊर्जा की बचत, पर्यावरण सुरक्षा, ट्रांसपोर्टेशन की सुविधा, शहरी"
152,इलेक्ट्रिक वाहनों की भविष्य की संभावनाएँ,"वर्तमान में वाहनों के कार्यक्षेत्र में इलेक्ट्रिक वाहनों का उभार हो रहा है और भविष्य में यह एक महत्वपूर्ण भूमिका निभाने की संभावना है। इसके कई कारण हैं, जैसे की जलवायु परिवर्तन, ऊर्जा सुरक्षा, और प्रदूषण कम करने की चुनौतियां।

इलेक्ट्रिक वाहनों के लाभों में से एक है कि ये प्रदूषण मुक्त होते हैं, जिससे वायु प्रदूषण कम होता है और वातावरण सुरक्षित रहता है। इन वाहनों का उपयोग करने से ऊर्जा संकट को भी कम किया जा सकता है, क्योंकि इनके लिए इलेक्ट्रिकिटी उत्पादित करने के लिए अन्य ऊर्जा स्रोतों के मुकाबले कम ऊर्जा की आवश्यकता"
153,ड्रोन प्रौद्योगिकी के नए उपयोग,"ड्रोन प्रौद्योगिकी एक उभयात्मक तकनीक है जिसे विभिन्न क्षेत्रों में उपयोग किया जा रहा है। ड्रोन्स की वजह से नए उपयोग और अवसरों का निर्माण हो रहा है।

पहला उपयोग है सुरक्षा और निगरानी में। ड्रोन्स का उपयोग सीमा सुरक्षा, गैर-संविदित क्षेत्रों में निगरानी और आपातकालीन प्रतिस्पर्धात्मक परिस्थितियों में सुरक्षा के लिए किया जा रहा है।

दूसरा उपयोग है जल, थल और वायु मार्ग परिवहन में। ड्रोन्स की मदद से सामान और व्यक्तियों को तेजी से और सुरक्षित तरीके से पहुंचाने की क्षमता उनके उपयोगिता को बढ़ा रहा है।

तीसरा उपयो"
154,कृत्रिम बुद्धिमत्ता का उपयोग साइबर सुरक्षा में,"कृत्रिम बुद्धिमत्ता आधुनिक तकनीकी उपकरणों और सिस्टम्स के विकास में महत्वपूर्ण भूमिका निभाती है। यह एक क्षमता है जिसे मशीनें सीख सकती हैं, समस्याओं को समझ सकती हैं, और स्वयं को सुधार सकती हैं। आधुनिक साइबर सुरक्षा में भी कृत्रिम बुद्धिमत्ता का महत्वपूर्ण योगदान है।

कृत्रिम बुद्धिमत्ता का उपयोग साइबर सुरक्षा में सुरक्षितता को बढ़ाने के लिए किया जा सकता है। इसके जरिए हम सुरक्षा सार्थकता को बढ़ा सकते हैं, साइबर हमलों का पूर्वानुमान कर सकते हैं, और नए सुरक्षा संभावनाओं को खोज सकते हैं। यह अनुकूल एल्गोरिदम्स और म"
155,क्वांटम कंप्यूटिंग की व्यावहारिक अनुप्रयोग,"क्वांटम कंप्यूटिंग एक उभयमूलक प्रौद्योगिकी है जिसमें तांत्रिक तत्व जैसे अद्भुत गुण उपयोग किए जाते हैं ताकि डेटा को प्रोसेस करने की गति और क्षमता में सुधार किया जा सके। क्वांटम कंप्यूटर विशेष रूप से ज्ञानक्षेत्रों में गहराई और विकास के लिए उपयोगी है, जैसे कि क्रिप्टोग्राफी, डेटा साइंस, मैटेरियल्स रिसर्च, और दवाओं के खोज।

क्वांटम कंप्यूटिंग के व्यावहारिक अनुप्रयोग शामिल हैं:
1. क्रिप्टोग्राफी: क्वांटम कंप्यूटिंग का उपयोग क्रिप्टोग्राफी में डेटा सुरक्षा को मजबूत करने के लिए किया जा सकता है।
2. डेटा स"
157,क्वांटम कंप्यूटिंग की व्यावहारिक अनुप्रयोग,"क्वांटम कंप्यूटिंग एक उभयमान तकनीक है जो कंप्यूटिंग के क्षेत्र में एक नया दौर ला सकती है। इस तकनीक का उद्देश्य संभावित विशाल संख्या के डेटा को तेजी से प्रसंस्करण करना है। विशेष रूप से जब हम बहुत बड़े संख्याओं के साथ काम करते हैं, जैसे क्रिप्टोग्राफी, खोज और अनुकरण।

क्वांटम कंप्यूटिंग का एक व्यावहारिक उदाहरण है विशेष संवेदनशीलता की समस्या को हल करना। इस समस्या में दो व्यक्तियों के बीच एक सुरक्षित संवाद होता है जिसमें एक व्यक्ति दूसरे को एक संदेश भेजना चाहता है, लेकिन उसे सुनिश्चित करना है कि यह संदेश क"
156,ब्लॉकचेन प्रौद्योगिकी का भविष्य,"ब्लॉकचेन प्रौद्योगिकी एक ऐसी नवाचारी तकनीक है जो डिजिटल सूचना को सुरक्षित रूप से संग्रहित और साझा करने की संभावनाएं मुहैया कराती है। यह तकनीक एक डेटा बेस क्रिप्टोग्राफी तकनीक का उपयोग करती है जिसमें डेटा ब्लॉक में बनाए जाते हैं और उसे एक सुरक्षित तरीके से पहचाना जा सकता है।

ब्लॉकचेन प्रौद्योगिकी का भविष्य बहुत उज्जवल है। इस तकनीक की मदद से बैंकिंग, वित्तीय सेवाएं, स्वास्थ्य सेवाएं, उद्योग, सरकारी कार्य और अन्य क्षेत्रों में क्रियान्वयन और सुधार होने की संभावनाएं हैं। इससे डेटा सुरक्षित रहेगा, भ्रष"
159,रोबोटिक्स का विकास और उसके अनुप्रयोग,"रोबोटिक्स एक ऐसी तकनीक है जिसमें यन्त्रों और सॉफ्टवेयर का इस्तेमाल करके स्वचालित सिस्टम बनाया जाता है जो विभिन्न कार्यों को स्वत: करने में सक्षम होता है। रोबोटिक्स का विकास तकनीकी और वैज्ञानिक अद्वितीयता को आगे बढ़ाने में मदद करता है। रोबोटिक्स का उद्देश्य मानव श्रम को कम करना, भारी और खतरनाक कार्यों को सुरक्षित तरीके से करना और नई और सुगम तकनीकों का उपयोग करना है।

रोबोटिक्स के उपयोग कई क्षेत्रों में किए जा रहे हैं। उदाहरण के लिए, रोबोटिक्स को विनिर्माण, चिकित्सा, लॉजिस्टिक्स, औद्योगिक कार्य, ग"
158,डिजिटल मुद्राओं की सुरक्षा चुनौतियाँ,"आजकल डिजिटल मुद्राओं का उपयोग बढ़ रहा है और इसके साथ ही सुरक्षा चुनौतियाँ भी बढ़ गई हैं। डिजिटल मुद्राएं इंटरनेट के माध्यम से होती हैं और यहां तक कि इनके चोरी होने का खतरा भी होता है। इसलिए डिजिटल मुद्राओं की सुरक्षा को ध्यान में रखना बहुत महत्वपूर्ण है।

एक बड़ी समस्या यह है कि डिजिटल मुद्राओं के भुगतान अनुक्रम को हैक किया जा सकता है। चोरी की तकनीकें तेजी से बदल रही हैं और इसलिए उपयोक्ताओं को अपने खातों की सुरक्षा को सुनिश्चित रखने के लिए सतत ध्यान देना चाहिए।

इसके लिए कुछ सुरक्षा उपायों को अपनाना आवश्यक ह"
160,क्वांटम कंप्यूटिंग की व्यावहारिक अनुप्रयोग,"क्वांटम कंप्यूटिंग एक उभयानुप्रयोगी क्षेत्र है जिसमें क्वांटम मैकेनिक्स के सिद्धांतों का उपयोग किया जाता है ताकि अत्यधिक संभावितताएं और प्रचुरता के साथ समस्याओं का समाधान किया जा सके। क्वांटम कंप्यूटिंग के अनुप्रयोगों में बहुत सारे क्षेत्र शामिल हैं, जैसे क्रिप्टोग्राफी, रसायन विज्ञान, जीवन विज्ञान, और मैटेरियल्स साइंस।

क्वांटम कंप्यूटिंग के एक प्रमुख अनुप्रयोग में क्रिप्टोग्राफी है, जिसमें डेटा की सुरक्षा और गोपनीयता को सुनिश्चित करने के लिए क्वांटम कंप्यूटिंग का उपयोग किया जाता है। क्वांटम क्रिप्टोग्राफ"
161,डिजिटल मुद्राओं की सुरक्षा चुनौतियाँ,"आजकल डिजिटल मुद्राएं बनी रहती हैं और इसका उपयोग भुगतान और लेन-देन में किया जाता है। इसके साथ ही डिजिटल मुद्राओं की सुरक्षा को लेकर कई चुनौतियाँ भी उत्पन्न हो रही हैं।

सबसे बड़ी समस्या है ऑनलाइन डिजिटल मुद्राओं की सुरक्षा। कई बार ऑनलाइन हैकर्स या फिशिंग अटैक से व्यक्तिगत जानकारी चोरी करके उपयोगकर्ताओं के खाते से पैसे चुरा लेते हैं। इसके लिए सुरक्षा सॉफ़्टवेयर और वेबसाइटों की सुरक्षा को मजबूत बनाने की आवश्यकता है।

दूसरी चुनौती है विभिन्न प्लेटफॉर्म्स और एप्लिकेशन का उपयोग करने की व्यापकता"
162,इलेक्ट्रिक वाहनों की भविष्य की संभावनाएँ,"वर्तमान में इलेक्ट्रिक वाहनों का उपयोग तेजी से बढ़ रहा है और इसे वाहन उद्योग का भविष्य माना जा रहा है। इलेक्ट्रिक वाहनों की प्रमुख संभावनाएं निम्नलिखित हैं।

1. पर्यावरण के लिए उत्तम: इलेक्ट्रिक वाहनों का उपयोग कार्बन इमिशन को कम करने में मदद करता है और अच्छी हवा की गुणवत्ता को बनाए रखने में मदद करता है।

2. ऊर्जा आत्मनिर्भरता: इलेक्ट्रिक वाहनों की चार्जिंग के लिए अधिकांश ऊर्जा सौर ऊर्जा और विंड ऊर्जा जैसे शुद्ध स्रोतों से प्राप्त की जा सकती है। इससे ऊर्जा आत्मनिर्भरता में मदद मिलेगी।

3. लागत कम: इलेक्ट्र"
164,प्लास्टिक प्रदूषण कम करने की नई विधियाँ,"प्लास्टिक प्रदूषण एक महत्वपूर्ण वातावरण समस्या है जिससे हमें निपटना अत्यंत जरुरी है। प्लास्टिक का उपयोग हमारी दिनचर्या में इतना गहरा हो गया है कि इससे होने वाला प्रदूषण हमारे पर्यावरण के लिए अच्छा नहीं है। यहां कुछ नई विधियां हैं जिनका उपयोग करके हम प्लास्टिक प्रदूषण को कम कर सकते हैं:

1. प्लास्टिक की पुनर्चक्रण प्रक्रिया को बढ़ावा देना: प्लास्टिक को पुनर्चक्रण करके नया प्लास्टिक बनाने की प्रक्रिया को प्रोत्साहित करना चाहिए।

2. प्लास्टिक की जगह अन्य प्रकार के स्थायी उत्पादों का उपयोग करना: उदाहरण के लिए, धातु के बर"
163,इलेक्ट्रिक वाहनों की भविष्य की संभावनाएँ,"आजकल इलेक्ट्रिक वाहनों का प्रचलन तेजी से बढ़ रहा है और यह एक स्वास्थ्यवर्धक और पर्यावरण की दृष्टि से सुस्त विकल्प है। इलेक्ट्रिक वाहनों की भविष्य की संभावनाएँ बहुत उज्जवल हैं।

पहले तो, बढ़ती होती जनसंख्या के कारण यातायात जाम और वायु प्रदूषण की समस्याओं को ध्यान में रखते हुए सरकारें इलेक्ट्रिक वाहनों को प्रोत्साहित कर रही हैं। इससे वायु प्रदूषण कम होगा और स्वास्थ्य सुधारेगा।

दूसरे, इलेक्ट्रिक वाहनों का बढ़ता उपयोग ऊर्जा सुरक्षितता को बढ़ाएगा। इलेक्ट्रिक वाहनों को चार्ज करने के लिए विद्युत ऊर्जा क"
165,ड्रोन प्रौद्योगिकी के नए उपयोग,"ड्रोन प्रौद्योगिकी ने हाल के समय में अनेक नए उपयोगों का दरवाजा खोला है। यह तकनीक न केवल विज्ञान और प्रौद्योगिकी क्षेत्र में बल्कि व्यापार, सुरक्षा, कृषि, स्वास्थ्य और आपातकालीन सेवाओं में भी उपयोगी साबित हो रही है।

ड्रोन का उपयोग सुरक्षा उद्देश्यों के लिए भी हो सकता है। यह अवकाशी इलाकों की सतर्कता, सीमावर्ती क्षेत्रों की निगरानी और सीमा सुरक्षा में मदद कर सकता है। विपदा प्रबंधन के लिए भी ड्रोन का उपयोग किया जा सकता है। 

कृषि क्षेत्र में भी ड्रोन का उपयोग किया जा रहा है। इससे खेती में उन्नति हो रही है और फसलों की"
169,ड्रोन प्रौद्योगिकी के नए उपयोग,"ड्रोन प्रौद्योगिकी वर्तमान समय में तकनीकी उन्नति का एक अद्वितीय साधन बन चुकी है और इसका उपयोग केवल उड़ान भरने के लिए ही नहीं हो रहा है। ड्रोन के नए उपयोगों में से एक है उच्च गुणवत्ता वाले वीडियो और फोटोग्राफी के लिए। ड्रोन प्रौद्योगिकी ने वीडियोग्राफर्स और फोटोग्राफर्स को नए आयाम स्थापित कर दिए हैं, जिससे वे आकाश से अद्वितीय दृश्यों को कैप्चर कर सकते हैं।

इसके अतिरिक्त, ड्रोन अब गूगल और अन्य डिलीवरी सेवाओं में भी उपयोग हो रहे हैं। उन्हें उत्पादों और पैकेजों को आसानी से स्थानांतरित करने के"
167,डिजिटल मुद्राओं की सुरक्षा चुनौतियाँ,"आधुनिक दुनिया में डिजिटल मुद्राएं बनाने और उन्हें संभालने के लिए विभिन्न तकनीकी सुविधाएं उपलब्ध हैं। इन तकनीकी उपायों के बावजूद, डिजिटल मुद्राओं की सुरक्षा को लेकर कई चुनौतियाँ हैं।

पहली चुनौती है ऑनलाइन धोखाधड़ी और फिशिंग हमले। कई बार ऐसे लिंक और ईमेल आते हैं जिन्हें क्लिक करने पर व्यक्ति की निजी जानकारी चोरी हो जाती है। दूसरी चुनौती है मैलवेयर और वायरस। इन कंप्यूटर प्रोग्राम के माध्यम से हैकर्स उपयोगकर्ता की जानकारी चोरी कर सकते हैं।

तीसरी चुनौती है ब्लॉकचेन प्रौद्योगिकी की सुरक्षा। ब्लॉ"
168,कृत्रिम बुद्धिमत्ता का उपयोग साइबर सुरक्षा में,"कृत्रिम बुद्धिमत्ता या Artificial Intelligence (AI) एक तकनीक है जो मानव बुद्धिमत्ता का उपयोग करती है ताकि कंप्यूटर सिस्टम विभिन्न कार्यों को स्वतंत्र रूप से सम्पादित कर सकें। आज के समय में साइबर सुरक्षा एक बड़ी चुनौती है जिसमें AI का उपयोग बहुत महत्वपूर्ण है।

AI का उपयोग करके सुरक्षित वेबसाइटों और नेटवर्कों की सुरक्षा मजबूत की जा सकती है। AI अल्गोरिदम्स का उपयोग करके विभिन्न साइबर हमलों की पहचान की जा सकती है और उन्हें रोका जा सकता है। इसके अतिरिक्त, AI भी सुरक्षा घातकों की तरह काम कर सकती है और सुरक्षा उत्पादों को और अधिक मजबूत बना सक"
166,इंटरनेट ऑफ़ थिंग्स (IoT) और स्मार्ट सिटी,"आधुनिक शहरों को और भी स्मार्ट और अधिक एफिशिएंट बनाने के लिए इंटरनेट ऑफ़ थिंग्स (IoT) एक महत्वपूर्ण तकनीक है। यह तकनीक विभिन्न डिवाइस और सेंसर्स को इंटरनेट के माध्यम से जोड़कर उन्हें संचालित करने की संभावना प्रदान करती है। इसका उपयोग शहरी विकास में बड़े परिवर्तन लाने के लिए किया जा रहा है।

स्मार्ट सिटी तकनीक का उपयोग करके विभिन्न शहरी सेवाओं को सुधारा जा रहा है, जैसे कि पानी की आपूर्ति, ऊर्जा प्रबंधन, ट्राफिक नियंत्रण, अस्थायी जलवायु परिवर्तन का प्रबंधन, सुरक्षा और सार्वजनिक परिवहन। उदाहरण के लिए, शहर"
170,इंटरनेट ऑफ़ थिंग्स (IoT) और स्मार्ट सिटी,"आधुनिक तकनीक की उच्च गति से विकास के कारण शहरों की जीवनशैली में भी कई परिवर्तन आए हैं। एक ऐसी प्रौद्योगिकी जिसने शहरों को स्मार्ट और अधिक संगठित बनाने में महत्वपूर्ण भूमिका निभाई है, वह है 'इंटरनेट ऑफ़ थिंग्स' (Internet of Things - IoT)।

इंटरनेट ऑफ़ थिंग्स का मतलब है किसी भी वस्तु को इंटरनेट से जोड़कर उसे आंतरिक और बाह्य जानकारी साझा करने की क्षमता। यह शहरों को स्मार्ट सिटियों में बदलने का काम करता है, जिससे लोगों की जीवनशैली में सुधार होता है। स्मार्ट सिटी में स्थानीय संसाधनों का समय पर उपयोग होता है, ऐसे संसाधनों क"
171,कृत्रिम बुद्धिमत्ता का उपयोग साइबर सुरक्षा में,"कृत्रिम बुद्धिमत्ता (Artificial Intelligence) एक तकनीक है जिसे मानव बुद्धि को मॉडल करने और सिमुलेट करने के लिए उपयोग किया जाता है। साइबर सुरक्षा में कृत्रिम बुद्धिमत्ता का उपयोग सुरक्षित रूप से डेटा और नेटवर्क की सुरक्षा को बढ़ाने के लिए किया जा सकता है।

कृत्रिम बुद्धिमत्ता की मदद से साइबर सुरक्षा विशेषज्ञ एक्सप्लोइट्स (exploits) की पहचान कर सकते हैं और सुरक्षा लेखाओं को अपडेट कर सकते हैं। यह एक्सप्लोइट्स को अन्धविश्वास और भ्रांतियों के साथ डेटा से जुड़ने की संभावना को कम कर सकता है।

कृत्रिम बुद्धिमत्ता को उपयोग करके सुरक्षा प्रणाली को"
172,ड्रोन प्रौद्योगिकी के नए उपयोग,"ड्रोन प्रौद्योगिकी ने विभिन्न क्षेत्रों में नए और रोचक उपयोगों का दरवाजा खोल दिया है। इसका उपयोग न केवल सुरक्षा और निगरानी के क्षेत्र में किया जा रहा है, बल्कि व्यापार, मनोरंजन, और पर्यावरण संरक्षण में भी ड्रोन की मदद से नए संभावनाएं उद्घाटित की जा रही हैं।

ड्रोन सुरक्षा के क्षेत्र में एक अहम भूमिका निभा रहे हैं। विभिन्न सुरक्षा एजेंसियां और सेना ड्रोन का उपयोग बॉर्डर सर्वेलेंस, आपातकालीन परिस्थितियों में सहायता, और सीमावार्ता निगरानी के लिए कर रहे हैं।

ड्रोन का उपयोग व्यापारिक क्षेत्र में भी हो रहा है। अब उ"
173,डिजिटल मुद्राओं की सुरक्षा चुनौतियाँ,"आजकल डिजिटल मुद्राएं बढ़ती तकनीकी उन्नति का एक प्रमुख उदाहरण हैं, जिन्होंने वित्तीय संचार में बदलाव लाया है। डिजिटल मुद्राओं का उपयोग करने के साथ ही उनकी सुरक्षा चुनौतियाँ भी बढ़ गई हैं। यहां कुछ मुख्य कारण और सुरक्षा चुनौतियाँ हैं:

1. ऑनलाइन धन प्रणालियों के जरिए होने वाले लेन-देन की सुरक्षा: डिजिटल मुद्राओं का उपयोग करते समय हमें ऑनलाइन लेन-देन की सुरक्षा का ध्यान रखना चाहिए। चोरी या धन के नुकसान की संभावना है।

2. फिशिंग: यह एक तकनीक है जिसमें अपराधी वायरस या ईमेल के माध्यम से व्यक्तिगत जानकारी प्राप"
174,क्वांटम कंप्यूटिंग की व्यावहारिक अनुप्रयोग,"क्वांटम कंप्यूटिंग एक उभयमान तकनीक है जिसमें क्वांटम बिट्स या क्यूबिट्स का उपयोग किया जाता है जो क्लासिकल बिट्स के विपरीत होते हैं। क्वांटम कंप्यूटिंग के द्वारा विभिन्न संभावनाएं और समस्याएं जिनका हल क्लासिकल कंप्यूटरों से संभव नहीं है, संभावित होती हैं।

क्वांटम कंप्यूटिंग के व्यावहारिक अनुप्रयोगों में शामिल हैं डेटा एनक्रिप्शन, ऑप्टिमाइज़ेशन, मॉलेक्युलर सिमुलेशन, वित्तीय मॉडेलिंग, और लगभग हर क्षेत्र में गणित और अनुसंधान।

क्वांटम कंप्यूटिंग के लाभों में एक है कि यह क्लासिकल कंप्यूटिं"
175,ब्लॉकचेन प्रौद्योगिकी का भविष्य,"ब्लॉकचेन प्रौद्योगिकी एक नवाचारी तकनीक है जो डिजिटल लेन-देन को सुरक्षित और पारदर्शी बनाने का वादा करती है। यह एक डिस्ट्रिब्यूटेड लेजर है जो सभी संबंधित पार्टी के बीच लेन-देन की जानकारी को संग्रहित रखता है। ब्लॉकचेन का उपयोग क्रिप्टोकरेंसी जैसे बिटक्वाइन के लिए आम हो गया है, लेकिन इसकी उपयोगिता केवल इससे सीमित नहीं है।

ब्लॉकचेन प्रौद्योगिकी का भविष्य उज्जवल है। इसका उपयोग विभिन्न क्षेत्रों में विस्तार से हो रहा है। वित्तीय सेवाओं, स्वास्थ्य सेवाएं, आईओटी, लॉजिस्टिक्स, गवर्नेंस और अ"
176,डिजिटल मुद्राओं की सुरक्षा चुनौतियाँ,"आजकल डिजिटल मुद्राएं बढ़ती हुई तकनीक का उपयोग करके लोगों के बीच व्यापार और लेन-देन करने के लिए बहुत ही सरल और अनुकूल बन गई हैं। हालांकि, इसके साथ ही इन डिजिटल मुद्राओं की सुरक्षा चुनौतियों का सामना भी होता है। डिजिटल मुद्राओं के उपयोग के समय कुछ महत्वपूर्ण सुरक्षा संबंधित बातों का खास ध्यान रखना अत्यंत आवश्यक है।

पहले तो, डिजिटल मुद्राओं का उपयोग करते समय उपयोगकर्ताओं को अपने खाते की सुरक्षा को बनाए रखने के लिए मजबूर किया जाता है। उपयोगकर्ताओं को अपने पासवर्ड को सुरक्षित रखने और उसे दूसरों के साथ स"
178,डिजिटल मुद्राओं की सुरक्षा चुनौतियाँ,"आधुनिक दुनिया में डिजिटल मुद्राएँ बढ़ती हुई तकनीकी प्रगति का परिणाम हैं। डिजिटल मुद्राएं सुरक्षित और आसान लेन-देन की सुविधा प्रदान करती हैं, लेकिन इनकी सुरक्षा चुनौतियाँ भी हैं।

पहली चुनौती है ऑनलाइन चोरी। डिजिटल मुद्राएं ऑनलाइन होती हैं, जिससे हैकर्स किसी अनजाने व्यक्ति के खाते में उनके पैसे चोरी कर सकते हैं। इसके लिए उचित सुरक्षा सुरंग जैसे 2-स्टेप वेरिफिकेशन या बायोमेट्रिक आधार जैसी तकनीकों का उपयोग किया जा सकता है।

दूसरी चुनौती है फिशिंग और मैलवेयर। हैकर्स बनाए गए जालसाजी साइट्स या ईमेल क"
177,ब्लॉकचेन प्रौद्योगिकी का भविष्य,"ब्लॉकचेन प्रौद्योगिकी एक विशेष प्रकार का डिजिटल लेजर है जिसे ब्लॉक नामक छोटे खंडों में विभाजित किया गया है और जिसे एक सुरक्षित तरीके से संगठित रूप में लेखक द्वारा प्रायोगिकता के लिए प्रयोग किया जाता है। इस प्रौद्योगिकी का उपयोग विभिन्न क्षेत्रों में हो रहा है, जैसे वित्तीय संस्थाएं, स्वास्थ्य सेवाएं, आईटी सेक्टर, आदि।

ब्लॉकचेन प्रौद्योगिकी का भविष्य बहुत उज्जवल और सकारात्मक है। यह तकनीक डेटा सुरक्षित और अद्वितीय ढंग से संग्रहित करने में मदद करती है, इसे हैक करना मुश्किल होता है। ब्लॉकचेन के"
179,इलेक्ट्रिक वाहनों की भविष्य की संभावनाएँ,"इलेक्ट्रिक वाहनों की भविष्य में बहुत उज्ज्वल है। जैसे-जैसे पर्यावरण संबंधी मुद्दों को लेकर जागरूकता बढ़ती जा रही है, वाहन उद्योग भी इलेक्ट्रिक वाहनों की ओर ध्यान दे रहा है।

इलेक्ट्रिक वाहनों के लाभ अनेक हैं। इनमें प्रदूषण कम होना, ध्वनि प्रदूषण कम होना, ऊर्जा की बचत, वित्तीय बचत, गैर-जल्दी सुनाई देने वाली ध्वनि, इत्यादि शामिल है। इन वाहनों के उपयोग से हम प्रकृति को बचाने में मदद कर सकते हैं।

भविष्य में हम इलेक्ट्रिक वाहनों की और अधिक विस्तार कर सकते हैं। नए और बेहतर तकनीकों का उपयोग करके"
180,डिजिटल मुद्राओं की सुरक्षा चुनौतियाँ,"डिजिटल मुद्राओं का उपयोग आजकल बढ़ता जा रहा है, लेकिन इसके साथ ही सुरक्षा की भी चुनौतियाँ बढ़ गई हैं। डिजिटल मुद्राओं के इस्तेमाल में सुरक्षित रखना बहुत महत्वपूर्ण है ताकि आपकी निजी जानकारी सुरक्षित रहे।

सबसे बड़ी चुनौती यह है कि डिजिटल मुद्राओं को हैकर्स से सुरक्षित रखना। आपके डिजिटल वॉलेट या एकाउंट को हैक कर आपकी धनराशि चुरा ली जा सकती है। इसके लिए आपको अपने वॉलेट की सुरक्षा को मजबूत बनाने के लिए मल्टी-फैक्टर ऑथेंटिकेशन का उपयोग करना चाहिए।

दूसरी चुनौती यह है कि बदलते तकनीकी परिपेक्ष्य म"
181,सौर ऊर्जा के नवीनतम विकास,"सौर ऊर्जा एक प्राकृतिक स्रोत है जो हमें साफ और अनगिनत ऊर्जा प्रदान कर सकता है। इसका उपयोग विभिन्न क्षेत्रों में हो रहा है, जैसे कि विद्युत, उद्योग, गृह और कमर्शियल उपयोग। नवीनतम सौर ऊर्जा विकास में कई महत्वपूर्ण प्रौद्योगिकी और अविष्कार हुए हैं जो इस क्षेत्र को नये ऊर्जा के स्रोत के रूप में मजबूत कर रहे हैं।

एक उदाहरण के रूप में, तापती सौर ऊर्जा प्रणालियाँ अब बहुत अधिक प्रभावी हो गई हैं। इन प्रणालियों के माध्यम से सूर्य की किरणों को धूप और जल के उपयोग के माध्यम से ऊर्जा में परिणामीत बदलाव किया जाता है। इ"
182,रोबोटिक्स का विकास और उसके अनुप्रयोग,"रोबोटिक्स एक ऐसा क्षेत्र है जो तकनीकी और विज्ञान के साथ-साथ नवाचार की दुनिया में हमें ले जाता है। इसके विकास से हमने अनेक क्षेत्रों में उन्नति देखी है, जैसे कृषि, निर्माण, स्वास्थ्य और विज्ञान। रोबोटिक्स ने न केवल हमारे जीवन को सुविधाजनक बनाया है, बल्कि नए अवसर भी प्रदान किए हैं।

रोबोटिक्स के उन्नत अनुप्रयोगों में स्वास्थ्य सेवाओं का विस्तार शामिल है। इसमें रोबोटिक सर्जरी, निदान और उपचार की सुविधा, और रोबोटिक प्रोथेटिक्स शामिल हैं। इन तकनीकों के उपयोग से चिकित्सा क्षेत्र में सुधार हुआ है और लोगों को ब"
183,वन्यजीव संरक्षण में तकनीक का उपयोग,"वन्यजीव संरक्षण एक महत्वपूर्ण क्षेत्र है जिसमें तकनीक का महत्वपूर्ण योगदान है। वन्यजीव संरक्षण में तकनीक का उपयोग कई तरीकों से किया जा सकता है।

पहले तो, तकनीकी उपकरणों का उपयोग वन्यजीवों की निगरानी और संग्रहण के लिए किया जाता है। जैसे कैमरे और रेडियो कॉलर आदि जिनकी मदद से वन्यजीव तकनीकी उपकरणों के माध्यम से ट्रैक किए जा सकते हैं और उनकी गतिविधियों का अध्ययन किया जा सकता है।

दूसरे, तकनीकी उपायों का उपयोग वन्यजीवों की संरक्षण के लिए किया जाता है। जैसे जैविक अन्य प्राकृतिक परियोजनाओं को सं"
184,डिजिटल मुद्राओं की सुरक्षा चुनौतियाँ,"डिजिटल मुद्राएं आजकल बहुत लोकप्रिय हो गई हैं और लोग इन्हें बढ़ती हुई तकनीकी सुविधाओं के रूप में उपयोग कर रहे हैं। हालांकि, डिजिटल मुद्राओं की सुरक्षा एक बड़ी चुनौती है और इसके संबंध में कई समस्याएं हैं।

सबसे बड़ी सुरक्षा चुनौती यह है कि डिजिटल मुद्राएं अक्सर ऑनलाइन होती हैं और कारोबारिक बैंकिंग एप्लिकेशन, वेबसाइट्स या अन्य तकनीकी संबंधित सेवाएं उपयोग करते हैं। इसका मतलब है कि हैकर्स और ऑनलाइन धोखाधड़ी के लिए विचारशील हो सकते हैं।

इस समस्या का समाधान करने के लिए, लोगों को अपनी डिजिटल मुद्रा के"
185,ड्रोन प्रौद्योगिकी के नए उपयोग,"ड्रोन प्रौद्योगिकी ने विभिन्न क्षेत्रों में नए और रोचक उपयोगों का संभावना खोल दी है। यह तकनीक अब सिविल सेक्टर से लेकर सुरक्षा, आपदा प्रबंधन, कृषि और वन्यजीव संरक्षण जैसे क्षेत्रों में भी उपयोग किया जा रहा है।

पहले तो, ड्रोन सुरक्षा में एक महत्वपूर्ण भूमिका निभा रहे हैं। वे सीमा सुरक्षा, आपदा प्रबंधन और सुरक्षा ऑपरेशन्स में उपयोग किए जा रहे हैं। ड्रोन यहाँ तक कि अवैध गतिविधियों की निगरानी में भी मददगार साबित हो रहे हैं।

दूसरी ओर, ड्रोन कृषि क्षेत्र में भी एक महत्वपूर्ण भूमिका निभा रहे हैं। वे ख"
186,सतत विकास की नई रणनीतियाँ,"सतत विकास की नई रणनीतियाँ

विश्व में तकनीकी विकास की गति तेजी से बढ़ रही है। इसमें नई तकनीकों का उपयोग करके लोगों को एक नया दृष्टिकोण प्राप्त हो रहा है। सतत विकास की नई रणनीतियाँ विभिन्न क्षेत्रों में इस प्रकार के विकास को बढ़ावा देने के लिए डिज़ाइन की जा रही हैं।

पहली बात यह है कि नई तकनीकों का उपयोग करके विकास की गति को तेज किया जा रहा है। डिजिटलीकरण के माध्यम से लोगों को नई सुविधाएं प्राप्त हो रही हैं। इंटरनेट के माध्यम से लोगों के बीच जानकारी और ज्ञान का आदान-प्रदान हो रहा है जिससे उनकी सोचने की क्ष"
187,कृत्रिम बुद्धिमत्ता का उपयोग साइबर सुरक्षा में,"कृत्रिम बुद्धिमत्ता या Artificial Intelligence (AI) एक तकनीक है जिसमें मशीनों को मानव जैसी बुद्धिमत्ता प्रदान की जाती है। साइबर सुरक्षा में AI का उपयोग बहुत महत्वपूर्ण है क्योंकि इससे सुरक्षित डेटा और जानकारी को संरक्षित रखने में मदद मिलती है।

AI की मदद से साइबर अपराधियों की गतिविधियों को पहचानना और रोकना संभव होता है। यह सिस्टम अनोमली डिटेक्शन और पैटर्न रिकग्निशन के माध्यम से विभिन्न सुरक्षा घटनाओं को पहचानने में सक्षम होता है। AI साइबर सुरक्षा में विशेषतः लोगों के पहचान, व्यवहार विश्लेषण, साइबर हमलों के पैटर्न का निरीक्षण आदि के कार"
189,इंटरनेट ऑफ़ थिंग्स (IoT) और स्मार्ट सिटी,"आजकल तकनीकी उन्नति के क्षेत्र में एक बहुत बड़ा कदम इंटरनेट ऑफ़ थिंग्स (IoT) है, जिसने हमारे जीवन को बहुत आसान और सुरक्षित बना दिया है। IoT के माध्यम से हम विभिन्न डिवाइसों को इंटरनेट के माध्यम से कनेक्ट कर सकते हैं, जैसे स्मार्टफ़ोन, स्मार्ट होम डिवाइसेस, वाहन, उपकरण आदि।

जब हम इंटरनेट ऑफ़ थिंग्स को स्मार्ट सिटी में लागू करते हैं, तो यह नगर क्षेत्र को सुरक्षित, ऊर्जा दक्ष और स्थायी बनाने में मदद करता है। स्मार्ट सिटी भविष्य के नगरीय विकास का एक प्रमुख आधार है, जो नागरिकों के जीवन को बेहतर बनाने के लिए विभिन्न"
188,इलेक्ट्रिक वाहनों की भविष्य की संभावनाएँ,"वर्तमान में इलेक्ट्रिक वाहनों का उपयोग तेजी से बढ़ रहा है और भविष्य में इनका उपयोग और भी बढ़ने की संभावना है। इलेक्ट्रिक वाहनों के उपयोग से प्रदूषण कम होता है और वायु में नापाक धुएं कम होते हैं। ये वाहन स्वच्छ ऊर्जा का उपयोग करते हैं और इस प्रकार वायु प्रदूषण को कम करने में मदद करते हैं।

भविष्य में इलेक्ट्रिक वाहनों का उपयोग वाहन उद्योग के लिए गहरा परिवर्तन ला सकता है। नए प्रौद्योगिकी और ऊर्जा संयंत्रों के विकास से इलेक्ट्रिक वाहनों की कीमतें कम हो सकती हैं, जिससे इनका उपयोग आम जनता के लिए भी संभव हो"
190,प्लास्टिक प्रदूषण कम करने की नई विधियाँ,"प्लास्टिक प्रदूषण एक बड़ी समस्या है जिससे हमारी पृथ्वी को नुकसान हो रहा है। प्लास्टिक के अनेक उपयोगों के कारण इसका उत्पादन और उपयोग बढ़ गया है, जिससे इसका प्रदूषण भी बढ़ गया है। प्लास्टिक प्रदूषण को कम करने के लिए नयी विधियों की जरुरत है।

एक उत्कृष्ट विधि है प्लास्टिक की पुन: प्रयोगिता। प्लास्टिक को रीसायकल करके नए प्लास्टिक उत्पादों में पुन: प्रयोग किया जा सकता है। इससे प्लास्टिक के उत्पादन में उपयोग होने वाले उपादानों की आवश्यकता कम होगी।

एक और विधि है प्लास्टिक के अल्टर्नेटिव्स का उपयोग कर"
191,इलेक्ट्रिक वाहनों की भविष्य की संभावनाएँ,"वर्तमान में जलवायु परिवर्तन और प्रदूषण की समस्याओं के समाधान के लिए इलेक्ट्रिक वाहनों का उपयोग बढ़ रहा है। इलेक्ट्रिक वाहनों की संभावनाएं बहुत उज्जवल हैं और इसमें कई तकनीकी उन्नतियाँ शामिल हैं।

पहले, बैटरी प्रौद्योगिकी में महत्वपूर्ण सुधार हो रहे हैं जिससे इलेक्ट्रिक वाहनों की चार्जिंग की दूरी और चार्ज करने का समय बढ़ जाएगा। इससे इलेक्ट्रिक वाहनों की उपयोगिता और प्रदर्शन में सुधार होगा।

दूसरे, स्वच्छ ऊर्जा स्रोतों का उपयोग करने से प्रदूषण कम होगा और वायुमंडलीय प्रदूषण का स्तर घटेगा। इलेक्ट"
192,रोबोटिक्स का विकास और उसके अनुप्रयोग,"रोबोटिक्स एक ऐसी तकनीक है जिसमें विज्ञान, इंजीनियरिंग और गणित के तत्वों का संयोजन होता है जिससे हम एक स्वचालित या आत्मसंचालित मशीन बना सकते हैं। रोबोटिक्स के विकास से हमारे जीवन में कई क्षेत्रों में अहम परिवर्तन आए हैं। आजकल रोबोटिक्स का उपयोग विभिन्न क्षेत्रों में हो रहा है जैसे कि उद्योग, स्वास्थ्य, शिक्षा, और खुदरा।

उदाहरण के लिए, उद्योग में रोबोट्स का उपयोग काम की कठिनाइयों को कम करता है और उत्पादकता को बढ़ाता है। स्वास्थ्य क्षेत्र में रोबोटिक्स के उपयोग से ऑपरेशन, दवाइयों की वितरण, औ"
194,ड्रोन प्रौद्योगिकी के नए उपयोग,"ड्रोन प्रौद्योगिकी ने तकनीकी और व्यापारिक क्षेत्रों में क्रांति ला दी है और इसके उपयोग लगातार बढ़ रहे हैं। इस तकनीकी क्षेत्र के अनगिनत उपयोगों में से कुछ महत्वपूर्ण उपयोग निम्नलिखित हैं:

1. जल, भूमि और हवा में निगरानी: ड्रोन का उपयोग सीमाशुल्क और अवास्तविक क्षेत्रों की निगरानी के लिए किया जा रहा है। इससे जल संसाधन, भूमि सुरक्षा और हवाई सुरक्षा में सुधार हो रहा है।

2. आपडेट और सुरक्षा: ड्रोन सुरक्षा और सूचना प्राप्ति के लिए भी उपयोग किया जा रहा है। इसके माध्यम से सुरक्षा एजेंसियां और सेना सुरक्षित रख सकती ह"
193,इंटरनेट ऑफ़ थिंग्स (IoT) और स्मार्ट सिटी,"इंटरनेट ऑफ़ थिंग्स (IoT) और स्मार्ट सिटी के बीच संबंध बढ़ते जा रहे हैं और इसका उपयोग शहरों को स्मार्ट और सुरक्षित बनाने में हो रहा है।

जब हम इंटरनेट के माध्यम से विभिन्न डिवाइस को जोड़ते हैं, तो ये डिवाइस एक-दूसरे के साथ संवाद कर सकते हैं और जानकारी साझा कर सकते हैं। इस तरह के तकनीकी उपकरणों का उपयोग करके हम शहर में ट्रैफिक, ऊर्जा उपयोग, पानी की आपूर्ति, और सुरक्षा जैसे क्षेत्रों में सुधार कर सकते हैं।

एक स्मार्ट सिटी विभिन्न तकनीकी उपकरणों का उपयोग करके अपने नागरिकों के जीवन को आसान और सुरक्षित बनाती ह"
195,ब्लॉकचेन प्रौद्योगिकी का भविष्य,"ब्लॉकचेन प्रौद्योगिकी एक उभरती हुई तकनीक है जिसने डिजिटल वित्तीय संबंधों, स्मार्ट कॉन्ट्रैक्ट्स, डिजिटल इथरियम, और क्रिप्टोकरंसीज के क्षेत्र में क्रांति ला दी है। ब्लॉकचेन नेटवर्क कार्यक्षमता, सुरक्षा, और निजता को बढ़ाने में सक्षम है जिसके कारण इसका उपयोग विभिन्न क्षेत्रों में बढ़ रहा है।

ब्लॉकचेन प्रौद्योगिकी का भविष्य बेहद उज्जवल है। इसका उपयोग बैंकिंग, स्वास्थ्य सेवाएं, सरकारी कार्य, लॉजिस्टिक्स, रियल एस्टेट, और अन्य क्षेत्रों में विस्तार से हो रहा है। ब्लॉकचेन की तकनीक एक सुरक्षित औ"
196,रोबोटिक्स का विकास और उसके अनुप्रयोग,"रोबोटिक्स एक विज्ञान और तकनीक का क्षेत्र है जो कंप्यूटर प्रोग्रामिंग, संवेदनशीलता, इलेक्ट्रॉनिक्स और यांत्रिकी के साथ-साथ कार्य करता है। रोबोटिक्स के विकास का मुख्य उद्देश्य मानवता के लिए सुरक्षित, सहायक और कुशलतापूर्ण तकनीकी समाधान प्रदान करना है।

रोबोटिक्स का उद्भव और विकास इंसानों की आवश्यकताओं के समाधान के लिए हुआ है। रोबोटिक्स के उद्योग ने विभिन्न क्षेत्रों में महत्वपूर्ण योगदान दिया है, जैसे कि चिकित्सा, संचार, निर्माण, औद्योगिक कार्य, और अंतरिक्ष अनुसंधान।

रोबोटिक्स के अनुप्रयोगों में एक"
197,डिजिटल मुद्राओं की सुरक्षा चुनौतियाँ,"आधुनिक दुनिया में डिजिटल मुद्राएं बढ़ती तकनीकी उन्नति का परिणाम है, जिससे हम ऑनलाइन लेन-देन कर सकते हैं। लेकिन इसके साथ ही डिजिटल मुद्राओं की सुरक्षा भी एक बड़ी चुनौती है। डिजिटल मुद्राओं की सुरक्षा से जुड़ी कुछ मुख्य चुनौतियाँ निम्नलिखित हैं:

1. ऑनलाइन धोखाधड़ी: ऑनलाइन मुद्राओं की सुरक्षा के लिए उचित सुरक्षा कदम अद्यतन रखना आवश्यक है, क्योंकि ऑनलाइन चोरी के जोखिम हमेशा बना रहता है।

2. फिशिंग: फिशिंग हमारे निजी जानकारी को चुराने का एक प्रमुख तरीका है, जिससे हमें सतर्क रहने की आवश्यकता है।

3. मैलवेय"
199,क्वांटम कंप्यूटिंग की व्यावहारिक अनुप्रयोग,"क्वांटम कंप्यूटिंग एक उभयानुक्रमीय संगणना प्रणाली है जो क्लासिकल कंप्यूटिंग से काफी अलग है। इसका उद्देश्य अत्यंत बड़ी संख्याओं का गणना करना है, जिसे क्लासिकल कंप्यूटर्स से समय और संसाधनों की दृष्टि से संभव नहीं है। क्वांटम कंप्यूटिंग के व्यावहारिक अनुप्रयोगों में कई क्षेत्र शामिल हैं, जैसे डेटा एनालिटिक्स, वित्तीय मॉडेलिंग, क्रिप्टोग्राफी, और दण्डित अभिव्यक्ति।

कई कंपनियां क्वांटम कंप्यूटिंग के उपयोग के लिए अनुसंधान और विकास में जुटी हुई हैं। उदाहरण के लिए, डब्ल्यूएचओ, गू"
200,सौर ऊर्जा के नवीनतम विकास,"सौर ऊर्जा वर्तमान में एक तेजी से विकसित हो रहा और लोकप्रिय होता जा रहा है। यह साफ और अनगिनत ऊर्जा स्रोत है जो जीवन को संभालेगा और पर्यावरण को बचाएगा।

नवीनतम विकासों में, सौर पैनल और सौर ऊर्जा संयंत्रों की तकनीक सुधारी गई है। नए और उन्नत सौर पैनल अब पिछले से अधिक ऊर्जा उत्पन्न कर सकते हैं और जीवनकाल भी अधिक हो गया है। साथ ही, इन सौर पैनलों की मैटीरियल्स में भी सुधार की गई है जिससे उनकी तकनीकी निरीक्षण और अनुरक्षण की क्षमता बढ़ी है।

सौर ऊर्जा संयंत्रों के लिए नए डिज़ाइन और तकनीकी प्रगति भी की जा रह"
198,वर्चुअल रियलिटी में नवीनतम रुझान,"वर्चुअल रियलिटी (Virtual Reality) एक गहरे तकनीकी क्षेत्र है जिसमें प्रयोक्ता को वास्तविकता से भिन्न मानकर एक वर्चुअल या कल्पित वातावरण में ले जाता है। इस तकनीक का उपयोग खेल, शिक्षा, चिकित्सा और व्यवसायिक क्षेत्रों में किया जा रहा है।

नवीनतम रुझान में, वर्चुअल रियलिटी का उपयोग मनोरंजन और शिक्षा के क्षेत्र में बढ़ रहा है। विभिन्न कंपनियाँ और विद्यालय इस तकनीक का उपयोग करके नए और रोचक अनुभव प्रदान कर रहे हैं। इसके साथ ही, वर्चुअल रियलिटी का उपयोग चिकित्सा क्षेत्र में रोचक प्रयोगों के लिए भी हो रहा है। डाक्टर्स वर"
201,डिजिटल मुद्राओं की सुरक्षा चुनौतियाँ,"आजकल डिजिटल मुद्राओं का उपयोग बढ़ रहा है और इसके साथ ही उनकी सुरक्षा की चिंता भी बढ़ रही है। डिजिटल मुद्राएं किसी भी ऑनलाइन आकाउंट में स्टोर की जाती हैं और इसके लिए कई तरह की सुरक्षा उपाय अपनाए जा सकते हैं।

पहले चुनौती यह है कि ऑनलाइन विपरीत गतिविधियों से डिजिटल मुद्राएं हैक हो सकती हैं। इसके लिए सुरक्षित पासवर्ड, टू-फैक्टर ऑथेंटिकेशन इत्यादि उपाय अपनाने चाहिए।

दूसरी चुनौती यह है कि डिजिटल मुद्राएं चोरी हो सकती हैं। इससे बचने के लिए सुरक्षित नेटवर्क का उपयोग करना चाहिए और केवल विश्वसनीय स्त्रोत से मु"
202,वर्चुअल रियलिटी में नवीनतम रुझान,"वर्चुअल रियलिटी (Virtual Reality) एक तकनीकी उपकरण है जिसका उपयोग कंप्यूटर तकनीक के माध्यम से वास्तविकता को सिमुलेट करने के लिए किया जाता है। ऐसे में वर्चुअल रियलिटी को एक नया रुझान माना जा रहा है जो विभिन्न क्षेत्रों में अपना व्यापक उपयोग कर रहा है।

पहले तो, विद्युतीय खेलों में वर्चुअल रियलिटी का उपयोग बढ़ रहा है। लोग अब रियलिटी से भिन्न जगहों पर खेल खेलने का आनंद ले रहे हैं। इसके अलावा, वर्चुअल रियलिटी का उपयोग मेडिकल फील्ड में भी किया जा रहा है। डॉक्टर्स और चिकित्सा कर्मचारियों को वर्चुअल सिमुलेशन के म"
203,इंटरनेट ऑफ़ थिंग्स (IoT) और स्मार्ट सिटी,"आधुनिक तकनीकी युग में, इंटरनेट ऑफ़ थिंग्स (IoT) और स्मार्ट सिटी दोनों ही बहुत महत्वपूर्ण विषय हैं। IoT के माध्यम से विभिन्न डिवाइस और सेंसर्स इंटरनेट के माध्यम से जुड़ जाते हैं और एक डेटा नेटवर्क के माध्यम से जानकारी साझा कर सकते हैं। स्मार्ट सिटी इस IoT के अपने अनुप्रयोगों का उपयोग करके शहरी जीवन को सुधारने की दिशा में कदम बढ़ा रही है। 

स्मार्ट सिटी तकनीक के उपयोग से शहरों में रहने वाले लोगों के जीवन को सुविधाजनक बनाने का मुद्दा है। यह तकनीक शहरी सेवाओं, जैसे कि पानी की आपूर्ति, विज्ञान, परिवहन, सुरक्षा, और ऊर्जा"
204,कृत्रिम बुद्धिमत्ता का उपयोग साइबर सुरक्षा में,"कृत्रिम बुद्धिमत्ता या Artificial Intelligence (AI) एक ऐसी तकनीक है जो मानव बुद्धिमत्ता को मॉडल करती है और सिस्टमों को स्वयं निर्णय लेने और समस्याओं का समाधान करने की क्षमता प्रदान करती है। साइबर सुरक्षा के क्षेत्र में, कृत्रिम बुद्धिमत्ता एक महत्वपूर्ण भूमिका निभाती है।

कृत्रिम बुद्धिमत्ता के उपयोग से साइबर सुरक्षा क्षेत्र में कई तरह की सुविधाएं मिलती हैं। इसके जरिए सुरक्षा प्रणालियों में और अधिक प्रभावी और सुरक्षित तरीके से निर्णय लिए जा सकते हैं। कृत्रिम बुद्धिमत्ता अल्गोरिदम्स का उपयोग करके साइबर हमलों को पहचानने और रोकने में मदद कर सकत"
205,सौर ऊर्जा के नवीनतम विकास,"सौर ऊर्जा एक अद्भुत और अनगिनत संभावनाओं वाली ऊर्जा स्रोत है जो हमारे प्राकृतिक वातावरण को हानि पहुंचाए बिना हमें ऊर्जा प्रदान कर सकती है। सौर ऊर्जा का नवीनतम विकास तकनीकी और अनुसंधान के क्षेत्र में बहुत तेजी से हो रहा है। नवीनतम प्रौद्योगिकियों के साथ, सौर ऊर्जा को संभावित और अधिक सक्रिय बनाने के लिए कई उत्कृष्ट और प्रभावी तरीके विकसित किए गए हैं।

एक सौर पैनल जो सूर्य के प्रकाश को ऊर्जा में परिवर्तित करता है, एक प्रमुख सौर ऊर्जा तकनीक है। नवीनतम पैनल तकनीक ने पैनल की क्षमता और प्रदर्शन को बढ़ा दिया है, जिससे लो"
206,रोबोटिक्स का विकास और उसके अनुप्रयोग,"रोबोटिक्स एक ऐसा क्षेत्र है जिसमें विज्ञान, इंजीनियरिंग और तकनीकी ज्ञान का संगम है। यह एक ऐसी विज्ञान शाखा है जो रोबोटों के निर्माण, उनके नियंत्रण और उनके कार्यों के अध्ययन के लिए जिम्मेदार है। रोबोटिक्स के विकास में विभिन्न तकनीकी उत्पादों और उनके अनुप्रयोगों में क्रांति आई है।

रोबोटिक्स का विकास निरंतर हो रहा है और इसकी तकनीकी उपयोगिता भी बढ़ती जा रही है। रोबोट्स अब विभिन्न क्षेत्रों में उपयोग हो रहे हैं, जैसे कि विनिर्माण, स्वास्थ्य, औद्योगिक, और आकाशीय अनुसंधान। इन रोबोट्स ने म"
207,प्लास्टिक प्रदूषण कम करने की नई विधियाँ,"प्लास्टिक प्रदूषण एक महत्वपूर्ण मुद्दा है जिसे हमें समय रहते हल करना आवश्यक है। प्लास्टिक की उपयोगिता के बावजूद, इसका अधिक उपयोग और अनियमित व्यवस्था पर्यावरण के लिए हानिकारक हो रहा है। इस समस्या का समाधान निम्नलिखित विधियों से किया जा सकता है:

1. एकीकरण: प्लास्टिक के उत्पादन और उपयोग में सुधार करने के लिए एकीकरण की जरूरत है। बायोडिग्रेडेबल प्लास्टिक का प्रयोग बढ़ाना और प्लास्टिक की पुन: प्रयोगिता को बढ़ाने के उपाय खोजने चाहिए।

2. जन सहभागिता: जनता को प्लास्टिक प्रदूषण के बारे में जागरूक करना और जनता"
208,सौर ऊर्जा के नवीनतम विकास,"सौर ऊर्जा एक प्राकृतिक स्रोत है जो हमें बिना किसी प्रदूषण के ऊर्जा प्रदान करता है। इसका उपयोग हम बिजली उत्पादन, गर्मी का उत्पादन और उष्मीय ऊर्जा के लिए कर सकते हैं। सौर ऊर्जा के विकास में नवीनतम प्रौद्योगिकी और अनुसंधान का एक महत्वपूर्ण भूमिका है।

नवीनतम विकास में, सौर पैनलों की प्रदर्शन क्षमता में महत्वपूर्ण सुधार हुआ है। नए पैनल अब अधिक से अधिक सूर्य किरणों को ऊर्जा में परिणामीत करने की क्षमता रखते हैं। इसके अतिरिक्त, नए पैनल अब अधिक संवेदनशील हो गए हैं और अविरल भूमियों पर भी स्थापित किए जा सकते ह"
209,क्वांटम कंप्यूटिंग की व्यावहारिक अनुप्रयोग,"क्वांटम कंप्यूटिंग एक नई तकनीक है जो कंप्यूटर साइंस की दुनिया में एक बड़ी क्रांति ला सकती है। इसका उद्देश्य विशेष रूप से ऐसे गणना समस्याओं का समाधान करना है जिनके लिए वर्तमान कम्प्यूटरों को कई वर्ष लग जाते हैं।

क्वांटम कंप्यूटिंग का एक अद्वितीय विशेषता यह है कि यह क्वांटम बिट्स या क्यूबिट्स का उपयोग करता है जो क्लासिकल बिट्स से अलग हैं। क्लासिकल बिट्स 0 और 1 की दो संभावनाओं का उपयोग करते हैं, जबकि क्यूबिट्स 0, 1 या दोनों की स्थिति में हो सकते हैं। इसके कारण, क्वांटम कंप्यूटर एक ही समय में कई व"
210,वन्यजीव संरक्षण में तकनीक का उपयोग,"वन्यजीव संरक्षण एक महत्वपूर्ण कार्य है जिसमें तकनीक का अहम योगदान है। तकनीक ने वन्यजीव संरक्षण को सुगम और प्रभावी बनाने में मदद की है। यहां कुछ तकनीकी उपायों का वर्णन किया गया है जो वन्यजीव संरक्षण में महत्वपूर्ण भूमिका निभाते हैं।

1. रेडियो कॉलर्स: यह उपकरण वन्यजीवों की गतिविधियों का ट्रैकिंग करने में मदद करता है और उनकी स्थिति का संचार करता है।

2. गिप्सी टैगिंग: गिप्सी टैगिंग वायरलेस टैग उपयोग करता है जो वन्यजीवों की गतिविधियों को ट्रैक करने में मदद करता है।

3. थर्मल इमेजिंग: थर्म"
212,क्वांटम कंप्यूटिंग की व्यावहारिक अनुप्रयोग,"क्वांटम कंप्यूटिंग एक उभयानुप्रयोगी तकनीक है जिसमें क्वांटम तंत्र का उपयोग करते हैं। यह तकनीक मानव सोच की सीमाओं को पार करने का वादा करती है। क्वांटम कंप्यूटर अद्वितीय गुणों का उपयोग करके एकाधिक संभावनाओं का समाधान कर सकते हैं जो क्लासिकल कंप्यूटरों से संभावित नहीं है।

क्वांटम कंप्यूटिंग के कई व्यावहारिक अनुप्रयोग हैं जो विभिन्न क्षेत्रों में उपयोग किए जा रहे हैं। इनमें से कुछ मुख्य अनुप्रयोग निम्नलिखित हैं:

1. दर्शकता: क्वांटम कंप्यूटिंग का उपयोग नई जेनरेशन के अद्वितीय दर्शकता के विकास में क"
211,सतत विकास की नई रणनीतियाँ,"सतत विकास की नई रणनीतियों का महत्व और आवश्यकता आज के समय में बढ़ चुकी है। तकनीकी उन्नति और विज्ञान के क्षेत्र में तेजी से बदलाव हो रहा है और इसके साथ ही समाज और अर्थव्यवस्था में भी नए दृष्टिकोण आ रहे हैं।

विकास की नई रणनीतियाँ कई दिशाओं से उपयोगी हैं। पहले, ये नई रणनीतियाँ अधिक उदार और समानता को बढ़ावा देती हैं। इनका मुख्य लक्ष्य समृद्धि को सभी तक पहुंचाना है, न केवल कुछ विशेष वर्गों या क्षेत्रों में। दूसरे, ये रणनीतियाँ उद्यमिता और नए आइडियों को प्रोत्साहित करती हैं। नए तकनीकी उत्पाद"
213,वन्यजीव संरक्षण में तकनीक का उपयोग,"वन्यजीव संरक्षण एक महत्वपूर्ण मुद्दा है जो हमारी प्राकृतिक संसाधनों की रक्षा के लिए जरूरी है। तकनीक का उपयोग वन्यजीव संरक्षण में एक महत्वपूर्ण भूमिका निभाता है।

तकनीक का उपयोग वन्यजीव संरक्षण में विभिन्न क्षेत्रों में किया जाता है। एक तकनीकी उपाय वन्यजीव संरक्षण के लिए जीवनकल्याणकारी तकनीक प्रणालियों का उपयोग करना है जो वन्यजीवों के संरक्षण और संरक्षण की प्रक्रिया को सुगम और प्रभावी बनाती है। 

तकनीकी उपाय के माध्यम से जैवविविधता के लिए सुरक्षित और स्थायी आवास क्षेत्रों का निर्माण किया जा सकता है, जिससे"
214,कृत्रिम बुद्धिमत्ता का उपयोग साइबर सुरक्षा में,"कृत्रिम बुद्धिमत्ता (Artificial Intelligence) एक ऐसी तकनीक है जिसमें मशीन और कंप्यूटर प्रोग्रामिंग का उपयोग करके मानव जैसी बुद्धिमत्ता को प्राप्त करती है। आजकल साइबर सुरक्षा (Cyber Security) में भी कृत्रिम बुद्धिमत्ता का उपयोग किया जा रहा है।

कंप्यूटर और इंटरनेट के उपयोग से साइबर हमलों की गणना बढ़ गई है, जिससे संग्रहण, संज्ञानात्मक और सुरक्षित जानकारी को खतरा है। इस समस्या का समाधान करने के लिए, कृत्रिम बुद्धिमत्ता का उपयोग साइबर सुरक्षा में कई तरह के कार्यों के लिए किया जा रहा है।

कृत्रिम बुद्धिमत्ता की मदद से साइबर सुरक्षा में उत्पत"
215,सौर ऊर्जा के नवीनतम विकास,"सौर ऊर्जा एक प्राकृतिक स्रोत है जो हमें साफ, असीमित और निःशुल्क ऊर्जा प्रदान करता है। सौर ऊर्जा के विकास में वैज्ञानिक और तकनीकी उन्नतियों ने महत्वपूर्ण भूमिका निभाई है।

सौर ऊर्जा के नवीनतम विकास की बात करें तो सोलर पैनल्स एक महत्वपूर्ण क्षेत्र हैं। नए पीठों के विकास से सोलर पैनल्स की क्षमता और प्रदर्शन में सुधार हुआ है। अब सोलर पैनल्स अधिक समय तक चल सकते हैं और अधिक ऊर्जा उत्पन्न कर सकते हैं।

इसके अतिरिक्त, सौर ऊर्जा के भंडारण में भी नए विकल्प विकसित हो रहे हैं। अब बैटरी स्टोरेज तकनीक भी विकसित हो रही"
217,सौर ऊर्जा के नवीनतम विकास,"सौर ऊर्जा एक प्राकृतिक स्त्रोत है जो समायोजित और अनगिनत रूप से प्रदान किया जा रहा है। इसका उपयोग ऊर्जा संक्रियाओं के लिए किया जा सकता है, जैसे कि बिजली उत्पादन, उष्मीय कार्यों के लिए गर्मी का उत्पादन, और जल सफाई।

सौर ऊर्जा के नवीनतम विकास में तकनीकी और विज्ञानात्मक अविष्कारों का महत्वपूर्ण योगदान है। सौर ऊर्जा के उत्पादन में वृद्धि के लिए सौर पैनल, सौर उर्जा संयंत्र, और उच्च प्रदर्शन सूर्य ऊर्जा को सहेजने वाली तकनीकों का उपयोग किया जा रहा है।

एक और महत्वपूर्ण विकास एक्सट्रा लाइट सौर पैनल हैं, जो कम"
216,सतत विकास की नई रणनीतियाँ,"आधुनिक तकनीकी उत्थान ने नई रणनीतियों के उत्थान का मार्ग प्रशस्त किया है जो सतत विकास को संभव बनाते हैं। यह नई रणनीतियाँ तकनीकी क्षमताओं को बढ़ाने, कार्य प्रक्रियाओं को सुधारने और समस्याओं का समाधान करने में मदद करती हैं।

पहली रणनीति है 'एजाइल डेवलपमेंट'। इसमें तकनीकी टीमें छोटे-छोटे भागों में काम करती हैं, जिन्हें संघटित रूप से संगठित किया जाता है। यह रणनीति तेजी से परिणाम प्रदान करती है और उद्यमिता को संभव बनाती है।

दूसरी रणनीति है 'कंटेनराइजेशन'। इसमें सॉफ्टवेयर को एक इकाई में पैक किया जाता ह"
218,प्लास्टिक प्रदूषण कम करने की नई विधियाँ,"प्लास्टिक प्रदूषण एक महत्वपूर्ण मुद्दा है जिसका सामाजिक और पर्यावरणीय पहलू है। विश्व स्वास्थ्य संगठन के अनुसार, प्लास्टिक का उपयोग ऐसी समस्याओं का कारण बनता है जैसे कि जलवायु परिवर्तन, जैव विविधता कमी और जलवायु अनियंत्रितता।

प्लास्टिक प्रदूषण को कम करने के लिए कुछ नई विधियाँ निम्नलिखित हैं:

1. **बायोडिग्रेडेबल प्लास्टिक का उपयोग**: बायोडिग्रेडेबल प्लास्टिक ऐसा प्लास्टिक है जो प्राकृतिक रूप से टूट जाता है और पर्यावरण में कोई हानि नहीं पहुंचाता।

2. **प्लास्टिक पुनर्चक्रण**: प्लास्टिक की पुनर्चक्रण तकनीकें विकस"
219,ब्लॉकचेन प्रौद्योगिकी का भविष्य,"ब्लॉकचेन प्रौद्योगिकी एक विशेष प्रकार की तकनीक है जो जानकारी को सुरक्षित ढंग से संग्रहित करने की क्षमता रखती है। ब्लॉकचेन का उपयोग पहले सिर्फ क्रिप्टोकरेंसी के लिए हुआ था, लेकिन अब यह विभिन्न क्षेत्रों में उपयोग किया जा रहा है जैसे कि वित्तीय सेवाएं, स्वास्थ्य देखभाल, लैंड रिजिस्ट्री, और अन्य कई क्षेत्र।

ब्लॉकचेन प्रौद्योगिकी का भविष्य बहुत उज्जवल है। इसके उपयोग से विभिन्न क्षेत्रों में नए संभावनाएं खुल रही हैं जो पहले संभावित नहीं थीं। ब्लॉकचेन से डेटा सुरक्षित और विश्वसनीय बनाया जा सकता है, ज"
221,सतत विकास की नई रणनीतियाँ,"सतत विकास के लिए नई रणनीतियाँ अत्यंत महत्वपूर्ण हैं। विकास की दिशा में प्रगति करने के लिए हमें नए और सुधारित उपायों की ओर ध्यान देने की आवश्यकता है। यहाँ कुछ नई रणनीतियाँ हैं जो सतत विकास को बढ़ावा देने में मदद कर सकती हैं:

1. सामाजिक और आर्थिक समांतर विकास: सतत विकास के लिए हमें सामाजिक और आर्थिक समांतर को ध्यान में रखना होगा। विकास के क्षेत्र में समानता और समरसता को बढ़ावा देना जरुरी है।

2. प्रौद्योगिकी और डिजिटलीकरण: तकनीकी उन्नति और डिजिटलीकरण को बढ़ावा देना विकास के लिए अत्यंत महत्वपूर्ण है। इससे म"
220,रोबोटिक्स का विकास और उसके अनुप्रयोग,"रोबोटिक्स विज्ञान एक ऐसा क्षेत्र है जिसमें विभिन्न तकनीकी यंत्रों और सॉफ़्टवेयर का उपयोग करके स्वचालित मशीनों का निर्माण और उन्हें कार्य करने की क्षमता दी जाती है। रोबोटिक्स का विकास विज्ञान, इंजीनियरिंग, और कंप्यूटर विज्ञान के क्षेत्रों के साथ-साथ जुड़ा है। आधुनिक रोबोटिक्स विज्ञान ने इंसानों के जीवन को कई तरीकों से सुधारा है, जैसे कि विनिमय तंत्रों में सुधार, स्वास्थ्य सेवाओं में सुधार, और खतरनाक कार्यों के लिए रोबोट का उपयोग।

रोबोटिक्स के उपयोग क्षेत्र अत्यधिक हैं। वाणिज्यिक उद्देश्यों के"
223,ब्लॉकचेन प्रौद्योगिकी का भविष्य,"ब्लॉकचेन प्रौद्योगिकी एक विशेष प्रकार की डिजिटल लेडजर प्रणाली है जिसमें डेटा को एक सुरक्षित ढंग से संग्रहित और प्रबंधित किया जाता है। यह प्रौद्योगिकी पहले से ही क्रिप्टोकरेंसी के लिए जानी जाती थी, लेकिन अब इसका उपयोग विभिन्न क्षेत्रों में बढ़ रहा है।

ब्लॉकचेन प्रौद्योगिकी का भविष्य बहुत उज्ज्वल और व्यापक है। यह कुछ क्षेत्रों में निम्नलिखित प्रभाव डाल सकता है:

1. वित्तीय सेवाएं: ब्लॉकचेन सिस्टम प्रदानकर्ताओं और उपभोक्ताओं के बीच सुरक्षित और निर्दलीय लेन-देन को सुनिश्चित कर सकता है।

2. स्थायी आवास: ब्ल"
222,वर्चुअल रियलिटी में नवीनतम रुझान,"वर्चुअल रियलिटी एक उपयोगशील तकनीक है जो हमें एक वास्तविकता से भिन्न लेकिन अनुभव साझा करने की सुविधा प्रदान करती है। यह तकनीक निम्नलिखित क्षेत्रों में बदलाव ला रही है:

1. वीडियो गेम्स: वर्चुअल रियलिटी ने वीडियो गेम्स के अनुभव को एक नया आयाम दिया है। खिलाड़ियों को अपने पसंदीदा खेलों में समाहित करने के लिए वास्तविकता के करीब पहुंचाया जा रहा है।

2. शिक्षा: वर्चुअल रियलिटी शिक्षा के क्षेत्र में भी महत्वपूर्ण योगदान दे रही है। छात्रों को अधिक शिक्षा और प्रैक्टिकल अनुभव प्रदान करने के लिए वर्चुअल रिय"
224,ब्लॉकचेन प्रौद्योगिकी का भविष्य,"ब्लॉकचेन प्रौद्योगिकी एक नवाचारी तकनीक है जिसने समाज में व्यापक प्रभाव डाला है। यह तकनीक एक सुरक्षित, पारदर्शी और स्वयं संगठित डिजिटल रेकर्ड का नेटवर्क है जिसमें ट्रांजैक्शन जानकारी संग्रहित और सत्यापित की जाती है। ब्लॉकचेन के उपयोग से डेटा बदलाव का पता लगाना आसान हो गया है और इससे अधिक बेहतर सुरक्षा भी प्राप्त हो रही है।

ब्लॉकचेन प्रौद्योगिकी का भविष्य बहुत उज्जवल है। इस तकनीक का उपयोग विभिन्न क्षेत्रों में हो रहा है, जैसे वित्तीय सेवाएं, स्वास्थ्य सेवाएं, सरकारी व्यवस्थाएं, संगठनों और बह"
225,रोबोटिक्स का विकास और उसके अनुप्रयोग,"रोबोटिक्स एक ऐसा क्षेत्र है जिसमें विज्ञान, इंजीनियरिंग, और तकनीकी ज्ञान का समावेश होता है जिसका उद्देश्य स्वचालित मशीनों या रोबोटों का निर्माण, प्रोग्रामिंग, और उन्हें उपयोग में लाना है। रोबोटिक्स का विकास विभिन्न क्षेत्रों में उपयोगी है और इसका विस्तार निरंतर हो रहा है।

रोबोटिक्स के विकास के कुछ मुख्य कारणों में से एक हैं तकनीकी उन्नति। नए संयंत्र और सेंसर्स की तकनीकी उन्नति ने रोबोटिक्स के क्षेत्र में नए अवसर खोले हैं। उदाहरण के लिए, उच्च गति इंटरनेट कनेक्शन और कंप्यूटिंग शक्ति के विकास ने"
226,वर्चुअल रियलिटी में नवीनतम रुझान,"वर्चुअल रियलिटी (Virtual Reality) एक उपयोगकर्ता अनुभव है जिसमें व्यक्ति एक वास्तविकता से अलग दुनिया में समाहित होता है। यह तकनीक विभिन्न क्षेत्रों में उपयोग किया जा रहा है, जैसे व्यावसायिक उपयोग, शिक्षा, मनोरंजन, सेना, स्वास्थ्य और अन्य।

नवीनतम रुझानों में से एक है वर्चुअल रियलिटी के लिए बेहतर गतिविधि और गहन अनुभव उपलब्ध कराने वाले हेडसेट्स और कंट्रोलर्स का विकास। नए और उन्नत हेडसेट्स और कंट्रोलर्स उपयोगकर्ताओं को अधिक सटीकता, बेहतर गतिविधि का अनुभव और अधिक समृद्ध वर्चुअल वास्तविकता उपहारित करते हैं"
227,वन्यजीव संरक्षण में तकनीक का उपयोग,"वन्यजीव संरक्षण में तकनीक का महत्वपूर्ण योगदान है। आधुनिक तकनीकी उपकरणों का उपयोग करके वन्यजीव संरक्षण कार्यक्रमों को सुचारू और प्रभावी बनाया जा सकता है। तकनीकी उपकरणों का उपयोग जैव विविधता की गणना, मॉनिटरिंग, ट्रैकिंग, और संरक्षण कार्यों के लिए जरूरी होता है।

जैव विविधता की गणना में ग्लोबल पोजीशनिंग सिस्टम (GPS) का उपयोग किया जाता है। यह वन्यजीवों की स्थान, चलन, और संभावित क्षेत्रों का मापन करने में मदद करता है। इसके अलावा, ट्रैकिंग कॉलर्स और रेडियो कॉलर्स का उपयोग वन्यजीवों के गतिविध"
229,कृत्रिम बुद्धिमत्ता का उपयोग साइबर सुरक्षा में,"कृत्रिम बुद्धिमत्ता या Artificial Intelligence (AI) एक तकनीकी उपकरण है जो मानव बुद्धिमत्ता के कार्यों को मिमिक करने के लिए डिज़ाइन किया गया है। आजकल, AI साइबर सुरक्षा क्षेत्र में एक महत्वपूर्ण भूमिका निभा रहा है।

साइबर हमलों और उनके निवारण के लिए AI का उपयोग कई तरीकों से किया जा सकता है। एक तरीका है व्यवहारी विश्लेषण, जिसमें AI सिस्टम अव्यवहारिक या संदिग्ध गतिविधियों को आगाह कर सकता है। इसके अलावा, AI सिस्टम नेटवर्क के भीतर लक्षित हमलों को पहचानने और उन्हें रोकने में मदद कर सकता है।

AI के उपयोग से सुरक्षा स्तर भी बढ़ जाता है। यह त"
228,सतत विकास की नई रणनीतियाँ,"सतत विकास एक अविभाज्य अंश है जो समृद्धि और समाजिक उन्नति के लिए आवश्यक है। विकास के लिए नई रणनीतियाँ धीरज से बनाना और अमल में लाना आवश्यक है। इस प्रकार की रणनीतियाँ विकास की गति को तेज कर सकती हैं और समृद्धि की दिशा में नए मापदंड स्थापित करने में मदद कर सकती हैं।

आज की दुनिया में डिजिटलीकरण और तकनीकी उन्नति का महत्वाकांक्षी निर्माण है। इसलिए, विकास की रणनीतियों में तकनीकी उन्नति को महत्वपूर्ण स्थान देना चाहिए। डिजिटल शिक्षा, ई-व्यापार, ई-सेवाएं आदि क्षेत्रों में नवाचारिक उपायों का उपयोग करना चाहिए"
230,क्वांटम कंप्यूटिंग की व्यावहारिक अनुप्रयोग,"क्वांटम कंप्यूटिंग एक नई तकनीक है जो कंप्यूटिंग क्षेत्र में एक बड़ा उतार-चढ़ाव ला रही है। यह तकनीक क्वांटम मैकेनिक्स के सिद्धांतों पर आधारित है जिससे शक्तिशाली और गतिशील कंप्यूटर तैयार किए जा रहे हैं।

क्वांटम कंप्यूटिंग के अनेक व्यावहारिक अनुप्रयोग हैं जो विभिन्न क्षेत्रों में उपयोगी हैं। यह कंप्यूटिंग क्षमता में वृद्धि करने के साथ-साथ बहुत सारे संभावित अनुप्रयोग भी हैं।

क्वांटम कंप्यूटिंग के व्यावहारिक अनुप्रयोगों में सबसे महत्वपूर्ण शामिल हैं:
1. भूल शोध: इस अनुप्रयोग से भूल क"
232,वन्यजीव संरक्षण में तकनीक का उपयोग,"वन्यजीव संरक्षण एक महत्वपूर्ण क्षेत्र है जिसका मुख्य उद्देश्य प्राकृतिक संसाधनों और वन्यजीवों की सुरक्षा करना है। तकनीक इस क्षेत्र में एक महत्वपूर्ण भूमिका निभाती है जिससे वन्यजीवों की रक्षा और प्रबंधन की प्रक्रिया में सुधार किया जा सकता है।

तकनीकी उपकरण जैसे ड्रोन, सेंसर्स, जैविक चिप्स, ग्पस ट्रैकिंग, वीआर, और एआई सिस्टम वन्यजीव संरक्षण के क्षेत्र में उपयोग किए जा रहे हैं। उनके उपयोग से वन्यजीवों की गतिविधियों को मानकर, उनके संरक्षण की प्रक्रिया में सुधार किया जा सकता है। उनके माध्यम से वन्यजीवों की आव"
234,इंटरनेट ऑफ़ थिंग्स (IoT) और स्मार्ट सिटी,"आज की दुनिया में तकनीकी विकास की रफ़्तार इतनी तेज है कि हमें अब स्मार्ट सिटी की दिशा में ध्यान देने की आवश्यकता है। स्मार्ट सिटी एक ऐसी शहरी व्यवस्था को कहा जाता है जिसमें इंटरनेट ऑफ़ थिंग्स (IoT) की मदद से एक व्यवस्थित और सुरक्षित परिसर तैयार किया जाता है।

IoT और स्मार्ट सिटी के बीच गहरा संबंध है। IoT द्वारा उपकरणों और उपकरणों को इंटरनेट के माध्यम से एक साथ कनेक्ट किया जाता है, जो सिटी के विभिन्न क्षेत्रों में जानकारी संग्रहित करते हैं। इसके परिणामस्वरूप स्मार्ट सिटी के विभिन्न पहलुओं में सुधार होता है, जैसे कि परिवह"
233,सौर ऊर्जा के नवीनतम विकास,"सौर ऊर्जा एक स्वच्छ, असीमित और अन्य स्थानीय स्रोत है जिसका उपयोग जल, बिजली और गर्मी के लिए किया जा सकता है। सौर ऊर्जा के उत्पादन में विविधता है, जो इसे आकर्षक विकल्प बनाती है।

नवीनतम सौर ऊर्जा संयंत्र और प्रौद्योगिकियों में कई नवाचार हो रहे हैं। उदाहरण के लिए, बायोफोटोवोल्टेक्स और कॉन्सेंट्रेटेड सोलर पावर सिस्टम जैसे सुधार किए गए सौर पैनल विकसित किए जा रहे हैं। ये उत्पादन को बढ़ावा देने के साथ ही ऊर्जा की अधिक संचयन और उपयोगिता को भी बढ़ाते हैं।

सौर ऊर्जा के उत्पादन में रोजगार की संभावनाएं"
231,ब्लॉकचेन प्रौद्योगिकी का भविष्य,"ब्लॉकचेन प्रौद्योगिकी एक उभयस्थित प्रौद्योगिकी है जिसने डिजिटल मुद्रा, स्मार्ट कॉन्ट्रैक्ट्स, डेसेंट्रलाइज्ड एप्लीकेशन और डिजिटल वोटिंग जैसे क्षेत्रों में क्रांति ला दी है। ब्लॉकचेन की विशेषता यह है कि इसमें डेटा को सुरक्षित रखा जाता है, जिसे हैक या बदला नहीं जा सकता। 

भविष्य में, ब्लॉकचेन प्रौद्योगिकी का उपयोग कई और क्षेत्रों में बढ़ेगा। डिजिटल वित्त, स्वास्थ्य देखभाल, लॉगिस्टिक्स, सरकारी सेवाएं और वोटिंग के चुनावों में ब्लॉकचेन का उपयोग बढ़ेगा। इसके साथ ही, ब्लॉकचेन प्रौद्योग"
236,रोबोटिक्स का विकास और उसके अनुप्रयोग,"रोबोटिक्स एक विज्ञान क्षेत्र है जो रोबोट और संबंधित सिस्टमों के डिज़ाइन, निर्माण, चालन और उपयोग के संबंध में काम करता है। रोबोटिक्स का उद्दीपन आविष्कार, इंजीनियरिंग, कंप्यूटर विज्ञान और अन्य विज्ञानों से होता है। यह एक अत्यंत व्यापक क्षेत्र है जो प्रौद्योगिकी और अनुसंधान के लिए अनगिनत माध्यम प्रदान करता है।

रोबोटिक्स का विकास तेजी से हो रहा है और उसके अनुप्रयोग विभिन्न क्षेत्रों में देखने को मिल रहे हैं। उदाहरण के लिए, औद्योगिक क्षेत्र में रोबोट्स का उपयोग कारखानों और उद्योगों में काम को आस"
235,कृत्रिम बुद्धिमत्ता का उपयोग साइबर सुरक्षा में,"कृत्रिम बुद्धिमत्ता (Artificial Intelligence - AI) एक विज्ञान है जिसमें मशीन और सिस्टमों को मानव समान बुद्धिमत्ता दी जाती है ताकि वे स्वयं सीख सकें, समझ सकें और समस्याएं हल कर सकें। साइबर सुरक्षा में भी AI का उपयोग बढ़ता जा रहा है।

AI की सहायता से सुरक्षा विशेषज्ञ साइबर हमलों की पहचान और उसके खिलाफ उपचार में मदद प्राप्त कर सकते हैं। AI सिस्टम नेटवर्क के गतिविधियों को मॉनिटर कर सकते हैं और असामान्य या आपदाग्रस्त गतिविधियों की पहचान कर सकते हैं। यह सुरक्षा टीम को समस्याएं तेजी से खोजने और उन्हें हल करने में मदद करता है।

AI आधारित सुरक्षा सिस्टम साइब"
238,सतत विकास की नई रणनीतियाँ,"आधुनिक तकनीकी उद्यमों के लिए सतत विकास की नई रणनीतियाँ बहुत महत्वपूर्ण हैं। इस युग में, तकनीकी क्षेत्र में तेजी से बदलाव हो रहा है और उसमें सरकार, उद्यमिता और अन्य संगठनों को नए और सुधारित रणनीतियों की आवश्यकता है।

सतत विकास के लिए कुछ महत्वपूर्ण रणनीतियाँ निम्नलिखित हैं:

1. नवाचार: नए और अनोखे विचारों को प्रोत्साहित करने वाली रणनीतियों को अपनाना चाहिए। नवाचार से ही तकनीकी उद्यमों में विकास होगा।

2. सहयोग: सरकार, उद्यमिता और अकादमिक संस्थानों के बीच सहयोग को मजबूत किया जाना चाहिए। इससे नए व"
239,प्लास्टिक प्रदूषण कम करने की नई विधियाँ,"प्लास्टिक प्रदूषण एक बड़ी समस्या है जो हमारी पृथ्वी और उसके पर्यावरण को अच्छे से नुकसान पहुंचा रही है। इस समस्या को हल करने के लिए कई नई विधियाँ और तकनीकें विकसित की जा रही हैं।

पहली तकनीक है 'बायो-प्लास्टिक्स' का उपयोग करना। ये प्लास्टिक जो कि पूरी तरह से प्राकृतिक होता है, जल, मिट्टी, या अन्य प्राकृतिक सामग्रियों से बनाया जाता है। जब ये प्लास्टिक उपयोग में लाया जाता है, तो वह प्राकृतिक तरीके से विघटित हो जाता है और पर्यावरण को कोई हानि नहीं पहुंचाता।

दूसरी तकनीक है 'प्लास्टिक रीसायकलिंग'। इसमें पुराने"
237,डिजिटल मुद्राओं की सुरक्षा चुनौतियाँ,"आजकल डिजिटल मुद्राएं बढ़ती हुई पॉपुलैरिटी के साथ हमारे दैनिक जीवन का महत्वपूर्ण हिस्सा बन गई हैं। लेकिन इसके साथ ही इसकी सुरक्षा चुनौतियों का सामना भी है। डिजिटल मुद्राओं की सुरक्षा चुनौतियों में सबसे बड़ी समस्याएं हैं ऑनलाइन धोखाधड़ी, फिशिंग और मालवेयर समेत अन्य ऑनलाइन धारकों के खिलाफ सुरक्षा।

डिजिटल मुद्राएं सुरक्षित रखने के लिए कुछ उपाय हैं जिन्हें अपनाकर आप अपने धन की सुरक्षा को बढ़ा सकते हैं। पहले, जब भी संभावना हो, प्रतिबंधित या उचित वेबसाइटों से ही व्यापार करें। दूसरे, सुरक्षित नेटवर्क का उप"
240,प्लास्टिक प्रदूषण कम करने की नई विधियाँ,"प्लास्टिक प्रदूषण एक महत्वपूर्ण वातावरणिक मुद्दा है जो हमारे पृथ्वी के लिए एक बड़ी चुनौती बन चुका है। इस समस्या को हल करने के लिए कई नई तकनीकी विधियाँ विकसित की गई हैं।

पहली बात यह है कि हमें प्लास्टिक का पुन: उपयोग करना बढ़ाना चाहिए। रीसायकलिंग की प्रक्रिया के माध्यम से हम पुराने प्लास्टिक को नए उत्पादों में पुनः उपयोग कर सकते हैं। इसके लिए सरकार को रीसायकलिंग सुविधाएँ बढ़ानी चाहिए।

दूसरी विधि है बायोडिग्रेडेबल प्लास्टिक का उपयोग करना। ये प्लास्टिक प्राकृतिक तरीके से टूट जाते हैं और पर्यावरण को कोई"
241,वर्चुअल रियलिटी में नवीनतम रुझान,"वर्चुअल रियलिटी (Virtual Reality) एक तकनीक है जिसमें एक व्यक्ति को वास्तविकता से भिन्न एक वास्तविकता के अवतरण में ले जाता है। यह तकनीक उसे एक 3D वास्तविकता जैसा महसूस कराती है जिसमें वह एक वर्चुअल या डिजिटल माध्यम के माध्यम से विचारशील रूप से घिरा होता है।

वर्चुअल रियलिटी की प्रोजेक्टसन में नवीनतम रुझानों में सबसे महत्वपूर्ण हैं:

1. वास्तविकता से अधिक समर्पितता: नवीनतम VR उपकरण और सॉफ्टवेयर मनोरंजन, शिक्षा, स्वास्थ्य और औद्योगिक क्षेत्रों में अधिक समर्पितता प्रदान करने की क्षमता लाते हैं।

2. इंटरएक्टिविटी की व"
242,ड्रोन प्रौद्योगिकी के नए उपयोग,"ड्रोन प्रौद्योगिकी ने विभिन्न क्षेत्रों में नए और रोचक उपयोग दिखाए हैं। इस तकनीक का उपयोग सिविल उड्डयन, राष्ट्रीय सुरक्षा, जलवायु विज्ञान, वन्यजीव संरक्षण, खेती, और निर्माण क्षेत्र में किया जा रहा है।

ड्रोन सिविल उड्डयन में एक महत्वपूर्ण योगदान दे रहे हैं। वे विमानों की तरह उड़कर लोगों को विभिन्न स्थानों पर आसानी से पहुंचा रहे हैं। इसके अलावा, ड्रोन विभिन्न जलवायु विज्ञानीय कार्यों में भी उपयोगी हैं, जैसे कि वायुमंडलीय अध्ययन और तापमान की मापन।

राष्ट्रीय सुरक्षा में भी ड्रोन का महत्वपूर्ण"
243,डिजिटल मुद्राओं की सुरक्षा चुनौतियाँ,"आधुनिक समय में डिजिटल मुद्राएं एक बड़ी आवश्यकता बन चुकी हैं, लेकिन इसके साथ ही उनकी सुरक्षा भी बड़ी चुनौती बनी है। डिजिटल मुद्राओं के उपयोग से लोगों को नकदी के अभाव में भुगतान करने की सुविधा मिलती है, लेकिन इसके साथ ही साइबर अपराधियों की ध्यान बनी रहती है।

डिजिटल मुद्राओं की सुरक्षा चुनौतियों में सबसे बड़ा कारण है कंप्यूटर या इंटरनेट हैकिंग। साइबर अपराधी अकारण यह जानने की कोशिश करते हैं कि किस प्रकार से किसी व्यक्ति के डिजिटल खाते में उपयोगकर्ता का गहना चोरी या धोखाधड़ी की जा सकती है। उनकी इस धार"
244,प्लास्टिक प्रदूषण कम करने की नई विधियाँ,"प्लास्टिक प्रदूषण समस्या आज समस्त विश्व में एक महत्वपूर्ण मुद्दा बन चुका है। प्लास्टिक का उपयोग हमारे जीवन में इतना गहरा हो चुका है कि इसके प्रभाव अब स्वीकार्य सीमा से पार हो गए हैं। हालांकि, हमें इस समस्या का समाधान ढूंढने के लिए नई विधियों और तकनीकों की खोज करने की आवश्यकता है।

एक उचित विकल्प प्लास्टिक प्रदूषण को कम करने के लिए बायोडिग्रेडेबल प्लास्टिक का उपयोग करना है। यह प्लास्टिक प्रक्रिया में प्राकृतिक सामग्रियों का उपयोग करता है, जिससे यह प्रदूषणमुक्त होता है। इसके अलावा, प्लास्टिक की पुन: प्रयोगिता को ब"
245,प्लास्टिक प्रदूषण कम करने की नई विधियाँ,"प्लास्टिक प्रदूषण आजकल एक महत्वपूर्ण और चिंताजनक मुद्दा बन गया है। प्लास्टिक की बहुत सी उपयोगी गुणधर्म होने के बावजूद, इसका अधिक उपयोग करने के कारण प्रकृति और मानव स्वास्थ्य पर हानिकारक प्रभाव हो रहा है। प्लास्टिक प्रदूषण को कम करने के लिए कुछ नई विधियाँ निम्नलिखित हैं:

1. **जल संचालन के लिए प्लास्टिक प्रयोग कम करना**: प्लास्टिक जल संचालन की उपकरणों में अधिक मात्रा में प्रयोग होता है। इसे कम करने के लिए विकासशील और पर्यावरण के प्रति सजग जल संचालन उपकरण विकसित करने चाहिए।

2. **प्लास्टिक की पुनर्चक्रण तकनीकें**: प्लास"
246,कृत्रिम बुद्धिमत्ता का उपयोग साइबर सुरक्षा में,"कृत्रिम बुद्धिमत्ता या आर्टिफिशियल इंटेलिजेंस (AI) एक तकनीक है जिसे मानव बुद्धिमत्ता के समान कार्य करने के लिए डिज़ाइन किया गया है। आजकल, साइबर सुरक्षा में AI का उपयोग बढ़ रहा है ताकि डेटा और सुरक्षा को बचाने के लिए एक अच्छा संरक्षण प्रणाली बनाया जा सके।

AI का उपयोग साइबर सुरक्षा में कई तरह से किया जा सकता है। एक तरह से, AI भविष्य की भविष्यवाणियों कर सकता है और अग्रिम सुरक्षा की जरूरतों को पहचान सकता है। यह विशेष रूप से संभावित हमलों की भविष्यवाणियों करने में मदद कर सकता है।

दूसरी ओर, AI सुरक्षा तंत्र को सक्षम बन"
247,ड्रोन प्रौद्योगिकी के नए उपयोग,"ड्रोन प्रौद्योगिकी ने विभिन्न क्षेत्रों में नए और रोचक उपयोग की संभावनाएं उत्पन्न की हैं। ड्रोन अब सिविल एवं सैन्य क्षेत्रों में व्यापक रूप से प्रयोग किए जा रहे हैं।

ड्रोन का प्रमुख उपयोग सुरक्षा और जांच के क्षेत्र में है। वे गहरे जंगलों, नदीयों, और अन्य क्षेत्रों में गहरी जांच कर सकते हैं और ऐसे स्थानों पर पहुंच सकते हैं जो मानवों के लिए कठिन हो। ये ड्रोन नदियों के तटों की सुरक्षा, जलवायु बदलाव की निगरानी, और वन्यजीव संरक्षण के लिए भी उपयुक्त हैं।

इसके साथ ही, ड्रोन कृषि में भी महत्वपूर्ण भूमिका निभा रह"
248,इंटरनेट ऑफ़ थिंग्स (IoT) और स्मार्ट सिटी,"आजकल तकनीकी विकास के साथ हमारे जीवन में एक नया परिवर्तन आया है, जिसे 'इंटरनेट ऑफ़ थिंग्स' (IoT) कहा जाता है। IoT से तात्कालिक रूप से सबसे बड़ा लाभ स्मार्ट सिटी में है।

स्मार्ट सिटी एक ऐसी शहरी योजना है जिसमें विभिन्न प्रौद्योगिकी का उपयोग करके शहर की सुविधाएं, सेवाएं और प्रबंधन को सुधारा जा सकता है। IoT के माध्यम से स्मार्ट सिटी में अनेक उपाय उपलब्ध होते हैं, जैसे ऊर्जा दक्षता, पारिस्थितिकी सुरक्षा, स्वच्छता और यातायात प्रबंधन।

स्मार्ट सिटी के लिए IoT की तकनीकी विशेषताएं शामिल हैं सेंसर्स, नेटवर्किंग डिवाइस, डेटा"
249,सौर ऊर्जा के नवीनतम विकास,"सौर ऊर्जा एक शीतल ऊर्जा स्रोत है जो सूर्य के ताप और प्रकाश का उपयोग करके ऊर्जा उत्पादित करती है। यह एक स्वच्छ, अनिश्चितता मुक्त और स्थायी ऊर्जा स्रोत है जो पर्यावरण को क्षति पहुंचाए बिना ऊर्जा उत्पादित करती है। सौर ऊर्जा के विकास में हमारे देश ने कई कदम उठाए हैं।

प्रधानमंत्री नरेंद्र मोदी ने 'जन आधारित सौर ऊर्जा विकास योजना' की शुरुआत की है जिसके तहत सौर ऊर्जा के प्रयोग को बढ़ावा दिया जा रहा है। सौर ऊर्जा के प्रयोग के लिए नवीनतम तकनीकी विकास किया जा रहा है जैसे कि सौर पैनल, सौर इनवर्टर, सौर बैटरी इत्याद"
250,डिजिटल मुद्राओं की सुरक्षा चुनौतियाँ,"डिजिटल मुद्राएँ आजकल बड़े पैमाने पर उपयोग की जा रही हैं, जिससे संचार और व्यापार में सुविधा हो रही है। हालांकि, डिजिटल मुद्राओं की सुरक्षा सबसे बड़ी चुनौती है। यहाँ कुछ मुख्य चुनौतियों का वर्णन है:

1. साइबर चोरी: इंटरनेट के माध्यम से किए गए लेन-देन को हैकर्स हमेशा चोरी करने की कोशिश करते हैं। इसलिए डिजिटल मुद्रा के ट्रांजैक्शन को सुरक्षित बनाए रखना महत्वपूर्ण है।

2. फिशिंग: फिशिंग के जरिए आपके व्यक्तिगत तथा वित्तीय जानकारी को चुराया जा सकता है। इसलिए नकली वेबसाइट्स और ईमेल से सावधान रहना चाहिए।

3."
251,वन्यजीव संरक्षण में तकनीक का उपयोग,"वन्यजीव संरक्षण में तकनीक का महत्वपूर्ण योगदान है। आधुनिक तकनीक वन्यजीव संरक्षण को सुचारू और प्रभावी बनाती है। इसमें अनेक प्रौद्योगिकियां शामिल हैं जो वन्यजीवों की सुरक्षा में महत्वपूर्ण भूमिका निभाती हैं।

पहले तो, तकनीकी उपकरण वन्यजीव मानव संघर्ष को कम करने में मदद करते हैं। ड्रोन, सेंसर्स और गीपीएस जैसे उपकरणों का उपयोग वन्यजीव संरक्षण क्षेत्र में वन्यजीवों की गतिविधियों का मॉनिटरिंग करने में किया जाता है। इससे वन्यजीवों की आवास स्थिति, आहार पसंदी, चाल-ढाल आदि के बारे में जानकारी मिलत"
252,वन्यजीव संरक्षण में तकनीक का उपयोग,"वन्यजीव संरक्षण में तकनीक का महत्वपूर्ण योगदान है। वन्यजीव संरक्षण एक ऐसी प्रक्रिया है जिसमें वन्यजीवों की सुरक्षा, संरक्षण और प्रबंधन की जाती है। तकनीकी उपकरण और नवाचार इस क्षेत्र में विशेष रूप से महत्वपूर्ण हैं।

एक तकनीकी उपकरण जिसे वन्यजीव संरक्षण में प्रयोग किया जाता है, वह रेडियो कॉलर है। यह उपकरण वन्यजीवों को ट्रैक करने और उनकी गतिविधियों का अध्ययन करने में मदद करता है। इसके जरिए वन्यजीवों की स्थिति का मॉनिटरिंग किया जा सकता है और उनकी सुरक्षा के लिए नए कार्यक्रम विकसित किए जा सकते हैं।

"
253,जलवायु परिवर्तन के खिलाफ नई तकनीकें,"जलवायु परिवर्तन आजकल एक बड़ी समस्या बन चुकी है और इसका सीधा असर हमारे पर्यावरण, समाज और अर्थव्यवस्था पर हो रहा है। इस समस्या को हल करने के लिए हमें नई तकनीकें तैयार करनी होंगी जो हमें जलवायु परिवर्तन के खिलाफ लड़ने में मदद करें।

एक उत्कृष्ट तकनीक है सौर ऊर्जा या सौर बिजली। सौर ऊर्जा अविकसित क्षेत्रों में उत्कृष्ट संभावनाएं प्रदान करती है और विश्वासी ऊर्जा स्रोत के रूप में उभर रही है। इस तकनीक का उपयोग करके हम विश्वासी, स्वच्छ और सस्ती ऊर्जा उत्पादन कर सकते हैं जो जलवायु परिवर्तन को कम करने में मदद करेगा"
254,कृत्रिम बुद्धिमत्ता का उपयोग साइबर सुरक्षा में,"कृत्रिम बुद्धिमत्ता या Artificial Intelligence (AI) एक तकनीकी उपकरण है जो मानव बुद्धि की तरह काम करता है। आज के समय में साइबर सुरक्षा में AI का उपयोग काफी महत्वपूर्ण है।

AI की मदद से सुरक्षा विशेषज्ञ साइबर हमलों को पहचानने और उन्हें रोकने में सक्षम होते हैं। यह स्वतंत्रता से सीखने की क्षमता रखता है और नए पैटर्न और धारणाओं को शीघ्रता से समझने में मदद करता है। AI अनुकूलन करके यह भी संभावना बनाता है कि सुरक्षा नीतियों को स्वतंत्र रूप से अपडेट किया जा सके।

इसके अतिरिक्त, AI साइबर अपराधियों के उपयोग की जानकारी भी प्राप्त कर सकता है और उनके हमलों को प"
255,इलेक्ट्रिक वाहनों की भविष्य की संभावनाएँ,"वर्तमान में जलवायु परिवर्तन एक बड़ी समस्या है और इस समस्या का समाधान करने के लिए इलेक्ट्रिक वाहनों की भूमिका बड़ी महत्वपूर्ण है। इलेक्ट्रिक वाहनों का उपयोग फोसिल ईंधन की खपत को कम करने में मददगार हो सकता है जिससे वायु प्रदूषण और ग्लोबल वार्मिंग जैसी समस्याओं का सामना किया जा सके।

इलेक्ट्रिक वाहनों की संभावनाएं बहुत उच्च हैं। नए प्रौद्योगिकी और विज्ञान के क्षेत्र में नवाचार की वजह से इलेक्ट्रिक वाहनों का उत्पादन और उपयोग दिन-प्रतिदिन बढ़ता जा रहा है। नए तकनीकी उत्पाद जैसे कि बेहतर संभावनाएं और लंबी"
256,ब्लॉकचेन प्रौद्योगिकी का भविष्य,"ब्लॉकचेन प्रौद्योगिकी एक ऐसी नवाचारिक तकनीक है जिसने विभिन्न क्षेत्रों में क्रांति ला दी है। यह तकनीक डिजिटल सूचना को सुरक्षित रखने, नकलीकरण को रोकने और संचालन को सरल बनाने में मदद करती है। ब्लॉकचेन का उपयोग वित्तीय सेवाओं, स्वास्थ्य सेवाओं, स्मार्ट संपत्ति, लिएडरशिप और अन्य क्षेत्रों में हो रहा है।

ब्लॉकचेन प्रौद्योगिकी का भविष्य बहुत उज्जवल है। यह न केवल डिजिटल सुरक्षा को मजबूत करेगा, बल्कि लोगों के बीच संचार को भी मदद पहुंचाएगा। यह तकनीक नकलीकरण की समस्या को दूर करके भ्रष्टाचार को रोकने में"
257,ब्लॉकचेन प्रौद्योगिकी का भविष्य,"ब्लॉकचेन प्रौद्योगिकी एक विपणन तकनीक है जिसने विभिन्न क्षेत्रों में एक नया क्रांति ला दिया है। यह तकनीक डिजिटल सूचना के सुरक्षित तरीके से संचयित करने और साझा करने की क्षमता प्रदान करती है। ब्लॉकचेन के मुख्य लाभों में सुरक्षित, निष्पक्ष और पारदर्शी लेनदेन शामिल हैं।

भविष्य में, ब्लॉकचेन प्रौद्योगिकी का उपयोग विभिन्न क्षेत्रों में और भी व्यापक होने की संभावना है। उदाहरण के लिए, वित्तीय सेवाओं में ब्लॉकचेन का उपयोग नेटवर्क की सुरक्षा बढ़ाने, लेन-देन की गति को तेज करने और दस्तावेजों को सुरक्षित रखने म"
259,सतत विकास की नई रणनीतियाँ,"सतत विकास की नई रणनीतियाँ

आधुनिक दुनिया में तकनीकी उन्नति ने विभिन्न क्षेत्रों में एक नयी दिशा देने के लिए संभावनाएँ बढ़ा दी है। विज्ञान और तकनीक के शानदार विकास ने समाज में सकारात्मक परिवर्तन लाने के लिए नई रणनीतियों की आवश्यकता को उजागर किया है।

एक सतत विकास की नई रणनीति के लिए आवश्यक है कि हम स्थायित्वपूर्ण और सामर्थ्यवर्धक उपाय अपनाएं। साथ ही, यह महत्वपूर्ण है कि हम सामाजिक और आर्थिक विभाजनों को कम करने के लिए नई दिशा में काम करें। इसके लिए हमें संभावनाओं का सही उपयोग करना होगा ताकि समृद्धि और सुधार क"
258,ड्रोन प्रौद्योगिकी के नए उपयोग,"ड्रोन प्रौद्योगिकी ने विभिन्न क्षेत्रों में नए और रोचक उपयोग देने का दरवाजा खोल दिया है। यह नई तकनीक न केवल नजरियों को बदल रही है, बल्कि लोगों की जीवन की गुणवत्ता भी बढ़ा रही है। यहां कुछ ऐसे उपयोग किये जा रहे हैं जो ड्रोन प्रौद्योगिकी के नए संभावनाओं को दर्शाते हैं:

1. सुरक्षा: ड्रोन सुरक्षा उपायों में एक महत्वपूर्ण भूमिका निभा रहे हैं। वे जासूसी, सीमा सुरक्षा और आपातकालीन स्थितियों में सहायक हो सकते हैं।

2. वन्यजीव संरक्षण: ड्रोन वन्यजीवों की निगरानी और संरक्षण में उपयोगी हो सकते हैं। वे जं"
260,वर्चुअल रियलिटी में नवीनतम रुझान,"वर्चुअल रियलिटी एक टेक्नोलॉजी है जो हमें एक वास्तविकता से भिन्न लेकिन अनुभव के रूप में एक नई दुनिया में ले जाती है। इसके साथ ही, वर्चुअल रियलिटी के क्षेत्र में निरंतर नए रुझान आ रहे हैं।

पहला रुझान है इमर्सिव अनुभव की बढ़ती मांग। लोग अपने दैनिक जीवन से थोड़ी देर के लिए बाहर निकलना और वर्चुअल दुनिया में डूबना चाहते हैं। इससे नए गेमिंग अनुभव तक पहुंचते हैं।

दूसरा रुझान है वास्तविकता के साथ मिलान। वर्चुअल रियलिटी के उपयोग से लोग वास्तविक जीवन में नई कौशल सीख सकते हैं, उन्ह"
261,जलवायु परिवर्तन के खिलाफ नई तकनीकें,"जलवायु परिवर्तन एक गंभीर मुद्दा है जिससे विश्व को निपटना पड़ रहा है। इस समस्या का समाधान ढेर सारी तकनीकी नवाचारों और उपायों से हो सकता है।

पहला तकनीकी उपाय है सौर ऊर्जा का उपयोग करना। सौर ऊर्जा एक प्राकृतिक स्रोत है जिसका उपयोग करके हम ऊर्जा उत्पादन कर सकते हैं और पर्यावरण को बचा सकते हैं। इसके अलावा, वायु ऊर्जा का उपयोग भी जलवायु परिवर्तन के खिलाफ एक प्रभावी तकनीक है। वायु ऊर्जा अनवांछित उत्सर्जन को कम करने में मदद करती है और हमें स्वच्छ ऊर्जा उत्पादन करने में मदद करती है।

दूसरा उपाय है हाइब्रिड वाहनों"
262,सौर ऊर्जा के नवीनतम विकास,"सौर ऊर्जा एक प्राकृतिक ऊर्जा स्रोत है जो मानवता के लिए एक सुरक्षित, साफ और असीमित संसाधन प्रदान करता है। सौर ऊर्जा का उपयोग विभिन्न प्रकार की तकनीकों द्वारा किया जाता है, जैसे सौर ऊर्जा से उत्पन्न बिजली, गर्मी और उष्मक ऊर्जा।

नवीनतम विकास के साथ, सौर ऊर्जा के क्षेत्र में कई नए और उन्नत तकनीक उपलब्ध हो गई हैं। उदाहरण के लिए, सौर पैनल टेक्नोलॉजी में वृद्धि हुई है जिससे अब पैनल की ऊर्जा उत्पादन क्षमता बढ़ गई है और वे अधिक सक्रिय हो गए हैं। साथ ही, सौर ऊर्जा के भंडारण और उपयोग के लिए बैटरी तकनीक में भी"
263,क्वांटम कंप्यूटिंग की व्यावहारिक अनुप्रयोग,"क्वांटम कंप्यूटिंग एक नई तकनीक है जो कंप्यूटर साइंस में विकेन्द्रीकृत किया जा रहा है। इसका उद्देश्य ताकतवर कंप्यूटर तकनीकों का विकास करना है जो क्वांटम प्रिन्सिपल्स का उपयोग करते हैं। इस तकनीक से क्वांटम बिट्स (क्यूबिट्स) का उपयोग किया जाता है, जो क्लासिकल बिट्स की तुलना में अधिक समर्थ होते हैं।

क्वांटम कंप्यूटिंग के व्यावहारिक अनुप्रयोगों में विभिन्न क्षेत्रों में इसका उपयोग किया जा रहा है। एक क्षेत्र में इसका उपयोग करने के तरीके में मैटेरियल डिज़ाइन, फार्मूला सोल्विंग, जेनेटिक्स, ऑप्टिमाइज़"
264,सतत विकास की नई रणनीतियाँ,"सतत विकास एक ऐसी प्रक्रिया है जिसमें समाज, अर्थव्यवस्था, प्रौद्योगिकी और अन्य क्षेत्रों में सुधार किया जाता है ताकि समृद्धि और समानता की स्थिति में सुधार हो सके। नयी रणनीतियों की आवश्यकता है ताकि हम सतत विकास के लिए एक समृद्ध और समर्थ समाज तैयार कर सकें।

पहली रणनीति है डिजिटलीकरण की बढ़ती हुई भूमिका। डिजिटल तकनीक का उपयोग करके विभिन्न क्षेत्रों में विकास को गति देने के लिए सरकारों को नवाचारी तरीके से सोचने की आवश्यकता है। इससे न केवल अधिक सुविधाएं मिलेंगी, बल्कि लोगों को नौकरी के अवसर भी मिलेंगे।

दूस"
265,डिजिटल मुद्राओं की सुरक्षा चुनौतियाँ,"आधुनिक दुनिया में डिजिटल मुद्राएं एक बढ़ती हुई धारणा बन रही हैं, जिसमें लोग विभिन्न तरीकों से ऑनलाइन भुगतान करने के लिए इन्हें पसंद कर रहे हैं। इसके साथ ही डिजिटल मुद्राओं की सुरक्षा के साथ कई चुनौतियाँ भी हैं।

पहली चुनौती है ऑनलाइन धन चोरी। कंप्यूटर हैकर्स और ऑनलाइन धन चोर व्यक्ति के डिजिटल खातों में उसकी संपत्ति को चुराने के लिए विभिन्न तकनीकों का इस्तेमाल करते हैं। इससे बचाव के लिए लोगों को सुरक्षित इंटरनेट कनेक्शन का इस्तेमाल करना चाहिए और अपने पासवर्ड को मजबूत बनाना चाहिए।

दूसरी चुनौती है आइड"
267,सतत विकास की नई रणनीतियाँ,"आधुनिक तकनीकी उत्पादों और सेवाओं की दुनिया में, सतत विकास एक महत्वपूर्ण मुद्दा बन गया है। व्यवसायों के लिए, सतत विकास का मतलब न केवल नए उत्पादों और सेवाओं का निर्माण करना है, बल्कि उन्हें सुधारना और अपग्रेड करना भी है।

विशेषकर तकनीकी क्षेत्र में, सतत विकास के लिए कुछ नई रणनीतियाँ विकसित की गई हैं। पहली रणनीति यह है कि उत्पादों और सेवाओं के लिए स्थायी और पर्याप्त विकास सुनिश्चित करने के लिए नवाचार को बढ़ावा देना। नवाचार न केवल उत्पादों की गुणवत्ता और कार्यक्षमता में सुधार करता है, बल्कि साथ ही उत्पादों की आधुन"
266,ड्रोन प्रौद्योगिकी के नए उपयोग,"ड्रोन प्रौद्योगिकी ने आधुनिक समय में अनेक क्षेत्रों में नई संभावनाएं खोल दी हैं। इसके साथ ही ड्रोन का उपयोग सिविल और सैन्य क्षेत्र दोनों में हो रहा है। यहां हम कुछ नए उपयोगों के बारे में चर्चा करेंगे।

पहले, ड्रोन का उपयोग जल संचार और नौका जलयान क्षेत्र में हो रहा है। इसका उपयोग समुद्री जीवन की निगरानी, मानसून की निगरानी, जलवायु परिवर्तन की जांच आदि में किया जा रहा है। 

दूसरे, कृषि क्षेत्र में भी ड्रोन का उपयोग हो रहा है। ड्रोन के सहायता से खेतों की निगरानी, उनकी स्वास्थ्य की जांच, उर्वरक का प्रबंधन आदि किया ज"
268,ब्लॉकचेन प्रौद्योगिकी का भविष्य,"ब्लॉकचेन प्रौद्योगिकी एक विशेष प्रकार का डिजिटल लेजर है जिसमें सूक्ष्म सूचना खंडों को एक सुरक्षित ढंग से संग्रहित किया जाता है। यह तकनीक पहले से ही क्रिप्टोकरेंसी जैसे क्षेत्रों में प्रयोग की जा रही है, लेकिन इसका उपयोग विभिन्न क्षेत्रों में तेजी से बढ़ रहा है। ब्लॉकचेन प्रौद्योगिकी के भविष्य को देखते हुए कहा जा सकता है कि यह तकनीक आने वाले वर्षों में और भी महत्वपूर्ण हो जाएगी।

ब्लॉकचेन के उपयोग से सुरक्षित लेन-देन, डेटा संकलन और अन्य क्षेत्रों में नए तरीके विकसित किए जा रहे हैं। इसका उपयोग सार्वजनिक स"
269,इंटरनेट ऑफ़ थिंग्स (IoT) और स्मार्ट सिटी,"आधुनिक तकनीक के क्षेत्र में एक नया और महत्वपूर्ण विषय है इंटरनेट ऑफ़ थिंग्स (IoT)। IoT एक प्रौद्योगिकी है जिसमें विभिन्न वस्तुएं आपस में जुड़ी होती हैं ताकि वे डेटा साझा कर सकें और स्वयं कार्रवाई कर सकें। यह तकनीक न केवल गाड़ियों और घरेलू उपकरणों में उपयोगी है, बल्कि इसका उपयोग शहरों को स्मार्ट सिटी बनाने में भी किया जा रहा है।

स्मार्ट सिटी का मतलब है एक ऐसा शहर जो इंफ्रास्ट्रक्चर, सुरक्षा, परिवहन, ऊर्जा प्रबंधन, और अन्य क्षेत्रों में तकनीकी तरीके से संचालित हो। IoT के उपयोग से ये सभी क्षेत्रों में सुधार किया जा"
270,वर्चुअल रियलिटी में नवीनतम रुझान,"वर्चुअल रियलिटी (Virtual Reality - VR) एक उपकरण है जो वास्तविकता का एक नकली संसार बनाता है जिसे एक व्यक्ति उसमें व्यापक रूप से एक्सपीरियंस कर सकता है। वर्चुअल रियलिटी के उपयोगकर्ता एक विशेष VR हेडसेट पहनते हैं जो उन्हें एक नए और अनुभव से जोड़ता है।

नवीनतम रुझानों में, VR तकनीक का उपयोग विभिन्न क्षेत्रों में बढ़ रहा है। खेलों में, VR हेडसेट का उपयोग खिलाड़ियों को अपने खेल का हिस्सा बनने का अनुभव देता है। इसके अलावा, शिक्षा के क्षेत्र में भी VR का उपयोग किया जा रहा है। छात्रों को विभिन्न विषयों को समझाने के लिए VR का उपयो"
272,इंटरनेट ऑफ़ थिंग्स (IoT) और स्मार्ट सिटी,"आजकल शहरों में एक नई और उच्च तकनीकी युग की शुरुआत हो रही है, जिसे स्मार्ट सिटी कहा जाता है। इसमें इंटरनेट ऑफ़ थिंग्स (IoT) एक महत्वपूर्ण भूमिका निभा रहा है। IoT तकनीक के जरिए विभिन्न उपकरण और संयंत्रों को आपस में जोड़कर उन्हें एक नेटवर्क के माध्यम से डेटा साझा करने की क्षमता प्राप्त होती है।

स्मार्ट सिटी में IoT का उपयोग एक प्रमुख विशेषता है, जिससे शहर की विभिन्न सेवाओं को बेहतर बनाने में मदद मिलती है। उदाहरण के लिए, ट्रैफिक मैनेजमेंट, पार्किंग नियंत्रण, प्रकाश संचार, ऊर्जा उपयोग और प्रबंधन, और जल संचार आद"
271,कृत्रिम बुद्धिमत्ता का उपयोग साइबर सुरक्षा में,"कृत्रिम बुद्धिमत्ता (Artificial Intelligence) एक तकनीक है जिसे मानव सोचने और निर्णय लेने की क्षमता से सम्बंधित कार्यों के लिए तैयार किया गया है। यह तकनीक विभिन्न क्षेत्रों में उपयोग किया जा रहा है, जैसे कि साइबर सुरक्षा। साइबर सुरक्षा एक महत्वपूर्ण क्षेत्र है जिसमें डेटा और सूचना की सुरक्षा और सुरक्षा की जिम्मेदारी है।

कृत्रिम बुद्धिमत्ता का उपयोग साइबर सुरक्षा में सुरक्षित रूप से सबसे अधिक दावों को पहचानने और नियंत्रित करने के लिए किया जा सकता है। यह तकनीक साइबर हमलों को पहचानने और रोकने में मानव समझ से भी अधिक तेजी से काम कर सकती है"
273,क्वांटम कंप्यूटिंग की व्यावहारिक अनुप्रयोग,"क्वांटम कंप्यूटिंग एक उदारनीय तकनीक है जिसमें क्वांटम मेकेनिक्स के सिद्धांतों का उपयोग किया जाता है। यह तकनीक कंप्यूटिंग क्षेत्र में एक नए दरवाजे खोलती है, जो आधुनिक समस्याओं का समाधान करने के लिए यहां तक कि शक्तिशाली एल्गोरिदम तैयार करने की संभावनाएं भी प्रदान करती है।

क्वांटम कंप्यूटर इसकी स्पेशलिटी है। यह उत्पादन की दृष्टि से बेहद महंगा और भविष्य के लिए भी अनिश्चित है। इसका उपयोग विभिन्न क्षेत्रों में किया जा सकता है, जैसे की रसायन शास्त्र, लघुता, भौतिकी, आदि।

क्वांटम कंप्यूटिंग के व्यावह"
274,वर्चुअल रियलिटी में नवीनतम रुझान,"वर्चुअल रियलिटी (Virtual Reality) एक तकनीकी उपकरण है जो हमें वास्तविकता से अलग दुनिया में ले जाता है। इसका उपयोग खेल, शिक्षा, मनोरंजन और स्वास्थ्य सेवाओं में किया जा रहा है। वर्चुअल रियलिटी के क्षेत्र में कुछ नवीनतम रुझान हैं:

1. मिक्स्ड रियलिटी: यह एक नया प्रौद्योगिकी संगठन है जो वर्चुअल रियलिटी और वास्तविकता को मिश्रित करता है। इसमें उपयोगकर्ता वास्तविक और वर्चुअल दुनिया के बीच एक सांदर्भिक आधार से संचार कर सकते हैं।

2. आर्टिफिशियल इंटेलिजेंस: वर्चुअल रियलिटी में एक और बड़ा रुझान आर्टिफिशियल इंटेल"
275,इलेक्ट्रिक वाहनों की भविष्य की संभावनाएँ,"आजकल इलेक्ट्रिक वाहनों का उपयोग दिन पर दिन बढ़ रहा है और यह वास्तविकता में एक साफ और सस्ता पर्यावरण हितैषी विकल्प है। इंजन में इस्तेमाल होने वाले पेट्रोल और डीजल के विपरीत, इलेक्ट्रिक वाहनों में उपयोग होने वाले ऊर्जा स्रोत अधिक सुरक्षित और पर्यावरण के लिए अधिक अनुकूल हैं।

भविष्य में, हम देख सकते हैं कि इलेक्ट्रिक वाहनों का उपयोग और भी बढ़ेगा। सरकारें और कंपनियां इलेक्ट्रिक वाहनों के विकास और उपयोग को प्रोत्साहित कर रही हैं। नए तकनीकी नवाचार कर इलेक्ट्रिक वाहनों की क्षमता, चालन समय और ऊर्जा दक्षता में सु"
277,वन्यजीव संरक्षण में तकनीक का उपयोग,"वन्यजीव संरक्षण में तकनीक का उपयोग आजकल एक अत्यंत महत्वपूर्ण मुद्दा बन चुका है। वन्यजीव संरक्षण का मुख्य उद्देश्य भूमि और वन्यजीवों की संरक्षा करना है ताकि वे स्थायी रूप से बने रह सकें। तकनीकी उपाय इस क्षेत्र में महत्वपूर्ण भूमिका निभा रहे हैं।

तकनीकी उपायों में सबसे पहले डेटा संग्रहण और विश्लेषण का उल्लेख किया जा सकता है। डेटा को सहेजने और विश्लेषण करके हम वन्यजीवों की जनसंख्या और उनके स्थिति को समझ सकते हैं और उसके आधार पर उपयुक्त कदम उठा सकते हैं। वायुमंडलीय डेटा संग्रहण के उपकरण और तकनीकी"
276,कृत्रिम बुद्धिमत्ता का उपयोग साइबर सुरक्षा में,"कृत्रिम बुद्धिमत्ता (Artificial Intelligence) एक तकनीक है जिसे मानव बुद्धिमत्ता को मॉडल करने और सिमुलेट करने के लिए तैयार किया गया है। इसे साइबर सुरक्षा के क्षेत्र में लागू किया जा सकता है ताकि सुरक्षित नेटवर्क और सिस्टम विकसित किए जा सकें।

कृत्रिम बुद्धिमत्ता का उपयोग साइबर सुरक्षा में कई तरीकों से किया जा सकता है। पहले, इसका उपयोग सुरक्षा उत्पादों और सुरक्षा साधनों के विकास में किया जा सकता है। कृत्रिम बुद्धिमत्ता सिस्टम योजनाएं बनाने में मदद कर सकता है, सुरक्षा घटकों के संवाद को विश्लेषित कर सकता है और नई सुरक्षा तकनीकों का अध्ययन क"
280,जलवायु परिवर्तन के खिलाफ नई तकनीकें,"जलवायु परिवर्तन से निपटने के लिए नई तकनीकें विकसित की जा रही हैं। इन तकनीकों का उपयोग करके हम प्राकृतिक संसाधनों का उपयोग करने में सक्षम हो सकते हैं और पर्यावरण को बचाने में मदद कर सकते हैं। 

एक उदाहरण के रूप में, सौर ऊर्जा एक बेहतरीन विकल्प है जलवायु परिवर्तन के खिलाफ। सौर ऊर्जा अनगिनत स्रोत है जो न केवल प्रदान करता है बल्कि वायु प्रदूषण को कम करने में भी मदद करता है। सौर पैनल, सौर उच्च तापीय प्रणालियाँ और सौर ऊर्जा संयंत्र जलवायु परिवर्तन के खिलाफ लड़ने में हमारी मदद कर सकते हैं। 

वन्यजीव संरक्षण और प्राक"
279,वन्यजीव संरक्षण में तकनीक का उपयोग,"वन्यजीव संरक्षण में तकनीक का महत्वपूर्ण योगदान है। वन्यजीव संरक्षण का मुख्य उद्देश्य वन्यजीवों की सुरक्षा और संरक्षण के लिए उपयुक्त मार्गदर्शन प्रदान करना है। तकनीकी उपकरणों का उपयोग करके यह कार्य सुगम और प्रभावी बनाया जा सकता है।

वन्यजीव संरक्षण के लिए तकनीक एक अहम उपकरण है। गैर-हथियार जाल और ट्रैपिंग कैमरे जैसी तकनीकी उपकरणों का उपयोग जंगली जानवरों की गिनती और समुदाय की स्वास्थ्य स्थिति का मूल्यांकन करने में मदद करता है। इन उपकरणों का उपयोग करके संग्रहण और अध्ययन किया जा सकता है, ज"
281,सतत विकास की नई रणनीतियाँ,"विज्ञान और प्रौद्योगिकी के तेजी से उन्नत होने के साथ, सतत विकास को बनाए रखने के लिए नई रणनीतियाँ अत्यंत महत्वपूर्ण हैं। वर्तमान समय में, कुशल तकनीकी लेखकों की आवश्यकता बढ़ती जा रही है जो नए और नवाचारी तकनीकी उत्पादों की रचना करने के लिए सक्षम हों।

एक महत्वपूर्ण रणनीति स्वच्छता और सुरक्षा को पहली प्राथमिकता देने की है। तकनीकी उत्पादों के विकास में इस बात का ध्यान रखना चाहिए कि वे उपयोगकर्ताओं के लिए सुरक्षित और स्वच्छ हों। विभिन्न सुरक्षा परियोजनाओं को शामिल करने और सुरक्षित सॉफ़्टवेयर डिज़ाइन करके, सतत"
278,प्लास्टिक प्रदूषण कम करने की नई विधियाँ,"प्लास्टिक प्रदूषण एक बड़ी समस्या है जो हमारे पर्यावरण के लिए खतरनाक है। प्लास्टिक कचरे की मात्रा दिन प्रतिदिन बढ़ रही है और इसके हानिकारक प्रभाव हमारे स्वास्थ्य और पर्यावरण के लिए अधिक जा रहे हैं। इस समस्या को हल करने के लिए हमें नई विधियाँ और तकनीकों का उपयोग करना होगा।

एक उत्कृष्ट विधि प्लास्टिक पुनर्चक्रण है, जिसमें प्लास्टिक को पुन: उपयोग हेतु पुनर्चक्रित किया जाता है। यह प्लास्टिक कचरे की मात्रा को कम करने में मददगार हो सकता है और पर्यावरण को बचाने में मदद कर सकता है।

एक और उपाय है बायोडिग्रेडेबल प्लास्टिक का उप"
282,इलेक्ट्रिक वाहनों की भविष्य की संभावनाएँ,"आजकल इलेक्ट्रिक वाहनों का उपयोग बढ़ रहा है और यह एक सुस्त, प्रदूषण मुक्त और ऊर्जा संवेदी विकल्प है। इलेक्ट्रिक वाहनों की भविष्य काफी उज्जवल और उम्मीदवार है।

पहले, इलेक्ट्रिक वाहनों की तकनीक और बैटरी क्षमता में सुधार हो रहा है। नई पीढ़ी के इलेक्ट्रिक वाहन उन्हें अधिक दूर यात्रा करने की क्षमता देने में सक्षम होंगे।

दूसरे, बढ़ती प्रदूषण स्तरों के मामले में इलेक्ट्रिक वाहनों का उपयोग विकेन्द्रीकृत ऊर्जा संसाधनों से निर्भरता को कम करेगा।

तीसरे, सरकारों द्वारा ऊर्जा संवेदी वाहनों को प्रोत्साहित करने के लिए"
284,सतत विकास की नई रणनीतियाँ,"सतत विकास की नई रणनीतियाँ

आधुनिक समय में तकनीकी विकास इतनी तेजी से हो रहा है कि हमें नए रणनीतियों की आवश्यकता है जो सतत विकास को सुनिश्चित कर सकें। इसके लिए हमें विभिन्न क्षेत्रों में नई दिशा निर्देश और रणनीतियाँ तैयार करनी होंगी। 

प्रथम रणनीति है नवाचार को प्रोत्साहित करना। नए और अद्वितीय विचारों को समर्थित करने वाले कार्यक्रमों को बढ़ावा देना चाहिए। इससे नए तकनीकी उत्पादों का विकास होगा और विश्वासनीयता में भी सुधार होगा।

दूसरी रणनीति है विशेषज्ञता को बढ़ावा देना। एक विशेष क्षेत्र में अच्छी ज"
283,प्लास्टिक प्रदूषण कम करने की नई विधियाँ,"प्लास्टिक प्रदूषण एक बड़ी समस्या है जो हमारे पृथ्वी के लिए गंभीर खतरा है। इस समस्या का समाधान करने के लिए हमें नई विधियों की खोज करनी चाहिए।

1. **बायो-प्लास्टिक**: बायो-प्लास्टिक एक प्रकार का प्लास्टिक है जो पूरी तरह से प्राकृतिक है और उसे तोड़ने में कम समय लगता है। इसका उपयोग करके हम प्लास्टिक प्रदूषण को कम कर सकते हैं।

2. **प्लास्टिक रीसाइक्लिंग**: प्लास्टिक की रीसाइक्लिंग उसका पुन: उपयोग करने की एक अच्छी विधि है। इससे प्लास्टिक का उपयोग कम होता है और प्रदूषण भी कम होता है।

3. **सिंथेटिक प्लास्टिक की विकसित तक"
287,सौर ऊर्जा के नवीनतम विकास,"सौर ऊर्जा एक साफ, अनगिनत और अन्तर्दृष्टिगत ऊर्जा स्रोत है जो हमें पर्यावरण के साथ मिलती है और जो हमारे भविष्य के लिए सुरक्षित है। सौर ऊर्जा का विकास तकनीकी और अनुसंधान क्षेत्र में लगातार बढ़ रहा है। नवीनतम विकासों में सौर पैनल, सौर सेल्स, और सौर इन्वर्टर्स जैसी तकनीकों का उपयोग किया जा रहा है जो सौर ऊर्जा को और अधिक प्रभावी और सुलभ बनाती हैं।

एक बड़ी उच्चतम गुणवत्ता वाली सौर सेल तकनीक जो सौर पैनल के रूप में उपयोग हो रही है वह ऊर्जा का उत्पादन करने में अधिक सक्षम और अधिक प्रभावी हो रही है। सौर सेल"
285,प्लास्टिक प्रदूषण कम करने की नई विधियाँ,"प्लास्टिक प्रदूषण एक बड़ी समस्या है जो हमारे पर्यावरण को बहुत बड़ी चुनौती देती है। प्लास्टिक का उपयोग हमारी आधुनिक जीवनशैली में आवश्यक है, लेकिन इसका अत्यधिक उपयोग और अनियंत्रित उत्पादन संभावित प्रदूषण का कारण बन गया है। इस समस्या को हल करने के लिए कई नई विधियाँ विकसित की गई हैं।

पहली विधि है प्लास्टिक की पुनर्चक्रण प्रक्रिया को बढ़ावा देना। इसके माध्यम से प्लास्टिक को पुनः उपयोगी रूप में परिवर्तित करके इसे फिर से उपयोग में लाया जा सकता है। दूसरी विधि है बायोडिग्रेडेबल प्लास्टिक का उपयोग करन"
286,वन्यजीव संरक्षण में तकनीक का उपयोग,"वन्यजीव संरक्षण में तकनीक का उपयोग एक महत्वपूर्ण और अभिन्न हिस्सा है। आजकल, तकनीकी उपकरण और तकनीकी नवाचारों का उपयोग करके वन्यजीव संरक्षण कार्यक्रमों को मजबूत किया जा सकता है। इसके लिए कई तकनीकी उपाय हैं जैसे रेडियो कॉलार ट्रैकिंग, गीपीएस, ड्रोन, और सेंसर्स इत्यादि।

रेडियो कॉलार ट्रैकिंग वन्यजीवों के आधार पर उनकी गतिविधियों का मॉनिटरिंग करने में मदद करता है। इससे वन्यजीवों के स्थान का पता लगाना और उनकी सुरक्षा को सुनिश्चित करने में सहायक होता है। गीपीएस का उपयोग भी वन्यजीवों के पथनिर्धारण"
288,सौर ऊर्जा के नवीनतम विकास,"सौर ऊर्जा एक शक्ति स्रोत है जिसमें सूर्य से प्राप्त किया जाने वाला ऊर्जा का उपयोग किया जाता है। इस स्रोत का उपयोग करने से पर्यावरण को नुकसान नहीं पहुंचता और ऊर्जा संकट का सामना किया जा सकता है। नवीनतम विकास में सौर ऊर्जा के कई पहलुओं पर विशेष ध्यान दिया जा रहा है।

प्रथम, सौर ऊर्जा के उत्पादन में प्रगति हुई है। नवीनतम प्रौद्योगिकी के उपयोग से सौर पैनल के उत्पादन में वृद्धि हुई है और उनकी कार्यक्षमता में सुधार हुआ है।

द्वितीय, सौर ऊर्जा के उपयोग में भी नए विकल्प विकसित किए जा रहे हैं। उदाहरण के लिए, सौर ऊर"
289,जलवायु परिवर्तन के खिलाफ नई तकनीकें,"आधुनिक समय में जलवायु परिवर्तन एक बड़ी समस्या बन गई है जिससे हमारी पृथ्वी के पर्यावरण पर असर पड़ रहा है। इस समस्या का समाधान करने के लिए नई तकनीकें विकसित की जा रही हैं। 

पहली तकनीक है सौर ऊर्जा का उपयोग, जिसमें सूर्य से ऊर्जा को उत्पन्न करने के लिए सोलर पैनल का इस्तेमाल किया जाता है। यह एक प्राकृतिक और साफ ऊर्जा स्रोत है जो जलवायु परिवर्तन को कम करने में मदद कर सकती है। 

दूसरी तकनीक है वायु ऊर्जा का उपयोग, जिसमें हवा से ऊर्जा को उत्पन्न करने के लिए पवन ऊर्जा का इस्तेमाल किया जाता है। पवन ऊर्जा एक और प्राकृतिक ऊर"
290,ब्लॉकचेन प्रौद्योगिकी का भविष्य,"ब्लॉकचेन प्रौद्योगिकी एक वर्गीकृत सूचना संचार प्रौद्योगिकी है जो जानकारी को सुरक्षित रूप से संग्रहित करने और साझा करने में मदद करती है। इस प्रौद्योगिकी का उपयोग विभिन्न क्षेत्रों में हो रहा है, जैसे वित्तीय सेवाएं, स्वास्थ्य सेवाएं, लॉजिस्टिक्स, स्मार्ट कॉन्ट्रैक्ट्स, और डिजिटल भुगतान के क्षेत्र में।

ब्लॉकचेन प्रौद्योगिकी का भविष्य बहुत उज्जवल है। इस प्रौद्योगिकी के द्वारा डेटा सुरक्षित रूप से संग्रहित और व्यवस्थित किया जा सकता है, जिससे डेटा के गलत उपयोग का खतरा कम होता है। ब्लॉकचेन के उपयोग"
292,वर्चुअल रियलिटी में नवीनतम रुझान,"वर्चुअल रियलिटी (Virtual Reality या VR) एक तकनीक है जिसमें उपयोगकर्ता को वास्तविक स्थितियों से भिन्न एक वास्तविकता में अनुभव कराया जाता है। वर्चुअल रियलिटी के साथ उपयोगकर्ता एक वर्चुअल या अनुकूलित वास्तविकता में धारा बना सकते हैं, जिससे वे एक नई दुनिया में समाहित हो सकते हैं।

नवीनतम रुझानों में वर्चुअल रियलिटी का उपयोग विभिन्न क्षेत्रों में बढ़ रहा है। खेलों में, VR गेम्स उपयोगकर्ताओं को एक बिल्कुल नए गेमिंग अनुभव प्रदान कर रहे हैं। इसके साथ ही शिक्षा क्षेत्र में भी VR का उपयोग शिक्षा को रोचक और सरल बनाने के ल"
291,सौर ऊर्जा के नवीनतम विकास,"सौर ऊर्जा आजकल एक अत्यंत महत्वपूर्ण विषय बन चुका है। इसका उपयोग गृहों, औद्योगिक क्षेत्र, कृषि विभाग और वाणिज्यिक क्षेत्र में बढ़ रहा है। सौर ऊर्जा का उपयोग कम जीर्णांश क्षेत्रों से अधिक हो रहा है क्योंकि यह विश्वास किया जाता है कि सौर ऊर्जा एक स्वच्छ, असीमित और अविरल स्रोत है।

नवीनतम सौर ऊर्जा प्रौद्योगिकियों में कई विकास हुए हैं। उदाहरण के लिए, सौर पैनल की प्रौद्योगिकी में सुधार किया गया है जिससे पैनल के उत्पादन की क्षमता बढ़ी है और कीमत कम हुई है। इसके अतिरिक्त, सौर ऊर्जा को बट्टरी स्टोरेज स"
293,वर्चुअल रियलिटी में नवीनतम रुझान,"वर्चुअल रियलिटी एक उपयोगिता के साथ दुनियाभर में लोकप्रिय हो रही तकनीक है। इसके साथ ही, वर्चुअल रियलिटी में नवीनतम रुझान भी उभर रहे हैं। यहाँ कुछ मुख्य नए रुझान हैं जिन्होंने इस क्षेत्र को और रोचक बनाया है:

1. मिश्रित वास्तविकता: नवीनतम वर्चुअल रियलिटी उपकरण मिश्रित वास्तविकता का उपयोग करते हैं, जिससे उपयोगकर्ता को एक अधिक सटीक और अनुभवशील अनुभव मिलता है।

2. हाथों का उपयोग: कुछ नए उपकरण हाथों का उपयोग करने की सुविधा प्रदान करते हैं, जिससे उपयोगकर्ता अपनी हाथों का उपयोग करके अधिक संवेदनश"
295,कृत्रिम बुद्धिमत्ता का उपयोग साइबर सुरक्षा में,"कृत्रिम बुद्धिमत्ता या आर्टिफिशियल इंटेलिजेंस (AI) एक तकनीकी उपाय हूँ जिसका उपयोग साइबर सुरक्षा में सुरक्षा बढ़ाने के लिए किया जा सकता है। साइबर हमलों के संख्या में वृद्धि के साथ, इन आक्रमणों का दबाव भी बढ़ गया है। इस संदर्भ में, AI साइबर सुरक्षा के क्षेत्र में एक महत्वपूर्ण स्थान रखती है।

कृत्रिम बुद्धिमत्ता के उपयोग से सुरक्षा विशेषज्ञ विशेष तरीके से संकल्पित विशेषताओं और जानकारी का उपयोग कर सकते हैं ताकि संक्रमित या अवैध गतिविधियों को पहचान और रोक सकें। AI के उपयोग से बहुत सारी डेटा को समीक्षित किया जा सकता"
297,सौर ऊर्जा के नवीनतम विकास,"सौर ऊर्जा एक प्राकृतिक स्रोत है जो बिजली उत्पादन में सक्षम और पर्यावरण के लिए साथी है। इसके साथ ही सौर ऊर्जा एक सस्ता और साफ उत्पादन का संभावनात्मक स्रोत है। नवीनतम विकास में, सौर ऊर्जा के क्षेत्र में कई नवाचार हुए हैं जो इसे और भी अधिक व्यापक और प्रभावी बना रहे हैं।

पहला नवाचार उत्पादन की दक्षता में है। नवीनतम सौर पैनल तकनीकें उत्पादन की दर को बढ़ाने में सक्षम हैं और कम लागत में अधिक ऊर्जा उत्पन्न करने में मदद करती हैं।

दूसरा नवाचार ऊर्जा संचयन के क्षेत्र में है। नए सौर ऊर्जा संचयन सिस्टम जैसे कि ऊर्जा संचय"
296,ड्रोन प्रौद्योगिकी के नए उपयोग,"ड्रोन प्रौद्योगिकी ने विभिन्न क्षेत्रों में नए और रोमांचक उपयोग प्रदान किए हैं। इस तकनीकी क्षेत्र में होने वाली तेज़ विकास के कारण ड्रोन आज कई क्षेत्रों में उपयोगिता प्राप्त कर रहे हैं।

पहला उपयोग है सुरक्षा और निगरानी में। ड्रोन को सीमावर्ती क्षेत्रों की निगरानी, अनुसंधान, और सुरक्षा कार्यों में उपयोग किया जा रहा है। इसके साथ ही आपातकालीन परिस्थितियों में सहायता पहुंचाने के लिए ड्रोन अब एक महत्वपूर्ण साधन बन गए हैं।

दूसरा उपयोग है वन्यजीव संरक्षण में। ड्रोन की मदद से वन्यजीवों की गिनती और संरक्षण कार्यों म"
298,इंटरनेट ऑफ़ थिंग्स (IoT) और स्मार्ट सिटी,"आधुनिक तकनीकी युग में इंटरनेट ऑफ़ थिंग्स (IoT) और स्मार्ट सिटी दोनों ही अहम तकनीकी उपकरण हैं जिनका उपयोग शहरी विकास में किया जा रहा है। IoT शब्द का मतलब होता है कि विभिन्न उपकरण जैसे सेंसर, कैमरा, डिवाइस आदि को इंटरनेट के माध्यम से एक-दूसरे से जोड़ा जाए ताकि वे डेटा साझा कर सकें और आपस में संचार कर सकें।

स्मार्ट सिटी के अंदर IoT तकनीक का उपयोग करके अनेक क्षेत्रों में सुधार किया जा सकता है जैसे कि परिवहन, ऊर्जा, पानी, सुरक्षा, स्वच्छता आदि। उदाहरण के लिए, एक स्मार्ट सिटी में ट्रैफिक मैनेजमेंट के लिए सेंसर और कैमर"
299,क्वांटम कंप्यूटिंग की व्यावहारिक अनुप्रयोग,"क्वांटम कंप्यूटिंग एक उभयावृत्तिक तकनीक है जिसमें क्यूबिट्स का उपयोग किया जाता है, जो क्लासिकल बिट्स की तुलना में अधिक संभावनाओं का प्रतिनिधित्व करते हैं। क्वांटम कंप्यूटर का उद्देश्य क्लासिकल कंप्यूटरों से तेजी से और विशाल मात्रा में डेटा प्रोसेसिंग करना है।

क्वांटम कंप्यूटिंग के व्यावहारिक अनुप्रयोगों में कई क्षेत्रों में उन्नतियाँ हो रही हैं। उदाहरण के लिए, क्वांटम कंप्यूटिंग का उपयोग औद्योगिक उत्पादन में सुधार के लिए किया जा सकता है। समस्याओं के उत्तर ढूँढ़ने के लिए क्वांटम कंप्यूटिंग का उप"
300,ड्रोन प्रौद्योगिकी के नए उपयोग,"ड्रोन प्रौद्योगिकी ने विभिन्न क्षेत्रों में नए उपयोग किए हैं और इसका उपयोग लगातार बढ़ रहा है। ड्रोन के उपयोग से विज्ञान, तकनीक, सुरक्षा, और व्यवसाय में नए उदाहरण देखने को मिल रहे हैं।

सुरक्षा क्षेत्र में, ड्रोन अब निरंतर नजर रखने, सीमा की सुरक्षा करने, और गहन जांच करने के लिए उपयोग हो रहे हैं। वे जासूसी और सुरक्षा कार्यों में भी उपयोगी साबित हो रहे हैं।

व्यवसाय में, ड्रोन वितरण, जलवायु और जमीन के अनुसंधान, और वस्तु संवहन के क्षेत्र में भी उपयोगी साबित हो रहे हैं। व्यवसायों को उच्च गुणवत्ता और"
301,ब्लॉकचेन प्रौद्योगिकी का भविष्य,"ब्लॉकचेन प्रौद्योगिकी एक एक्साइटिंग तकनीक है जिसने दुनिया में एक नया क्रांति ला दिया है। यह तकनीक डिजिटल लेजर जैसा काम करती है, जिसमें सभी सूचनाएं एक सुरक्षित और प्राइवेट ब्लॉक में रखी जाती हैं। इसका उपयोग क्रिप्टोकरेंसी जैसे बिटकॉइन के लिए किया जा रहा है, लेकिन इसके संभावित उपयोग क्षेत्र बहुत व्यापक हैं।

ब्लॉकचेन प्रौद्योगिकी का भविष्य बहुत उज्जवल है। यह तकनीक उद्योगों में विपणन, बैंकिंग, स्वास्थ्य सेवाएं, संगठनात्मक प्रबंधन, और सरकारी सेवाओं में उपयोग किया जा रहा है। इसके द्वार"
294,डिजिटल मुद्राओं की सुरक्षा चुनौतियाँ,"आजकल डिजिटल मुद्राएँ व्यापक रूप से उपयोग की जाती हैं, लेकिन इनकी सुरक्षा चुनौतियाँ भी बढ़ गई हैं। डिजिटल मुद्राएँ एक ऑनलाइन प्रक्रिया हैं, जिसमें नेटवर्क, सॉफ्टवेयर और हार्डवेयर की सुरक्षा बहुत महत्वपूर्ण है।

सबसे बड़ी चुनौती है साइबर अपराधिता। काइबर अपराधी डिजिटल मुद्राओं के बारे में संदेह उत्पन्न करके उपयोगकर्ताओं के धन को चुरा सकते हैं। इसलिए, सुरक्षित इंटरनेट कनेक्शन और सुरक्षित पासवर्ड का उपयोग करना अत्यंत आवश्यक है।

दूसरी चुनौती है तकनीकी त्रुटियाँ। किसी भी समय तकनीकी खराबी के कार"
302,रोबोटिक्स का विकास और उसके अनुप्रयोग,"रोबोटिक्स एक विज्ञान है जो रोबोटों की डिज़ाइन, निर्माण, ऑपरेशन और उनके संचालन पर ध्यान केंद्रित करती है। यह एक इंटरडिस्किप्लिनरी क्षेत्र है जो कंप्यूटर विज्ञान, इलेक्ट्रॉनिक्स, मैकेनिकल इंजीनियरिंग, और अन्य विज्ञान क्षेत्रों का संगम है।

रोबोटिक्स का विकास तेजी से हो रहा है और इसके अनेक उपयोग हैं। रोबोटिक्स का उपयोग विभिन्न क्षेत्रों में किया जा रहा है, जैसे कि विनिर्माण, स्वास्थ्य, शिक्षा, और भूमिगत अनुसंधान। रोबोट्स विभिन्न कार्यों को सरल और असंभाव कार्यों को संभव बनाने में मदद करते हैं।

"
303,जलवायु परिवर्तन के खिलाफ नई तकनीकें,"जलवायु परिवर्तन एक बड़ी समस्या है जिसका समाधान करने के लिए नई तकनीकें अवश्यक हैं। जलवायु परिवर्तन के बढ़ने से जलवायु बदलाव, उच्च तापमान, और असामान्य मौसम की घटनाएं हो रही हैं। 

इस समस्या का समाधान करने के लिए कई नई तकनीकें विकसित की जा रही हैं। उनमें से कुछ मुख्य हैं: 

1. ऊर्जा प्रौद्योगिकी: नवाचारी ऊर्जा प्रौद्योगिकियों का विकास करना महत्वपूर्ण है। सौर ऊर्जा, पवन ऊर्जा, जल ऊर्जा जैसे शुद्ध ऊर्जा स्रोतों का उपयोग करना जलवायु परिवर्तन को कम करने में मदद कर सकता है। 

2. सदाचारण तरीके से खेती: वृक्ष"
304,वर्चुअल रियलिटी में नवीनतम रुझान,"वर्चुअल रियलिटी (Virtual Reality) एक तकनीक है जिसमें एक वास्तविकता से अलग दुनिया को सिम्युलेट किया जाता है। यह तकनीक बड़े पैमाने पर गेमिंग, शिक्षा, साहित्य, मनोरंजन और चिकित्सा क्षेत्रों में उपयोग हो रही है। नवीनतम रुझान वर्चुअल रियलिटी में निम्नलिखित हैं:

1. **सामाजिक अनुभव**: एकाधिक खिलाड़ियों के लिए सामाजिक अनुभव वर्चुअल रियलिटी के लिए महत्वपूर्ण हो रहा है। यह लोगों को अलग-अलग स्थानों से एक साथ आने की संभावना देता है।

2. **शिक्षा**: वर्चुअल रियलिटी शिक्षा में भी अहम भूमिका निभा रही है। विद्यार्थियों को अद"
305,ब्लॉकचेन प्रौद्योगिकी का भविष्य,"ब्लॉकचेन प्रौद्योगिकी एक ऐसी विस्तारक प्रौद्योगिकी है जिसने डिजिटल विश्व में क्रांति ला दी है। इस प्रौद्योगिकी ने डेटा सुरक्षित रखने, लेन-देन के प्रक्रिया को सुरक्षित बनाने और गलतियों को नकारने में मदद करने के लिए एक नई पहचान बनाई है। ब्लॉकचेन सिस्टम एक डिजिटल लेजर की तरह काम करता है जिसमें सभी लेन-देन की जानकारी को ब्लॉक के रूप में संग्रहित किया जाता है। इस तरह, प्रत्येक लेन-देन का एक आईडी होता है जिसे केवल एक ब्लॉक के साथ जोड़कर पूरा ब्लॉकचेन नेटवर्क बनता है।

भविष्य में, ब्लॉकचेन प्रौद्योगिकी"
306,रोबोटिक्स का विकास और उसके अनुप्रयोग,"रोबोटिक्स एक ऐसा क्षेत्र है जो तकनीकी ज्ञान और कौशल का संगम है और इसका उद्देश्य यह है कि हम अलग-अलग कार्यों के लिए विभिन्न प्रकार के रोबोट बना सकें, जो मानवों की मदद कर सकें। रोबोटिक्स का विकास तेजी से हो रहा है और इसके अनुप्रयोग हर क्षेत्र में दिखाई दे रहे हैं।

रोबोटिक्स का उपयोग विभिन्न क्षेत्रों में हो रहा है, जैसे कृषि, विनिर्माण, स्वास्थ्य देखभाल, विज्ञान और अंतरिक्ष। कृषि में रोबोट किसानों को खेतों में काम करने में मदद करते हैं और उत्पादकता बढ़ाते हैं। विनिर्माण में रोबोट खतरनाक या मानवों के ल"
307,इलेक्ट्रिक वाहनों की भविष्य की संभावनाएँ,"आजकल इलेक्ट्रिक वाहनों का उपयोग बढ़ रहा है और यह एक सुस्त और पर्यावरण के लिए सही विकल्प है। इलेक्ट्रिक वाहनों का उपयोग पेट्रोल और डीजल जैसे प्रदूषक ध्वनि निकालने वाले इंजनों के स्थान पर किया जा रहा है। इससे हमारे वायुमंडल को साफ और स्वस्थ रखने में मदद मिलती है।

इलेक्ट्रिक वाहनों की भविष्य काफी उज्ज्वल है। नई तकनीकी उन्नतियों के कारण इन वाहनों की बैटरी क्षमता और चार्जिंग समय में सुधार हो रहा है। इससे इन वाहनों की चलने की दूरी भी बढ़ जाएगी और उनका उपयोग लंबे सफर के लिए भी संभव होगा।

सरकारें"
308,इलेक्ट्रिक वाहनों की भविष्य की संभावनाएँ,"आधुनिक जीवनशैली में वायु प्रदूषण और ऊर्जा संकट की मुख्य समस्याओं में से एक है जिस पर हमें ध्यान देना होगा। इस समस्या का समाधान ढेर सारी ऊर्जा स्रोतों का उपयोग करते हुए वाहनों को इलेक्ट्रिक बना देने में है। इलेक्ट्रिक वाहनों का उपयोग प्रदूषण को कम करने और ऊर्जा संकट को रोकने में महत्वपूर्ण भूमिका निभा सकता है।

इलेक्ट्रिक वाहनों की भविष्य में निम्नलिखित संभावनाएँ हो सकती हैं:
1. बैटरी तकनीक में सुधार: इलेक्ट्रिक वाहनों की बैटरी तकनीक में और भी सुधार हो सकता है जिससे उनकी चार्जिंग की स्पीड बढ़े और उनकी चालक द"
309,वन्यजीव संरक्षण में तकनीक का उपयोग,"वन्यजीव संरक्षण एक महत्वपूर्ण क्षेत्र है जिसमें तकनीकी उपायों का महत्वपूर्ण योगदान है। वन्यजीव संरक्षण के लिए तकनीक का उपयोग अनेक क्षेत्रों में किया जा सकता है।

पहले, तकनीक का उपयोग वन्यजीवों की गणना और मॉनिटरिंग में किया जा सकता है। उच्च गुणवत्ता वाले ड्रोन और सेंसर्स का उपयोग करके अलग-अलग क्षेत्रों में वन्यजीवों की गणना किया जा सकता है।

दूसरे, वन्यजीव संरक्षण के लिए तकनीक का उपयोग वन्यजीवों की सुरक्षा के लिए किया जा सकता है। उच्च गुणवत्ता वाले कैमरे और सेंसर्स का उपयोग करके वन्यजीवो"
310,इंटरनेट ऑफ़ थिंग्स (IoT) और स्मार्ट सिटी,"आजकल इंटरनेट ऑफ़ थिंग्स (IoT) का उपयोग हमारे जीवन के हर क्षेत्र में किया जा रहा है, जैसे कि घर, ऑफिस, उद्योग, स्वास्थ्य इत्यादि। इसके साथ ही स्मार्ट सिटी कॉन्सेप्ट भी बढ़ रहा है, जिसमें इंटरनेट ऑफ़ थिंग्स का उपयोग करके शहरों को स्मार्ट बनाने की कोशिश की जा रही है।

स्मार्ट सिटी का मुख्य उद्देश्य है शहरों को जीवनी और अधिक सुरक्षित बनाना, साथ ही संरक्षित और पर्यावरण के प्रति सजग भी बनाना। इसके लिए विभिन्न IoT डिवाइस जैसे सेंसर, कैमरे, लाइटिंग सिस्टम, ट्रांसपोर्ट सिस्टम आदि का उपयोग किया जाता है। ये डिवाइ"
311,ब्लॉकचेन प्रौद्योगिकी का भविष्य,"ब्लॉकचेन प्रौद्योगिकी एक नवाचारी तकनीक है जो डिजिटल लेन-देन को सुरक्षित और पारदर्शी बनाने में मदद करती है। इस तकनीक का उपयोग केवल क्रिप्टोकरेंसी जैसे डिजिटल मुद्रा के लेन-देन में ही नहीं हो रहा है, बल्कि लेखकीत, संगठित डेटा और स्मार्ट कॉन्ट्रैक्ट्स के क्षेत्र में भी इसका उपयोग हो रहा है।

ब्लॉकचेन प्रौद्योगिकी का भविष्य उज्जवल है। इस तकनीक की मदद से डिजिटल लेन-देन की प्रक्रिया सुरक्षित हो जाएगी और दर्जनों बेचैन्स को ज्यादा सुरक्षित बनाए रखा जा सकता है। ब्लॉकचेन प्रौद्योगिकी विभिन्न क्षेत्रों में व"
312,ब्लॉकचेन प्रौद्योगिकी का भविष्य,"ब्लॉकचेन प्रौद्योगिकी एक विशेष प्रकार की डिजिटल लेडजर है जिसमें सूचना ब्लॉक्स के रूप में संग्रहीत होती है और इन ब्लॉक्स को क्रिप्टोग्राफी सुरक्षा के साथ एक साथ जोड़कर बनाया जाता है। यह सूचना सुरक्षित, ट्रांसपेरेंट, और अस्थायी होती है। ब्लॉकचेन प्रौद्योगिकी का उपयोग विभिन्न क्षेत्रों में हो रहा है, जैसे कि वित्तीय सेवाएं, स्वास्थ्य सेवाएं, लॉजिस्टिक्स, व्यापार, और सरकारी सेवाएं।

ब्लॉकचेन प्रौद्योगिकी का भविष्य बहुत उज्जवल है। यह तकनीक दुनिया में नए उद्यमों के निर्माण का मार्ग खोल रही है। इसका"
313,सौर ऊर्जा के नवीनतम विकास,"सौर ऊर्जा एक प्राकृतिक स्रोत है जो अक्सर विकासशीलता के साथ जुड़ा होता है। इसका उपयोग विद्युत ऊर्जा उत्पादन में किया जाता है, जिससे वायु प्रदूषण कम होता है और परिवेश को हानि नहीं पहुंचती। सौर ऊर्जा के नवीनतम विकास के क्षेत्रों में सोलर पैनल, सोलर टेक्नोलॉजी, सोलर इन्वर्टर्स, और सोलर बैटरी इत्यादि शामिल हैं।

सोलर पैनल एक प्रमुख सौर ऊर्जा स्रोत हैं, जिनका उपयोग सौर किरणों को सीधे विद्युत ऊर्जा में परिवर्तित करने के लिए किया जाता है। ये पैनल विभिन्न आकारों और विशेषताओं में उपलब्ध होते हैं। सोलर टेक्नोलॉजी में भ"
314,ड्रोन प्रौद्योगिकी के नए उपयोग,"ड्रोन प्रौद्योगिकी एक उभयोगी तकनीक है जिसे विभिन्न क्षेत्रों में उपयोग किया जा रहा है। ड्रोन की सुलभता, निर्भरता और विविधता के कारण उनका उपयोग लगातार बढ़ रहा है।

ड्रोन को विभिन्न क्षेत्रों में उपयोग किया जा रहा है, जैसे जलवायु अनुसंधान, कृषि, सुरक्षा, पर्यटन, वाणिज्यिक उद्योग आदि। उदाहरण के लिए, ड्रोन किसानों के लिए विशेष रूप से महत्वपूर्ण है। इनका उपयोग फसलों की निगरानी, उनकी स्थिति का मॉनिटरिंग और कीट प्रबंधन में किया जा सकता है।

सुरक्षा क्षेत्र में भी ड्रोन का उपयोग काफी अहम है। इन्हें सीम"
315,इलेक्ट्रिक वाहनों की भविष्य की संभावनाएँ,"इलेक्ट्रिक वाहनों का उपयोग वाहनों के प्रदूषण को कम करने के लिए एक महत्वपूर्ण कदम है, और इससे पर्यावरण को बचाने में मदद मिलती है। इस संदर्भ में, इलेक्ट्रिक वाहनों की भविष्य का ज्यादा से ज्यादा संभावित विकास होने की संभावना है।

इलेक्ट्रिक वाहनों के उपयोग से कई लाभ हो सकते हैं, जैसे कि वायु प्रदूषण कम होगा, शोर्टेज के कारण उत्पन्न ध्वनि प्रदूषण घटेगा, ऊर्जा सुरक्षित होगी, और भविष्य में इलेक्ट्रिक वाहनों की कीमत कम हो सकती है।

इसके अलावा, तकनीकी विकास के साथ-साथ बैटरी क्षमता में भी सुधार हो रहा है, जिससे इलेक्ट्र"
316,जलवायु परिवर्तन के खिलाफ नई तकनीकें,"जलवायु परिवर्तन एक गंभीर समस्या है जिसका सामना पूरी दुनिया कर रही है। इस समस्या को हल करने के लिए नई तकनीकें और उपाय विकसित किए जा रहे हैं।

एक ऐसी तकनीक है 'कार्बन कैचर' जिसका उपयोग कार्बन डाइऑक्साइड को वायुमंडल से हटाने के लिए किया जाता है। इस तकनीक में कार्बन कैचर मशीनें उपयोग की जाती हैं जो वायुमंडल से कार्बन डाइऑक्साइड को अलग करके संग्रहित करती हैं। यह संग्रहित कार्बन फिर से उपयोग के लिए स्टोर किया जा सकता है या फिर उसे अन्य उपयोगों के लिए पुनः प्रयोग किया जा सकता है।

एक और उपाय है 'हाइड्रोजन इनर्ज"
318,सौर ऊर्जा के नवीनतम विकास,"सौर ऊर्जा एक स्वच्छ और अनगिनत स्त्रोत है जो हमें ऊर्जा प्रदान कर सकता है और जो अनुकूलन और पर्यावरण को बचाने में मदद कर सकता है। साल दर साल, सौर ऊर्जा तकनीकी रूप से उन्नति कर रही है और नए विकल्पों को उत्पन्न कर रही है।

एक नवीनतम विकास है सौर ऊर्जा उत्पादन की क्षमता में वृद्धि करने वाले उत्तोजक तंत्र। नवीनतम तकनीकी उन्नति के कारण, वर्तमान में सौर पैनल और सौर ऊर्जा प्रणालियों की क्षमता में बड़ी वृद्धि देखने को मिल रही है। यह नए पैनल और प्रणालियों के परिणामस्वरूप सौर ऊर्जा का उत्पादन सस्ता और प्रभावी हो रहा है।"
317,सौर ऊर्जा के नवीनतम विकास,"सौर ऊर्जा प्रकार में उत्पन्न होने वाली ऊर्जा क्षेत्र का एक स्थायी बदलाव है। इसके संपादन में नवीनतम विकास का विशेष महत्व है। नवीनतम सौर ऊर्जा तकनीक और उपकरणों के विकास ने सौर ऊर्जा का उपयोग और प्रसार को गति प्रदान की है।

नवीनतम सौर ऊर्जा प्रणालियों में कुछ मुख्य विकास हैं जो इस क्षेत्र को और भी उत्कृष्ट बनाते हैं। पहली बात तो सौर पैनल्स की तकनीक में वृद्धि है, जिससे ऊर्जा का उत्पादन और उपयोग अधिक सुगम हो रहा है। दूसरी बात, सौर ऊर्जा संग्रहण की तकनीक में भी सुधार हुआ है, जिससे ऊर्जा का भंडारण और उपयोग सह"
319,ब्लॉकचेन प्रौद्योगिकी का भविष्य,"ब्लॉकचेन प्रौद्योगिकी एक उभयपक्षीय तकनीक है जिसने आजकल ध्यान आकर्षित किया है और इसका भविष्य भी उज्जवल है। ब्लॉकचेन एक डिस्ट्रिब्यूटेड लेजर है जिसमें सूचना ब्लॉक्स में संग्रहित होती है और इन ब्लॉक्स को क्रिप्टोग्राफिकली जोड़कर रखा जाता है। यह तकनीक किसी भी तरह की बदलाव या नकलीकरण के खिलाफ सुरक्षित है और सुरक्षित ट्रांजैक्शन को समर्थन करता है।

ब्लॉकचेन के भविष्य में इसका उपयोग विभिन्न क्षेत्रों में विस्तारित होने की संभावना है। उदाहरण के लिए, बैंकिंग सेक्टर में डिजिटल मुद्रा और सुरक्षित"
320,रोबोटिक्स का विकास और उसके अनुप्रयोग,"रोबोटिक्स एक विज्ञान और तकनीक का क्षेत्र है जिसमें रोबोट या स्वचालित मशीनों का विकास, निर्माण और उपयोग किया जाता है। यह विज्ञान और तकनीक क्षेत्र एक ऐसा क्षेत्र है जो भविष्य में मानवता के लिए कई महत्वपूर्ण उपयोग क्षेत्र खोलने का द्वार खोल सकता है।

रोबोटिक्स की प्रमुख उद्देश्यों में समावेश हैं सुरक्षा, स्वास्थ्य, विज्ञान, और संचार। उदाहरण के लिए, रोबोटिक्स के माध्यम से स्वचालित वाहन बनाए जा रहे हैं जो दुर्घटनाएं कम करने में मदद कर सकते हैं। इसके अलावा, चिकित्सा क्षेत्र में भी रोबोटिक्स का उपयोग अब बढ़"
321,ड्रोन प्रौद्योगिकी के नए उपयोग,"ड्रोन प्रौद्योगिकी ने विभिन्न क्षेत्रों में अनगिनत नए उपयोगों का द्वार खोला है। इसके साथ ही यह कैपेबिलिटी काम को सुरक्षित, तेज और आसान बना देती है।

पहले, ड्रोन लॉजिस्टिक्स में एक वरदान साबित हो रहे हैं। विभिन्न उद्योगों में सामग्री को ले जाने, वितरित करने और इसकी निगरानी करने में इनका उपयोग किया जा रहा है। उदाहरण के लिए, ऑनलाइन खरीदारी पर ड्रोन के उपयोग से उत्पाद तेजी से ग्राहकों तक पहुंचा जा सकता है।

दूसरे, कृषि क्षेत्र में भी ड्रोन का उपयोग हो रहा है। किसानों को फसलों की निगरानी, पेषी लगाने, उर्वरक की व"
322,डिजिटल मुद्राओं की सुरक्षा चुनौतियाँ,"आधुनिक दुनिया में डिजिटल मुद्राएं बढ़ती तकनीकी उन्नति का परिणाम हैं, लेकिन इसके साथ ही सुरक्षा चुनौतियां भी बढ़ गई हैं। डिजिटल मुद्राओं की सुरक्षा को लेकर कई मुद्दे हैं जिन्हें हल करने की आवश्यकता है।

पहली चुनौती यह है कि डिजिटल मुद्राएं इंटरनेट के माध्यम से ऑनलाइन होती हैं, जिससे उनकी सुरक्षा खतरे में पड़ सकती है। इसलिए उपयोगकर्ताओं को सुरक्षित इंटरनेट कनेक्शन का उपयोग करना चाहिए।

दूसरी चुनौती यह है कि ऑनलाइन लेन-देन के दौरान उपयोगकर्ताओं के व्यक्तिगत और वित्तीय जानकारी की सुरक्षा का ध्यान रखना जर"
323,क्वांटम कंप्यूटिंग की व्यावहारिक अनुप्रयोग,"क्वांटम कंप्यूटिंग एक उभयान्तरीय तकनीक है जिसमें क्वांटम बिट्स का उपयोग किया जाता है। यह तकनीक क्लासिकल कंप्यूटिंग से बहुत अलग है जिसमें बिनरी डेटा को 0 और 1 में प्रस्तुत किया जाता है। क्वांटम बिट्स या क्यूबिट्स 0, 1 या दोनों के साथ हो सकते हैं, जिससे क्वांटम कंप्यूटर क्लासिकल कंप्यूटरों से कई गुना तेज और शक्तिशाली होते हैं।

क्वांटम कंप्यूटिंग के कई व्यावहारिक अनुप्रयोग हैं जो आज के तकनीकी युग में महत्वपूर्ण हैं। इनमें क्रिप्टोग्राफी, उत्पादन विनिर्माण, डेटा विज्ञान, मशीन लर्निंग, चिप डिजाइन"
324,ब्लॉकचेन प्रौद्योगिकी का भविष्य,"ब्लॉकचेन प्रौद्योगिकी एक उभरती हुई तकनीक है जो डिजिटल सृजनशीलता के क्षेत्र में क्रांति ला रही है। ब्लॉकचेन एक डिजिटल लेजर होता है जिसमें डेटा सुरक्षित ढंग से संग्रहित होता है और इसमें किसी भी प्रकार की बदलाव को ट्रैक किया जा सकता है।

ब्लॉकचेन प्रौद्योगिकी का भविष्य बहुत उज्जवल है। यह विभिन्न क्षेत्रों में उपयोग किया जा रहा है, जैसे वित्तीय सेवाएं, स्वास्थ्य सेवाएं, लॉजिस्टिक्स, रियल एस्टेट, और डेटा सुरक्षा। ब्लॉकचेन के उपयोग से डेटा सुरक्षित रहता है, गलतियों का पता लगाना आसान हो जाता है, और ट्रां"
325,क्वांटम कंप्यूटिंग की व्यावहारिक अनुप्रयोग,"क्वांटम कंप्यूटिंग एक उच्च-स्तरीय तकनीकी क्षेत्र है जिसमें क्वांटम मेकेनिक्स के सिद्धांतों का उपयोग किया जाता है ताकि विशेष कंप्यूटिंग कार्यों को सम्पादित किया जा सके। क्वांटम कंप्यूटर अत्यंत तेज़ होते हैं और इसके लिए उसे क्यूबिट्स का उपयोग करना पड़ता है, जो क्लासिकल बिट्स से काफी अलग होते हैं।

क्वांटम कंप्यूटिंग का उपयोग कई अनुप्रयोगों में किया जा सकता है, जैसे जीनेटिक्स, फार्मास्यूटिकल्स, मैटेरियल्स साइंस, मैशीन लर्निंग, और बहुगुणितीय डेटा विश्लेषण।

जीनेटिक्स में, क्वांटम कंप्यूटिं"
326,क्वांटम कंप्यूटिंग की व्यावहारिक अनुप्रयोग,"क्वांटम कंप्यूटिंग एक उभयमार्गी समस्या हल तकनीक है जो क्लासिकल कंप्यूटिंग से कहीं अधिक शक्तिशाली है। यह तकनीक सामान्य गणितीय कार्यों को तेजी से समाधान करने की क्षमता देती है, जैसे कि गणितीय संशोधन, रोग प्रतिस्थापन, भाषाई अनुवाद और क्रिप्टोग्राफी।

क्वांटम कंप्यूटिंग के अनुप्रयोगों में से एक उदाहरण है क्रिप्टोग्राफी। क्वांटम क्रिप्टोग्राफी का उद्देश्य सुरक्षित संदेश संचार की सुरक्षा सुनिश्चित करना है। यह एक उन्नत प्रकार की क्रिप्टोग्राफी है जो क्वांटम विज्ञान के सिद्धांतों पर आधारित है।

एक और महत्वपूर्ण क्ष"
327,सौर ऊर्जा के नवीनतम विकास,"सौर ऊर्जा एक साफ, निर्मल और अक्षय ऊर्जा स्रोत है जो हमें पृथ्वी के साथी बनाने में मदद कर सकती है। इसके साथ ही, इसका उपयोग कार्बन उत्सर्जन को कम करने में भी मदद कर सकता है और जलवायु परिवर्तन को कम करने में भी मदद कर सकता है।

सौर ऊर्जा के नवीनतम विकास में कई उत्कृष्ट तकनीकों का उपयोग हो रहा है। उदाहरण के लिए, सौर ऊर्जा से बिजली उत्पादन के लिए उत्कृष्ट ऊर्जा स्रोत है। सौर ऊर्जा उत्पादन के लिए उपयुक्त तकनीकों में सोलर पैनल्स, सोलर थर्मल प्रोसेसिंग, सोलर पंप इत्यादि शामिल हैं।

विज्ञान और प्रौद्योगिकी के क्षेत्र में हु"
328,प्लास्टिक प्रदूषण कम करने की नई विधियाँ,"प्लास्टिक प्रदूषण एक बड़ी समस्या है जिससे हमारे पृथ्वी को बड़ा नुकसान हो रहा है। इस समस्या को हल करने के लिए कई नई विधियाँ विकसित की जा रही हैं।

1. **बायो-प्लास्टिक**: बायो-प्लास्टिक एक प्रकार का प्लास्टिक है जो पूरी तरह से प्राकृतिक सामग्रियों से बना होता है और जल, मिट्टी आदि में आसानी से टूट जाता है। 

2. **प्लास्टिक पुनर्चक्रण**: प्लास्टिक की पुनर्चक्रण तकनीकें विकसित की जा रही हैं जो प्लास्टिक को बर्बाद होने से बचाती हैं और उसे फिर से उपयोग में लाने की संभावना प्रदान करती हैं।

3. **प्लास्टिक की विकास-हीन पैकेजिंग**: कुछ कं"
329,सतत विकास की नई रणनीतियाँ,"सतत विकास की नई रणनीतियाँ

विश्व में तकनीकी युग के आने के साथ, सतत विकास के लिए नई रणनीतियाँ आवश्यक हो गई हैं। यह नई रणनीतियाँ तकनीकी उन्नति, सामाजिक अभियान्त्रिकी और विज्ञान के क्षेत्र में नए आविष्कारों पर आधारित होने चाहिए।

पहली रणनीति में, हमें तकनीकी उन्नति को समर्थन देने के लिए सरकारी नीतियों को सुधारने की आवश्यकता है। इसमें नए तकनीकी अभियान्त्रिकी को बढ़ावा देने और उन्हें समर्थन प्रदान करने की जरूरत है।

दूसरी रणनीति में, हमें सामाजिक अभियान्त्रिकी को मजबूत करने के लिए कार्यकारी योजनाएं बनानी च"
330,ब्लॉकचेन प्रौद्योगिकी का भविष्य,"ब्लॉकचेन प्रौद्योगिकी एक ऐसी नवाचारिक प्रौद्योगिकी है जिसने विभिन्न क्षेत्रों में क्रांति ला दी है और इसका भविष्य भी बहुत उज्ज्वल दिखाई देता है। ब्लॉकचेन एक सुरक्षित, लेखकीय और अद्वितीय तकनीक है जो डेटा को व्यक्तिगत रूप से सुरक्षित रखती है। 

ब्लॉकचेन का उपयोग सिर्फ क्रिप्टोकरेंसी जैसे वित्तीय लेन-देन में ही सीमित नहीं है, बल्कि इसका उपयोग विभिन्न क्षेत्रों में हो रहा है। उदाहरण के लिए, स्वास्थ्य सेवाओं, वोटिंग सिस्टम, लॉगिस्टिक्स, आईओटी और बहुत कुछ में ब्लॉकचेन प्रौद्योगिकी का उपयो"
332,डिजिटल मुद्राओं की सुरक्षा चुनौतियाँ,"डिजिटल मुद्राएं आजकल बढ़ती हुई तकनीकी उन्नति का परिणाम हैं। वे हमें स्विफ्ट और आसान तरीके से विभिन्न व्यय और लेन-देन कार्यों को करने की सुविधा प्रदान करती हैं। हालांकि, इस तकनीकी उन्नति के साथ-साथ डिजिटल मुद्राओं की सुरक्षा पर भी चिंताएं हैं। निम्नलिखित हैं कुछ मुख्य चुनौतियाँ:

1. साइबर अपराध: डिजिटल मुद्राओं के उपयोग से जुड़े साइबर अपराधों का खतरा होता है। चोरी, धोखाधड़ी और फिशिंग जैसी धारणाओं के माध्यम से उपयोगकर्ताओं के धन को लूटा जा सकता है।

2. तकनीकी गड़बड़ी: डिजिटल मुद्राओं के उपयोग में होने"
331,डिजिटल मुद्राओं की सुरक्षा चुनौतियाँ,"आजकल डिजिटल मुद्राओं का उपयोग लोगों के बीच धन का लेन-देन करने के लिए बहुत ही आसान और सुविधाजनक हो गया है। हालांकि, इसके साथ ही डिजिटल मुद्राओं की सुरक्षा भी एक बड़ी चुनौती बन गई है। इन मुद्राओं को हैकर्स और ऑनलाइन धोखाधड़ीकर्ताओं से बचाना मुश्किल हो सकता है।

इन मुद्राओं की सुरक्षा के लिए कुछ महत्वपूर्ण उपाय शामिल हैं, जैसे कि सुरक्षित इंटरनेट कनेक्शन का उपयोग करना, अपडेटेड एंटीवायरस सॉफ़्टवेयर का उपयोग करना, अच्छे पासवर्ड का चयन करना, और अद्यतन सॉफ्टवेयर का उपयोग करना। इन उपायों का पालन करके"
333,ब्लॉकचेन प्रौद्योगिकी का भविष्य,"ब्लॉकचेन प्रौद्योगिकी एक विशेष प्रकार की डिजिटल लेजर है जिसमें सूचना सुरक्षित ढंग से संग्रहित होती है। यह तकनीक क्रिप्टोकरेंसीज़ जैसे बिटकॉइन की प्रमुख तकनीक है, लेकिन इसके अनुप्रयोग एकेले क्रिप्टोकरेंसीज़ पर ही सीमित नहीं हैं। 

ब्लॉकचेन प्रौद्योगिकी के विकास से विभिन्न क्षेत्रों में क्रांति आई है। वित्तीय सेवाओं में इसका उपयोग क्रिप्टोकरेंसीज़ के साथ ही लोन, इन्श्योरेंस, और लेन-देन की प्रक्रियाओं में भी हो रहा है। सुरक्षा एवं गोपनीयता क्षेत्र में भी इसका अहम योगदान है, क्योंकि ब्लॉकचेन टेक्नोलॉजी सू"
334,सतत विकास की नई रणनीतियाँ,"सतत विकास एक ऐसी प्रक्रिया है जिसमें समाज, अर्थव्यवस्था, प्रौद्योगिकी, और सांस्कृतिक क्षेत्र में सुधार की विशेषता है। विकास के लिए नई रणनीतियों की आवश्यकता हमेशा रहती है ताकि हम समृद्धि और समाज में सुधार को गति दे सकें। यहां कुछ नई रणनीतियाँ हैं जो सतत विकास को बढ़ावा देने में मदद कर सकती हैं:

1. डिजिटलीकरण: डिजिटल तकनीक का उपयोग करके सरकार और व्यवसाय क्षेत्र में प्रदर्शन को सुधारा जा सकता है। इससे सुविधाएं और सेवाएं लोगों तक आसानी से पहुंच सकती हैं।

2. सामाजिक न्याय: विकास के क्षेत्र में सामाजिक न्याय को मजबूत"
335,क्वांटम कंप्यूटिंग की व्यावहारिक अनुप्रयोग,"क्वांटम कंप्यूटिंग एक उभयामी तकनीक है जिसमें क्वांटम बिट्स या क्यूबिट्स का उपयोग किया जाता है। यह तकनीक क्लासिकल कंप्यूटिंग से अलग है जो हम रोजाना उपयोग करते हैं, जिसमें क्लासिकल बिट्स का उपयोग किया जाता है। क्वांटम कंप्यूटिंग कई विषम संभावनाओं को एक साथ प्रोसेस करने में सक्षम होता है।

क्वांटम कंप्यूटिंग के व्यावहारिक अनुप्रयोगों में एक सर्वाधिक महत्वपूर्ण क्षेत्र क्रिप्टोग्राफी है। क्वांटम कंप्यूटिंग बहुत तेजी से विज्ञान को बदल सकता है, खासकर तब जब बड़ी संख्या के संभावित रिक्त स्थानों का खोज क"
336,वन्यजीव संरक्षण में तकनीक का उपयोग,"वन्यजीव संरक्षण एक महत्वपूर्ण क्षेत्र है जिसमें तकनीकी उपायों का महत्वपूर्ण योगदान है। तकनीक का उपयोग वन्यजीवों की संरक्षण की प्रक्रिया को सुगम और प्रभावी बनाता है। यहां कुछ तकनीकी उपायों का वर्णन किया जा रहा है जो वन्यजीव संरक्षण में महत्वपूर्ण भूमिका निभाते हैं।

पहले, ट्रैकिंग तकनीक का उपयोग वन्यजीवों की निगरानी के लिए किया जाता है। वन्यजीवों के आकार, आवाज, और गतिविधियों को ट्रैक करने से उनकी संरक्षण की योजनाएं बनाने में मदद मिलती है।

दूसरे, रेडियो कॉलार का उपयोग वन्यजीवों की गतिविधियों क"
337,रोबोटिक्स का विकास और उसके अनुप्रयोग,"रोबोटिक्स एक ऐसी तकनीक है जिसमें रोबोट या स्वचालित मशीनें डिज़ाइन और विकसित की जाती हैं जो मानव कार्यों को स्वचालित रूप से करने में सक्षम होती हैं। रोबोटिक्स का विकास तेजी से बढ़ रहा है और इसके अनुप्रयोग कई क्षेत्रों में हमारे जीवन को सुगम और सुरक्षित बना रहे हैं।

रोबोटिक्स का मुख्य उद्देश्य है मानव कार्यों को सुगम और अधिक सुरक्षित बनाना। उदाहरण के लिए, औद्योगिक क्षेत्र में रोबोट्स कार्यकर्ता के रूप में काम करके खतरनाक या मानव के लिए हानिकारक कार्यों को कर सकते हैं। इसके अलावा, चिकित्सा क्षेत्र में भी रो"
339,ब्लॉकचेन प्रौद्योगिकी का भविष्य,"ब्लॉकचेन प्रौद्योगिकी एक विशेष प्रकार की डिजिटल लेजर है जो डेटा को सुरक्षित तरीके से संग्रहित करती है और इसे ट्रांजैक्शन की श्रृंखला में ब्लॉकों में संग्रहित करती है। ब्लॉकचेन प्रौद्योगिकी का भविष्य बहुत उज्जवल है और यह अनेक क्षेत्रों में क्रांति ला सकती है।

पहले, ब्लॉकचेन प्रौद्योगिकी की सुरक्षा और गोपनीयता विशेष ध्यान देने वाले क्षेत्रों में उपयोग किया जाएगा। बैंकिंग, स्वास्थ्य सेवाएं, वित्तीय सेवाएं, और सरकारी व्यवस्थाएं इस प्रौद्योगिकी का अधिक उपयोग करेंगी।

दूसरे, ब्लॉकचेन प्रौद्योगिकी"
338,ब्लॉकचेन प्रौद्योगिकी का भविष्य,"ब्लॉकचेन प्रौद्योगिकी एक नवाचारी और सुरक्षित तकनीक है जो डिजिटल डेटा को सुरक्षित रूप से संग्रहित करने के लिए उपयोग की जाती है। यह तकनीक डेटा को एक स्थायी और असंशोधित ब्लॉक में रखती है, जिसे बाद में कोई भी बदलाव या मिथ्या डेटा नहीं कर सकता। इसका उपयोग विभिन्न क्षेत्रों में किया जा रहा है, जैसे वित्त, स्वास्थ्य देखभाल, आईओटी आदि।

ब्लॉकचेन प्रौद्योगिकी का भविष्य उज्जवल और व्यापक है। यह तकनीक उत्कृष्ट सुरक्षा प्रदान करती है जिससे डेटा को सुरक्षित रखा जा सके। इसका उपयोग वित्तीय संस्थाओं, सर"
340,सतत विकास की नई रणनीतियाँ,"सतत विकास की नई रणनीतियाँ

विश्व भर में तकनीकी उन्नति और तेज़ी से बदलते परिवर्तनों के कारण, विकास के क्षेत्र में नई रणनीतियों की आवश्यकता होती रहती है। इन रणनीतियों का मकसद यह होता है कि समाज के सभी वर्गों और क्षेत्रों को विकास के फायदे तक पहुंचाना। नीतियों का माध्यम होते हुए इसे सुनिश्चित किया जाता है कि विकास सामाजिक, आर्थिक और पर्यावरणीय स्तर पर सुस्त, लाभकारी और सुरक्षित हो।

सतत विकास की नई रणनीतियों में शामिल हैं शिक्षा के प्रशासन में तकनीकी उन्नति, उद्यमिता को बढ़ावा देने के लिए संबंधित नीतियाँ, समुदाय के सं"
342,रोबोटिक्स का विकास और उसके अनुप्रयोग,"रोबोटिक्स एक ऐसा क्षेत्र है जिसमें रोबोट्स या स्वचालित मशीनें विकसित और उपयोग किया जाता है। यह एक अत्यंत रोमांचक और उत्तेजक क्षेत्र है, जिसमें तकनीकी नवाचारों के साथ-साथ विज्ञान और गणित का भी महत्वपूर्ण योगदान है।

रोबोटिक्स का विकास दिन-प्रतिदिन बढ़ रहा है और इसका उपयोग अनेक क्षेत्रों में किया जा रहा है। उदाहरण के लिए, औद्योगिक क्षेत्र में रोबोट्स काम को तेजी से और सही ढंग से करने में मदद करते हैं। विज्ञान क्षेत्र में रोबोट्स विभिन्न प्रयोगों के लिए उपयुक्त होते हैं, जैसे नानो-रोबोट्स और चिक"
341,क्वांटम कंप्यूटिंग की व्यावहारिक अनुप्रयोग,"क्वांटम कंप्यूटिंग एक उभरती हुई तकनीक है जो कंप्यूटिंग क्षेत्र में नए दिशानिर्देश खोल रही है। इसका उद्देश्य वर्तमान कंप्यूटरों से तेज़ और अधिक शक्तिशाली कंप्यूटिंग करना है। क्वांटम कंप्यूटर विभिन्न क्वांटम गेट और क्यूबिट का उपयोग करके काम करता है। यह कंप्यूटर क्लासिकल कंप्यूटरों के मुकाबले कई गुना तेज़ होता है और कई प्रकार के संभावितताओं का समाधान कर सकता है।

क्वांटम कंप्यूटिंग के व्यावहारिक अनुप्रयोग कई क्षेत्रों में देखे जा रहे हैं। उदाहरण के लिए, इसका उपयोग बड़े विज्ञानिक समस्याओं के स"
343,ब्लॉकचेन प्रौद्योगिकी का भविष्य,"ब्लॉकचेन प्रौद्योगिकी एक ऐसी नवाचारिक तकनीक है जिसने आधुनिक डिजिटल विश्व को परिवर्तित कर दिया है। इस तकनीक को लेकर ऐसी चर्चाएँ हो रही हैं कि यह भविष्य में हमारे जीवन को कैसे प्रभावित करेगी।

ब्लॉकचेन प्रौद्योगिकी एक डिजिटल लेजर होती है जिसमें सभी लेन-देन विवरण सुरक्षित रूप से संग्रहित रहते हैं। इस तकनीक के उपयोग से डेटा सुरक्षित रहता है और गलत उपयोग से बचाया जा सकता है। इसका उपयोग विभिन्न क्षेत्रों में हो रहा है जैसे कि वित्त, स्वास्थ्य, सरकारी सेवाएं आदि।

ब्लॉकचेन प्रौद्योगिकी का भविष्य सुर"
344,इंटरनेट ऑफ़ थिंग्स (IoT) और स्मार्ट सिटी,"आधुनिक तकनीकी युग में, इंटरनेट ऑफ़ थिंग्स (IoT) और स्मार्ट सिटी के बीच गहरा संबंध है। IoT एक तकनीकी यंत्रणा है जो भिन्न डिवाइसेस को इंटरनेट के माध्यम से जोड़ती है ताकि वे आपस में संचार कर सकें और डेटा आपस में आसानी से साझा कर सकें। स्मार्ट सिटी वह शहर है जो IoT तकनीक का उपयोग करके अपनी सुविधाओं को संचालित करता है ताकि नागरिकों को बेहतर सेवाएं प्रदान की जा सकें।

स्मार्ट सिटी नई तकनीक के साथ जुड़े होते हुए, शहर की परियोजनाओं को सुधारता है और उन्हें अधिक सुरक्षित और उपयोगकर्ता-मित्र बनाता है। इसके माध्यम से ऊर्जा प्रबं"
346,ड्रोन प्रौद्योगिकी के नए उपयोग,"ड्रोन प्रौद्योगिकी ने हमारे जीवन में कई नए उपयोग लाये हैं और इसका उपयोग सिविल, वाणिज्यिक और सुरक्षा स्तर पर व्यापक हो रहा है। 

सबसे पहले, ड्रोन विभिन्न उद्देश्यों के लिए उपयोग किया जा रहा है जैसे कि वीडियो शूटिंग, फोटोग्राफी, नक्शा तैयारी, जल संशोधन, और अवकाश संदेश आदि। ड्रोन वॉयलेट से शहर के ऊचाइयों तक की तस्वीरें लेने में मदद कर सकते हैं और कृषि क्षेत्र में उनका उपयोग खेतों की मानचित्रण, पौधरोपण, और पेष्टिकात्मक विवेचन में भी किया जा रहा है।

दूसरे, ड्रोन एक्सप्रेस डिलीवरी के लिए भी उप"
347,प्लास्टिक प्रदूषण कम करने की नई विधियाँ,"प्लास्टिक प्रदूषण एक गंभीर मामला है जो हमारी पृथ्वी और पर्यावरण के लिए बड़ी चुनौती है। प्लास्टिक का अनुपात बढ़ता ही जा रहा है और इसका पर्यावरण पर दुर्भाग्यपूर्ण प्रभाव हो रहा है। इस समस्या को हल करने के लिए कुछ नई विधियाँ विकसित की जा रही हैं।

एक ऐसी नई तकनीक है बायो-प्लास्टिक, जिसे प्लास्टिक के प्रकार के स्थान पर बनाया जाता है जो प्राकृतिक रूप से विघटित हो सकता है। ये प्लास्टिक विकल्प पर्यावरण के लिए कम हानिकारक होते हैं क्योंकि इन्हें उत्पन्न करने में अधिक प्राकृतिक सामग्री का उपयोग होता है।

एक और विकल्प है"
348,इंटरनेट ऑफ़ थिंग्स (IoT) और स्मार्ट सिटी,"आधुनिक तकनीकी उपकरणों के उपयोग से स्मार्ट सिटी अब एक वास्तविकता बन रही है। इंटरनेट ऑफ़ थिंग्स (IoT) इसमें एक महत्वपूर्ण भूमिका निभा रहा है। IoT तकनीक से संगत उपकरणों को शहर के विभिन्न क्षेत्रों में लगाया जा रहा है ताकि सार्वजनिक सुविधाएं बेहतर बन सकें।

IoT और स्मार्ट सिटी के बीच एक अद्वितीय सम्बन्ध है। इसके माध्यम से शहरी संरचना, ऊर्जा प्रबंधन, परिवहन, सुरक्षा और सार्वजनिक सुविधाएं सुदृढ़ हो रही हैं। उदाहरण के लिए, स्मार्ट सिटी बिजली की बचत के लिए सेंसर लगाने, पानी की आपूर्ति को संभालने, वाहनों का ट्र"
345,इंटरनेट ऑफ़ थिंग्स (IoT) और स्मार्ट सिटी,"इंटरनेट ऑफ़ थिंग्स (IoT) और स्मार्ट सिटी दोनों एक तकनीकी योजना हैं जो शहरों को सुरक्षित, सुगम और अधिक उपयोगी बनाने के लिए डिजाइन की गई हैं। इन दोनों कन्सेप्ट्स का उद्देश्य शहरी जीवन को बेहतर बनाना है, जैसे ऊर्जा प्रबंधन, ट्राफिक नियंत्रण, पानी की आपूर्ति, अस्वच्छता नियंत्रण आदि।

IoT के माध्यम से, विभिन्न डिवाइस और सेंसर्स शहर में स्थापित किए जाते हैं जो डेटा को कलेक्ट करते हैं और उसे स्मार्ट तरीके से व्याख्या करते हैं। इसके परिणामस्वरूप, शहर के नियंत्रक सेंटर में डेटा के आधार पर निर्णय लिए जा सकते हैं और जर"
349,सौर ऊर्जा के नवीनतम विकास,"सौर ऊर्जा एक प्राकृतिक स्रोत है जिसे सूर्य के प्रकाश और ऊर्जा से प्राप्त किया जाता है। यह एक शुद्ध, सुरक्षित और असीमित स्रोत है जो विद्युत और ऊर्जा की आवश्यकताओं को पूरा करने में मदद कर सकता है। गत कुछ वर्षों में, सौर ऊर्जा के क्षेत्र में कई नवाचार हुए हैं जो इसके उपयोग को और भी सुगम और प्रभावी बना रहे हैं।

पहला नवाचार है सौर ऊर्जा तकनीक की विकास की गति। नए और उन्नत पैनल और ऊर्जा संचारण प्रणालियों की वजह से सौर पैनलों की ऊर्जा उत्पादन क्षमता में वृद्धि हुई है। इससे सौर ऊर्जा का उत्पादन सस्ता और प्रभावी हो गया है"
350,ब्लॉकचेन प्रौद्योगिकी का भविष्य,"ब्लॉकचेन प्रौद्योगिकी एक नवाचारी प्रौद्योगिकी है जिसने विभिन्न क्षेत्रों में अपनी महत्वपूर्ण भूमिका बनाई है। यह प्रौद्योगिकी न केवल वित्तीय लेन-देन क्षेत्र में बल्कि सामाजिक, स्वास्थ्य, विज्ञान, औद्योगिक विकास और सरकारी क्षेत्र में भी उपयोगी साबित हो रही है।

ब्लॉकचेन प्रौद्योगिकी का भविष्य बहुत उज्जवल और सुगम है। इसके उपयोग से विभिन्न क्षेत्रों में कार्य प्रणालियों में सुधार हो रहा है। इस प्रौद्योगिकी के उपयोग से संचार की प्रक्रिया में अद्वितीयता, सुरक्षा, गुणवत्ता और स्थायित्व बढ़ाया जा रहा"
351,सतत विकास की नई रणनीतियाँ,"आधुनिक प्रौद्योगिकी और विज्ञान के क्षेत्र में सतत विकास के लिए नई रणनीतियाँ विकसित की जा रही हैं। इन रणनीतियों का उद्देश्य नवाचार, सुधार और स्थायित्व को मजबूत करना है।

पहली रणनीति है ""संयोग""। यह रणनीति विभिन्न तकनीकी योगदानों को एक साथ लाने के माध्यम से नए और सुधारित उत्पादों की उत्पत्ति को गति देती है। उदाहरण के लिए, एक व्यवसाय में एकीकृत सॉफ्टवेयर और हार्डवेयर की विकास प्रक्रिया उत्पादों की गुणवत्ता और संगठन में सुधार कर सकती है।

दूसरी रणनीति है ""साझा संसाधनों का उपयोग""। इस रणनीति के अंतर"
352,इंटरनेट ऑफ़ थिंग्स (IoT) और स्मार्ट सिटी,"आज के युग में तकनीकी उन्नति ने हर क्षेत्र में अपनी गहरी छाप छोड़ दी है। इंटरनेट ऑफ़ थिंग्स (IoT) एक ऐसी तकनीक है जो विभिन्न डिवाइस को इंटरनेट से जोड़कर उन्हें एक-दूसरे से संचालित करने की अनुमति देती है। इसका उदाहरण स्मार्ट सिटी है, जो एक धाराप्रवाहित और संगठित शहर का संचालन करने के लिए IoT का उपयोग करती है।

स्मार्ट सिटी में जीवन को बेहतर बनाने के लिए विभिन्न तकनीकी उपाय किए जाते हैं। उदाहरण के लिए, स्मार्ट सिटी में ट्रैफ़िक मैनेजमेंट, पार्किंग सिस्टम, ऊर्जा बचत, सुरक्षा, और सार्वजनिक परिवहन को व्यवस"
353,जलवायु परिवर्तन के खिलाफ नई तकनीकें,"जलवायु परिवर्तन आज की सबसे बड़ी चुनौती है और इसे नियंत्रित करने के लिए नई और विशेषज्ञ तकनीकों की आवश्यकता है। वैश्विक तापमान में वृद्धि, जलवायु तटस्थल क्षेत्रों में बदलाव, तूफान, बाढ़ और सूखे की अधिकता - ये सभी जलवायु परिवर्तन के प्रमुख प्रमाण हैं।

नई तकनीकें जलवायु परिवर्तन का सामना करने में मदद कर सकती हैं। सौर ऊर्जा, जल ऊर्जा, पवन ऊर्जा और बायो-ऊर्जा जैसी नवाचारी ऊर्जा स्रोतों को बढ़ावा देना जलवायु परिवर्तन के खिलाफ एक प्रमुख कदम है। इन स्रोतों का उपयोग कार्बन उत्सर्जन को कम करने में मदद करत"
354,रोबोटिक्स का विकास और उसके अनुप्रयोग,"रोबोटिक्स एक ऐसा क्षेत्र है जिसने मानवता के लिए कई संभावनाएं खोल दी हैं। यह विज्ञान और तकनीक का मिलन है जिसमें रोबोट या मशीनें मानवों की कार्यों को सरल और सुरक्षित बनाने के लिए डिज़ाइन की जाती हैं।

रोबोटिक्स के विकास ने कई क्षेत्रों में क्रांति ला दी है। उदाहरण के लिए, विनिर्माण उद्योग में रोबोट्स का उपयोग काम को तेजी से और सटीकता से करने में मदद करता है। इसके अलावा, चिकित्सा क्षेत्र में भी रोबोटिक्स का महत्वपूर्ण योगदान है। उच्च स्तरीय कीर्तिमान ऑपरेशन, औषधीय और निदान के उपकरणों का विकास रोबोटिक"
356,कृत्रिम बुद्धिमत्ता का उपयोग साइबर सुरक्षा में,"कृत्रिम बुद्धिमत्ता या Artificial Intelligence (AI) एक तकनीक है जो मानव बुद्धि का नकल करती है ताकि वह मानव जैसे कार्य कर सके। यह विभिन्न क्षेत्रों में उपयोग किया जाता है, जैसे कि साइबर सुरक्षा। साइबर सुरक्षा में, कृत्रिम बुद्धिमत्ता का उपयोग सुरक्षा उपकरणों को मजबूत और सुरक्षित बनाने में किया जाता है।

कृत्रिम बुद्धिमत्ता के उपयोग से सुरक्षा विशेषज्ञ सुरक्षा घातकों को पहचानने और निवारण करने में मदद प्राप्त करते हैं। यह बुद्धिमत्ता एक्सपर्ट सिस्टम, मशीन लर्निंग, डीप लर्निंग और न्यूरल नेटवर्क्स के माध्यम से सुरक्षा उपकरणों को सुध"
355,कृत्रिम बुद्धिमत्ता का उपयोग साइबर सुरक्षा में,"कृत्रिम बुद्धिमत्ता (Artificial Intelligence) एक तकनीकी उपकरण है जो मानव बुद्धिमत्ता की तरह निर्णय लेने और समस्याओं का हल ढूंढने में सक्षम है। आज के समय में साइबर सुरक्षा एक महत्वपूर्ण विषय बन गया है जिसमें कृत्रिम बुद्धिमत्ता का उपयोग किया जा रहा है।

कृत्रिम बुद्धिमत्ता के उपयोग से साइबर सुरक्षा में विभिन्न तरह की सुरक्षा कार्यवाहियों को सुधारा जा सकता है। इसके जरिए साइबर हमलों की पहचान और उनके विरुद्ध तरकीबें बनाने में मदद मिलती है। कृत्रिम बुद्धिमत्ता अद्वितीय ढंग से डेटा को विश्लेषित कर सकता है और संदेहपूर्ण गतिव"
357,सतत विकास की नई रणनीतियाँ,"आधुनिक समय में तकनीकी क्षेत्र में तेजी से बदलाव हो रहा है और संचार के विकास से नए अवसर उत्पन्न हो रहे हैं। सतत विकास की नई रणनीतियाँ इस संदेश को समझने और अनुसरण करने के लिए आवश्यक हैं।

प्रथम रणनीति यह है कि विकास के साथ साथ अनुकूलन की दिशा में कदम बढ़ाना जरूरी है। तकनीकी उन्नति को समाजिक, आर्थिक और पर्यावरणीय पहलुओं से मिलाकर देखना चाहिए।

दूसरी रणनीति यह है कि नई तकनीकों को स्वीकार करने की क्षमता विकसित की जानी चाहिए। बदलाव को स्वीकारने की यह क्षमता आवश्यक है ताकि हम स्वयं को नवीनीकरण करने के लिए तैयार"
358,कृत्रिम बुद्धिमत्ता का उपयोग साइबर सुरक्षा में,"कृत्रिम बुद्धिमत्ता एक तकनीकी क्षेत्र है जिसमें कंप्यूटर और सॉफ़्टवेयर को मानव बुद्धिमत्ता की तरह कार्य करने की क्षमता प्रदान की जाती है। इस तकनीक का उपयोग साइबर सुरक्षा में किया जा सकता है ताकि साइबर हमलों से बचाव और सुरक्षा मजबूत की जा सके।

कृत्रिम बुद्धिमत्ता का उपयोग साइबर सुरक्षा में कई तरीकों से किया जा सकता है। पहले, कृत्रिम बुद्धिमत्ता उपकरणों को साइबर हमलों की श्रेणीकरण और पहचानने में मदद कर सकती है। इसके लिए, ये उपकरण निर्दिष्ट संकेतों और लक्षणों को पहचानकर किसी भी संदेश या क्रिया को संदेशक या हमलावर की"
360,प्लास्टिक प्रदूषण कम करने की नई विधियाँ,"प्लास्टिक प्रदूषण आज के समय में एक बड़ी समस्या बन चुकी है और इसे कम करने के लिए हमें नए तरीके और विधियाँ अपनानी होंगी। यहाँ कुछ नई विधियाँ बताई जा रही हैं जो प्लास्टिक प्रदूषण को कम करने में मदद कर सकती हैं।

1. **बायो-प्लास्टिक**: बायो-प्लास्टिक एक प्रकार का उपभोक्ता सामग्री है जो प्राकृतिक सामग्रियों से बनाया जाता है और प्राकृतिक तौर पर अवशोषण के बाद विघटन हो जाता है। इससे प्लास्टिक के उपयोग से होने वाले प्रदूषण को कम किया जा सकता है।

2. **प्लास्टिक रीसाइक्लिंग**: प्लास्टिक की पुनर्चक्रण प्रक्रिया को बढ़ावा देने"
361,कृत्रिम बुद्धिमत्ता का उपयोग साइबर सुरक्षा में,"कृत्रिम बुद्धिमत्ता (Artificial Intelligence) एक ऐसी तकनीक है जो मानव बुद्धि की कार्यक्षमता को मूल रूप से मिमिक करती है। साइबर सुरक्षा में कृत्रिम बुद्धिमत्ता का उपयोग बहुत महत्वपूर्ण है क्योंकि यह नए तरीके से सुरक्षा की स्तर को उच्च करने में मदद कर सकता है।

कृत्रिम बुद्धिमत्ता के उपयोग से सुरक्षा विशेषज्ञ साइबर आक्रमणों को पहचानने, रोकने और उनका निवारण करने में सक्षम हो सकते हैं। यह तकनीक अद्वितीय ढंग से डेटा की सुरक्षा को बढ़ावा देती है और हमें साइबर हमलों से सुरक्षित रखने में मदद करती है।

कृत्रिम बुद्धिमत्ता के उपयोग से सुरक"
362,वर्चुअल रियलिटी में नवीनतम रुझान,"वर्चुअल रियलिटी (Virtual Reality) एक उपकरण या प्रौद्योगिकी है जिसके माध्यम से हम वास्तविकता के अनुभव को सिमुलेट कर सकते हैं। यह एक उत्कृष्ट तकनीक है जो हमें नए और रोचक अनुभव प्रदान करती है। वर्चुअल रियलिटी के क्षेत्र में नवीनतम रुझानों में कुछ निम्नलिखित शामिल हैं।

1. **अधिक सामाजिक अनुभव**: नवीनतम वर्चुअल रियलिटी तकनीक अब अधिक सामाजिक अनुभव प्रदान करने में मदद कर रही है। अब लोग एक साथ वर्चुअल वास्तविकता में मिलकर खेल खेल सकते हैं और एक-दूसरे के साथ बातचीत कर सकते हैं।

2. **एलीगेंस और वास्तविकता के अधिक"
359,जलवायु परिवर्तन के खिलाफ नई तकनीकें,"जलवायु परिवर्तन आज की एक महत्वपूर्ण चुनौती है जिससे हमें निपटना होगा। नई तकनीकें उसे कम करने और इसका समाधान निकालने में महत्वपूर्ण भूमिका निभा सकती हैं।

प्रथम, नई ऊर्जा स्रोतों की तकनीकें जलवायु परिवर्तन को कम करने में मदद कर सकती हैं। सौर ऊर्जा, जल ऊर्जा, वायु ऊर्जा और भूमि के ऊर्जा स्रोत स्वच्छ और अक्षमता से प्राप्त होते हैं और जलवायु परिवर्तन के कारणों में होने वाली विषाद गैसों का उत्सर्जन कम करने में मदद कर सकते हैं।

द्वितीय, वन्यजीव संरक्षण और पुनर्जीवन के लिए नई तकनीकें जलवायु परिवर्तन के खिलाफ एक महत्वप"
363,वर्चुअल रियलिटी में नवीनतम रुझान,"वर्चुअल रियलिटी (Virtual Reality) एक उपयोगकर्ता अनुभव है जिसमें व्यक्ति एक पूरी तरह से नये और वास्तविक समय में उपस्थित माहौल को अनुभव करता है। वर्चुअल रियलिटी के उपयोग से उपयोगकर्ता एक अलग विश्व में खुद को समझ सकता है और उसमें स्थितियों का सामना कर सकता है।

नवीनतम रुझानों में एक बड़ा ध्यान वर्चुअल रियलिटी के अनुभव का सुधार है। पिछले कुछ वर्षों में, वर्चुअल रियलिटी की गुणवत्ता में महत्वपूर्ण वृद्धि हुई है और अब यह अधिक वास्तविक और उत्कृष्ट अनुभव प्रदान करने में सक्षम है।

एक अन्य महत्वपूर्ण रुझ"
364,रोबोटिक्स का विकास और उसके अनुप्रयोग,"रोबोटिक्स विज्ञान का एक महत्वपूर्ण क्षेत्र है जिसमें विभिन्न तकनीकी प्रक्रियाएं और सॉफ्टवेयर का उपयोग करके स्वचालित या स्वयंसेवक यंत्रों का निर्माण और उन्हें नियंत्रित करने के संबंध में अध्ययन किया जाता है। रोबोटिक्स का विकास तेजी से हो रहा है और यह विभिन्न क्षेत्रों में अपना उपयोग कर रहा है।

रोबोटिक्स के अनुप्रयोगों में मेडिकल रोबोटिक्स, आवासीय रोबोटिक्स, उड़ान रोबोटिक्स, औद्योगिक रोबोटिक्स, खुदरा रोबोटिक्स आदि शामिल हैं। इन अनुप्रयोगों के माध्यम से हम अलग-अलग क्षेत्रों में कार्यों को सु"
365,क्वांटम कंप्यूटिंग की व्यावहारिक अनुप्रयोग,"क्वांटम कंप्यूटिंग एक उभयानुप्रयोगी तकनीक है जो कंप्यूटिंग की दुनिया में एक बड़ी क्रांति ला सकती है। इस तकनीक में क्वांटम बिट्स या क्यूबिट्स का उपयोग होता है जो क्लासिकल बिट्स से काफी अलग होते हैं। क्लासिकल बिट्स 0 और 1 की मान लेते हैं जबकि क्वांटम बिट्स समान समय में 0 और 1 दोनों की मान लेते हैं। यह विशेषता क्वांटम कंप्यूटिंग को क्लासिकल कंप्यूटिंग से बेहद तेज और ऊँची स्तरीय प्रक्रियाओं को संभव बनाती है।

क्वांटम कंप्यूटिंग के कई व्यावहारिक अनुप्रयोग हैं जो विभिन्न क्षेत्रों में विकसित किए जा रहे"
366,क्वांटम कंप्यूटिंग की व्यावहारिक अनुप्रयोग,"क्वांटम कंप्यूटिंग एक उभयानुसारी परियोजना है जिसमें क्वांटम तंत्रिका का उपयोग किया जाता है जिससे विशेष अंकगणित कार्यों को सुलझाया जा सकता है। क्वांटम कंप्यूटिंग के विकास से हमारी दुनिया में विज्ञान और प्रौद्योगिकी के कई क्षेत्रों में नए अवसर खुले हैं।

क्वांटम कंप्यूटिंग के अनुप्रयोगों में सबसे महत्वपूर्ण क्षेत्र अंकगणित है। यह विशेष रूप से बड़े आकार के गणितीय समस्याओं को हल करने में मदद कर सकता है, जैसे गणितीय अनुक्रमणिका, अंकगणित के मॉडेलों का विकसित करना, और क्रिप्टोग्राफी। क्वांटम कंप्यू"
368,सौर ऊर्जा के नवीनतम विकास,"सौर ऊर्जा को विश्वासप्राप्त और सबसे सुरक्षित ऊर्जा स्रोत माना जाता है जो पर्यावरण के लिए भी अत्यधिक साफ़ है। इसके साथ ही, सौर ऊर्जा की उपयोगिता और उसकी पहुंच भी बढ़ रही है। नवीनतम सौर ऊर्जा विकास में कई नए प्रौद्योगिकी और अद्वितीय उपाय शामिल हैं जो सौर ऊर्जा को और भी अधिक सकारात्मक रूप से उपयोगी बना रहे हैं।

एक उदाहरण के रूप में, नवीनतम सौर पैनल प्रौद्योगिकी ने पैनल की क्षमता और दीर्घकालिक प्रदर्शन को बेहतर बनाया है। नए पैनल अब अधिक सूर्य प्रकाश को अच्छी तरह से अवशोषित कर सकते हैं और इससे"
369,रोबोटिक्स का विकास और उसके अनुप्रयोग,"रोबोटिक्स एक अनुशासित यंत्र विज्ञान है जिसमें विभिन्न तकनीकी और कंप्यूटरीकृत प्रणालियों का उपयोग करके रोबोट या स्वचालित मशीनों का विकास और उपयोग किया जाता है। रोबोटिक्स के क्षेत्र में नवीनतम तकनीकी उत्पादों का निर्माण, उनका परीक्षण और उनके उपयोग की अध्ययन किया जाता है।

रोबोटिक्स का विकास लगातार हो रहा है और इसका उपयोग विभिन्न क्षेत्रों में किया जा रहा है। उदाहरण के लिए, रोबोटिक्स का उपयोग औद्योगिक क्षेत्र में संचालन को सुगम और सुरक्षित बनाने के लिए किया जा रहा है। इसके अलावा, रोबोटिक्स क"
370,क्वांटम कंप्यूटिंग की व्यावहारिक अनुप्रयोग,"क्वांटम कंप्यूटिंग एक उत्कृष्ट तकनीक है जो वर्तमान कंप्यूटिंग की परिधि को नए सीमांतर में ले जाती है। इसका उद्देश्य वर्तमान कंप्यूटिंग से अधिक तेज, अधिक सुरक्षित और अधिक व्यावसायिक तरीके से समस्याओं का समाधान करना है। क्वांटम कंप्यूटिंग के कई अनुप्रयोग हैं, जो विभिन्न क्षेत्रों में उपयोग किए जा रहे हैं। 

एक प्रमुख अनुप्रयोग है क्रिप्टोग्राफी, जिसमें क्वांटम कंप्यूटिंग की साहायता से डेटा को सुरक्षित रखने के नए तरीके विकसित किए जा रहे हैं। इसके अलावा, क्वांटम कंप्यूटिंग को विशेषज्ञता, वित्तीय म"
371,सतत विकास की नई रणनीतियाँ,"सतत विकास एक महत्वपूर्ण मुद्दा है जिस पर ध्यान देना आवश्यक है। विकास के लिए सबसे महत्वपूर्ण है कि हम नई रणनीतियों का अध्ययन करें और उन्हें अपनाएं। यहाँ कुछ ऐसी रणनीतियाँ हैं जो सतत विकास के लिए महत्वपूर्ण हैं।

पहली रणनीति है नवाचार। नए और अद्वितीय विचारों का आधार बनाकर हम समस्याओं का समाधान निकाल सकते हैं। नवाचार से हमारी उत्कृष्टता में सुधार होता है जो विकास की गति को तेजी से बढ़ाता है।

दूसरी रणनीति है अनुसंधान और विकास को प्रोत्साहित करना। नए तकनीकी उत्पादों और सेवाओं का निर्माण करने के लिए अ"
372,इलेक्ट्रिक वाहनों की भविष्य की संभावनाएँ,"वर्तमान में इलेक्ट्रिक वाहनों का उपयोग तेजी से बढ़ रहा है और भविष्य में यह और भी बढ़ने की संभावना है। इसके कई कारण हैं, जैसे की पर्यावरण के प्रति जागरूकता बढ़ना, उर्जा संकट का सामना करना, और इलेक्ट्रिक वाहनों के लाभ।

इलेक्ट्रिक वाहनों का उपयोग कार्बन उत्सर्जन को कम करने में मदद करता है और वायु प्रदूषण को भी कम करता है। इसके साथ ही, इलेक्ट्रिक वाहनों की चालना सस्ती हो जाती है जब तक की इलेक्ट्रिसिटी उत्पादन की ऊर्जा स्रोत भी अधिक कार्यक्षम और शुद्ध हों।

भविष्य में इलेक्ट्रिक वाहनों की संभावनाएँ और भी उज्जवल हो"
375,जलवायु परिवर्तन के खिलाफ नई तकनीकें,"जलवायु परिवर्तन एक बड़ी चुनौती है जिससे हम सभी गहराई से प्रभावित हो रहे हैं। इस समस्या का समाधान ढंग से करने के लिए नई तकनीकें और उपाय आवश्यक हैं।

पहली तकनीक है विज्ञान और प्रौद्योगिकी का उपयोग करके विद्युत ऊर्जा और ऊर्जा संयंत्रों को बढ़ावा देना। सौर ऊर्जा, पवन ऊर्जा और जल ऊर्जा जैसे प्राकृतिक स्रोतों से ऊर्जा उत्पादन को बढ़ावा देना जलवायु परिवर्तन के नकारात्मक प्रभावों को कम कर सकता है।

दूसरी तकनीक का उपयोग है वन और वन्यजीव संरक्षण। वन संरक्षण और वन्यजीव संरक्षण के माध्यम से हम ऊर्जा संसाधनों क"
376,जलवायु परिवर्तन के खिलाफ नई तकनीकें,"जलवायु परिवर्तन एक बड़ी चुनौती है जिसका सामना हम सभी कर रहे हैं। इस समस्या का समाधान निकालने के लिए नई तकनीकें एक महत्वपूर्ण रोल निभा रही हैं। ये तकनीकें जलवायु परिवर्तन के नकारात्मक प्रभावों को कम करने और स्थायित्वपूर्ण जीवनशैली की सुनिश्चित करने में मदद कर रही हैं।

कुछ ऐसी नई तकनीकें हैं जो जलवायु परिवर्तन के खिलाफ लड़ने में मदद कर रही हैं। प्रथम, विद्युत वाहनों और ऊर्जा स्रोतों की सामर्थ्य बढ़ाने के लिए विकसित हो रही ऊर्जा तकनीकें जलवायु परिवर्तन को कम करने में महत्वपूर्ण भूमिका निभा रही हैं। इसके अल"
373,प्लास्टिक प्रदूषण कम करने की नई विधियाँ,"प्लास्टिक प्रदूषण आजकल एक बड़ी समस्या बन चुकी है जिसे हम सभी को गंभीरता से लेना चाहिए। प्लास्टिक का उपयोग हर क्षेत्र में हो रहा है, लेकिन इसका असंवेदनशील तरीके से उपयोग और उसके नुकसान को नजरअंदाज करना हमारे लिए खतरनाक साबित हो सकता है।

प्लास्टिक प्रदूषण को कम करने के लिए कुछ नई विधियाँ हैं जो हम अपना सकते हैं। पहले तो, हमें प्लास्टिक की बजाय पर्यावरण से अधिक मिलने वाले सामग्रियों का उपयोग करना चाहिए। उदाहरण के लिए, हमें प्लास्टिक की बजाय कपड़े, शीशे, लकड़ी और कागज का उपयोग करना चाहिए।

दूसरे, हमें प"
377,सौर ऊर्जा के नवीनतम विकास,"सौर ऊर्जा एक साफ और अनगिनत स्रोत है जिसे उत्पन्न करने में सूर्य की किरणों का उपयोग किया जाता है। यह ऊर्जा सस्ती, पर्यावरण के प्रति अनुकूल, अनंत और सुरक्षित है। नवीनतम विकासों में सौर ऊर्जा के कई पहलुओं पर केंद्रित हुआ है।

पहला महत्वपूर्ण विकास तकनीकी उन्नति का है, जिसने सौर ऊर्जा के उत्पादन को सुगम और अधिक अभिकंडनीय बनाया है। नए सौर पैनल और ऊर्जा संग्रहण प्रणालियों की अद्वितीयता में सुधार करने से सौर ऊर्जा का उत्पादन और उपयोग बढ़ गया है।

दूसरा विकास वित्तीय मुद्दों पर केंद्रित है। सौर ऊर्जा के लिए"
378,वन्यजीव संरक्षण में तकनीक का उपयोग,"वन्यजीव संरक्षण एक महत्वपूर्ण कार्य है जिसका उद्देश्य वन्यजीवों की रक्षा और संरक्षण है। वन्यजीव संरक्षण में तकनीक का उपयोग किया जा रहा है ताकि इन संरक्षण कार्यों को और भी प्रभावी बनाया जा सके।

तकनीक के उपयोग से वन्यजीव संरक्षण कई तरीकों से हो सकता है। पहले तो, तकनीक द्वारा वन्यजीवों की गणना और मॉनिटरिंग की जा सकती है। इससे हमें यह जानकारी मिलती है कि वन्यजीवों की संख्या कितनी है और उनकी स्थिति क्या है। इसके अलावा, तकनीक का उपयोग करके वन्यजीवों के लिए सुरक्षित जीवनस्तर बनाने में मदद मिलती है। 

व"
379,सौर ऊर्जा के नवीनतम विकास,"सौर ऊर्जा विज्ञान का एक बड़ा क्षेत्र है जो मानव सभ्यता के विकास में महत्वपूर्ण भूमिका निभाता आ रहा है। सौर ऊर्जा का उपयोग वायुमंडलीय उद्योगों, गृहों, और वाहनों में ऊर्जा संवर्धन के लिए किया जा रहा है। नवीनतम विकासों में सौर ऊर्जा के कई पहलुओं पर विशेष ध्यान दिया जा रहा है।

पहला विकास है सौर पैनल की तकनीकी सुधार। नए तकनीकी उत्पाद जैसे कि थिन-फिल्म सौर पैनल और नैनो सौर सेल्स विकसित किए जा रहे हैं जो अधिक ऊर्जा उत्पादन करते हैं और कम जगह लेते हैं।

दूसरा महत्वपूर्ण विकास है सौर कोटिंग तकनीक क"
380,प्लास्टिक प्रदूषण कम करने की नई विधियाँ,"प्लास्टिक प्रदूषण एक बड़ी समस्या है जो हमारे पर्यावरण को बहुत अधिक हानि पहुंचा रही है। इस समस्या का हल निकालने के लिए हमें नई विधियाँ और तकनीकी उपाय अपनाने की आवश्यकता है। यहाँ कुछ नई विधियाँ हैं जो प्लास्टिक प्रदूषण को कम करने में मददगार साबित हो सकती हैं।

पहली विधि है प्लास्टिक की पुनर्चक्रण योजना। इसमें प्लास्टिक को फिर से उपयोगी उत्पादों में पुन: उपयोग किया जाता है। इससे प्लास्टिक की खपत कम होती है और प्रदूषण भी कम होता है।

दूसरी विधि है बायो-प्लास्टिक का उपयोग करना। बायो-प्लास्टिक प्राकृतिक सामग"
381,इलेक्ट्रिक वाहनों की भविष्य की संभावनाएँ,"वर्तमान में जलवायु परिवर्तन और पर्यावरण संरक्षण के मुद्दे बढ़ते जा रहे हैं, और इसका एक महत्वपूर्ण हिस्सा वाहनों के विकास पर भी पड़ रहा है। इस संदर्भ में, इलेक्ट्रिक वाहनों का उपयोग बढ़ रहा है और इसके भविष्य की संभावनाएँ भी उज्जवल दिख रही हैं।

इलेक्ट्रिक वाहनों के फायदे वास्तव में अनेक हैं। इन्हें चालने के लिए पेट्रोल या डीजल की तुलना में इलेक्ट्रिसिटी सस्ती और पर्याप्त उपलब्ध है। इसके साथ ही, इनके चलने से वायु प्रदूषण कम होता है जो मानव स्वास्थ्य के लिए अच्छा है। इन वाहनों की देखभाल भी कम महंगी होती"
382,क्वांटम कंप्यूटिंग की व्यावहारिक अनुप्रयोग,"क्वांटम कंप्यूटिंग एक उभयानुक्रमिक तकनीक है जो क्लासिकल कंप्यूटिंग से अलग है। क्वांटम कंप्यूटर संभावित अवस्थाओं को प्रोसेस करने में सक्षम होते हैं, जो वर्तमान में उपलब्ध सुपरकंप्यूटरों से भी तेजी से और अधिक प्रभावी होते हैं।

क्वांटम कंप्यूटिंग के कुछ व्यावहारिक अनुप्रयोग निम्नलिखित हैं:

1. क्रिप्टोग्राफी: क्वांटम कंप्यूटिंग का उपयोग क्रिप्टोग्राफी में डेटा सुरक्षा को मजबूत करने के लिए किया जा सकता है। उदाहरण के लिए, क्वांटम कंप्यूटर द्वारा उत्पन्न एक्यूट एल्गोरिथ्म का उपयोग किया जा सकता है जिससे"
383,इलेक्ट्रिक वाहनों की भविष्य की संभावनाएँ,"आजकल इलेक्ट्रिक वाहनों का उपयोग बढ़ता जा रहा है और इसके पीछे कई कारण हैं। प्रमुख कारणों में प्रदूषण और ऊर्जा सुरक्षा की चिंता, इलेक्ट्रिक वाहनों की कम आवाज, शांतिपूर्ण चालन, और इंफ्रास्ट्रक्चर के साथ संगतता आदि शामिल हैं।

भविष्य में, इलेक्ट्रिक वाहनों की संभावनाएं बहुत उज्जवल हैं। नए तकनीकी नवाचारों के आगमन से इलेक्ट्रिक वाहनों की बैटरी क्षमता, चार्जिंग इंफ्रास्ट्रक्चर, तकनीकी सुधार और उत्पादन में कमी आएगी। इससे इलेक्ट्रिक वाहनों की कीमत कम होगी और उनका उपयोग आम लोगों द्वारा भी किया जा सकेगा।

"
384,सौर ऊर्जा के नवीनतम विकास,"सौर ऊर्जा एक प्राकृतिक स्रोत है जिसे सूर्य की रोशनी से प्राप्त किया जा सकता है। यह एक शुद्ध और अविरल स्रोत है जो जल, हवा या धरती के मानवीय संपर्क के अभाव में सस्ता और उपलब्ध है। सौर ऊर्जा को उत्पादित करने के लिए सौर ऊर्जा पैनल और सौर ऊर्जा सेल का उपयोग किया जाता है।

सौर ऊर्जा के नवीनतम विकास में कई महत्वपूर्ण उन्नतियाँ हुई हैं। पहले, सौर ऊर्जा पैनल की दर कम हो गई है जिससे इसका उत्पादन और उपयोग अधिक व्यापक हो गया है। दूसरे, सौर ऊर्जा सेल की दिन-दिन की प्रौद्योगिकी में सुधार हो रहा है जिससे इसका प्रदर्शन और"
385,डिजिटल मुद्राओं की सुरक्षा चुनौतियाँ,"आज के डिजिटल युग में विभिन्न डिजिटल मुद्राएं बढ़ चुकी हैं, जिनमें क्रिप्टोकरेंसी जैसी विशेष मुद्राएं भी शामिल हैं। डिजिटल मुद्राओं की बढ़ती लोकप्रियता के साथ, उनकी सुरक्षा पर भी ध्यान देना महत्वपूर्ण है। यहाँ कुछ मुद्राओं की सुरक्षा चुनौतियों पर विचार किया जा सकता है:

1. क्रैकिंग: क्रैकर्स या हैकर्स की उत्कृष्ट दक्षता से डिजिटल मुद्राओं को हैक करने की संभावना होती है।

2. फिशिंग: फिशिंग अटैक्स के माध्यम से उपयोक्ताओं से निजी जानकारी चुराई जा सकती है, जिससे उनके डिजिटल मुद्रा खातों को हानि पहुंच सकती है।

3. मलवेयर"
386,सौर ऊर्जा के नवीनतम विकास,"सौर ऊर्जा एक प्राकृतिक स्रोत है जो हमें साफ ऊर्जा उपलब्ध कराता है। यह विश्व में ऊर्जा सुरक्षा के लिए एक महत्वपूर्ण स्रोत है और हरे ऊर्जा के रूप में भी जाना जाता है। सौर ऊर्जा के विकास में हर साल नवीनतम प्रौद्योगिकी और अनुसंधान की खोज हो रही है। इसके विकास में सौर पैनल, सौर ऊर्जा संयंत्र, सौर ऊर्जा बैटरी, सौर ऊर्जा स्टोरेज, और सौर ऊर्जा को बचाने और उपयोग में लाने के लिए नई तकनीकों का उपयोग किया जा रहा है।

नवीनतम सौर ऊर्जा प्रौद्योगिकी में उत्कृष्टि की ओर कुछ कदम शामिल हैं, जैसे कि उच्च प्रदर्शन के सौर पै"
387,रोबोटिक्स का विकास और उसके अनुप्रयोग,"रोबोटिक्स एक क्षेत्र है जो तकनीकी और विज्ञान में नवाचार कर रहा है। यह विज्ञान के तरीके को उपयोग करके उन उपकरणों की विकास करता है जो अक्सर मानव काम को सुविधाजनक बनाने में मदद करते हैं। आधुनिक रोबोट तकनीक की सफलता का एक मुख्य कारण इसकी सुरक्षा, लचीलापन, और ज्ञान को उपयोग करने की क्षमता है।

रोबोटिक्स और एम्बेडेड सिस्टम्स के माध्यम से उन्हें विभिन्न क्षेत्रों में उपयोग किया जा रहा है, जैसे कि औद्योगिक, मेडिकल, आर्थिक, और अंतरिक्ष। उदाहरण के लिए, ऑटोमेटेड रोबोट्स कारखानों में काम कर सकते हैं, सर्जरी में सहायत"
388,सतत विकास की नई रणनीतियाँ,"सतत विकास की नई रणनीतियाँ

आज की तकनीकी युग में सतत विकास और प्रगति के लिए नई रणनीतियाँ और उपाय अवश्यक हैं। तकनीकी लेखक के रूप में, मेरा मानना है कि विकास के लिए नवाचारिक सोच और तकनीकी उपाय अत्यंत महत्वपूर्ण हैं।

पहली रणनीति के रूप में, डिजिटलीकरण को सशक्त बनाना बेहद जरूरी है। डिजिटलीकरण के माध्यम से जनता को तकनीकी ज्ञान और सुविधाएं पहुंचाने से उनका विकास और सशक्तिकरण सुनिश्चित हो सकता है।

दूसरी रणनीति के रूप में, सामुदायिक और साथी संगठनों को समर्थित करना अवश्यक है। तकनीकी ज्ञान और संसाधनों को साझा"
374,कृत्रिम बुद्धिमत्ता का उपयोग साइबर सुरक्षा में,"कृत्रिम बुद्धिमत्ता एक तकनीकी क्षमता है जिसमें कंप्यूटर और नेटवर्क के लिए नाकारात्मक और सकारात्मक संभावनाओं को जांचने के लिए जानकारी प्रोसेस की जाती है। साइबर सुरक्षा में कृत्रिम बुद्धिमत्ता का उपयोग कई तरह से किया जा सकता है।

पहले, कृत्रिम बुद्धिमत्ता का उपयोग साइबर हमलों की पहचान और उनके खिलाफ रक्षा के लिए किया जा सकता है। एक कंप्यूटर सिस्टम को स्थायी रूप से नजरअंदाज करने की क्षमता सुनिश्चित करने के लिए, कृत्रिम बुद्धिमत्ता एल्गोरिदम्स का उपयोग किया जा सकता है।

दूसरे, कृत्रिम बुद्धिमत्ता साइबर सुरक्षा में प्र"
389,क्वांटम कंप्यूटिंग की व्यावहारिक अनुप्रयोग,"क्वांटम कंप्यूटिंग एक उच्च स्तरीय तकनीक है जो क्वांटम मैकेनिक्स के सिद्धांतों पर आधारित है और जिसे क्वांटम बिट या क्यूबिट के रूप में भी जाना जाता है। इसका उद्देश्य विशेष रूप से विशेष गणना कार्यों को तेजी से और सहजता से हल करना है जो ज्यादातर वर्तमान कंप्यूटर प्रौद्योगिकियों से संभव नहीं है।

क्वांटम कंप्यूटिंग के व्यावहारिक अनुप्रयोगों में भविष्य की संभावनाओं का अनुमान लगाना, बुनियादी गणितीय समस्याओं का हल निकालना, अदृश्य तात्विकताओं का अध्ययन करना, और सुरक्षा एवं गोपनीयता के क्षेत्रों में नए"
390,ब्लॉकचेन प्रौद्योगिकी का भविष्य,"ब्लॉकचेन प्रौद्योगिकी एक विशेष प्रकार की डिजिटल लेजर है जिसमें ट्रांजैक्शन डेटा सुरक्षित तरीके से स्टोर किया जाता है। यह प्रौद्योगिकी क्रिप्टोग्राफी और नेटवर्क प्रोटोकॉल का संयोजन करती है जिससे डेटा को सुरक्षित रूप से साझा और संभाला जा सके।

ब्लॉकचेन प्रौद्योगिकी का भविष्य बहुत उज्जवल और व्यापक है। यह तकनीक अब सिर्फ क्रिप्टोकरेंसी के लिए ही नहीं है, अपितु विभिन्न क्षेत्रों में अनेक उपयोग के संभावनाएं प्रदान कर रही है। ब्लॉकचेन वेब डेवलपमेंट, संगठनों के बीच सूरजीत की गई लेन-देन, स्मार्ट कॉन्ट्रैक"
391,ब्लॉकचेन प्रौद्योगिकी का भविष्य,"ब्लॉकचेन प्रौद्योगिकी एक ऐसी नवाचारी तकनीक है जिसने आज के समय में व्यापार, वित्तीय सेवाएं, समाज सेवाएं और अन्य क्षेत्रों में क्रांति ला दी है। ब्लॉकचेन एक प्रकार की डिजिटल लेजर होती है जिसमें समय, तिथि और दस्तावेजों की प्रमाणित जानकारी एक सार्वजनिक डेटाबेस में संग्रहित होती है। इस तकनीक का मुख्य लक्ष्य डेटा की सुरक्षा, विश्वासनीयता और अटूटता सुनिश्चित करना है।

ब्लॉकचेन प्रौद्योगिकी का भविष्य बहुत उज्ज्वल है। यह तकनीक विभिन्न क्षेत्रों में नए आधारभूत परिवर्तन ला सकती है, जैसे वित्तीय सेवाएं, स्वास्थ"
392,ड्रोन प्रौद्योगिकी के नए उपयोग,"ड्रोन प्रौद्योगिकी ने विभिन्न क्षेत्रों में नए उपयोग की दुनिया में उजागर कर दिए हैं। ड्रोन का प्राथमिक उपयोग सुरक्षा और जासूसी के क्षेत्र में होता था, लेकिन आजकल इसका व्यापक उपयोग होने लगा है। 

एक उदाहरण के रूप में, ड्रोन अब वन्यजीव और पर्यावरण की निगरानी के लिए भी उपयोगी साबित हो रहे हैं। वन्यजीव संरक्षण क्षेत्र में ड्रोन का उपयोग जंगली जानवरों की गणना और मॉनिटरिंग के लिए किया जा रहा है। यह वन्यजीवों की संख्या और स्वाभाविक आवास की स्थिति का निरीक्षण करने में मदद करता है और उनकी सुरक्षा में महत्वपूर"
393,क्वांटम कंप्यूटिंग की व्यावहारिक अनुप्रयोग,"क्वांटम कंप्यूटिंग एक उभयात्मक तकनीक है जिसमें क्वांटम बिट का उपयोग किया जाता है। इसके साथ ही क्वांटम गेट, सुपरपोजिशन और एंटेंगलमेंट के सिद्धांत पर आधारित है। क्वांटम कंप्यूटिंग का उद्देश्य विशेषकर उस समस्या का हल निकालना है जिसे क्लासिकल कंप्यूटर समय में सम्भव नहीं कर सकता है।

क्वांटम कंप्यूटिंग के कई व्यावहारिक अनुप्रयोग हैं। इनमें से कुछ मुख्य अनुप्रयोग निम्नलिखित हैं:

1. दुर्भाग्यशून्यता: क्वांटम कंप्यूटर का उपयोग डेटा एन्क्रिप्शन और सुरक्षा के क्षेत्र में किया जा सकता है।

2. विशिष्टता: क"
394,वर्चुअल रियलिटी में नवीनतम रुझान,"वर्चुअल रियलिटी (Virtual Reality) एक तकनीकी उपकरण है जो वास्तविकता के एक वास्तविक महसूस होने वाले वातावरण को सिमुलेट करने की क्षमता रखता है। इस तकनीक का इस्तेमाल विभिन्न क्षेत्रों में किया जा रहा है, जैसे कि खेल, व्यापार, चिकित्सा और शिक्षा।

नवीनतम रुझानों में से एक है वास्तविक समय में ऑगमेंटेड रियलिटी (Augmented Reality) का उपयोग करके वर्चुअल रियलिटी को और भी महत्वपूर्ण बनाना। इसके माध्यम से उपयोगकर्ता को अधिक संज्ञानात्मक और उत्कृष्ट अनुभव प्रदान किया जा सकता है।

एक और महत्वपूर्ण रुझान विस्तारित वास्तविकता (Extended Reality) है, जो"
395,वर्चुअल रियलिटी में नवीनतम रुझान,"वर्चुअल रियलिटी (Virtual Reality - VR) एक नवाचारी तकनीक है जो हमें अलग-अलग वास्तविकताओं में ले जाती है। इसमें एक उपयोगकर्ता एक 3D वर्चुअल विश्व में उतर जाता है और वहां का अनुभव करता है। वर्चुअल रियलिटी के प्रमुख उद्देश्य मनोरंजन, शिक्षा, सैन्य अभ्यास और मेडिकल सिम्युलेशन में उपयोग किया जाता है।

नवीनतम रुझान में, वर्चुअल रियलिटी का उपयोग विभिन्न क्षेत्रों में बढ़ रहा है। सरकारें, व्यापार, शिक्षा और मनोरंजन उद्योग इसे अपना रहे हैं। यह एक उच्च-तकनीकी अनुभव प्रदान करता है जो लोगों को नए और रोचक तरीक"
396,डिजिटल मुद्राओं की सुरक्षा चुनौतियाँ,"आजकल डिजिटल मुद्राएँ बढ़ती हुई तकनीक के उपयोग से हमारी जीवनशैली में बड़ा बदलाव ला रही हैं। हालांकि, इसके साथ ही डिजिटल मुद्राओं की सुरक्षा की भी चुनौतियाँ बढ़ गई हैं। डिजिटल मुद्राओं को हैकर्स, ऑनलाइन धोखाधड़ीकर्ता, फिशिंग आदि तकनीकी जालसाजों की नजर में आकर जोखिम में डाल दिया गया है।

डिजिटल मुद्रा का एक सुरक्षित व्यवहार बनाए रखने के लिए कुछ महत्वपूर्ण उपाय हैं। पहले, अपने डिजिटल खातों के लिए मजबूत और अद्भुत पासवर्ड चुनना अत्यंत आवश्यक है। दूसरे, अपने डिजिटल मुद्राओं को सुरक्षित रखन"
397,इंटरनेट ऑफ़ थिंग्स (IoT) और स्मार्ट सिटी,"आधुनिक तकनीक का एक बड़ा उदाहरण इंटरनेट ऑफ़ थिंग्स (Internet of Things - IoT) है, जो हमारे जीवन को और भी सुविधाजनक बनाता जा रहा है। IoT तकनीक के माध्यम से विभिन्न डिवाइस और उपकरण इंटरनेट के माध्यम से जुड़े होते हैं और एक दूसरे के साथ संवाद कर सकते हैं। यह तकनीक आजकल स्मार्ट सिटी के विकास में भी महत्वपूर्ण भूमिका निभा रही है।

स्मार्ट सिटी एक ऐसी शहर की व्यवस्था है जो अद्वितीय तकनीक का उपयोग करके नागरिकों की जीवनशैली को सुविधाजनक बनाने का प्रयास करती है। इसमें इंटरनेट ऑफ़ थिंग्स का उपयोग करके अलग-अलग सेंसर्स और"
398,प्लास्टिक प्रदूषण कम करने की नई विधियाँ,"प्लास्टिक प्रदूषण एक बड़ी समस्या बन चुकी है और इसे कम करने के लिए हमें नई विधियों की तलाश करनी चाहिए। यहां कुछ ऐसी नई विधियाँ हैं जो प्लास्टिक प्रदूषण को कम करने में मदद कर सकती हैं।

1. प्लास्टिक की पुनर्चक्रण प्रक्रिया: प्लास्टिक को पुनः उपयोग के लिए पुनर्चक्रण करना एक अच्छा विकल्प है। इसमें प्लास्टिक को ध्वनीकरण, पुनर्चक्रण और पुनः उपयोग के लिए तैयार करना शामिल है।

2. बायो-प्लास्टिक्स का उपयोग: बायो-प्लास्टिक्स एक प्रकार का प्लास्टिक है जो पूरी तरह से प्राकृतिक सामग्री से बना होता है। यह प्रदूषण को कम करने में म"
399,कृत्रिम बुद्धिमत्ता का उपयोग साइबर सुरक्षा में,"कृत्रिम बुद्धिमत्ता या Artificial Intelligence (AI) एक तकनीक है जिसमें मशीन या कंप्यूटर को बुद्धिमत्ता और स्वतंत्रता प्रदान की जाती है ताकि वे विभिन्न कार्यों को स्वतंत्रता से सम्पन्न कर सकें। आजकल, साइबर सुरक्षा में AI का उपयोग बढ़ रहा है जिससे सुरक्षा स्तर बढ़ाने में मदद मिल रही है।

AI का उपयोग साइबर सुरक्षा में कई तरह से किया जा सकता है। पहले, AI अपने आप सीखने की क्षमता रखता है जिससे वह साइबर हमलों के पैटर्न को समझकर उन्हें रोक सकता है। दूसरे, AI द्वारा सुरक्षा निरीक्षकों को अलर्ट देने में मदद मिलती है जिससे हमलों को तुरंत पहचाना जा सकता है"
400,कृत्रिम बुद्धिमत्ता का उपयोग साइबर सुरक्षा में,"कृत्रिम बुद्धिमत्ता (Artificial Intelligence) एक तकनीक है जिसे मानव बुद्धि के विशेष कार्यों को मिमिक करने के लिए डिज़ाइन किया गया है। यह तकनीक अब साइबर सुरक्षा के क्षेत्र में एक महत्वपूर्ण भूमिका निभा रही है।

कृत्रिम बुद्धिमत्ता का उपयोग साइबर सुरक्षा में विभिन्न प्रकार के समस्याओं का समाधान करने के लिए किया जा सकता है। यह सुरक्षा प्रणालियों को सुधारने में मदद कर सकता है, जैसे कि विशिष्ट प्रकार के हमलों की पहचान करना, अवांछित गतिविधि की परिभाषा करना, और सुरक्षा घटनाओं की स्वचालित रूप से निगरानी करना।

कृत्रिम बुद्धिमत्ता साइबर सुरक्षा के लिए"
402,इलेक्ट्रिक वाहनों की भविष्य की संभावनाएँ,"आजकल इलेक्ट्रिक वाहनों की मांग तेजी से बढ़ रही है और इसका भविष्य भी काफी उज्जवल दिखाई दे रहा है। इलेक्ट्रिक वाहनों के उपयोग से प्रदूषण कम होता है और ध्वनि प्रदूषण का भी संकेत नहीं होता है। इसके अलावा, इलेक्ट्रिक वाहनों की देखभाल और चालन की लागत कम होती है जो उपयोगकर्ताओं के लिए भी फायदेमंद है।

भविष्य में, इलेक्ट्रिक वाहनों का उपयोग और भी बढ़ने की संभावना है। सरकारें भी इलेक्ट्रिक वाहनों को प्रोत्साहित करने के लिए नीतियों और सब्सिडीज की दिशा में कदम उठा रही हैं। इसके चलते, निजी कंपनियों भी इलेक्ट्र"
401,सौर ऊर्जा के नवीनतम विकास,"सौर ऊर्जा एक प्राकृतिक स्रोत है जो हमें साफ ऊर्जा प्रदान करता है और पर्यावरण को बचाने में मदद करता है। सौर ऊर्जा के उत्थान के साथ, नवीनतम तकनीकी विकास ने इसे और भी सुलभ और प्रभावी बनाया है।

सौर पैनल: नए सौर पैनल अब अधिक ऊर्जा उत्पन्न करने में सक्षम हैं और उन्हें अधिक स्थान की आवश्यकता नहीं है। इसके अलावा, इन पैनलों की गुणवत्ता और दी जाने वाली गारंटी में भी सुधार किया गया है।

बैटरी तकनीक: नवीनतम बैटरी तकनीक ने सौर ऊर्जा का संचय करने और संयोजन करने में मदद की है। ये बैटरी ऊर्जा को चार्ज करने और"
403,इंटरनेट ऑफ़ थिंग्स (IoT) और स्मार्ट सिटी,"इंटरनेट ऑफ़ थिंग्स (IoT) और स्मार्ट सिटी के बीच संबंध गहरे हो रहे हैं और यह एक नया तकनीकी क्रांति का कारण बन रहा है। जब हमारे आस-पास के वस्तुओं और उपकरणों को इंटरनेट से जोड़ दिया जाता है, तो हम उन्हें एक नेटवर्क के माध्यम से कनेक्ट करके उनसे डेटा संग्रहण, विश्लेषण और कार्रवाई कर सकते हैं।

स्मार्ट सिटी एक ऐसी शहर योजना है जिसमें तकनीक का उपयोग करके जनसंख्या, ट्रांसपोर्ट, ऊर्जा और पर्यावरण के प्रबंधन को सुदृढ़ बनाया जाता है। इसमें IoT तकनीक एक महत्वपूर्ण भूमिका निभाती है जिससे शहर की जीवनशैली और परिय"
404,जलवायु परिवर्तन के खिलाफ नई तकनीकें,"जलवायु परिवर्तन विश्वभर में बड़ी समस्या बन चुकी है और इसका समाधान एक महत्वपूर्ण चुनौती है। इस समस्या का समाधान करने के लिए कई नई तकनीकें विकसित की जा रही हैं।

पहली तकनीक है सौर ऊर्जा का उपयोग करना। सौर ऊर्जा एक साफ और अनगिनत उर्जा स्रोत है जो जलवायु परिवर्तन के नकारात्मक प्रभावों को कम करने में मदद कर सकती है। सौर पैनल, सौर ऊर्जा से चलने वाली गाड़ियां और सौर ऊर्जा से चलने वाली उच्च ऊर्जा कारखाने इसके उदाहरण हैं।

दूसरी तकनीक है वायुशुद्धिकरण की तकनीकें जैसे कि वनों का अभिलेखन, भूमि सुधार, और प्रद"
405,ड्रोन प्रौद्योगिकी के नए उपयोग,"ड्रोन प्रौद्योगिकी ने विभिन्न क्षेत्रों में नए और रोचक उपयोग का दरवाजा खोल दिया है। इस तकनीक का उपयोग अब सिविल एवं सैन्य क्षेत्रों के साथ-साथ विज्ञान, औद्योगिक, और कृषि क्षेत्रों में भी किया जा रहा है।

पहले तो, ड्रोन को विज्ञान क्षेत्र में उपयोग किया जा रहा है। यह वैज्ञानिक अनुसंधानों, जैसे कि पर्यावरण और जलवायु अध्ययन, के लिए एक महत्वपूर्ण साधन है। ड्रोन विभिन्न रंगों के सेंसर्स को संयोजित कर सकते हैं, जिससे सर्वेक्षण और डेटा संग्रहण को सरल और तेज बनाया जा सकता है।

दूसरे, औद्योगिक क्षेत्र में भी"
406,वन्यजीव संरक्षण में तकनीक का उपयोग,"वन्यजीव संरक्षण में तकनीक का उपयोग एक महत्वपूर्ण क्रिया है जो वन्यजीवों की सुरक्षा और संरक्षण में मदद करती है। तकनीकी उपायों का सबसे बड़ा लाभ यह है कि इससे हम वन्यजीवों के संख्या, स्थान और संरक्षण की जानकारी जुटा सकते हैं।

वन्यजीव संरक्षण में तकनीक का उपयोग विभिन्न क्षेत्रों में किया जाता है, जैसे कि वन्यजीव जीवाश्म अध्ययन, रेडियो कॉलार ट्रैकिंग, डीएनए विश्लेषण, गिस और रिमोट सेंसिंग। इन तकनीकों की मदद से हम वन्यजीवों के आवास, आहार, चाल, और संजीवनी संगठन की समझ प्राप्त कर सकते हैं।

एक उ"
407,ब्लॉकचेन प्रौद्योगिकी का भविष्य,"ब्लॉकचेन प्रौद्योगिकी एक नवाचारी और सुरक्षित तकनीक है जिसने विभिन्न क्षेत्रों में विपुल परिवर्तन ला दिए हैं। ब्लॉकचेन का उपयोग क्रिप्टोकरेंसी, संबंधित डेटा संग्रहण, स्मार्ट कॉन्ट्रैक्ट्स, सरकारी सेवाएं, स्वास्थ्य सेवाएं और औद्योगिक उपयोग के अनेक क्षेत्रों में हो रहा है।

ब्लॉकचेन की सुरक्षा और ट्रांसपैरेंसी के कारण, इसका उपयोग संबंधित डेटा की सुरक्षित संग्रहण और साझा करने के लिए अधिक हो रहा है। इसके साथ ही, ब्लॉकचेन का उपयोग वित्तीय संचालन में अधिक ट्रांसपैरेंटी और सुरक्षा लाने में मददगार साबित हो"
408,जलवायु परिवर्तन के खिलाफ नई तकनीकें,"जलवायु परिवर्तन एक बड़ी चुनौती है जिससे निपटने के लिए नई और सुसंगत तकनीकें विकसित की जा रही हैं। इन तकनीकों का उद्देश्य प्रदूषण को कम करना, ऊर्जा संवर्धन करना और पर्यावरण को बचाना है।

एक ऐसी तकनीक है ऊर्जा पौधों का उपयोग करना। ये पौधे ऊर्जा को संग्रहित करने और उसे उपयोग करने में सहायक हो सकते हैं। इसके अलावा, ऊर्जा उत्पादन के लिए नई तकनीकों में सौर ऊर्जा, पवन ऊर्जा और जल ऊर्जा का उपयोग शामिल है। ये ऊर्जा स्रोत साफ, सुरक्षित और सस्ते होते हैं और पर्यावरण को किसी नुकसान नहीं पहुंचाते।

एक और महत्वपूर"
409,रोबोटिक्स का विकास और उसके अनुप्रयोग,"रोबोटिक्स एक क्षेत्र है जो यातायात, विज्ञान, और तकनीक के साथ-साथ गणितीय और शारीरिक विज्ञान का भी उपयोग करता है। यह एक ऐसा क्षेत्र है जो रोबोट के डिज़ाइन, निर्माण, संचालन, और उनके नियंत्रण के लिए जिम्मेदार है। रोबोटिक्स के विकास के साथ, मानवता ने कई उपायों में रोबोट्स का उपयोग करना शुरू किया है।

रोबोटिक्स का उपयोग कई क्षेत्रों में किया जा रहा है, जैसे कि विनिर्माण, स्वास्थ्य सेवाएं, खोज, और विशेषज्ञता क्षेत्र। विनिर्माण क्षेत्र में रोबोट्स के उपयोग से उत्पादन की गति बढ़ जाती है और उत्पादकता में सु"
410,इंटरनेट ऑफ़ थिंग्स (IoT) और स्मार्ट सिटी,"आजकल इंटरनेट ऑफ़ थिंग्स (IoT) और स्मार्ट सिटी एक तेजी से बढ़ते हुए तकनीकी क्षेत्र हैं। IoT कनेक्टेड डिवाइस की एक नेटवर्क है जो इंटरनेट के माध्यम से जुड़े होते हैं और डेटा को साझा कर सकते हैं। इसका उद्देश्य उपयोगकर्ताओं को अधिक सुविधाएं प्रदान करना है और साथ ही सुरक्षित और अधिक संगठित बनाना है।

स्मार्ट सिटी प्रौद्योगिकी का उपयोग शहरों को बेहतर बनाने के लिए किया जाता है। यह शहरों को एक संगठित तरीके से प्रबंधित करने में मदद करता है, जैसे कि ऊर्जा प्रबंधन, पानी की आपूर्ति, परिवहन और सुरक्षा। इसके जरिए शहरों की स"
411,कृत्रिम बुद्धिमत्ता का उपयोग साइबर सुरक्षा में,"कृत्रिम बुद्धिमत्ता या आर्टिफिशियल इंटेलिजेंस (AI) एक तकनीकी उपकरण ह५ जिसे लोग अधिकांश दिनों में उपयोग करते हैं। इसका उपयोग साइबर सुरक्षा में भी किया जा सकता है। साइबर सुरक्षा एक ऐसा क्षेत्र है जिसमें सुरक्षित रखने के लिए नेटवर्क्स, सिस्टम्स, डेटा आदि की सुरक्षा की जाती है।

कृत्रिम बुद्धिमत्ता का उपयोग साइबर सुरक्षा में सुरक्षा को बढ़ाने के लिए किया जा सकता है। इसके जरिए बहुत सारे कार्य को स्वचालित किया जा सकता है जैसे कि किसी अविश्वसनीय गतिविधि की पहचान, अवांछित सूचना या वायरस की पहचान, और तेज़ तरीक"
413,इलेक्ट्रिक वाहनों की भविष्य की संभावनाएँ,"आजकल इलेक्ट्रिक वाहनों का उपयोग बढ़ रहा है और यह एक सुस्त और पर्यावरण को हानि पहुंचाने वाले पेट्रोल और डीजल वाहनों के मुकाबले अधिक प्राकृतिक हैं। इसके अलावा, इलेक्ट्रिक वाहनों की ध्वनि प्रदूषण भी कम होता है जो शहरी क्षेत्रों में हवा की गुणवत्ता को बेहतर बनाता है।

भविष्य में इलेक्ट्रिक वाहनों की संभावनाएं बेहतर होने की संभावना है। नए तकनीकी नवाचारों के विकास के साथ-साथ और अधिक शक्तिशाली बैटरी तकनीक का विकास हो रहा है जिससे इलेक्ट्रिक वाहनों की चालन की क्षमता में वृद्धि हो रही है।

सरकारें भी इलेक्ट्रिक वाहनो"
412,कृत्रिम बुद्धिमत्ता का उपयोग साइबर सुरक्षा में,"कृत्रिम बुद्धिमत्ता एक तकनीकी क्षेत्र है जिसमें कंप्यूटर और सॉफ्टवेयर को इंसानी बुद्धिमत्ता के साथ लाया जाता है ताकि वे कार्यों को स्वतंत्रता से संपादित कर सकें। साइबर सुरक्षा में कृत्रिम बुद्धिमत्ता का उपयोग किया जा सकता है ताकि सुरक्षा उपायों को और भी उत्कृष्ट और प्रभावी बनाया जा सके।

कृत्रिम बुद्धिमत्ता की मदद से साइबर सुरक्षा क्षेत्र में कई तरह के काम किए जा सकते हैं। उदाहरण के लिए, कृत्रिम बुद्धिमत्ता का उपयोग मालवेयर और अन्य साइबर हमलों की पहचान में किया जा सकता है। यह तकनीक सुरक्षा प्रोफेशनल्स को तेजी से और सही त"
414,जलवायु परिवर्तन के खिलाफ नई तकनीकें,"आधुनिक तकनीकी उपायों का उपयोग करके हम जलवायु परिवर्तन के खिलाफ लड़ाई में मदद कर सकते हैं। यहाँ कुछ उपयुक्त नई तकनीकें हैं:

1. ऊर्जा संयंत्रों का प्रयोग: अक्षय ऊर्जा स्रोतों का उपयोग करना जलवायु परिवर्तन को कम करने में मदद कर सकता है। सौर ऊर्जा, पवन ऊर्जा और जल ऊर्जा का विस्तार करना महत्वपूर्ण है।

2. वनस्पति की समृद्धि: वनस्पतियों को बढ़ावा देना एक अन्य महत्वपूर्ण तकनीक है। वृक्षारोपण और वन्यजीव संरक्षण पर ध्यान देना चाहिए।

3. जल संवर्धन तकनीकें: पानी की बचत के लिए सबके बारे में जागरूकता फैलाना"
417,प्लास्टिक प्रदूषण कम करने की नई विधियाँ,"प्लास्टिक प्रदूषण एक बड़ी समस्या बन चुकी है जो हमारी पृथ्वी के लिए खतरनाक है। प्लास्टिक का अधिक उपयोग और इसकी गलत तरीके से निपटान की वजह से प्लास्टिक प्रदूषण तेजी से बढ़ रहा है। इस समस्या को हल करने के लिए कुछ नई विधियाँ अपनाई जा रही हैं।

पहली विधि है जल से बने प्लास्टिक के विकल्प का प्रचार करना। जल से बने प्लास्टिक के उत्पाद बाजार में उपलब्ध हैं जो पर्यावरण के लिए कम हानिकारक होते हैं। इन प्रोडक्ट्स का उपयोग करके हम प्लास्टिक प्रदूषण को कम कर सकते हैं।

दूसरी विधि है प्लास्टिक की पुनर्चक्रण प्रक्रिया को बढ़ाव"
416,जलवायु परिवर्तन के खिलाफ नई तकनीकें,"जलवायु परिवर्तन एक बड़ी चुनौती है, जिससे विश्व की सभी तरफ सबसे अधिक प्रभावित हो रहा है। इस समस्या का सामना करने के लिए, नई तकनीकें विकसित की जा रही हैं जो जलवायु परिवर्तन को कम करने में मदद कर सकती हैं।

पहली तकनीक है वृक्षारोपण और वन्यजीव संरक्षण की तकनीकें। वृक्षारोपण से वायुमंडल का अधिकांश कार्बन डाइऑक्साइड वृक्षों द्वारा संशोधित किया जा सकता है, जिससे जलवायु परिवर्तन को रोकने में मदद मिलती है।

दूसरी तकनीक है नवाचारी ऊर्जा स्रोतों का उपयोग करना। बिजली उत्पादन के लिए सौर ऊर्जा, पवन ऊर्जा, और"
415,क्वांटम कंप्यूटिंग की व्यावहारिक अनुप्रयोग,"क्वांटम कंप्यूटिंग एक नई तकनीक है जो कंप्यूटर विज्ञान में एक आगे कदम है। यह तकनीक क्वांटम बिट्स का उपयोग करती है जिन्हें विशेष प्रकार के क्यूबिट्स कहा जाता है, जो ऐसे विशेषताओं के कारण अद्वितीय हैं। 

क्वांटम कंप्यूटिंग के व्यावहारिक अनुप्रयोगों में कई क्षेत्र शामिल हो सकते हैं, जैसे:
1. दिग्विज्ञान: क्वांटम कंप्यूटिंग का उपयोग बहुत विस्तार से दिग्विज्ञान में किया जा सकता है, जैसे उसका उपयोग शोरिंग और वैयक्तिकृत साइकलों के लिए।
2. औद्योगिक उपयोग: क्वांटम कंप्यूटिंग का उपयोग औद्योग"
418,सतत विकास की नई रणनीतियाँ,"आधुनिक तकनीकी उत्पादों और सेवाओं की दुनिया में, सतत विकास एक महत्वपूर्ण मुद्दा बन गया है। व्यावसायिक संगठन, सॉफ्टवेयर कंपनियां, और अन्य अर्थव्यवस्थाएं, सतत विकास की रणनीतियों को अपनाकर अपने उत्पादों और सेवाओं को अद्यतन और सुधारने का प्रयास कर रही हैं।

एक महत्वपूर्ण तकनीकी रणनीति सामग्रियों के लिए साझेदारी और संयोजन (Integration) है। यह रणनीति कंपनियों को अपने उत्पादों और सेवाओं को अधिक उपयोगी बनाने के लिए अलग-अलग सामग्रियों को एक साथ जोड़ने की अनुमति देती है। उदाहरण के लिए, एक स्मार्टफोन जिसमें विभिन्न ऐ"
420,जलवायु परिवर्तन के खिलाफ नई तकनीकें,"जलवायु परिवर्तन एक बड़ी चुनौती है जो हमारे आसपास के परिदृश्य को बदल रही है। इस समस्या का सामना करने के लिए नई तकनीकों की खोज की जा रही है। यहाँ कुछ तकनीकों का उल्लेख किया गया है जो जलवायु परिवर्तन के खिलाफ लड़ने में मदद कर सकती हैं:

1. **ऊर्जा संयंत्रों की विकास**: जलवायु परिवर्तन के खिलाफ लड़ने में सबसे महत्वपूर्ण कदम है अक्षय ऊर्जा स्रोतों का प्रयोग करना। विकासशील देशों में विद्युत ऊर्जा की आपूर्ति के लिए सौर, वायु और जल ऊर्जा का उपयोग किया जा रहा है।

2. **हाइब्रिड और इलेक्ट्रिक वाहन**: इलेक्ट्रिक और हाइब्रिड"
419,सतत विकास की नई रणनीतियाँ,"सतत विकास की नई रणनीतियाँ

सतत विकास को सुनिश्चित करने के लिए नई रणनीतियाँ विकसित की जा रही हैं। इन रणनीतियों का उद्देश्य समाज, अर्थव्यवस्था और पर्यावरण के संतुलन को बनाए रखना है।

पहली रणनीति है ग्रीन तकनीकी, जिसका उद्देश्य पर्यावरण से मिलती-जुलती तकनीकों का उपयोग करके विकास को सुनिश्चित करना है। इससे पर्यावरण को हानि नहीं पहुंचेगी और समृद्धि के साथ साथ संरक्षण भी होगा।

दूसरी रणनीति है नोलेज इकोनॉमी, जिसमें ज्ञान को अर्थव्यवस्था में एक महत्वपूर्ण भूमिका दी जाती है। यह रणनीति उद्यमिता, नवाचार"
421,ड्रोन प्रौद्योगिकी के नए उपयोग,"ड्रोन प्रौद्योगिकी ने विभिन्न क्षेत्रों में नए उपयोग और संभावनाएं खोल दी हैं। इस तकनीकी के उपयोग सिर्फ उच्चतम सुरक्षा और मिलिट्री उद्देश्यों के लिए ही सीमित नहीं हैं, बल्कि व्यापक रूप से विस्तारित हो रहे हैं।

पहले तो, ड्रोन कृषि क्षेत्र में एक महत्वपूर्ण उपकरण बन गए हैं। ये किसानों को फसलों की स्वास्थ्य और उत्पादकता का निरीक्षण करने में मदद करते हैं। उन्हें पेड़-पौधों की सेहत, पानी की उपलब्धता, खाद्य सुरक्षा और अनुसंधान के लिए जानकारी प्राप्त करने में सहायक होते हैं।

दूसरे, ड्रोन भू-स्थल का मानचित्र तैयार कर"
422,जलवायु परिवर्तन के खिलाफ नई तकनीकें,"जलवायु परिवर्तन एक बड़ी समस्या है जो हमारे द्वारा किए गए परिवर्तनों के कारण उत्पन्न हो रही है। इस समस्या का समाधान करने के लिए नई तकनीकें विकसित की जा रही हैं।

पहली तकनीक है वन्यजीव भरपाई तंत्र। यह तकनीक वन्यजीवों के जीवनकाल की गणना करने के लिए उपयोगी है जिससे वन्यजीवों की संरक्षा करने में मदद मिल सकती है।

दूसरी तकनीक है जल संवर्धन के लिए स्मार्ट सिस्टम्स। इसमें सेंसर्स और डेटा एनालिटिक्स का उपयोग किया जाता है जो जल संवर्धन के लिए महत्वपूर्ण है। ये सिस्टम जल का उपयोग करने के तरीकों को बेहतर बनाने में मद"
424,सौर ऊर्जा के नवीनतम विकास,"सौर ऊर्जा एक प्राकृतिक स्रोत है जिसका उपयोग ऊर्जा के लिए किया जाता है। यह एक साफ और पर्यावरण के लिए सही विकल्प है जो जल, वायु और भूमि के प्रदूषण को कम करने में मदद करता है। सौर ऊर्जा के नवीनतम विकास में कई महत्वपूर्ण नए प्रौद्योगिकियां शामिल हैं।

पहली बात, सौर पैनल में प्रौद्योगिकी में वृद्धि हुई है जिससे पैनल की प्रदर्शन क्षमता और ऊर्जा उत्पादन में सुधार हुआ है। नए सौर पैनल अब अधिक उच्चतम क्षमता और अधिक ऊर्जा उत्पादन कर सकते हैं।

दूसरी बात, ऊर्जा संचयन तकनीकों में भी वृद्धि हुई है। नए ऊर्जा"
423,क्वांटम कंप्यूटिंग की व्यावहारिक अनुप्रयोग,"क्वांटम कंप्यूटिंग एक उभयानुक्रमीय तकनीक है जिसमें क्वांटम बिट्स या क्यूबिट्स का उपयोग किया जाता है। इसके विपरीत क्लासिकल कंप्यूटिंग में डिजिटल बिट्स का उपयोग किया जाता है। क्वांटम कंप्यूटिंग के प्रमुख लक्ष्यों में विशेष गति, बड़ी संख्या के डेटा का संचालन और अद्वितीय एल्गोरिदम्स का विकास शामिल है। 

क्वांटम कंप्यूटिंग के व्यावहारिक अनुप्रयोगों में रोमांचक विज्ञान, फार्मास्यूटिकल विकास, वित्तीय मॉडलिंग, ऊर्जा संयंत्र, मैटेरियल्स डिज़ाइन, मशीन लर्निंग, और क्रिप्टोग्राफी शामिल हैं।"
426,प्लास्टिक प्रदूषण कम करने की नई विधियाँ,"प्लास्टिक प्रदूषण एक बड़ी समस्या है जिसे हमें संज्ञान में लेना और इसे कम करने के लिए कदम उठाना अत्यंत आवश्यक है। इस समस्या को हल करने के लिए कई नई विधियाँ और तकनीकें विकसित की जा रही हैं।

पहले, उत्पादकों को प्लास्टिक के प्रयोग में कमी करने के लिए प्रेरित किया जा रहा है। उन्हें बायोडिग्रेडेबल प्लास्टिक या अन्य प्रकार के पर्यावरण के साथ मिलने वाले पैकेजिंग विकसित करने के लिए प्रोत्साहित किया जा रहा है।

दूसरे, प्लास्टिक की पुनर्चक्रण प्रक्रियाओं को बढ़ावा देने की दिशा में कदम उठाए जा रहे हैं। इसमें प्लास्टिक की पुनर्चक्रण की"
425,वन्यजीव संरक्षण में तकनीक का उपयोग,"वन्यजीव संरक्षण एक महत्वपूर्ण विषय है जिसमें तकनीक का महत्वपूर्ण योगदान है। तकनीकी उपाय वन्यजीव संरक्षण में वन्यजीवों के संरक्षण, संग्रहण और संशोधन में महत्वपूर्ण हैं।

पहले, तकनीकी उपाय वन्यजीवों की निगरानी और संचालन में मदद करते हैं। उचित तकनीकी साधनों का उपयोग करके जंगलों में कैमरा ट्रैप्स लगाने, जैव चिह्नांकन करने, और वन्यजीवों की गतिविधियों का मापन करने में मदद मिलती है।

दूसरे, तकनीक वन्यजीवों के संरक्षण में भी महत्वपूर्ण भूमिका निभाती है। उचित तकनीकी उपाय के माध्यम से वन्यजीव स"
428,ड्रोन प्रौद्योगिकी के नए उपयोग,"ड्रोन प्रौद्योगिकी ने विभिन्न क्षेत्रों में नए उपयोगों का दरवाजा खोल दिया है। इस तकनीक का उपयोग सिविल अविकास, रक्षा, और व्यवसाय में किया जा रहा है। यह उपकरण अब सुरक्षा और अनुसंधान के क्षेत्र में भी बहुत महत्वपूर्ण भूमिका निभा रहा है।

ड्रोन का उपयोग सीमा सुरक्षा में सुरक्षित दौरा करने, जासूसी करने, और आपातकालीन स्थितियों में सहायता पहुंचाने के लिए किया जा रहा है। इसके अलावा, ड्रोन सिविल अविकास क्षेत्र में भी उपयोगी है। यह भू-सर्वेक्षण, जलवायु अनुसंधान, और वन्यजीव संरक्षण के लिए भी उपयोगी हो सकता ह"
429,कृत्रिम बुद्धिमत्ता का उपयोग साइबर सुरक्षा में,"कृत्रिम बुद्धिमत्ता या Artificial Intelligence (AI) आजकल साइबर सुरक्षा के क्षेत्र में एक महत्वपूर्ण और अच्छी तरह से प्रयोग किया जा रहा है। साइबर हमलों की तेजी से बढ़ती संख्या और उनकी चरम सांख्यिकी ने साइबर सुरक्षा को एक जटिल चुनौती बना दिया है। इस चुनौती का सामना करने के लिए, सुरक्षा विशेषज्ञों ने AI को उपयोग करना शुरू किया है। 

कृत्रिम बुद्धिमत्ता की तकनीक साइबर सुरक्षा में कई तरह की सुरक्षा सुविधाओं को सुधारने में मदद करती है। यह बुद्धिमत्ता सुरक्षा के निरीक्षण, लक्षणण और संभावित हमलों की पहचान में मदद कर सकती है। इसके साथ ही, AI क्षमत"
430,ब्लॉकचेन प्रौद्योगिकी का भविष्य,"ब्लॉकचेन प्रौद्योगिकी का भविष्य बहुत उज्ज्वल और सुस्त है। ब्लॉकचेन एक डिजिटल लेजर है जिसमें सूचनाओं को सुरक्षित ढंग से संग्रहित किया जाता है। यह एक डेसेंट्रलाइज्ड तकनीक है जिसमें किसी भी प्रकार की तीसरी पक्ष की आवश्यकता नहीं है। इसका उपयोग पैमेंट ट्रांसेक्शन्स, स्मार्ट कॉन्ट्रैक्ट्स, डिजिटल आइडेंटिटी और डेटा सुरक्षा जैसे क्षेत्रों में किया जा सकता है।

ब्लॉकचेन प्रौद्योगिकी का भविष्य काफी रोशनीय है क्योंकि यह सुरक्षित, निर्भर और पारदर्शी है। इसका उपयोग विभिन्न क्षेत्रों में बढ़ रहा है, ज"
427,ब्लॉकचेन प्रौद्योगिकी का भविष्य,"ब्लॉकचेन प्रौद्योगिकी एक रेखांकित डेटा संग्रहण प्रणाली है जो क्रिप्टोग्राफी और डिस्ट्रीब्यूटेड कंप्यूटिंग के साथ जुड़ी होती है। यह प्रौद्योगिकी पहले से ही बिटकॉइन और क्रिप्टोकरेंसी के लिए उपयोग की जाती है, लेकिन इसके सौभाग्य से इसके उपयोगकर्ताओं की संख्या और उपयोग क्षेत्र दिन पर दिन बढ़ रहे हैं।

ब्लॉकचेन प्रौद्योगिकी का भविष्य बहुत उज्ज्वल है। यह तकनीक विभिन्न क्षेत्रों में व्यापक रूप से उपयोग किया जा रहा है, जैसे वित्तीय सेवाएं, स्वास्थ्य सेवाएं, संपत्ति प्रबंधन, लॉजिस्टिक्स, औद्योग"
431,रोबोटिक्स का विकास और उसके अनुप्रयोग,"रोबोटिक्स एक तकनीकी क्षेत्र है जो रोबोटों के डिज़ाइन, निर्माण, चलान, संशोधन और उनके उपयोग के अध्ययन पर ध्यान केंद्रित करता है। यह एक अंतरिक्षीय क्षेत्र है जो उत्कृष्ट तकनीकी ज्ञान, कंप्यूटर विज्ञान, इलेक्ट्रॉनिक्स, और यांत्रिकी का संयोजन करता है।

रोबोटिक्स का विकास तेजी से बढ़ रहा है और इसके अनेक उपयोग हैं। उदाहरण के लिए, इंडस्ट्रियल रोबोट्स कारख़ानों में काम करने के लिए प्रयोग होते हैं। ये रोबोट्स भारी और खतरनाक काम करने में मदद करते हैं जिससे मानव कर्मियों की सुरक्षा बढ़ जाती है।

आ"
433,जलवायु परिवर्तन के खिलाफ नई तकनीकें,"जलवायु परिवर्तन एक बड़ी चुनौती है जिसका सामना हम सभी कर रहे हैं, और इसमें हमारी तकनीकी नजरिया भी महत्वपूर्ण भूमिका निभा सकती है। नई और विनिमयशील तकनीकें हमें जलवायु परिवर्तन के प्रभावों से निपटने में मदद कर सकती हैं।

पहली तकनीक है सौर ऊर्जा, जो हमें बिजली उत्पादन के लिए साफ और अनगिनत ऊर्जा प्रदान करती है। सौर ऊर्जा के प्रयोग से हम विद्युत उत्पादन कर सकते हैं बिना जल के इस्तेमाल किए, जिससे पर्यावरण को कम नुकसान पहुंचेगा।

दूसरी तकनीक है वायु ऊर्जा का उपयोग, जिसमें वायु तरंगों से ऊर्जा उत्पादित की जाती है"
432,इलेक्ट्रिक वाहनों की भविष्य की संभावनाएँ,"इलेक्ट्रिक वाहनों का उपयोग ग्रीन और सस्ते चालने के लिए विकसित किया जा रहा है। इन वाहनों का इस्तेमाल कार्बन निर्धारित गैस उत्सर्जन को कम करने में मदद करेगा और वायु प्रदूषण को कम करने में मदद करेगा। इन वाहनों की बढ़ती मांग और प्रौद्योगिकी के विकास के कारण इनकी कीमतें भी कम हो रही हैं, जिससे यह सामान्य व्यक्ति के लिए भी उपलब्ध हो रहे हैं।

इलेक्ट्रिक वाहनों के लाभों में शामिल हैं उनकी आधुनिक तकनीक, धीमी उत्पादन धारा, शांतिपूर्ण यातायात और कम ऑपरेटिंग खर्च। इन वाहनों के लिए चार्जिंग इंफ्रास्ट्रक्चर की विकसित की जा"
434,इंटरनेट ऑफ़ थिंग्स (IoT) और स्मार्ट सिटी,"आजकल इंटरनेट ऑफ़ थिंग्स (IoT) की तकनीक तेजी से विकसित हो रही है और इसका उपयोग शहरी सेटिंग्स में स्मार्ट सिटी तकनीक के रूप में किया जा रहा है। स्मार्ट सिटी का मतलब है शहर की अच्छे तरीके से प्रबंधन करना और नागरिकों को एक बेहतर और सुरक्षित जीवनस्तर प्रदान करना।

IoT के माध्यम से स्मार्ट सिटी तकनीक शहरों में अनेक क्षेत्रों में लागू हो रही है। उदाहरण के लिए, ऊर्जा और पर्यावरण क्षेत्र में स्मार्ट मीटरिंग, अच्छी ऊर्जा प्रबंधन और प्रदूषण नियंत्रण के लिए IoT तकनीक का उपयोग किया जा रहा है। इसके अलावा, स्मार्ट ट्रांसपोर्टेशन, स"
436,इलेक्ट्रिक वाहनों की भविष्य की संभावनाएँ,"आजकल पर्यावरण संरक्षण और ऊर्जा संवेदनशीलता के मुद्दों को ध्यान में रखते हुए इलेक्ट्रिक वाहनों की मांग तेजी से बढ़ रही है। विश्वभर में अनेक देश इलेक्ट्रिक वाहनों के विकास और उपयोग को बढ़ावा दे रहे हैं। इलेक्ट्रिक वाहनों के लाभों में प्रदूषण मुक्त चलने, कम ऊर्जा खपत, कम आवाज, और कम रखरखाव लागत शामिल है।

भविष्य में इलेक्ट्रिक वाहनों की संभावनाएँ बहुत उज्ज्वल हैं। नए तकनीकी उन्नतियों, और ऊर्जा संचय के साधनों के विकास से इलेक्ट्रिक वाहनों की दुर्गामता और चालन क्षमता में महत्वपूर्ण सुधार हो रहे हैं। ब"
437,रोबोटिक्स का विकास और उसके अनुप्रयोग,"रोबोटिक्स एक क्षेत्र है जिसमें रोबोट की डिज़ाइन, निर्माण, चालन और उनके संबंधित संवाद की अध्ययन किया जाता है। यह एक सर्वोत्तम विज्ञान है जो एक सिंगल रोबोट से लेकर उच्च स्तरीय स्वचालित सिस्टम तक कई प्रकार के रोबोट्स की अध्ययन करता है।

रोबोटिक्स के विकास ने तकनीकी जगत में क्रांति लाई है। यह विज्ञान न केवल व्यक्तिगत जीवन में बल्कि उद्योग, स्वास्थ्य और विज्ञान में भी महत्वपूर्ण योगदान दे रहा है। रोबोटिक्स का उपयोग औद्योगिक क्षेत्र में ऑटोमेशन, संचार, संवेदनशीलता, स्वास्थ्य देखभाल, और शिक्ष"
438,वर्चुअल रियलिटी में नवीनतम रुझान,"वर्चुअल रियलिटी (Virtual Reality) एक ऐसी तकनीक है जिसमें एक व्यक्ति को वास्तविकता से भिन्न एक वर्चुअल या मिथ्या माध्यम के माध्यम से जोड़ा जाता है। यह तकनीक एक सिम्युलेटेड या वर्चुअल वातावरण में एक अद्वितीय अनुभव प्रदान करती है जो वास्तविकता से कुछ अलग होता है।

नवीनतम रुझानों की बात करें तो वर्चुअल रियलिटी में कई बड़े और रोचक बदलाव आ रहे हैं। पहली बात तो यह है कि वर्चुअल रियलिटी की गुणवत्ता और अनुभव में सुधार हो रहा है। नए हार्डवेयर की वजह से अब वर्चुअल रियलिटी अनुभव और भी ज्यादा वास्तविक और उत्क"
435,जलवायु परिवर्तन के खिलाफ नई तकनीकें,"आजकल, जलवायु परिवर्तन एक बड़ी समस्या बन गई है जिसका सामाजिक, आर्थिक, और पर्यावरणीय प्रभाव है। इस समस्या का समाधान तकनीकी उन्नति के माध्यम से किया जा सकता है। कुछ नई तकनीकें हैं जो जलवायु परिवर्तन के खिलाफ लड़ने में मदद कर सकती हैं।

पहली तकनीक है सौर ऊर्जा का उपयोग। सौर ऊर्जा एक प्राकृतिक स्रोत है जो जलवायु परिवर्तन के खिलाफ सशक्त उपाय हो सकता है। सौर पैनल और सौर ऊर्जा संयंत्रों का उपयोग ऊर्जा उत्पादन में मददगार हो सकता है और जलवायु परिवर्तन के कारणों को कम करने में मदद कर सकता है।

दूसरी तकनीक है बिजली की"
367,वन्यजीव संरक्षण में तकनीक का उपयोग,"वन्यजीव संरक्षण में तकनीक का महत्वपूर्ण योगदान है। तकनीकी उन्नति से वन्यजीव संरक्षण कार्यक्रमों को प्रभावी बनाने में मदद मिलती है। यहाँ हम कुछ ऐसे क्षेत्रों के बारे में चर्चा करेंगे जिनमें तकनीक का उपयोग वन्यजीव संरक्षण में किया जा रहा है।

पहले, डेटा संग्रहण और विश्लेषण में तकनीक का उपयोग किया जा रहा है। वन्यजीवों के पॉपुलेशन और संरक्षण योजनाओं की मॉनिटरिंग के लिए एकाधिक तकनीकी उपकरण उपयोगी साबित हो रहे हैं।

दूसरे, तकनीकी उपकरण जैसे रेडियो कॉलर्स, सेंसर्स और ड्रोन्स का उपयोग वन्यजीव संरक्ष"
439,इलेक्ट्रिक वाहनों की भविष्य की संभावनाएँ,"वर्तमान में वाहनों की दुनिया में एक महत्वपूर्ण परिवर्तन देखने को मिल रहा है - इलेक्ट्रिक वाहनों की उपयोगिता और परिपूर्णता। इलेक्ट्रिक वाहनों की भविष्य की संभावनाएँ बहुत उज्जवल और उत्साहजनक हैं।

पहले, इलेक्ट्रिक वाहनों के प्रदर्शन में वृद्धि की जा रही है। नए बैटरी प्रौद्योगिकियों के विकास से इलेक्ट्रिक वाहनों की चार्जिंग स्पीड, चलने की क्षमता और लंबे समय तक चलने की क्षमता में सुधार हो रहा है।

दूसरे, इलेक्ट्रिक वाहनों की लोकप्रियता में भी वृद्धि हो रही है। प्रदूषण को कम करने, ऊर्जा सुरक्षितता को बढ़ाने और"
440,क्वांटम कंप्यूटिंग की व्यावहारिक अनुप्रयोग,"क्वांटम कंप्यूटिंग एक उभरती हुई तकनीक है जो दिग्गज कंप्यूटिंग क्षेत्र में नए दरवाजे खोल रही है। इसके साथ ही इसके व्यावहारिक अनुप्रयोगों की भी कोई सीमा नहीं है। क्वांटम कंप्यूटिंग का उपयोग अनेक क्षेत्रों में किया जा रहा है, जैसे कि डेटा एनालिटिक्स, मशीन लर्निंग, क्रिप्टोग्राफी, और औरों।

क्वांटम कंप्यूटिंग के व्यावहारिक अनुप्रयोगों में सबसे महत्वपूर्ण भूमिका डेटा एनालिटिक्स की है। इसके जरिए बड़े डेटासेट्स को तेजी से विश्लेषण किया जा सकता है और उनमें से अहम जानकारी प्राप्त की जा सकती है। यह विशेष"
441,जलवायु परिवर्तन के खिलाफ नई तकनीकें,"जलवायु परिवर्तन एक बड़ी चुनौती है जिसका सामना हम सभी कर रहे हैं। इस समस्या का समाधान ढूंढने के लिए नई तकनीकें और नवाचार विशेष रूप से महत्वपूर्ण हैं।

प्रदूषण मुक्त ऊर्जा सौर ऊर्जा, हवा ऊर्जा, जल ऊर्जा आदि का उपयोग जलवायु परिवर्तन को कम करने में मदद कर सकता है। इन ऊर्जा स्रोतों का उपयोग करने से कार्बन डाइऑक्साइड उत्सर्जन को कम किया जा सकता है और वायु प्रदूषण को भी कम किया जा सकता है।

नवाचार तकनीकें जैसे वायु प्रदूषण को कम करने वाली गाड़ियों और ध्वनि मुक्त वायुकंप्रेसर वाले उपकरणों का उपयोग भी जलव"
444,वन्यजीव संरक्षण में तकनीक का उपयोग,"वन्यजीव संरक्षण में तकनीक का महत्वपूर्ण योगदान है। वन्यजीव संरक्षण का मुख्य उद्देश्य वन्यजीवों की संरक्षण और संरक्षण के लिए उपयुक्त परियोजनाओं का अनुदान प्रदान करना है। तकनीकी उपायों का उपयोग करके वन्यजीव संरक्षण में निम्नलिखित कार्य किए जा सकते हैं:

1. ट्रैकिंग और मॉनिटरिंग: तकनीक का उपयोग करके वन्यजीवों की गतिविधियों का ट्रैक किया जा सकता है और उनका मॉनिटरिंग किया जा सकता है। यह उपाय वन्यजीवों की संख्या और उनके आवास क्षेत्र का निरीक्षण करने में मदद करता है।

2. रेडियो कॉलार और GPS: वन्यजीवों पर"
442,रोबोटिक्स का विकास और उसके अनुप्रयोग,"रोबोटिक्स एक तकनीकी क्षेत्र है जिसमें रोबोट या स्वचालित मशीनें डिज़ाइन, विकसित और उपयोग किए जाते हैं। यह विज्ञान, इंजीनियरिंग, और अलग-अलग क्षेत्रों की तकनीकों का समावेश करता है। रोबोटिक्स का विकास तेजी से बढ़ रहा है और इसके अनेक उपयोग हैं।

पहले, रोबोटिक्स का उपयोग विनिर्माण उद्योग में किया जाता था, जहां रोबोट कारखानों में काम करने में मदद करते थे। लेकिन आजकल रोबोटिक्स का उपयोग कई अन्य क्षेत्रों में भी हो रहा है। उदाहरण के लिए, चिकित्सा में रोबोटिक्स का उपयोग सर्जरी और औरों के इलाज"
446,वर्चुअल रियलिटी में नवीनतम रुझान,"वर्चुअल रियलिटी (Virtual Reality) एक तकनीकी उपकरण है जो एक वास्तविकता का अनुभव देने की क्षमता रखता है, जिसमें उपयोगकर्ता एक अनुकूलित और जीवंत दुनिया में डूब जाता है। वर्चुअल रियलिटी में नवीनतम रुझान इस तकनीक को और भी उत्कृष्ट और व्यापक बनाने की दिशा में हैं।

पहला रुझान है हार्डवेयर के सुधार का। नए और ऊर्जावान VR हेडसेट बाजार में आ रहे हैं जिनमें अधिक संवेदनशीलता, बेहतर गतिशीलता और अधिक सक्रिय अनुभव होता है। ये हेडसेट फिजिकल रियलिटी के साथ भी संगत होते हैं, जिससे उपयोगकर्ता को और भी अधिक गहराई और व्य"
445,क्वांटम कंप्यूटिंग की व्यावहारिक अनुप्रयोग,"क्वांटम कंप्यूटिंग एक उदात्त तकनीक है जो क्वांटम मैकेनिक्स के सिद्धांतों पर आधारित है और जिसमें क्यूबिट्स का उपयोग किया जाता है। क्वांटम कंप्यूटर विशेषता से किशोरतम कार्यों को तेजी से समाधान करने की क्षमता रखते हैं जो क्लासिकल कंप्यूटर्स के लिए असंभव है।

क्वांटम कंप्यूटिंग के व्यावहारिक अनुप्रयोग विभिन्न क्षेत्रों में हो सकते हैं, जैसे की विज्ञान, नैतिकता, और वित्त। क्वांटम कंप्यूटिंग का उपयोग शक्तिशाली तरीके से बड़े डेटा सेट्स का विश्लेषण करने में किया जा सकता है, जिससे नई और नया संदेश निकाले ज"
443,कृत्रिम बुद्धिमत्ता का उपयोग साइबर सुरक्षा में,"कृत्रिम बुद्धिमत्ता (Artificial Intelligence - AI) साइबर सुरक्षा में एक महत्वपूर्ण और उपयोगी उपकरण है। AI का उपयोग सुरक्षा प्रणाली में कई तरह की सुरक्षा सुविधाओं को सक्षम बनाता है। 

साइबर अपराधिता के खिलाफ AI को मुख्य रूप से तीन क्षेत्रों में उपयोग किया जाता है - हमले की पहचान और रोकथाम, हमले के बाद की जाँच और उसके बाद की तबाही का प्रबंधन। AI सुरक्षा निरीक्षण और पहचान में मानक नियमों का पालन करता है और अज्ञात या संकेतक गतिविधि को खोजने में मदद करता है। 

AI नेटवर्क्स को साइबर हमलों से बचाने के लिए डेटा को सक्षमतापूर्वक विश्लेषित कर सकता है और अव"
447,इंटरनेट ऑफ़ थिंग्स (IoT) और स्मार्ट सिटी,"आधुनिक तकनीकी युग में इंटरनेट ऑफ़ थिंग्स (IoT) एक महत्वपूर्ण और रोचक विषय है। इसका उपयोग विभिन्न क्षेत्रों में सुधार करने के लिए किया जा रहा है, जैसे कि स्वास्थ्य सेवाएं, वाणिज्यिक उद्योग, शहरी विकास और अन्य। इसका एक महत्वपूर्ण उदाहरण स्मार्ट सिटी है।

स्मार्ट सिटी एक ऐसी शहरी व्यवस्था है जिसमें विभिन्न प्रकार के सेंसर्स, डिवाइस, और सिस्टम इंटीग्रेट किए गए होते हैं जो शहर की विभिन्न सेवाओं को सुधारने में मदद करते हैं। इन सेंसर्स के माध्यम से डेटा एकत्रित किया जाता है और इसे विभिन्न सिस्टमों के साथ साझा किया ज"
448,इंटरनेट ऑफ़ थिंग्स (IoT) और स्मार्ट सिटी,"आजकल इंटरनेट ऑफ़ थिंग्स (IoT) और स्मार्ट सिटी समाज के विकास के लिए महत्वपूर्ण हैं। IoT और स्मार्ट सिटी तकनीकी उन्नति के क्षेत्र में एक बड़ी क्रांति ला रहे हैं। 

IoT का अर्थ है किसी भी वस्तु को इंटरनेट के माध्यम से कनेक्ट करना। इसके माध्यम से हम विभिन्न उपकरणों और उनके डेटा को आसानी से संग्रहित कर सकते हैं। जब हम इसे स्मार्ट सिटी के साथ जोड़ते हैं, तो नगरीय विकास में भी इसका महत्वपूर्ण योगदान होता है।

स्मार्ट सिटी उन शहरों को कहते हैं जहाँ तकनीक का उपयोग करके सुरक्षित, स्वच्छ, और सुगम जीवन को सुनिश्चित किया जा सकता है। यह"
449,जलवायु परिवर्तन के खिलाफ नई तकनीकें,"जलवायु परिवर्तन आज की एक महत्वपूर्ण समस्या है जिसका सामना हम सभी कर रहे हैं। इस समस्या का सामना करने के लिए हमें नई और अद्वितीय तकनीकों की आवश्यकता है।

एक तकनीक जो जलवायु परिवर्तन के खिलाफ लड़ाई में महत्वपूर्ण भूमिका निभा रही है, वह है ऊर्जा उत्पादन में सूर्य ऊर्जा का उपयोग करना। सूर्य ऊर्जा एक स्वच्छ, असीमित और अन्य स्रोतों की तुलना में सस्ती ऊर्जा स्रोत है। सौर ऊर्जा के उपयोग से न केवल ऊर्जा का उत्पादन होगा, बल्कि वायु प्रदूषण की कमी भी होगी।

एक और तकनीक है संवेदनशील शहरों का निर्माण करना। यह तकनीक"
450,ड्रोन प्रौद्योगिकी के नए उपयोग,"ड्रोन प्रौद्योगिकी ने विभिन्न क्षेत्रों में नए उपयोग की दुनिया में क्रांति ला दी है। इसका उपयोग विज्ञान, औद्योगिकी, सुरक्षा, और अन्य क्षेत्रों में किया जा रहा है।

ड्रोन का प्रयोग आपातकालीन स्थितियों में जानकारी एकत्र करने के लिए होता है। प्राकृतिक आपदाओं के समय में, ड्रोन अविश्वसनीय फोटोग्राफी, वीडियोग्राफी और सर्वेक्षण के लिए प्रयोग किए जा रहे हैं। इन तकनीकों की सहायता से, उपयोगकर्ता आपातकालीन स्थितियों में ज्ञान प्राप्त कर सकते हैं और सहायता पहुंचाने में मदद कर सकते हैं।

ड्रोन प्रौद्योगिकी का उपयोग सुरक्षा क्ष"
451,इंटरनेट ऑफ़ थिंग्स (IoT) और स्मार्ट सिटी,"आजकल इंटरनेट ऑफ़ थिंग्स (IoT) और स्मार्ट सिटी दोनों तकनीकी और सामाजिक विकास के क्षेत्र में महत्वपूर्ण भूमिका निभा रहे हैं। IoT विज्ञान, प्रौद्योगिकी और दिग्दर्शन का एक महत्वपूर्ण क्षेत्र है जो विभिन्न डिवाइस और सतहों को इंटरनेट से जोड़कर संचार करने में सक्षम होता है। इसका उद्देश्य है सुविधाएं और सेवाएं सुधारना, प्रबंधन सुगम बनाना और नई सेवाएं उपलब्ध कराना।

स्मार्ट सिटी का मतलब है एक ऐसा शहर जो अद्वितीय प्रौद्योगिकी का उपयोग करके नागरिकों के जीवन को सुखद बनाने के लिए साधनों का सशक्त उपयोग करता है। उदाहर"
452,इलेक्ट्रिक वाहनों की भविष्य की संभावनाएँ,"आज के समय में इलेक्ट्रिक वाहनों की मांग तेजी से बढ़ रही है और इसका भविष्य भी उज्ज्वल दिख रहा है। इलेक्ट्रिक वाहनों का उपयोग पर्यावरण के लिए अच्छा है, क्योंकि इनमें इंजन की तुलना में कम प्रदूषण निकालते हैं। इनकी चालन शैली भी शांत होती है जिससे ध्वनि प्रदूषण कम होता है।

भविष्य में इलेक्ट्रिक वाहनों का उपयोग और भी बढ़ने की संभावना है। बड़े शहरों में टैक्सी, ऑटोरिक्शा और बस जैसे सार्वजनिक परिवहन के लिए इलेक्ट्रिक वाहनों का उपयोग अधिक होगा। इनमें बेहतर बैटरी लाइफ, तेज चार्जिंग तथा लंब"
454,रोबोटिक्स का विकास और उसके अनुप्रयोग,"रोबोटिक्स एक क्षेत्र है जो तकनीकी ज्ञान, इलेक्ट्रॉनिक्स और कंप्यूटर विज्ञान के साथ-साथ ज्ञान और कौशल का संगम है। यह विज्ञान क्षेत्र यह विशेष उद्देश्य रखता है कि मानव जीवन को और आसान और सुरक्षित बनाने के लिए उपयोगी मशीनों का निर्माण करें।

रोबोटिक्स के विकास में विभिन्न क्षेत्रों का साथ है, जैसे कि यांत्रिक, इलेक्ट्रिकल, सॉफ्टवेयर और कंप्यूटर इंजीनियरिंग। इन क्षेत्रों के विशेषज्ञ हमें एक संगठित और कारगर रोबोट तकनीक की विकास सहायता करते हैं।

रोबोटिक्स के अनेक उपयोग हैं, जैसे कि औद्योगिक, व्यावसाय"
453,इलेक्ट्रिक वाहनों की भविष्य की संभावनाएँ,"वर्तमान में इलेक्ट्रिक वाहनों का उपयोग बढ़ता जा रहा है और इसके भविष्य के बारे में अनेक संभावनाएँ हैं। पहले तो, इलेक्ट्रिक वाहनों का उपयोग पर्यावरण के लिए बेहतर है क्योंकि ये वाहन उच्च पारिस्थितिकीय मानकों को पूरा करते हैं और वायु प्रदूषण को कम करते हैं। दूसरे, इलेक्ट्रिक वाहनों की लागत भी कम हो रही है और सरकारों द्वारा इनकी सब्सिडी भी दी जा रही है।

इलेक्ट्रिक वाहनों के भविष्य में बहुत सारे नए और उन्नत सुविधाएं शामिल हो सकती हैं। उदाहरण के लिए, इलेक्ट्रिक वाहनों की बैटरी क्षमता में वृद्धि होगी और चार्ज"
455,इंटरनेट ऑफ़ थिंग्स (IoT) और स्मार्ट सिटी,"आधुनिक तकनीकी विकास ने हमारे जीवन को सरल और सुविधाजनक बनाने के लिए कई नए तकनीकी उपकरणों का उपयोग करना आम बात हो गई है। इंटरनेट ऑफ़ थिंग्स (IoT) एक ऐसी तकनीक है जो विभिन्न उपकरणों को इंटरनेट के माध्यम से एक-दूसरे से संचार करने की क्षमता प्रदान करती है।

इसका एक उपयोगी क्षेत्र स्मार्ट सिटी है, जिसमें नगरीय क्षेत्रों में विभिन्न प्रकार के उपकरण और सुविधाएं IoT के माध्यम से आपस में जुड़ जाते हैं। ये सुविधाएं शहर को स्मार्ट और अधुनातन बनाने में सहायक होती हैं।

स्मार्ट सिटी तकनीक के माध्यम से शहर के विभिन्न क्षेत्रों में स"
456,प्लास्टिक प्रदूषण कम करने की नई विधियाँ,"प्लास्टिक प्रदूषण एक बड़ी समस्या बन चुकी है जिससे पर्यावरण को बड़ा नुकसान हो रहा है। प्लास्टिक की उत्पादन में लगातार वृद्धि के कारण इसका प्रयोग हमारे जीवन में भी बढ़ता जा रहा है। इस समस्या को हल करने के लिए कुछ नई विधियाँ विकसित की जा रही हैं।

पहली विधि है प्लास्टिक की पुनर्चक्रण तकनीक। इस तकनीक में प्लास्टिक को धार्मिक रूप से पुनर्चक्रित किया जाता है ताकि उसका पुनः उपयोग किया जा सके। यह एक प्रभावी तरीका है जिससे प्लास्टिक के उपयोग की मात्रा कम हो सकती है।

दूसरी विधि है बायोडिग्रेडेबल प्लास्टिक का उपयोग कर"
457,क्वांटम कंप्यूटिंग की व्यावहारिक अनुप्रयोग,"क्वांटम कंप्यूटिंग एक उभयमानी तकनीक है जो कंप्यूटिंग क्षेत्र में एक बड़ी क्रांति ला सकती है। यह तकनीक क्वांटम मैकेनिक्स के सिद्धांतों पर निर्भर करती है जिसमें भौतिकी के विचारों को प्राथमिकता दी जाती है। क्वांटम कंप्यूटर एक अनलॉजिक डिवाइस है जो क्लासिकल कंप्यूटर से अलग है।

क्वांटम कंप्यूटिंग के व्यावहारिक अनुप्रयोगों में कई क्षेत्र शामिल हैं। इनमें सर्वाधिक महत्वपूर्ण अनुप्रयोगों में क्रिप्टोग्राफी, मेडिकल इंजीनियरिंग, मैटेरियल साइंस, और ऑप्टिमाइजेशन शामिल हैं।

क्रिप्टोग्राफी में, क्वांटम कंप्यू"
459,इलेक्ट्रिक वाहनों की भविष्य की संभावनाएँ,"आज के समय में इलेक्ट्रिक वाहनों की मांग तेजी से बढ़ रही है और यह एक सुस्त और पर्यावरण के लिए सही विकल्प साबित हो रहा है। इसके बहुत सारे कारण हैं जैसे इन वाहनों का कार्बन फुटप्रिंट कम होता है, पेट्रोल और डीजल की तुलना में इलेक्ट्रिकियों की कीमत कम होती है और ये ध्वनि प्रदूषण मुक्त होते हैं।

भविष्य में इलेक्ट्रिक वाहनों का उपयोग और भी बढ़ने की संभावना है। बहुत सारी बड़ी कंपनियां और सरकारें भी इन वाहनों के विकास और प्रचारन में भाग ले रही हैं। विभिन्न देशों में प्रदूषण नियंत्रण के लिए इलेक्ट्रिक वाहनों को प्रोत्साहित क"
461,क्वांटम कंप्यूटिंग की व्यावहारिक अनुप्रयोग,"क्वांटम कंप्यूटिंग का उपयोग आज के तकनीकी विज्ञान में बहुत महत्वपूर्ण हो गया है। इसका विशेष अंतर्क्ष और डेटा विज्ञान में अनुप्रयोग हो रहा है।

क्वांटम कंप्यूटिंग के उपयोग से बहुत सारे विज्ञानीय समस्याओं का समाधान किया जा सकता है। इसकी शक्ति क्वांटम अंकगणित की विशेषता में है, जिससे हम विशेष तरह के गणितीय समस्याओं को तेजी से हल कर सकते हैं। विशेषकर, क्वांटम कंप्यूटिंग का उपयोग डेटा एनालिटिक्स, मशीन लर्निंग, और विशेष रूप से सुरक्षा में किया जा रहा है।

क्वांटम कंप्यूटिंग के उपयोग से बहुत समय लगने"
462,क्वांटम कंप्यूटिंग की व्यावहारिक अनुप्रयोग,"क्वांटम कंप्यूटिंग एक उभरती हुई तकनीक है जिसमें क्वांटम फिजिक्स के सिद्धांतों का उपयोग करके कंप्यूटर तकनीक को मजबूत किया जाता है। यह तकनीक क्वांटम बिट्स का उपयोग करती है, जिन्हें गोल या विभाजित नहीं किया जा सकता है, जैसे कि क्लासिकल बिट्स। क्वांटम कंप्यूटर एक हाइपर-पैरलल कंप्यूटिंग उपकरण है जो क्वांटम परिवर्तनों का उपयोग करके बहुत सारे संभावित स्थितियों को एक साथ प्रोसेस कर सकता है।

क्वांटम कंप्यूटिंग के व्यावहारिक अनुप्रयोगों में कई क्षेत्र शामिल हैं, जैसे कि क्रिप्टोग्राफी, रोबोटिक्स, डेटा सुरक्ष"
458,वन्यजीव संरक्षण में तकनीक का उपयोग,"वन्यजीव संरक्षण एक महत्वपूर्ण विषय है जिसका मुख्य उद्देश्य वन्यजीवों की संरक्षा और उनके स्थायित्व को सुनिश्चित करना है। तकनीक का उपयोग वन्यजीव संरक्षण में इस क्षेत्र में कई तरह के लाभ प्रदान कर सकता है।

पहले तो, तकनीक द्वारा वन्यजीवों की निगरानी और मॉनिटरिंग करना आसान हो जाता है। ड्रोन, GPS ट्रैकिंग, सेंसर्स और कैमरे जैसे उपकरणों का उपयोग करके वन्यजीवों की गतिविधि और संरक्षण की अवस्था का मॉनिटरिंग किया जा सकता है।

दूसरे, तकनीकी उपकरण वन्यजीवों की सुरक्षा में मदद कर सकते हैं। उदाहरण के लिए, वन्य"
463,कृत्रिम बुद्धिमत्ता का उपयोग साइबर सुरक्षा में,"कृत्रिम बुद्धिमत्ता या Artificial Intelligence (AI) एक तकनीक है जिसे मानव सोचने और निर्णय लेने की क्षमता को मिमिक करने के लिए डिज़ाइन किया गया है। साइबर सुरक्षा में AI का उपयोग करना आजकल बहुत महत्वपूर्ण हो गया है।

AI की मदद से सुरक्षा विशेषज्ञ साइबर हमलों को पहचानने, रोकने और उनके खिलाफ कार्रवाई करने में सक्षम हो जाते हैं। AI भविष्य में होने वाले हमलों को पहचानने में भी मदद कर सकता है जिससे सुरक्षा की गुणवत्ता बढ़ सकती है।

कृत्रिम बुद्धिमत्ता को सुरक्षा के क्षेत्र में उपयोग करने के कई तरीके हैं, जैसे कि साइबर अटैक की पहचान, डेटा और नेटवर"
464,ब्लॉकचेन प्रौद्योगिकी का भविष्य,"ब्लॉकचेन प्रौद्योगिकी एक नवाचारी तकनीक है जो डिजिटल सूचना को सुरक्षित ढंग से संग्रहित करने में मदद करती है। यह एक डेटा बेस क्रिप्टोग्राफी प्रोटोकॉल है जो ट्रांजेक्शन्स को मान्यता देता है और एक लेजर में स्थायी रूप से रिकॉर्ड करता है। इसकी सुरक्षा, विश्वासनीयता, और पारदर्शिता के लिए यह एक आदर्श प्रौद्योगिकी है।

ब्लॉकचेन प्रौद्योगिकी का भविष्य बहुत उज्ज्वल और सुगम दिखता है। इसके उपयोग क्षेत्र लगातार विस्तार हो रहे हैं, जैसे वित्तीय सेवाएं, स्वास्थ्य देखभाल, आईओटी, और औद्योगिक संबंधित क्ष"
460,डिजिटल मुद्राओं की सुरक्षा चुनौतियाँ,"आज की डिजिटल युग में डिजिटल मुद्राएं एक अत्यंत महत्वपूर्ण और सुविधाजनक विकल्प हैं। इसके लेनदेन में आसानी और तेजी से होने के कारण लोग इसे बड़े पसंद कर रहे हैं। हालांकि, डिजिटल मुद्राओं की सुरक्षा चुनौतियाँ भी हैं जिन्हें ध्यान में रखना महत्वपूर्ण है।

पहली चुनौती है ऑनलाइन धोखाधड़ी और चोरी का खतरा। कई बार लोग फिशिंग या फेक वेबसाइट्स के जाल में फंस जाते हैं और अपने डिजिटल मुद्रा खातों के बारे में निजी जानकारी दे देते हैं। इससे उनके खाते को हानि हो सकती है। 

दूसरी चुनौती है वायरस और मैलवेयर का हमला"
465,डिजिटल मुद्राओं की सुरक्षा चुनौतियाँ,"आज के डिजिटल युग में डिजिटल मुद्राएं बढ़ती हुई तकनीकी उन्नति हैं, लेकिन उनकी सुरक्षा से जुड़ी चुनौतियाँ भी बढ़ गई हैं। डिजिटल मुद्राओं के इस्तेमाल में सुरक्षा का महत्व और भी बढ़ गया है क्योंकि इसमें नकद धन की तरह चोरी और धोखाधड़ी का खतरा होता है।

डिजिटल मुद्राओं की सुरक्षा से जुड़ी मुख्य चुनौतियाँ निम्नलिखित हैं:

1. **क्रिप्टोकरेंसी हैकिंग**: क्रिप्टोकरेंसी वॉलेट और एक्सचेंज हैकिंग का खतरा है, जिससे उपयोक्ताओं के धन की चोरी हो सकती है।

2. **फिशिंग और मालवेयर**: ऑनलाइन फिशिंग या मालवेयर के माध्यम से हम"
466,रोबोटिक्स का विकास और उसके अनुप्रयोग,"रोबोटिक्स एक ऐसा क्षेत्र है जिसमें तकनीकी उपकरणों का उपयोग करके रोबोटों का निर्माण और उनके संचालन की तकनीकी अद्यतन किया जाता है। यह एक अत्यंत व्यापक क्षेत्र है जो विभिन्न क्षेत्रों में उपयोग के लिए उत्कृष्ट संभावनाएं प्रदान करता है। रोबोटिक्स के विकास में तकनीकी उन्नति का बहुत बड़ा योगदान है।

रोबोटिक्स विज्ञान का उद्देश्य मानव कार्यों को सरल, सुरक्षित और तेजी से करने में सहायता करना है। यह विभिन्न क्षेत्रों में उपयोग किया जा रहा है, जैसे कि औद्योगिक क्षेत्र, चिकित्सा, जलसंचार, आर्थिक उन्नति आदि। र"
467,ब्लॉकचेन प्रौद्योगिकी का भविष्य,"ब्लॉकचेन प्रौद्योगिकी एक ऐसी नवाचारिक तकनीक है जो सुरक्षित, पारदर्शी और स्वतंत्र तरीके से डेटा को संग्रहित करती है। यह तकनीक एक सुरक्षित डिजिटल लेजर में ट्रांजैक्शन को संग्रहित करती है जिसे ब्लॉक कहा जाता है। इन ब्लॉक्स को एक सीरीज के रूप में जोड़कर एक लॉग को बनाते हैं जिसे चेन कहा जाता है।

ब्लॉकचेन प्रौद्योगिकी का भविष्य बहुत उज्जवल है। यह पहले से अधिक क्षेत्रों में व्यापक रूप से उपयोग किया जा रहा है, जैसे कि वित्तीय सेवाएं, स्वास्थ्य देखभाल, सरकारी सेवाएं, आईओटी, लॉजिस्टिक्स आदि। ब्लॉक"
469,सौर ऊर्जा के नवीनतम विकास,"सौर ऊर्जा एक प्राकृतिक स्रोत है जो हरे ऊर्जा के रूप में परिवर्तित होती है और प्रकाश के माध्यम से ऊर्जा को उत्पन्न करती है। यह एक साफ, सुरक्षित, और अप्रत्याशित स्रोत है जो ग्लोबल उष्णता को कम करने में मदद कर सकता है।

सौर ऊर्जा के नवीनतम विकास में कई नए प्रौद्योगिकी और उपकरण शामिल हैं। उदाहरण के लिए, सौर पैनल की प्रौद्योगिकी में वृद्धि हुई है और उन्हें अब अधिक क्षेत्र में उपयोगी बनाने के लिए और भी सुदृढ़ बनाया गया है। इसके अतिरिक्त, ऊर्जा संचार के क्षेत्र में भी नवाचार हुए हैं और सौर ऊर्जा को अधिक सुलभ और सक"
468,इंटरनेट ऑफ़ थिंग्स (IoT) और स्मार्ट सिटी,"आधुनिक तकनीकी विज्ञान में एक महत्वपूर्ण उदाहरण है 'इंटरनेट ऑफ़ थिंग्स' (IoT) और स्मार्ट सिटी। IoT एक ऐसी प्रौद्योगिकी है जिसमें विभिन्न डिवाइस और वस्तुओं को इंटरनेट के माध्यम से एक साथ कनेक्ट किया जाता है। इसका मुख्य उद्देश्य है सामान्य वस्तुओं को स्मार्ट बनाना जिससे उनके साथ डेटा संग्रहण, संचालन और व्यवस्थापन किया जा सके।

स्मार्ट सिटी एक उत्कृष्ट उपयोगाधारित प्रणाली है जिसमें शहर की आधुनिक जरूरतों को पूरा करने के लिए IoT का उपयोग किया जाता है। इसमें शहर के लाखों डिवाइस और सुविधाएं इंटरनेट से जुड़ी हो"
470,कृत्रिम बुद्धिमत्ता का उपयोग साइबर सुरक्षा में,"कृत्रिम बुद्धिमत्ता (Artificial Intelligence) एक ऐसी तकनीक है जो मानव बुद्धिमत्ता के कार्यों को करने की क्षमता रखती है। यह तकनीक विभिन्न क्षेत्रों में उपयोग किया जा रहा है, जैसे कि स्वचालित गाड़ियों, भाषा अनुवाद, रोबोटिक्स, स्वचालित व्यापार प्रक्रियाएँ, आदि। इसके साथ ही, कृत्रिम बुद्धिमत्ता को साइबर सुरक्षा के क्षेत्र में भी उपयोग किया जा रहा है।

साइबर सुरक्षा एक बड़ा मुद्दा बन गया है, क्योंकि दिन-प्रतिदिन साइबर हमले बढ़ रहे हैं। इन हमलों से बचने के लिए विभिन्न कंपनियां और सरकारी संगठनों ने कृत्रिम बुद्धिमत्ता का उपयोग क"
472,क्वांटम कंप्यूटिंग की व्यावहारिक अनुप्रयोग,"क्वांटम कंप्यूटिंग एक उन्नत तकनीक है जिसमें क्वांटम बिट्स का उपयोग किया जाता है। यह तकनीक क्लासिकल कंप्यूटिंग से कई गुना तेज और अधिक शक्तिशाली है। क्वांटम कंप्यूटिंग का उपयोग विभिन्न क्षेत्रों में किया जा रहा है और इसके कई व्यावहारिक अनुप्रयोग हैं।

क्वांटम कंप्यूटिंग का एक अहम व्यावहारिक अनुप्रयोग क्रिप्टोग्राफी में है। क्वांटम कंप्यूटिंग द्वारा तैराकी किया जा सकता है जिससे किसी भी एनक्रिप्शन तकनीक को तोड़ना संभव हो सकता है। इसके अलावा, इसका उपयोग डेटा विज्ञान, रोबोटिक्स, और औद्योग"
471,डिजिटल मुद्राओं की सुरक्षा चुनौतियाँ,"आजकल डिजिटल मुद्राएं बड़ी तेजी से उभरती जा रहीं हैं और इसका उपयोग भी बढ़ता जा रहा है। इन डिजिटल मुद्राओं का उपयोग ऑनलाइन लेन-देन, खरीददारी और भुगतान के लिए होता है। लेकिन इन डिजिटल मुद्राओं की सुरक्षा चुनौतियाँ भी हैं जिनका ध्यान रखना महत्वपूर्ण है।

पहली चुनौती है ऑनलाइन धोखाधड़ी और फिशिंग। अक्सर धोखाधड़ीकर्ता फर्जी वेबसाइट्स और ईमेल के माध्यम से लोगों से उनकी निजी जानकारी और पासवर्ड प्राप्त करने की कोशिश करते हैं। इसलिए जरूरी है कि हम केवल सत्यापित स्रोतों से ही अपनी मुद्राएं खरीदें और ऑ"
474,सतत विकास की नई रणनीतियाँ,"आधुनिक तकनीकी समय में, सतत विकास को बढ़ावा देने के लिए नई रणनीतियों का अवलोकन करना महत्वपूर्ण है। तकनीकी विस्तार और तेज़ी से बदलते परिदृश्य के साथ, संगठनों को नए और सुगम तरीके से काम करने की आवश्यकता है।

पहली रणनीति है एजाइलिटी। यह रणनीति संगठनों को तेजी से परिवर्तन करने की क्षमता प्रदान करती है। एजाइलिटी में, संगठन के अंग कार्यक्षमता और व्यक्ति केंद्रित नहीं होते हैं, बल्कि उन्हें समूह के साथ काम करने के लिए प्रेरित किया जाता है।

दूसरी रणनीति है डिजिटलीकरण। डिजिटलीकरण न केवल संगठन के कार्य प्रक्रियाओं"
473,कृत्रिम बुद्धिमत्ता का उपयोग साइबर सुरक्षा में,"कृत्रिम बुद्धिमत्ता या Artificial Intelligence (AI) एक तकनीक है जिसमें मशीनों को मानव बुद्धिमत्ता से लाभान्वित करने के लिए प्रोग्राम किया जाता है। आजकल साइबर सुरक्षा में AI का उपयोग बढ़ता जा रहा है ताकि नेटवर्क्स और सिस्टमों को हानि से बचाया जा सके।

AI का उपयोग साइबर सुरक्षा में सुरक्षा उपयोगकर्ताओं को विभिन्न प्रकार के साइबर हमलों से बचाने में मदद कर सकता है। AI तकनीक की मदद से नेटवर्क्स को खुद को स्वचालित करने की क्षमता मिलती है, जिससे वे नए और अज्ञात हमलों को पहचान सकते हैं और उनके प्रतिकार में सक्षम हो सकते हैं। इसके अलावा, AI सिस्टम हमलों के ल"
475,कृत्रिम बुद्धिमत्ता का उपयोग साइबर सुरक्षा में,"कृत्रिम बुद्धिमत्ता या Artificial Intelligence (AI) एक तकनीक है जो मानव बुद्धिमत्ता का उपयोग करके कंप्यूटर को विभिन्न कार्यों को सम्पादित करने की क्षमता प्रदान करती है। साइबर सुरक्षा में AI का उपयोग भी बढ़ता जा रहा है ताकि सुरक्षा कार्यों को सुचारू और सुरक्षित बनाने में मदद मिल सके।

AI का उपयोग साइबर सुरक्षा में अनेक तरीकों से किया जा सकता है। उदाहरण के लिए, AI आधारित सुरक्षा सिस्टम विभिन्न नेटवर्क ट्रैफिक को मॉनिटर कर सकते हैं और किसी भी असामान्य गतिविधि को पहचान सकते हैं। AI के उपयोग से सिस्टम अटैक की पहचान कर सकते हैं और त्वरित रूप से उसक"
477,सौर ऊर्जा के नवीनतम विकास,"सौर ऊर्जा एक सुरक्षित, स्थायी और पर्यावरण के लिए साथी ऊर्जा स्रोत है जो हमारे पर्यावरण को क्षति पहुंचाए बिना हमें ऊर्जा प्रदान कर सकती है। सौर ऊर्जा का नवीनतम विकास विभिन्न तकनीकी और नैतिक उन्नतियों के साथ हो रहा है जो इसे और अधिक सुलभ और प्रभावी बना रहे हैं।

पहले तौर पर, सौर पैनल तकनीक में वृद्धि हुई है, जिससे उत्पादन की दर बढ़ गई है और लागतें कम हुई हैं। सौर ऊर्जा संयंत्रों की व्यावसायिक स्थापनाएं और घरेलू उपयोग के लिए सौर पैनल की मांग में वृद्धि हुई है।

दूसरे, सौर ऊर्जा भंडारण क्षमता के क्षेत्र में नव"
476,कृत्रिम बुद्धिमत्ता का उपयोग साइबर सुरक्षा में,"कृत्रिम बुद्धिमत्ता, जिसे आमतौर पर AI के रूप में जाना जाता है, साइबर सुरक्षा में एक महत्वपूर्ण और उपयोगी उपकरण के रूप में उभरा है। साइबर अपराधियों का स्तर बढ़ता जा रहा है और इसके साथ ही बचाव के लिए उचित सुरक्षा उपायों की आवश्यकता भी बढ़ती जा रही है।

कृत्रिम बुद्धिमत्ता साइबर सुरक्षा में उपयोग के कई तरीके हैं। पहले, AI अल्गोरिदम्स साइबर हमलों और उत्पीड़न की पहचान करने में मदद कर सकते हैं। वे असामाजिक व्यवहारों और लेनदेन के पैटर्न को चिन्हित कर सकते हैं, जिससे हमलों को पहचानने में मदद मिलती है।

दूसरे"
479,डिजिटल मुद्राओं की सुरक्षा चुनौतियाँ,"आज की डिजिटल युग में डिजिटल मुद्राएँ बढ़ती हुई तकनीक का एक महत्वपूर्ण हिस्सा बन गई हैं। इनमें बिटकॉइन, एथेरियम, रिप्ल और बहुत सी अन्य क्रिप्टोकरेंसी शामिल हैं। डिजिटल मुद्राओं की लोकप्रियता और उपयोग की बढ़ती मात्रा ने उनकी सुरक्षा को एक बड़ी चुनौती बना दिया है।

डिजिटल मुद्राओं की सुरक्षा चुनौतियों में सबसे बड़ी समस्या चोरी और हैकिंग की है। क्रिप्टोकरेंसी के वॉलेट, एक्सचेंज और ऑनलाइन मुद्रापरिवहन में सुरक्षा कमी आम हैं। इनके लिए सबसे महत्वपूर्ण सुरक्षा उपाय मल्टी-साइनेचर और हार्डवेयर वॉलेट का प्रयो"
478,जलवायु परिवर्तन के खिलाफ नई तकनीकें,"जलवायु परिवर्तन एक गंभीर मुद्दा है जिससे लड़ने के लिए नई तकनीकें और उपाय आवश्यक हैं। यहाँ कुछ नई तकनीकों के बारे में चर्चा की जा रही है:

1. जलवायु संशोधन: जलवायु संशोधन की तकनीकें जैसे कि सूर्यसिद्ध उर्जा, वायुमंडलीय संशोधन, वनस्पति विचार, आदि जलवायु परिवर्तन को कम करने में मदद कर सकती हैं।

2. स्मार्ट ऊर्जा प्रणालियाँ: स्मार्ट ऊर्जा प्रणालियाँ जैसे कि स्मार्ट ग्रिड, ऊर्जा संचयन, ऊर्जा उत्पादन आदि जलवायु परिवर्तन को दबाने में मदद कर सकती हैं।

3. जलवायु बदलाव के लिए इंजीनियरिंग समाधान: इंजीन"
480,रोबोटिक्स का विकास और उसके अनुप्रयोग,"रोबोटिक्स एक ऐसी तकनीक है जो उद्योग, स्वास्थ्य और अन्य क्षेत्रों में विभिन्न कार्यों को सुगम और सहज बनाती है। इसका अध्ययन और विकास कई वर्षों से चल रहा है और इसके साथ ही उसके अनुप्रयोग भी लगातार बढ़ रहे हैं।

रोबोटिक्स का उद्योग में व्यापक उपयोग हो रहा है। कंपनियों द्वारा रोबोट्स का उपयोग उत्पादन प्रक्रिया में तेजी से और सटीकता से कार्य करने के लिए किया जा रहा है। साथ ही खतरनाक और कठिन कार्यों के लिए भी रोबोट्स का उपयोग हो रहा है जिससे मानव स्वास्थ्य और सुरक्षा की देखभाल की जा सके। जैसे कि चिकित्सा क्ष"
482,वन्यजीव संरक्षण में तकनीक का उपयोग,"वन्यजीव संरक्षण में तकनीक का महत्वपूर्ण योगदान है। वन्यजीव संरक्षण का मुख्य उद्देश्य वन्यजीवों की संरक्षण और उनके जीवन्त वातावरण की सुरक्षा करना है। तकनीकी उपकरण और तकनीक का उपयोग वन्यजीव संरक्षण के कई पहलुओं में महत्वपूर्ण भूमिका निभाते हैं।

पहले, तकनीकी उपकरण जैसे रेडियो कॉलर, GPS ट्रैकिंग और ड्रोन के उपयोग से वन्यजीवों की गतिविधियों का मॉनिटरिंग किया जा सकता है। इससे वन्यजीवों की स्थिति, स्थान और आचरण का समयानुसार ट्रैक किया जा सकता है, जिससे उनकी संरक्षण में सुधार हो सकता है।

दूसरे,"
481,इंटरनेट ऑफ़ थिंग्स (IoT) और स्मार्ट सिटी,"आधुनिक तकनीकी युग में, इंटरनेट ऑफ़ थिंग्स (IoT) ने हमारे दैनिक जीवन को सुगम और सुरक्षित बनाने में महत्वपूर्ण भूमिका निभाई है। IoT विशेषज्ञों के अनुसार, यह तकनीक आगामी समय में स्मार्ट सिटी की उत्थान में भी महत्वपूर्ण भूमिका निभाएगा।

स्मार्ट सिटी एक ऐसी प्रणाली है जो शहरों को सुरक्षित, स्वच्छ और सुगम बनाने के लिए तकनीकी समाधान प्रदान करती है। IoT के उपयोग से स्मार्ट सिटी में विभिन्न क्षेत्रों में सुधार किया जा सकता है, जैसे कि परिवहन, ऊर्जा प्रबंधन, सुरक्षा, पर्यावरण और संचार।

स्मार्ट सिटी के अंश के रूप में, उदाहरण"
483,सौर ऊर्जा के नवीनतम विकास,"सौर ऊर्जा एक प्राकृतिक स्रोत है जो हमें स्वच्छ, सुरक्षित और अक्षम ऊर्जा प्रदान करता है। इसका विकास आजकल तकनीकी और वैज्ञानिक उन्नति की दिशा में एक महत्वपूर्ण कदम है।

सौर ऊर्जा के नवीनतम विकास में सबसे महत्वपूर्ण उपाय है सोलर पैनल्स और उनकी तकनीकी सुधार। नवीनतम पैनल्स अधिक ऊर्जा उत्पन्न करते हैं, ज्यादा दिनों तक चल सकते हैं और कम देखभाल की आवश्यकता है। इसके अतिरिक्त, नए सौर ऊर्जा संयंत्र भी विकसित किए जा रहे हैं जो सौर ऊर्जा को बेहतर ढंग से संग्रहित करने में मदद करते हैं।

इन नए तकनीकी उन्नतियों का उप"
484,ड्रोन प्रौद्योगिकी के नए उपयोग,"ड्रोन प्रौद्योगिकी ने तकनीकी क्षेत्र में एक नया क्रांति ला दिया है और इसके उपयोग आजकल विभिन्न क्षेत्रों में बढ़ रहे हैं। अब ड्रोन सिर्फ आर्मी और विमान संयंत्रों के लिए ही नहीं हैं, बल्कि सिविल सेक्टर में भी इसका उपयोग हो रहा है।

ड्रोन का उपयोग विभिन्न क्षेत्रों में किया जा रहा है, जैसे कि जलवायु, कृषि, नक्शा बनाना, निगरानी, फिल्म निर्माण, पर्यटन, समुद्री अनुसंधान, और आपातकालीन सेवाएं। ड्रोन से उच्च गुणवत्ता की तस्वीरें और वीडियो लेना, क्षेत्र की कमी के अलावा अद्वितीय गतिविधियों को संभावित बनाता है। 

कृ"
486,क्वांटम कंप्यूटिंग की व्यावहारिक अनुप्रयोग,"क्वांटम कंप्यूटिंग एक उभयान्त्रित तकनीक है जिसमें क्यूबिट्स का उपयोग किया जाता है। यह तकनीक क्वांटम धारणाओं और क्वांटम मेकेनिक्स का उपयोग करके जादूगरी रूप से गणना करने की क्षमता प्रदान करती है। क्वांटम कंप्यूटर की इस विशेषता के कारण, इसे क्लासिकल कंप्यूटरों से कई गुना तेज और अधिक शक्तिशाली माना जाता है।

क्वांटम कंप्यूटिंग के कुछ व्यावहारिक उदाहरण निम्नलिखित हैं:

1. दर्शनीय ज़रूरत के समस्याओं का सुलझाव: क्वांटम कंप्यूटर विशेषता से विशिष्ट गणना करने की क्षमता प्रदान करता है जैसे कि एक बड़ी सं"
485,इंटरनेट ऑफ़ थिंग्स (IoT) और स्मार्ट सिटी,"आज के युग में तकनीकी विकास के साथ जुड़ी स्मार्ट तकनीक के उपयोग से यहां तक कि शहरों को भी स्मार्ट शहर बनाने का दौर शुरू हो गया है। इंटरनेट ऑफ़ थिंग्स (IoT) इस प्रक्रिया में महत्वपूर्ण भूमिका निभा रहा है। जिसमें विभिन्न उपकरण और सेंसर्स इंटरनेट के माध्यम से जुड़े होते हैं और डेटा को संग्रहित करते हैं।

स्मार्ट सिटी के अंदर यह तकनीकी उपकरण अनेक क्षेत्रों में लागू हो सकते हैं। उदाहरण के लिए, ट्राफिक मैनेजमेंट, ऊर्जा उपयोग, जल संचयन, प्रबंधन और सुरक्षा। इसके जरिए सिटी के लोगों को बेहतर सुविधाएं प्रदान की जा स"
487,रोबोटिक्स का विकास और उसके अनुप्रयोग,"रोबोटिक्स एक शाखा है जो कम्प्यूटर साइंस, मैकेनिकल इंजीनियरिंग और भौतिकी के संगम पर आधारित है। यह क्षेत्र उत्कृष्ट तकनीकी ज्ञान का उपयोग करता है ताकि एक और अधिक उपयोगी, सुरक्षित और विशेष स्वयं-संचालित मशीन बनाया जा सके।

रोबोटिक्स के विकास के लिए उदाहरण रूप से जीपीएस, कंप्यूटर विज्ञान, संवेदनशीलता, संगणना तकनीकियों और भूकंप तकनीक की तरह कई साधनों की आवश्यकता है। यह नई और स्वचालित तकनीकी उत्पादों का निर्माण करने के लिए उपयोगी है।

रोबोटिक्स के अनुप्रयोग अनेक हैं, जैसे कि स्वचालित उ"
488,सौर ऊर्जा के नवीनतम विकास,"सौर ऊर्जा एक प्राकृतिक स्रोत है जो हमें साफ ऊर्जा उपलब्ध कराता है और जिससे पर्यावरण को कोई नुकसान नहीं पहुंचता। इसके विकास में नवीनतम तकनीकी उन्नति का महत्वपूर्ण योगदान है। नवीनतम विकास में सौर ऊर्जा उत्पादन, संचारण, भंडारण और उपयोग के क्षेत्रों में कई महत्वपूर्ण परिवर्तन हुए हैं।

पहले, सौर ऊर्जा के उत्पादन के लिए सोलर पैनल्स का उपयोग किया जाता था, लेकिन अब नए तकनीकी उन्नतियों ने कम लागत और अधिक प्रदर्शन वाले पैनल्स का विकास किया है। इसके अलावा, सौर ऊर्जा को भंडारित करने के लिए बैटरी स्टोरेज की तकनीक म"
489,रोबोटिक्स का विकास और उसके अनुप्रयोग,"रोबोटिक्स एक तकनीकी क्षेत्र है जिसमें रोबोट या स्वचालित मशीनों का निर्माण, डिज़ाइन और उनके उपयोग का अध्ययन किया जाता है। रोबोटिक्स ने आज के समय में विभिन्न क्षेत्रों में अहम भूमिका निभाई है और इसका विकास लगातार हो रहा है। यह न केवल औद्योगिक क्षेत्र में बल्कि चिकित्सा, खुदाई, और अंतरिक्ष जैसे क्षेत्रों में भी महत्वपूर्ण योगदान दे रहा है।

रोबोटिक्स का उपयोग विभिन्न तरह के कार्यों को सुगम और दक्ष बनाने में मदद करता है। उदाहरण के लिए, औद्योगिक इकाइयों में रोबोट्स का उपयोग काम को जल्दी, सुरक"
491,ब्लॉकचेन प्रौद्योगिकी का भविष्य,"ब्लॉकचेन प्रौद्योगिकी एक विशेष प्रकार की डिजिटल लेजर है जो ट्रांजैक्शन डेटा को सुरक्षित ढंग से संग्रहित करती है। इस तकनीक का उपयोग विभिन्न क्षेत्रों में किया जा रहा है, जैसे वित्तीय सेवाएं, स्वास्थ्य सेवाएं, आपूर्ति श्रृंखला, रोजगार, विद्युत उत्पादन और अधिक।

ब्लॉकचेन प्रौद्योगिकी का भविष्य उज्ज्वल है। इसके माध्यम से डेटा सुरक्षित और अविश्वसनीय हो जाता है, जिससे भ्रष्टाचार और दुरुपयोग कम होते हैं। इसके साथ ही, इस तकनीक से विचारशीलता और सहयोगता बढ़ती है जो समाज में समृद्धि और संवाद को बढ़ा"
492,रोबोटिक्स का विकास और उसके अनुप्रयोग,"रोबोटिक्स एक ऐसा क्षेत्र है जो तकनीकी उन्नति के माध्यम से यांत्रिक उपकरणों का निर्माण और उनके स्वयं संचालन की अध्ययन करता है। यह एक बहुत ही व्यापक क्षेत्र है जो आजकल हर क्षेत्र में अपनी उपयोगिता दिखा रहा है। रोबोटिक्स के विकास से हमारे जीवन में कई बदलाव आए हैं।

रोबोटिक्स का उपयोग विभिन्न क्षेत्रों में बढ़ रहा है, जैसे कृषि, विनिर्माण, चिकित्सा, और भूमिगत अनुसंधान। रोबोट्स की मदद से विभिन्न कार्यों को सुरक्षित और तेजी से किया जा सकता है। उदाहरण के लिए, रोबोटिक्स का उपयोग स्वच्छता क्षेत्र में भी हो"
493,वन्यजीव संरक्षण में तकनीक का उपयोग,"वन्यजीव संरक्षण में तकनीक का महत्वपूर्ण योगदान है। एक अनुभवी तकनीकी लेखक के तौर पर, मैं समझता हूँ कि तकनीक कैसे वन्यजीव संरक्षण के क्षेत्र में महत्वपूर्ण भूमिका निभाती है।

पहले, तकनीकी उपकरण जैसे GPS को उपयोग करके वन्यजीवों की गतिविधियों का निरिक्षण किया जा सकता है। इससे हम वन्यजीवों के प्रवासन का पता लगा सकते हैं और उनकी संरक्षण के लिए उपाय अधिक क्रियाशील बना सकते हैं।

दूसरे, तकनीकी उपकरणों का उपयोग करके वन्यजीवों की आवाज का अध्ययन किया जा सकता है। इससे हम वन्यजीवों की आवाज को समझने में मदद"
494,वन्यजीव संरक्षण में तकनीक का उपयोग,"वन्यजीव संरक्षण में तकनीक का महत्वपूर्ण योगदान है जिससे हम जंगली जीवन की सुरक्षा और संरक्षण कर सकते हैं। तकनीक के उपयोग से हम जंगली जीवन की निगरानी कर सकते हैं, उनके आकलन और मॉनिटरिंग कर सकते हैं और उनके लिए सुरक्षित जीवनस्तर सुनिश्चित कर सकते हैं।

एक प्रमुख तकनीक जीवनकला और जीवसंख्या के अध्ययन के लिए है। इसमें जंगली जीवन के आकलन, मॉनिटरिंग, और जीवसंख्या के बारे में जानकारी इकट्ठा की जाती है जो संरक्षण की योजनाओं को बनाने और संभावित खतरों का पता लगाने में मदद करती है।

उसी तरह से, तकनीक जंगली जी"
490,सतत विकास की नई रणनीतियाँ,"सतत विकास एक ऐसी प्रक्रिया है जिसमें संगठनों को अपने कार्यक्रमों और उत्पादों को समय-समय पर अपग्रेड करना होता है ताकि वे नवीनतम तकनीकों और उत्पादों के साथ कदम से कदम मिला सकें। विशेषकर आज के डिजिटल युग में तकनीकी विकास इस दिशा में बहुत महत्वपूर्ण है।

आज के समय में विभिन्न विकास कार्यक्रमों के लिए कुछ नई रणनीतियाँ उभर रही हैं जो सतत विकास को गति देने में मदद कर रही हैं। पहली बात तो यह है कि उत्पादों के डिजाइन और विकास में एजाइल मेथडोलॉजी का उपयोग किया जा रहा है। इसमें उत्पाद को छोटे-छोटे चरणों में विकसित किया"
495,वन्यजीव संरक्षण में तकनीक का उपयोग,"वन्यजीव संरक्षण में तकनीक का महत्वपूर्ण योगदान है। वन्यजीव संरक्षण में तकनीक का उपयोग वन्यजीवों की संरक्षा, उनकी गणना, उनकी जीवन शैली का अध्ययन और संरक्षण, संवर्धन और संरक्षण के लिए विभिन्न तकनीकी उपायों का अनुसंधान आदि में किया जाता है।

तकनीक का उपयोग करके हम वन्यजीवों की जीवनकालिक गणना कर सकते हैं, जिससे हमें उनकी संख्या और विस्तार के बारे में सटीक जानकारी प्राप्त होती है। इससे हम उनकी संरक्षण योजनाओं को और भी प्रभावी बना सकते हैं।

तकनीकी उपकरणों का उपयोग करके हम वन्यजीवों की सुरक्षा के लिए सी"
496,वर्चुअल रियलिटी में नवीनतम रुझान,"वर्चुअल रियलिटी एक उपयोगकर्ता को एक वास्तविकता के अनुभव को महसूस कराने वाली प्रौद्योगिकी है। यह दुनिया भर में लोगों को एक नए और रोचक अनुभव प्रदान कर रही है। वर्चुअल रियलिटी के क्षेत्र में कई नए रुझान उभर रहे हैं, जो इस तकनीकी क्षेत्र को और रोचक बना रहे हैं।

पहला रुझान है 'सोशल VR'। इसमें लोग वर्चुअल रियलिटी के माध्यम से एक साथ वक्त बिता सकते हैं। वे एक साथ खेल खेल सकते हैं, सामाजिक आयोजनों में शामिल हो सकते हैं और एक-दूसरे के साथ बातचीत कर सकते हैं।

दूसरा रुझान है 'वर्चुअल ट्रेवल'। लोग वर्च"
497,रोबोटिक्स का विकास और उसके अनुप्रयोग,"रोबोटिक्स एक क्षेत्र है जो तकनीकी और विज्ञानात्मक ज्ञान का समन्वय करता है। यह विभिन्न अवस्थाओं में काम करने वाले स्वचालित मशीनों का अध्ययन, निर्माण, और उनके नियंत्रण पर ध्यान केंद्रित करता है। रोबोटिक्स का विकास तेजी से हो रहा है और यह विभिन्न क्षेत्रों में उपयोग किया जा रहा है।

रोबोटिक्स के विकास के कई पहलुओं में शामिल हैं- सेंसर्स और कैमरे, कंप्यूटर विज्ञान, मैकेनिकल इंजीनियरिंग, इलेक्ट्रॉनिक्स, और न्यूरोसाइंस। रोबोटिक्स के उपयोग क्षेत्र भी विस्तारित हो रहे हैं। इसका उपयोग विमानन, ऑटोमोटिव, स"
499,ड्रोन प्रौद्योगिकी के नए उपयोग,"ड्रोन प्रौद्योगिकी एक उभया तकनीक है जिसका उपयोग आजकल विभिन्न क्षेत्रों में किया जा रहा है। इसके साथ ही इसके नए और विशेष उपयोग भी विकसित हो रहे हैं। ड्रोन को उच्चाधिकतम सुरक्षा और नियंत्रण के साथ विभिन्न कार्यों के लिए उपयोग किया जा सकता है।

एक उदाहरण के रूप में, ड्रोन को खेती के क्षेत्र में उपयोग किया जा सकता है। इसके माध्यम से किसान अपनी फसल की स्थिति को देख सकते हैं और उसे समय पर सुरक्षित कर सकते हैं। इसके अतिरिक्त, ड्रोन निरीक्षण, विमानन और विमान के निर्देशन के लिए भी उपयोग किया जा सकता है।

इसके अलावा, ड्रो"
500,रोबोटिक्स का विकास और उसके अनुप्रयोग,"रोबोटिक्स विज्ञान जो मशीनों का निर्माण, उनके कार्यों और उनके नियंत्रण के लिए उपयोग होता है, यह एक तेजी से बढ़ते शाखा है। यह एक ऐसा क्षेत्र है जो डिजाइन, निर्माण, चालन और उनके संचालन के लिए तकनीकी, गणितीय और कृत्रिम ज्ञान का समावेश करता है। रोबोटिक्स के उद्देश्य मनुष्य की मदद करना, उसे खतरों से बचाना और उसके कार्यों को सरल बनाना है।

रोबोटिक्स का विकास बहुत तेजी से हो रहा है और इसके अनेक उपयोग हैं। उदाहरण के लिए, रोबोट्स स्वचालित गाड़ियों के रूप में उपयोग किए जा रहे हैं, जो यातायात सुरक्षा को ब"
501,सौर ऊर्जा के नवीनतम विकास,"सौर ऊर्जा एक प्राकृतिक स्रोत है जो हमें अविरल ऊर्जा आपूर्ति प्रदान कर सकता है और जो हमारे पर्यावरण को भी नुकसान नहीं पहुंचाता। सौर ऊर्जा ने नवीनतम तकनीकी विकास के साथ ही एक बड़ा कदम बढ़ाया है।

नवीनतम सौर ऊर्जा प्रणालियों में एक बड़ी परिवर्तनात्मक परिवर्तन है सौर ऊर्जा के उत्पादन में वृद्धि हुई है और यह अब बहुत ही सस्ते रेट पर उपलब्ध है। सौर ऊर्जा के संग्रहण तकनीक भी अब और भी प्रभावी और सुलभ हो गई हैं।

नवीनतम सौर ऊर्जा प्रणालियों में स्थायीकरण, सूर्य की किरणों का प्रयोग, और सौर सेल्स के उत्पादन में वृद"
502,प्लास्टिक प्रदूषण कम करने की नई विधियाँ,"प्लास्टिक प्रदूषण आजकल एक बड़ी समस्या बन चुकी है और इसका सही से संभावित समाधान निकालना अब बहुत जरूरी हो चुका है। प्लास्टिक का अधिक उपयोग और उसके दोषपूर्ण प्रभावों से बचाव के लिए कई नई तकनीकी विधियाँ विकसित की जा रही हैं।

1. **बायो-प्लास्टिक्स**: ये प्लास्टिक जो की जैविक तत्वों से बने होते हैं, पर्यावरण के लिए कम हानिकारक होते हैं। ये जल, मिट्टी, और अन्य प्राकृतिक स्रोतों से बने होते हैं और उनका उत्पादन प्लास्टिक की तुलना में कम कार्बन उत्सर्जन करता है।

2. **प्लास्टिक रीसाइक्लिंग**: प्लास्टिक के पुनर्चक्रण की प्रक्रिया क"
498,वन्यजीव संरक्षण में तकनीक का उपयोग,"वन्यजीव संरक्षण में तकनीक का उपयोग आजकल बहुत महत्वपूर्ण है। तकनीकी उपकरणों की मदद से हम वन्यजीवों की संरक्षण और उनकी सुरक्षा में मदद कर सकते हैं। यह उपकरण वन्यजीवों की गणना, ट्रैकिंग, संग्रहण, और सटीक स्थानांकन करने में सहायक होते हैं।

रेडियो कॉलर, जीपीएस ट्रैकिंग सिस्टम, ड्रोन, वन्यजीवों की छवियां क्लिक करने वाली कैमरे, आदि तकनीकी उपकरण वन्यजीव संरक्षण में उपयोग किए जाते हैं। इन उपकरणों की मदद से वन्यजीवों की गतिविधियों का मॉनिटरिंग किया जा सकता है, उनकी संख्या का अनुमान लगाया जा सकता है,"
503,क्वांटम कंप्यूटिंग की व्यावहारिक अनुप्रयोग,"क्वांटम कंप्यूटिंग एक उभयान्तरीय क्षेत्र है जिसमें क्वांटम मैकेनिक्स के नियमों का उपयोग करके नए प्रकार के कंप्यूटर तैयार किए जाते हैं। ये कंप्यूटर वर्तमान कंप्यूटरों से काफी अलग होते हैं और अद्वितीय क्षमताओं के साथ काम करते हैं।

क्वांटम कंप्यूटिंग के कई व्यावहारिक अनुप्रयोग हैं जो सभी क्षेत्रों में उपयोगी हो सकते हैं। उनमें से कुछ निम्नलिखित हैं:

1. **क्रिप्टोग्राफी**: क्वांटम कंप्यूटिंग का उपयोग डेटा एन्क्रिप्शन और डेक्रिप्शन में किया जा सकता है। इसके लिए अल्गोरिदम्स को बनाने में क्वांटम कंप्यूटिंग क"
504,वर्चुअल रियलिटी में नवीनतम रुझान,"वर्चुअल रियलिटी (Virtual Reality) एक तकनीक है जिसके माध्यम से व्यक्ति किसी अलग वास्तविकता में डूब सकता है। यह तकनीक वास्तविक स्थितियों को सिम्युलेट करने के लिए उपयोग की जाती है और उपयोगकर्ताओं को एक नए दुनिया में ले जाती है। आजकल, वर्चुअल रियलिटी के क्षेत्र में कई नवीनतम रुझान देखने को मिल रहे हैं।

पहला रुझान है Augmented Reality (AR) और Virtual Reality (VR) का संयोजन। इसमें वास्तविकता में उपस्थित वस्तुओं को वर्चुअल ऑब्जेक्ट्स से जोड़ा जाता है ताकि उपयोगकर्ता एक मिश्रित वास्तविकता का अनुभव कर सके।

दूसरा रुझान है वर्चुअल रियलिटी के उ"
505,डिजिटल मुद्राओं की सुरक्षा चुनौतियाँ,"आज की डिजिटल युग में डिजिटल मुद्राएं एक महत्वपूर्ण भूमिका निभा रही हैं। लेकिन इन मुद्राओं की सुरक्षा को लेकर अनेक चुनौतियाँ भी हैं। यहाँ हम डिजिटल मुद्राओं की सुरक्षा से जुड़ी कुछ मुख्य चुनौतियों पर विचार करेंगे।

1. काइबर अपराध: डिजिटल मुद्राएं हाकर्स और काइबर अपराधियों के लक्ष्य बनती हैं। उन्हें आपके खाते को हैक करने के लिए विभिन्न तकनीकी दुरूपयोग की जानकारी होती है।

2. फिशिंग: फिशिंग अटैक से लोगों के पर्सनल डेटा और बैंक खाता जानकारी चोरी की जा सकती है। इससे उनकी डिजिटल मुद्रा के खाते को खतरा हो सकता ह"
507,कृत्रिम बुद्धिमत्ता का उपयोग साइबर सुरक्षा में,"कृत्रिम बुद्धिमत्ता या आर्टिफिशियल इंटेलिजेंस (AI) एक तकनीकी क्षेत्र है जो मानव बुद्धिमत्ता को मॉडल करने और सिमुलेट करने का उपयोग करता है। साइबर सुरक्षा में AI का उपयोग किया जा रहा है ताकि नेटवर्क और सिस्टम को सुरक्षित रखा जा सके।

AI की मदद से सुरक्षा विशेषज्ञ सुरक्षा घातक कार्यों को पहचानने, रोकने और निवारित करने में सक्षम हो सकते हैं। यह साइबर हमलों को पहचानने में मानव से तेजी से और प्रभावी रूप से मदद कर सकता है। AI भी सुरक्षा छेदनकर्ताओं के लिए एक रोबोटिक उपकरण के रूप में काम कर सकता है, जो नेटवर्क में लक्षित या गैर-स"
506,ब्लॉकचेन प्रौद्योगिकी का भविष्य,"ब्लॉकचेन प्रौद्योगिकी एक ऐसी विस्तारित तकनीक है जिसने विभिन्न क्षेत्रों में एक क्रांति ला दी है। इसका भविष्य भी उज्जवल है और यह न केवल वित्तीय संस्थानों के लिए बल्कि समाज के विभिन्न क्षेत्रों के लिए भी क्रियात्मक संभावनाएं लेकर आएगा।

पहले, ब्लॉकचेन तकनीक का उपयोग वित्तीय संस्थानों में लेन-देन की प्रक्रियाओं को सुरक्षित और स्थिर बनाने के लिए होगा। ब्लॉकचेन के उपयोग से लेन-देन की प्रक्रियाएं तेजी से होंगी, लेकिन उसकी सुरक्षा पर कोई कमी नहीं आएगी।

दूसरे, सामाजिक संरचनाओं में बदलाव आएंगे जैसे सरकारी सेवाओं"
509,इलेक्ट्रिक वाहनों की भविष्य की संभावनाएँ,"इलेक्ट्रिक वाहनों का उपयोग वाहनों के प्रदूषण को कम करने और वायु प्रदूषण को रोकने में महत्वपूर्ण भूमिका निभा रहा है। इन वाहनों के लाभों में ऊर्जा दक्षता, कम चालन लागत, ध्वनि और वायु प्रदूषण कमी, और तकनीकी उन्नति शामिल हैं।

भविष्य में, इलेक्ट्रिक वाहनों का उपयोग बढ़ने की संभावना है। सरकारों ने प्रदूषण और ऊर्जा सुरक्षा के मुद्दों को ध्यान में रखते हुए इन वाहनों के लिए नीतियों को प्रोत्साहित किया है। भारत में भी नीतियों के माध्यम से इलेक्ट्रिक वाहनों की बढ़ती लोकप्रियता देखने को मिल रही है।

इलेक्ट्रिक वाहनों"
508,ब्लॉकचेन प्रौद्योगिकी का भविष्य,"ब्लॉकचेन प्रौद्योगिकी एक विशेष प्रकार की डिजिटल लेजर है जिसमें डेटा को सुरक्षित ढंग से संग्रहित किया जाता है। यह तकनीक एक सुरक्षित और पारदर्शी तरीके से सूचना को साझा करने की संभावनाओं को बढ़ाती है। ब्लॉकचेन के माध्यम से ट्रांजैक्शन को तालिका (table) या आवेदन के रूप में बनाया जा सकता है, जो इसे बहुत अधिक उपयोगी बनाता है।

ब्लॉकचेन प्रौद्योगिकी का भविष्य बहुत उज्जवल और सुरक्षित है। यह तकनीक विभिन्न क्षेत्रों में लागू हो रही है, जैसे वित्तीय सेवाएं, स्वास्थ्य सेवाएं, स्थायी संपत्ति और लोगिस्टिक्स। ब्लॉक"
510,कृत्रिम बुद्धिमत्ता का उपयोग साइबर सुरक्षा में,"कृत्रिम बुद्धिमत्ता (Artificial Intelligence) एक ऐसी तकनीक है जिसने तकनीकी जगत में क्रांति ला दी है। इसका उपयोग साइबर सुरक्षा में भी किया जा रहा है। साइबर हमलों की ताकत और प्रभाव बढ़ते जा रहे हैं, और इसलिए बुद्धिमत्ता का उपयोग इन हमलों का निवारण करने में महत्वपूर्ण हो गया है।

कृत्रिम बुद्धिमत्ता के एल्गोरिदम्स साइबर सुरक्षा सेटिंग्स में उपयोग करके कंप्यूटर नेटवर्क्स को सुरक्षित बनाने में मदद करते हैं। ये एल्गोरिदम्स विभिन्न प्रकार के साइबर हमलों को पहचानने और रोकने में सक्षम होते हैं। उदाहरण के लिए, कृत्रिम बुद्धिमत्ता स्वय"
511,रोबोटिक्स का विकास और उसके अनुप्रयोग,"रोबोटिक्स एक तकनीकी क्षेत्र है जिसमें रोबोट या स्वचालित मशीनों का डिज़ाइन, निर्माण और उनका उपयोग किया जाता है। यह तकनीकी क्षेत्र तेजी से विकसित हो रहा है और उसके अनुप्रयोग विस्तार से हो रहे हैं। रोबोटिक्स के विकास में विभिन्न तकनीकी उत्पादों, सेंसर्स, मोटर्स, एक्टुएटर्स, विभिन्न सॉफ्टवेयर और हार्डवेयर प्रोग्रामिंग का महत्वपूर्ण योगदान है।

रोबोटिक्स के उपयोग कई क्षेत्रों में किए जा रहे हैं। उदाहरण के लिए, औद्योगिक क्षेत्र में रोबोट्स संचालन करके कारखानों और उद्यमों की उत्पादन प्रक्रिया को अधिक"
512,इलेक्ट्रिक वाहनों की भविष्य की संभावनाएँ,"वर्तमान समय में वाहनों के इस्तेमाल में इलेक्ट्रिक वाहनों का प्रचलन तेजी से बढ़ रहा है। इलेक्ट्रिक वाहनों का उपयोग कारणों से बढ़ रहा है, जैसे की पर्यावरण के प्रति जिम्मेदारी, ऊर्जा सुरक्षा और इंफ्रास्ट्रक्चर के सुधार की आवश्यकता। इसके अलावा इलेक्ट्रिक वाहनों की चालन से उद्यमिता द्वारा भी अधिक लाभ उठाए जा सकते हैं।

भविष्य में इलेक्ट्रिक वाहनों का उपयोग और भी बढ़ने की संभावना है। इनमें बेहतर बैटरी तकनीक, तेजी से चार्ज होने वाली सुविधाएं और अधिक लंबी चलने की क्षमता शामिल हो सकती है। साथ ही, इलेक्ट्रिक वाहन"
513,इलेक्ट्रिक वाहनों की भविष्य की संभावनाएँ,"विश्व में जलवायु परिवर्तन के साथ, इलेक्ट्रिक वाहनों की मांग में तेजी से वृद्धि हो रही है। इलेक्ट्रिक वाहनों का उपयोग पेट्रोल और डीजल से चलने वाले वाहनों के मुकाबले जल्दी ही सस्ता और अधिक पर्यावरण स्थिर होने की वजह से बढ़ जाएगा।

इलेक्ट्रिक वाहनों के लिए बैटरी स्वच्छ ऊर्जा का स्रोत है और इन वाहनों की कार्यक्षमता भी बेहतर होती है। इसके अलावा, इन वाहनों की देखभाल और चलाना भी सामान्य वाहनों की तुलना में सस्ता होता है।

इस समय, कई बड़ी कंपनियां और शहरों ने इलेक्ट्रिक वाहनों के लिए नीतियाँ बनाई हैं जिससे इनकी बढ़ती म"
514,इलेक्ट्रिक वाहनों की भविष्य की संभावनाएँ,"इलेक्ट्रिक वाहनों का उपयोग वाहन उद्योग में सुस्त और निर्मल वायु प्रदूषण को कम करने के लिए एक महत्वपूर्ण कदम है। इसके बढ़ते प्रयोग के साथ, इस तकनीकी उन्नति में और भी वृद्धि होने की संभावना है।

इलेक्ट्रिक वाहनों का उपयोग कार्यालयों, नगरीय क्षेत्रों और शहरों में वाहन संचालन के लिए अधिक लोकप्रिय हो रहा है। यह वाहन वायु प्रदूषण को कम करते हैं और ध्वनि प्रदूषण का स्तर भी कम करते हैं। साथ ही, इलेक्ट्रिक वाहनों की लगातार बढ़ती तकनीकी योग्यता और दक्षता ने इनकी चालन सुविधा, दक्षता और दुर्व्यवहार को भी सुनिश्च"
515,डिजिटल मुद्राओं की सुरक्षा चुनौतियाँ,"आज के डिजिटल युग में डिजिटल मुद्राएं बढ़ती तकनीकी उन्नति की प्रमुख प्रतीक हैं, लेकिन इनकी सुरक्षा चुनौतियाँ भी बढ़ गई हैं। डिजिटल मुद्राओं के उपयोग के साथ-साथ सुरक्षा के मामले में भी सतर्कता बरतने की जरूरत है।

पहली चुनौती है ऑनलाइन धोखाधड़ी और चोरी का खतरा। डिजिटल मुद्राएं ऑनलाइन होती हैं, जिसके कारण उनके हमले का खतरा बढ़ जाता है। इससे बचने के लिए सुरक्षित इंटरनेट कनेक्शन और सतर्कता बरतना आवश्यक है।

दूसरी चुनौती है मलवेयर और वायरस से डेटा हैकिंग का खतरा। डिजिटल मुद्राओं का उपयोग करते समय सुरक्ष"
516,सतत विकास की नई रणनीतियाँ,"आधुनिक तकनीकी युग में, सतत विकास अत्यंत महत्वपूर्ण है। विभिन्न क्षेत्रों में तेजी से बदलाव और नई तकनीकों के आधार पर समस्याओं का समाधान करने की आवश्यकता है। इस दिशा में, कुशल तकनीकी लेखकों का महत्वपूर्ण योगदान है।

नई तकनीकी रणनीतियों में से एक बहुत महत्वपूर्ण रणनीति है ""एजाइल मेथडोलॉजी""। इस रणनीति का उद्देश्य तकनीकी उत्पादों को बिना समय बर्बाद किए और सम्पूर्ण गुणवत्ता के साथ निर्माण करना है। यह रणनीति टीम काम को बढ़ावा देती है और उत्पादकता में सुधार करती है।

दूसरी रणनीति ""कॉन्टिन्यूअस इं"
519,इंटरनेट ऑफ़ थिंग्स (IoT) और स्मार्ट सिटी,"आजकल तकनीकी विकास के क्षेत्र में एक नया शब्द उपजा है, जिसे 'इंटरनेट ऑफ़ थिंग्स' (IoT) कहा जाता है। इस तकनीकी युग में, भाग्यांकन की तकनीक के आधार पर विभिन्न उपकरण और वस्तुएं एक-दूसरे से जुड़े होते हैं और इन्हें इंटरनेट के माध्यम से संचालित किया जा सकता है। इसका उदाहरण हैं स्मार्ट होम, स्मार्ट कार, स्मार्ट सिटी, आदि।

स्मार्ट सिटी एक ऐसी प्रेरणास्त्रोत है जिसमें विभिन्न प्रौद्योगिकी का उपयोग करके शहर की प्रबंधन और विकास को सुगम और सुरक्षित बनाया जा सकता है। इसमें विभिन्न सेंसर्स, डिवाइसेस और तकनीक का उपय"
518,क्वांटम कंप्यूटिंग की व्यावहारिक अनुप्रयोग,"क्वांटम कंप्यूटिंग एक उभयमानी तकनीक है जो क्लासिकल कंप्यूटिंग की तुलना में विशेषता से उत्कृष्ट है। इसका उद्देश्य अद्भुत गति और क्षमता के साथ विशेष समस्याओं का हल निकालना है जिनके लिए क्लासिकल कंप्यूटर समाधान नहीं प्रदान कर सकते।

क्वांटम कंप्यूटर के अनेक उपयोग हैं, जैसे कि विशेष रूप से क्रिप्टोग्राफी, रसायन विज्ञान, और बिग डेटा विश्लेषण। इन क्षेत्रों में क्वांटम कंप्यूटिंग का उपयोग करके नए और सुंदर समाधान उत्पन्न किए जा सकते हैं।

एक उदाहरण के रूप में, क्वांटम कंप्यूटिंग का उपयोग क्रिप्टोग्राफी"
517,ब्लॉकचेन प्रौद्योगिकी का भविष्य,"ब्लॉकचेन प्रौद्योगिकी एक नवाचारिक प्रौद्योगिकी है जो डिजिटल लेनदेनों को सुरक्षित और निश्चित बनाने में मदद करती है। यह तकनीक एक डेटा स्ट्रक्चर है जो डेटा को ब्लॉकों में संग्रहित करती है, और इन ब्लॉकों को एक साथ जोड़कर चेन बनाती है। इस प्रकार, ब्लॉकचेन एक सुरक्षित और गैर-परिवर्तनशील लेनदेन रेकॉर्ड को बनाती है जिसे किसी भी तीसरे पक्ष या मध्यस्थ नहीं बदल सकता।

ब्लॉकचेन प्रौद्योगिकी का भविष्य बहुत उज्जवल है। यह तकनीक विभिन्न क्षेत्रों में व्यापक रूप से उपयोग किया जा रहा है, जैसे कि वित्तीय स"
521,सौर ऊर्जा के नवीनतम विकास,"सौर ऊर्जा एक अविश्वसनीय स्त्रोत है जो हमारे प्राकृतिक संसाधनों को हर दिन से अधिक उपयोग करने के दौरान उत्पन्न होती है। इसका उपयोग विद्युत ऊर्जा के लिए सबसे सुरक्षित और पर्यावरण के लिए अनुकूल माना जाता है। नवीनतम सौर ऊर्जा विकास में तकनीकी उन्नति ने इस क्षेत्र में क्रांति ला दी है।

पहले, सौर पैनल की कीमतें काफी महंगी थीं, लेकिन नवीनतम क्षमताओं और तकनीकी उन्नति के कारण उनकी कीमतें काफी कम हो गई हैं। इससे लोग सौर ऊर्जा पर निवेश करने के लिए उत्साहित हो रहे हैं।

दूसरी बड़ी बदलावी तकनीक है सौर सेल तकनीक की सुधारी"
520,क्वांटम कंप्यूटिंग की व्यावहारिक अनुप्रयोग,"क्वांटम कंप्यूटिंग एक उभयमान तकनीक है जो क्लासिकल कंप्यूटिंग के साथ तुलना में बहुत तेजी से गति और ताकत प्रदान करती है। इसका उद्देश्य क्लासिकल कंप्यूटिंग से अनुमानित रूप से कठिन समस्याओं का हल निकालना है।

क्वांटम कंप्यूटिंग के व्यावहारिक अनुप्रयोगों में कई क्षेत्र शामिल हैं जैसे क्रिप्टोग्राफी, रसायन विज्ञान, और बाजार विश्लेषण। इन डोमेन्स में, क्वांटम कंप्यूटिंग का उपयोग क्लासिकल कंप्यूटिंग से केवल फायदे की सीमा से बाहर है।

क्वांटम कंप्यूटिंग के व्यावहारिक उपयोगों में सबसे महत्वपूर्ण एक क्षेत्र"
522,सौर ऊर्जा के नवीनतम विकास,"सौर ऊर्जा वर्तमान में एक अत्यंत महत्वपूर्ण ऊर्जा स्रोत बन चुका है और इसका विकास लगातार हो रहा है। यह एक स्वच्छ, सुरक्षित और अनगिनत ऊर्जा स्रोत है जिससे हम स्थायी ऊर्जा समाधान प्राप्त कर सकते हैं।

सौर ऊर्जा के नवीनतम विकास में कई तकनीकी और वैज्ञानिक उत्कृष्टताएं हुई हैं। उच्च कार्बन युक्त इलेक्ट्रॉनिक्स और नैनो तकनीकियों का उपयोग करके सौर पैनल की प्रदर्शन क्षमता में वृद्धि हुई है। सौर सेल की दर से गिरावट आई है और इससे उत्पन्न होने वाली ऊर्जा में वृद्धि हुई है।

विशेषकर, सौर ऊर्जा स्थानीय स्तर पर उत्पन"
524,डिजिटल मुद्राओं की सुरक्षा चुनौतियाँ,"डिजिटल मुद्राएं आजकल व्यापक रूप से उपयोग की जा रही हैं और लोग इंटरनेट के माध्यम से विभिन्न वेबसाइट्स से वस्त्र, सेवाएं और अन्य वस्तुएं खरीदने के लिए इन्हें उपयोग कर रहे हैं। हालांकि, डिजिटल मुद्राओं की सुरक्षा एक बड़ी चुनौती है जिसका सामना करना पड़ता है।

डिजिटल मुद्राओं की सुरक्षा चुनौतियाँ मुख्य रूप से ऑनलाइन धोखाधड़ी, डेटा चोरी, फिशिंग, मालवेयर और वायरस समेत अन्य साइबर अपराधों से हैं। हैकर्स व्यक्तिगत जानकारी चोरी करके व्यक्तिगत और वित्तीय नुकसान पहुंचा सकते हैं। इसके अलावा, फिशिंग और मालव"
523,ड्रोन प्रौद्योगिकी के नए उपयोग,"ड्रोन प्रौद्योगिकी ने विभिन्न क्षेत्रों में नए और रोचक उपयोग का दरवाजा खोल दिया है। यह प्रौद्योगिकी अब सिविल सेक्टर से लेकर सुरक्षा, कृषि, स्वास्थ्य, वाणिज्यिक उद्योग आदि में भी उपयोगी साबित हो रही है।

पहले सबसे महत्वपूर्ण उपयोग है सुरक्षा में। ड्रोन की मदद से गहरे जंगलों और बिहारी मीडिया में ट्रैकिंग किया जा सकता है, जिससे बच्चे और अपहरित व्यक्तियों की खोज में मदद मिल सकती है। इसके अलावा, सीमा सुरक्षा, आतंकी हमलों का पूर्वानुमान और नगरीय इलाकों की सुरक्षा के लिए भी उपयोग किया जा सकता है।

कृषि म"
526,रोबोटिक्स का विकास और उसके अनुप्रयोग,"रोबोटिक्स एक क्षेत्र है जो तकनीकी ज्ञान, कंप्यूटर विज्ञान और अनुकूलन का समावेश करता है। यह विज्ञान रोबोटों के निर्माण, उनके संचालन और उनके उपयोग के अध्ययन पर केंद्रित है। रोबोटिक्स ने इंसानों के लिए कई क्षेत्रों में क्रांति ला दी है।

रोबोटिक्स के विकास ने विभिन्न क्षेत्रों में उपयोगी संभावनाओं का दरवाजा खोल दिया है। प्रोडक्शन लाइनों से लेकर चिकित्सा और खोज क्षेत्र तक, रोबोटिक्स ने जीवन को आसान और सुरक्षित बनाने में महत्वपूर्ण योगदान दिया है।

रोबोटिक्स का उपयोग विभिन्न क्षेत्रों में किया जा रहा ह"
525,सतत विकास की नई रणनीतियाँ,"सतत विकास की नई रणनीतियों का महत्व आजकल बढ़ रहे तकनीकी और सामाजिक परिवर्तन के समय में अधिक महत्वपूर्ण हो गया है। विकास के क्षेत्र में नई रणनीतियाँ उच्चतम गुणवत्ता और दक्षता के साथ विकास को गति देने के लिए अपनाने की आवश्यकता है।

एक सतत विकास रणनीति का पहला महत्वपूर्ण पहलू यह है कि विकास की प्रक्रिया में समानता और न्याय को ध्यान में रखना चाहिए। समाज में सभी वर्गों और समुदायों को समान अवसर और सुरक्षा का हक देना चाहिए। इससे समाज में सामंजस्य और एकता का विकास होगा।

दूसरा महत्वपूर्ण पहलू है साइंस, टेक्नोलॉजी और इन"
528,ब्लॉकचेन प्रौद्योगिकी का भविष्य,"ब्लॉकचेन प्रौद्योगिकी वर्तमान में एक उभरती हुई तकनीक है जिसने विभिन्न क्षेत्रों में अपना प्रभाव दिखाया है। ब्लॉकचेन एक डिजिटल लेजर होता है जिसमें डेटा ब्लॉक्स में संग्रहित होता है और इन ब्लॉक्स को एक सुरक्षित तरीके से जोड़कर चेन बनाता है। यह डेटा सुरक्षित और प्राइवेट रहता है जिससे किसी भी पार्टी के बारे में जानकारी उपलब्ध नहीं होती।

ब्लॉकचेन प्रौद्योगिकी का भविष्य बेहद उज्जवल दिखता है। इस तकनीक के उपयोग से विभिन्न क्षेत्रों में विश्वासयोग्यता, पारदर्शिता और सुरक्षा में सुधार होगा। ब्लॉकचेन व"
527,ड्रोन प्रौद्योगिकी के नए उपयोग,"ड्रोन प्रौद्योगिकी ने विभिन्न क्षेत्रों में नए और रोचक उपयोगों का दरवाजा खोला है। यह उड़ने वाले यंत्र विभिन्न क्षेत्रों में अपनी उपयोगिता साबित कर रहे हैं।

ड्रोन का प्रमुख उपयोग निम्नलिखित हैं:

1. सुरक्षा: ड्रोन सुरक्षा क्षेत्र में महत्वपूर्ण भूमिका निभाते हैं। वे आपातकालीन परिस्थितियों में सुरक्षित स्थानों तक पहुंचकर सहायता पहुंचाते हैं।

2. जलवायु और जलसंधारण: ड्रोन जलवायु और जलसंधारण क्षेत्र में भी उपयोग किए जा रहे हैं। वे जलवायु परिवर्तन का मापदंड निर्धारित करने में मदद करते हैं।

3. कृषि: कृषि क"
529,प्लास्टिक प्रदूषण कम करने की नई विधियाँ,"प्लास्टिक प्रदूषण एक गंभीर मामला है जिसका सामाजिक, पर्यावरणीय और स्वास्थ्य से सीधा संबंध है। इस समस्या को हल करने के लिए, हमें नए तकनीकी उपायों की खोज करने की आवश्यकता है।

1. बायो-प्लास्टिक: ये प्लास्टिक जो जैविक सामग्री से बनाया गया है, जैसे कि कुकुटी, मैदा और चीनी। ये प्लास्टिक स्वाभाविक रूप से विघटित हो जाता है और प्रदूषण में कमी करता है।

2. थूक्यू: यह एक ऐसी तकनीक है जिसमें प्लास्टिक को उच्च तापमान और दबाव के अधीन रखकर उसे पुनः उपयोग के लिए पुनर्चक्रित किया जाता है।

3. प्लास्टिक रीसायकलिंग: प"
530,इंटरनेट ऑफ़ थिंग्स (IoT) और स्मार्ट सिटी,"आधुनिक तकनीकी युग में इंटरनेट ऑफ़ थिंग्स (IoT) और स्मार्ट सिटी समृद्धि के लिए महत्वपूर्ण भूमिका निभा रहे हैं। IoT उन साधनों को जोड़ता है जिनके पास सेंसर्स, स्विच, कनेक्टिविटी और डेटा प्रोसेसिंग क्षमता होती है। इसका उद्देश्य यह है कि उन साधनों को एक नेटवर्क में जोड़कर उन्हें एक दूसरे के साथ संचालित किया जा सके और वे स्वतंत्रता से डेटा एक दूसरे के साथ साझा कर सकें।

स्मार्ट सिटी इस तकनीकी प्रौद्योगिकी का उपयोग करके शहरों को सुरक्षा, परिवहन, ऊर्जा प्रबंधन, संचार और अन्य क्षेत्रों में सुदृढ़ बनाने का काम करती है। इसका प"
531,डिजिटल मुद्राओं की सुरक्षा चुनौतियाँ,"आजकल डिजिटल मुद्राएं बढ़ती हुई तकनीकी प्रगति का एक प्रमुख उदाहरण हैं। इनमें क्रिप्टोकरेंसी जैसे अनेक तरह के डिजिटल मुद्राएं शामिल हैं, जिन्हें बिटकॉइन, एथेरियम, लाइटकॉइन आदि द्वारा प्रस्तुत किया गया है। यह डिजिटल मुद्राएं व्यक्तिगत और व्यापारिक स्तर पर भुगतान का एक नया रास्ता उपलब्ध कराती हैं।

हालांकि, डिजिटल मुद्राओं की एक बड़ी चुनौती उनकी सुरक्षा है। ऑनलाइन होने के कारण, इनमें समायोजित रूप से सुरक्षित नेटवर्क का होना अत्यंत महत्वपूर्ण है। डिजिटल मुद्राओं के लेनदेन को हैकर्स या ऑनलाइन धोखाधड"
532,सतत विकास की नई रणनीतियाँ,"आधुनिक तकनीकी युग में, सतत विकास एक महत्वपूर्ण मुद्दा है जिस पर नई रणनीतियों का अध्ययन और अनुसंधान किया जा रहा है। विशेषकर, साइबर सुरक्षा, बिग डेटा, एंटरप्राइज आर्किटेक्चर, और एआई जैसी नई तकनीकों के उपयोग से सतत विकास को बढ़ावा दिया जा सकता है।

साइबर सुरक्षा में, एक्सपर्ट सुरक्षा रणनीतियों का उपयोग करके सतर्कता बढ़ाने और कंप्यूटर नेटवर्क्स को हैकिंग से बचाने के लिए कदम उठाए जा रहे हैं। इसके अलावा, बिग डेटा के उपयोग से डेटा का सही संग्रहण, विश्लेषण, और उपयोग किया जा रहा है जो विभिन्न क"
534,इलेक्ट्रिक वाहनों की भविष्य की संभावनाएँ,"इलेक्ट्रिक वाहनों का उपयोग वाहन उद्योग में एक महत्वपूर्ण परिवर्तन ला रहा है। इन वाहनों के कम प्रदूषण, कम शोर वाले अवास्तविक ध्वनि, और कम चलने की लागत के कारण इनका उपयोग बढ़ रहा है। इलेक्ट्रिक वाहनों का उपयोग वायुमंडलीय प्रदूषण को कम करने में महत्वपूर्ण योगदान दे सकता है।

भविष्य में, इलेक्ट्रिक वाहनों का उपयोग और भी बढ़ने की संभावना है। नई तकनीकी उन्नति और बैटरी तकनीकों में सुधार के कारण, इन वाहनों की चार्जिंग की सामर्थ्य और चलने की दूरी में सुधार हो रहा है। इससे इन वाहनों का उपयोग लोगो"
533,क्वांटम कंप्यूटिंग की व्यावहारिक अनुप्रयोग,"क्वांटम कंप्यूटिंग एक विशेष प्रकार की कंप्यूटिंग है जिसमें क्वांटम बिट्स यानी क्यूबिट्स का उपयोग किया जाता है। क्वांटम कंप्यूटर क्वांटम मेकेनिक्स के सिद्धांतों पर आधारित होते हैं और इसका उद्देश्य है कंप्यूटिंग की गति और क्षमता में सुधार करना।

क्वांटम कंप्यूटिंग के व्यावहारिक अनुप्रयोगों में कुछ मुख्य दिशाएं शामिल हैं। पहले, इसका उपयोग बड़े और जटिल संख्यात्मक प्रश्नों का हल निकालने में किया जा सकता है। क्वांटम कंप्यूटिंग विशेष रूप से गणित और विज्ञान में उपयोगी है, जैसे कि रसायन विज्ञान, फ"
535,रोबोटिक्स का विकास और उसके अनुप्रयोग,"रोबोटिक्स एक विज्ञान और तकनीक का क्षेत्र है जो रोबोट या यानि मशीनों के निर्माण, निर्देशन, और उनके संचालन के अध्ययन पर केंद्रित है। यह एक ऐसा क्षेत्र है जिसमें अंतरिक्ष तकनीक, मशीनिकी, इलेक्ट्रॉनिक्स, कंप्यूटर साइंस, और अन्य विज्ञानों का संयोजन होता है।

रोबोटिक्स का विकास विभिन्न क्षेत्रों में क्रांति लाने में मददगार साबित हो रहा है। यहाँ कुछ उदाहरण हैं जिनमें रोबोटिक्स के उपयोग से नई दिशाएँ खोली जा रही हैं -

1. औद्योगिक क्षेत्र: औद्योगिक रोबोट्स उद्योगों में श्रमिकों की भूमिका को सुधारने में मद"
536,प्लास्टिक प्रदूषण कम करने की नई विधियाँ,"प्लास्टिक प्रदूषण एक गंभीर मानवीय समस्या है जिसका समाधान केवल सरकारी निर्णयों या कानूनी प्रावधानों से नहीं हो सकता। इस समस्या का समाधान करने के लिए हमें समुदाय के सहयोग और नई विधियों की खोज करनी होगी।

1. प्लास्टिक उत्पादों के प्रयोग को कम करें: हमें प्लास्टिक के उत्पादों का प्रयोग कम करना चाहिए और अन्य प्राकृतिक सामग्रियों का उपयोग बढ़ाना चाहिए।

2. प्लास्टिक की पुनर्चक्रण प्रौद्योगिकियों का उपयोग करें: प्लास्टिक की पुनर्चक्रण प्रौद्योगिकियों का उपयोग करके हम प्लास्टिक प्रदूषण को कम कर सकते हैं।

3. जनसंख्या को जागरूक क"
537,कृत्रिम बुद्धिमत्ता का उपयोग साइबर सुरक्षा में,"कृत्रिम बुद्धिमत्ता या Artificial Intelligence (AI) एक ऐसी तकनीक है जिसे मानव बुद्धिमत्ता का नकल करने के लिए डिज़ाइन किया गया है। आजकल, यह तकनीक साइबर सुरक्षा डोमेन में एक महत्वपूर्ण भूमिका निभा रही है।

साइबर हमलों के संख्या में वृद्धि के साथ, लोगों की निजी जानकारी की सुरक्षा एक महत्वपूर्ण मुद्दा बन गया है। इसमें कृत्रिम बुद्धिमत्ता का उपयोग करने से सुरक्षा प्रणालियों में एक नई दिशा मिलती है।

AI की मदद से, सुरक्षा विशेषज्ञ सुरक्षित नेटवर्क और सिस्टम डिज़ाइन कर सकते हैं जो हमलों के खिलाफ ज्यादा प्रभावी होते हैं। AI प्रोग्राम्स नेट"
538,सौर ऊर्जा के नवीनतम विकास,"सौर ऊर्जा एक अनगिनत संभावनाओं से भरपूर है और इसे हमारे अगले विकास की दिशा में एक महत्वपूर्ण संसाधन माना जा रहा है। सौर ऊर्जा के उत्पादन में वैज्ञानिक और तकनीकी विकास के कारण मूल्य घटता जा रहा है और इसे एक सामर्थ्यशाली और सुलभ स्रोत बनाने में मदद मिल रही है।

सौर ऊर्जा के उत्पादन के लिए विभिन्न प्रकार के तकनीकी उपकरणों का विकास हो रहा है। सौर पैनल, सौर ऊर्जा के साथी उपकरण, बैटरी स्टोरेज प्रौद्योगिकी, और सौर ऊर्जा के उत्पादन और संग्रहण में और भी कई नए सुधार किए गए हैं। इन तकनीकी उपकरणों के विकास से सौर ऊर"
539,क्वांटम कंप्यूटिंग की व्यावहारिक अनुप्रयोग,"क्वांटम कंप्यूटिंग एक प्रौद्योगिकी है जो क्लासिकल कंप्यूटिंग से अलग है और विशेषत: बड़े और जटिल संख्यात्मक गणना कार्यों को सुलझाने के लिए विकसित की गई है। यह एक ऐसी प्रौद्योगिकी है जिसमें क्वांटम बिट्स यानी क्यूबिट्स का उपयोग किया जाता है। क्वांटम कंप्यूटर क्यूबिट्स के नियंत्रणित स्थितियों का उपयोग करके गणना करता है जिससे कि इसमें क्लासिकल कंप्यूटिंग से कहीं अधिक गणना शक्ति होती है।

क्वांटम कंप्यूटिंग के व्यावहारिक अनुप्रयोगों में क्रिप्टोग्राफी, रसायन विज्ञान, और उत्पादन सेवा विधानशास"
541,डिजिटल मुद्राओं की सुरक्षा चुनौतियाँ,"आजकल डिजिटल मुद्राएं बड़ी संख्या में उपयोग हो रही हैं, लेकिन इनकी सुरक्षा एक बड़ी चुनौती है। डिजिटल मुद्राएं विनिमय के लिए इंटरनेट और कम्प्यूटर का उपयोग करती हैं, जिससे वे ऑनलाइन हानिप्रद हो सकती हैं।

डिजिटल मुद्राओं की सुरक्षा चुनौतियों में सबसे अधिक व्यक्तिगत डेटा की सुरक्षा शामिल है। अगर किसी व्यक्ति का डिजिटल वॉलेट हैक हो जाता है, तो उसकी पूंजी चोरी हो सकती है। इसलिए, सुरक्षा के लिए व्यक्तिगत डेटा को सुरक्षित रखना अत्यंत महत्वपूर्ण है।

दूसरी चुनौती वित्तीय इंटरनेट अपील की सुरक्षा है। कई"
540,जलवायु परिवर्तन के खिलाफ नई तकनीकें,"आज के समय में जलवायु परिवर्तन एक बड़ी चुनौती है जिसका सामना हम सभी कर रहे हैं। इस समस्या का समाधान न केवल पर्यावरणवादी नीतियों से हो सकता है, बल्कि नई तकनीकों की मदद से भी हम इसे संभव बना सकते हैं।

एक उच्च स्तर पर, नई तकनीकें जलवायु परिवर्तन को रोकने और इसका प्रभाव कम करने में मदद कर सकती हैं। उदाहरण के लिए, ऊर्जा उत्पादन के लिए शीर्षकालीन तकनीकें जैसे कि सौर ऊर्जा, वायु ऊर्जा, जल ऊर्जा और भूकंप ऊर्जा जैसी साफ ऊर्जा स्रोतों का उपयोग करना जलवायु परिवर्तन के नकारात्मक प्रभावों को कम कर सकता है।

इसके अलावा, नई तक"
542,क्वांटम कंप्यूटिंग की व्यावहारिक अनुप्रयोग,"क्वांटम कंप्यूटिंग एक उभयमान प्रौद्योगिकी है जिसमें क्वांटम तंत्र का उपयोग करते हुए गणना की जाती है। इसका उद्देश्य विभिन्न संभावनाएं और विषमताएं हल करने के लिए कंप्यूटर क्षमताएं बढ़ाना है। क्वांटम कंप्यूटिंग के इस नये प्रारूप के कई व्यावहारिक अनुप्रयोग हैं।

पहला अनुप्रयोग क्रिप्टोग्राफी में है, जिसमें क्वांटम कंप्यूटिंग के शक्तिशाली गुणों का उपयोग करके सुरक्षित संदेश भेजने की क्षमता होती है। इससे किसी भी गोपनीय सूत्र को अदृश्य और असुरक्षित बनाने में मदद मिलती है।

दूसरा अनुप्रयोग दवाओं"
544,कृत्रिम बुद्धिमत्ता का उपयोग साइबर सुरक्षा में,"कृत्रिम बुद्धिमत्ता (Artificial Intelligence) एक तकनीकी उपकरण है जो मानव बुद्धिमत्ता की तरह कार्य कर सकता है। यह सिस्टम डेटा को संग्रहित करता है, इसे विश्लेषण करता है और निर्णय लेने के लिए उपयुक्त कार्रवाई करता है। साइबर सुरक्षा में कृत्रिम बुद्धिमत्ता का उपयोग करने के कई तरीके हैं।

सबसे पहले, कृत्रिम बुद्धिमत्ता सुरक्षा घटकों को सुधारने और सुरक्षित रखने में मदद कर सकता है। यह स्वतंत्रता से डेटा और नेटवर्क की स्थिति का मॉनिटरिंग कर सकता है और अपराधियों द्वारा हमलों को पहचानने में मदद कर सकता है।

दूसरे, कृत्रिम बुद्धिमत्ता सुरक्षा उ"
543,सतत विकास की नई रणनीतियाँ,"सतत विकास की महत्वपूर्णता आज के दौर में और भी अधिक महसूस की जा रही है। विभिन्न क्षेत्रों में तेजी से बदलाव हो रहे हैं और इसके साथ ही नई रणनीतियाँ भी उभर रही हैं। यह नई रणनीतियाँ विभिन्न क्षेत्रों में सतत विकास को बढ़ावा देने के लिए डिज़ाइन की जा रही हैं।

पहली रणनीति है डिजिटलीकरण। डिजिटल तकनीक का उपयोग करके विभिन्न क्षेत्रों में सुधार किया जा रहा है। उदाहरण के लिए, शिक्षा क्षेत्र में ऑनलाइन शिक्षा के माध्यम से अधिक छात्रों को शिक्षा प्राप्त कराई जा रही है।

दूसरी रणनीति है सांविदानिकता का बढ़ना। सांव"
546,वन्यजीव संरक्षण में तकनीक का उपयोग,"वन्यजीव संरक्षण में तकनीक का महत्वपूर्ण योगदान है। वन्यजीव संरक्षण एक ऐसी प्रक्रिया है जिसका मुख्य उद्देश्य प्राकृतिक संसाधनों और जीव जंतुओं की संरक्षण करना है। तकनीकी उपायों का प्रयोग करके इसका लक्ष्य प्रभावी ढंग से हासिल किया जा सकता है।

तकनीकी उपायों के अंतर्गत जैव विविधता का संरक्षण, जैव विविधता की निगरानी, जैविक विविधता की स्थिति का मॉनिटरिंग, जैविक संसाधनों के संरक्षण के लिए टेक्नोलॉजी का उपयोग आदि शामिल हैं। तकनीकी उपायों का प्रयोग करके जैव विविधता के गुणवत्ता को बनाए रखने, जैविक संस"
545,वन्यजीव संरक्षण में तकनीक का उपयोग,"वन्यजीव संरक्षण एक महत्वपूर्ण क्षेत्र है जो प्राकृतिक संसाधनों की रक्षा और संरक्षण करता है। तकनीकी उन्नति ने वन्यजीव संरक्षण में भूमिका बदल दी है। यह वन्यजीव संरक्षण कार्यक्रमों को प्रभावी बनाने में मदद करती है और सुनिश्चित करती है कि संसाधनों का उपयोग सतत समृद्धि के साथ हो।

तकनीकी उन्नति के उपयोग से वन्यजीव संरक्षण क्षेत्र में कई उन्नतियाँ हुई हैं। एक उदाहरण के रूप में, गहरे वन्य जीवन की अध्ययन के लिए विभिन्न सरंक्षण तकनीकों का उपयोग किया जा रहा है। उच्च गुणवत्ता वाली ड्रोन तकनीक और सेंसर नेटवर"
547,इलेक्ट्रिक वाहनों की भविष्य की संभावनाएँ,"इलेक्ट्रिक वाहन एक प्रमुख लक्ष्य है जिसकी दिशा में वाहनों के विकास को अनुकूलित किया जा रहा है। इसके पीछे कई कारण हैं जैसे पर्यावरण के लिए उत्तम, पेट्रोलियम की कमी, और ऊर्जा स्वतंत्रता। इलेक्ट्रिक वाहनों की भविष्य की संभावनाएँ बहुत उज्ज्वल हैं।

पहली बात यह है कि इलेक्ट्रिक वाहनों की तकनीक और प्रदर्शन लगातार सुधार हो रहे हैं। नई तकनीक से इन वाहनों की चालन संभावनाएँ बढ़ रही हैं।

दूसरी बात यह है कि सरकारें इलेक्ट्रिक वाहनों को बढ़ावा देने के लिए नीतियों और प्रोत्साहनों के साथ काम कर रही हैं। इससे इन वाहनों की ब"
550,सौर ऊर्जा के नवीनतम विकास,"सौर ऊर्जा एक प्राकृतिक स्रोत है जो अब विश्व भर में ऊर्जा उत्पादन के लिए महत्वपूर्ण बन गया है। सौर ऊर्जा का उपयोग करने से वायवीय प्रदूषण कम होता है और वायवीय परिवर्तन को रोकने में मदद मिलती है।

नवीनतम विकास में, सौर ऊर्जा परियोजनाओं में कई नए तकनीकी उन्नतियाँ हुई हैं। उदाहरण के लिए, सौर ऊर्जा उत्पादन के लिए उपग्रहों का उपयोग किया जा रहा है जो ऊर्जा को भूमि पर भेजकर संभावित स्थानों का निर्धारण करते हैं। इसके अलावा, प्रदूषण को घटाने के लिए सौर ऊर्जा उत्पादन के लिए पर्यावरण से मित्र तरीके भी विकसित किए ग"
549,प्लास्टिक प्रदूषण कम करने की नई विधियाँ,"प्लास्टिक प्रदूषण एक बड़ी समस्या है जो हमारे पृथ्वी के लिए खतरनाक हो सकती है। इस समस्या को हल करने के लिए कई नई विधियाँ और तकनीकें विकसित की जा रही हैं।

पहली विधि में, प्लास्टिक की पुनर्चक्रिति की तकनीक को बढ़ावा दिया जा रहा है। इस तकनीक में प्लास्टिक को रीसायकल करके नए प्लास्टिक उत्पाद बनाने की क्षमता में सुधार किया जा रहा है। इससे प्लास्टिक का पुन: उपयोग होगा और इसका प्रदूषण भी कम होगा।

दूसरी विधि में, बायोडिग्रेडेबल प्लास्टिक का उपयोग बढ़ाया जा रहा है। इस प्लास्टिक को प्राकृतिक तरीके से टूटने में सहायता"
548,सौर ऊर्जा के नवीनतम विकास,"सौर ऊर्जा विज्ञान में एक महत्वपूर्ण क्षेत्र है जो हमारे भविष्य के लिए एक सुरक्षित और साफ ऊर्जा स्रोत के रूप में उम्मीद जगाता है। नवीनतम विकास के साथ, सौर ऊर्जा की प्रौद्योगिकी में भी महत्वपूर्ण बदलाव हो रहे हैं।

पहले सौर ऊर्जा प्रौद्योगिकियां मुख्य रूप से सौर ऊर्जा को बिजली में परिवर्तित करने के लिए इस्तेमाल होती थीं, लेकिन अब नवीनतम विकास के साथ, सौर ऊर्जा को विभिन्न स्थानों पर और भी उपयोगी बनाने के लिए नये तरीके आमंत्रित कर रहे हैं। उदाहरण के लिए, सौर ऊर्जा को उष्मीय कार्यों के लिए इस्तेमाल किया जा रहा है,"
551,रोबोटिक्स का विकास और उसके अनुप्रयोग,"रोबोटिक्स एक क्षेत्र है जो तकनीकी उपकरणों और कंप्यूटर प्रोग्रामिंग का उपयोग करके स्वचालित मशीनों यानी रोबोटों का निर्माण, विकास और उपयोग करने के लिए होता है। रोबोटिक्स के विकास ने विभिन्न क्षेत्रों में आविष्कारों का संचार किया है और इसने मानवता के लिए कई उपयोगी और रोचक उपाय उत्पन्न किए हैं।

रोबोटिक्स का विकास अंतरिक्ष अनुसंधान, चिकित्सा, विनिर्माण, सुरक्षा, खेल और शिक्षा जैसे क्षेत्रों में नए द्वार खोला है। उदाहरण के लिए, चिकित्सा क्षेत्र में रोबोटिक्स का उपयोग सर्जरी, औषधियों की डिलीवरी, और"
552,ड्रोन प्रौद्योगिकी के नए उपयोग,"ड्रोन प्रौद्योगिकी ने विभिन्न क्षेत्रों में नए और रोचक उपयोगों का दरवाजा खोल दिया है। इस तकनीकी क्षेत्र में होने वाली नई उपयोगिताएं और नए उपकरण हमारे जीवन को बेहतर बना रहे हैं।

एक मुख्य उपयोग है ड्रोन का सुरक्षा एवं निगरानी क्षेत्र में। ड्रोन को सीमावर्ती क्षेत्रों में सुरक्षा जाँच के लिए उपयोग किया जा सकता है। इसके अलावा, विभिन्न स्थानों में खतरनाक परिस्थितियों का निगरानी करने के लिए भी उपयोग किया जा सकता है। 

ड्रोन को भू-स्थल सर्वेक्षण और नक्शा बनाने के लिए भी उपयोग किया जा रहा है। इसके माध्यम से विशेष"
554,इंटरनेट ऑफ़ थिंग्स (IoT) और स्मार्ट सिटी,"आजकल शहरों की जीवनशैली में बड़े परिवर्तन के कारण गतिशीलता, अच्छा नेटवर्क, और सुरक्षा जैसी मुद्दों को ध्यान में रखा जा रहा है। इंटरनेट ऑफ़ थिंग्स (IoT) के एक्सपेंशन के बाद, स्मार्ट सिटी की अवधारणा में भी महत्वपूर्ण बदलाव देखने को मिल रहा है।

एक स्मार्ट सिटी सिस्टम के लिए इंटरनेट ऑफ़ थिंग्स का उपयोग किया जाता है ताकि शहर के विभिन्न क्षेत्रों में सेंसर्स और डिवाइस से जुड़े स्मार्ट तंतु तैयार किए जा सकें। ये सेंसर्स और डिवाइस डेटा को एकत्रित करते हैं और उसे विभिन्न स्थितियों की तुलना करने और समस्याओं को पह"
553,वर्चुअल रियलिटी में नवीनतम रुझान,"वर्चुअल रियलिटी (Virtual Reality) एक तकनीकी उत्पाद है जो हमें वास्तविकता से भिन्न वातावरण में ले जाता है। यह उपकरण हमें एक पूरी तरह से नये और अनदेखे जगत में ले जाता है जिसके साथ हम इंटरैक्ट कर सकते हैं। वर्चुअल रियलिटी का उपयोग खेलों, शिक्षा, मनोरंजन, सेवाएं और व्यावसायिक उद्देश्यों के लिए किया जाता है।

नवीनतम रुझान में, वर्चुअल रियलिटी के क्षेत्र में कई महत्वपूर्ण विकास हुए हैं। पहले, एकाधिक उपयोगकर्ता वाली वर्चुअल रियलिटी (Multi-User VR) तकनीक बढ़ रही है, जिसमें एक समय में कई उपयोगकर्ता एक ही वातावरण में इंटर"
556,इंटरनेट ऑफ़ थिंग्स (IoT) और स्मार्ट सिटी,"आजकल इंटरनेट ऑफ़ थिंग्स (IoT) तकनीकी उन्नति का एक महान क्षेत्र है जिसमें विभिन्न उपकरण और डिवाइस संगठित रूप से इंटरनेट के माध्यम से आपस में संचार कर सकते हैं। स्मार्ट सिटी इस IoT तकनीक की एक उत्कृष्ट उपयोगानुकूलन है जिसमें शहरी इंफ्रास्ट्रक्चर के साथ संगठित डिवाइस और सेंसर जुड़े होते हैं।

स्मार्ट सिटी के अंतर्गत शहरी इंफ्रास्ट्रक्चर जैसे कि सड़क, बिजली, पानी, गैस, ट्रांसपोर्ट इत्यादि को ऐसे नेटवर्क से जोड़ा जाता है जो उन्हें स्वचालित और स्थायी बनाता है। इसके लिए विभिन्न सेंसर, डिवाइस और कनेक्टेड उपकरणो"
555,वन्यजीव संरक्षण में तकनीक का उपयोग,"वन्यजीव संरक्षण में तकनीक का महत्वपूर्ण योगदान है। टेक्नोलॉजी के उपयोग से वन्यजीव संरक्षण कार्यक्रमों को सुदृढ़ बनाया जा सकता है और उसकी प्रभावी निगरानी सुनिश्चित की जा सकती है। यहां कुछ तकनीकी उपायों का उल्लेख किया गया है जो वन्यजीव संरक्षण में महत्वपूर्ण भूमिका निभा सकते हैं:

1. रेडियो कॉलर: यह तकनीक वन्यजीवों के आधारभूत जीवनक्रियाएं और स्थिति को ट्रैक करने में मदद करती है। रेडियो कॉलर जानवरों पर लगाए जाते हैं, जिससे उनकी गतिविधियों का पता चल सके।

2. दूरसंवेदन: सैटेलाइट तकनीक का उपयोग क"
558,डिजिटल मुद्राओं की सुरक्षा चुनौतियाँ,"आजकल डिजिटल मुद्राएं बढ़ती हुई तकनीकी उन्नति का अच्छा उदाहरण हैं, लेकिन इसके साथ ही इसकी सुरक्षा से जुड़ी चुनौतियां भी बढ़ गई हैं। डिजिटल मुद्राओं को हैकर्स और ऑनलाइन धोखाधड़ीबाजों के लिए आकर्षक बनाते हैं। यहां कुछ मुख्य चुनौतियां हैं:

1. **क्रैकिंग**: हैकर्स तकनीकी गलतियों का फायदा उठाकर डिजिटल मुद्राओं को हैक कर सकते हैं।

2. **फिशिंग**: फिशिंग अपने आप को विश्वसनीय रूप से पेश करके उपयोगकर्ताओं के विवरणों को चुरा सकता है।

3. **मालवेयर**: मालवेयर एक तरह का वायरस है जो उपयोगकर्ताओं के डिजिटल डेटा क"
557,क्वांटम कंप्यूटिंग की व्यावहारिक अनुप्रयोग,"क्वांटम कंप्यूटिंग एक वर्चुअल तकनीक है जिसे क्वांटम बिट या क़बिट के माध्यम से डेटा प्रोसेस किया जाता है। यह तकनीक धारण करने के लिए खास हार्डवेयर की आवश्यकता होती है, जो क्लासिकल कंप्यूटिंग से अलग है।

क्वांटम कंप्यूटिंग के व्यावहारिक अनुप्रयोग कई क्षेत्रों में हो सकते हैं। इनमें से कुछ निम्नलिखित हैं:

1. डेटा एनालिटिक्स: क्वांटम कंप्यूटिंग का उपयोग डेटा एनालिटिक्स में किया जा सकता है जिससे विशेष डेटा पैटर्न और ट्रेंड्स को आसानी से पहचाना जा सकता है।

2. फार्मा सेक्टर: औषधीय उत्पाद विकसित करने के लिए क"
559,कृत्रिम बुद्धिमत्ता का उपयोग साइबर सुरक्षा में,"कृत्रिम बुद्धिमत्ता एक महत्वपूर्ण तकनीक है जिसे साइबर सुरक्षा में उपयोग किया जा सकता है। यह तकनीक विभिन्न कंप्यूटर प्रोग्राम और सिस्टम को सीखने और स्वयं अनुकूलित करने की क्षमता प्रदान करती है ताकि वे सुरक्षित रह सकें। इसका उपयोग साइबर हमलों को पहचानने, रोकने और मुकाबले के लिए किया जाता है।

कृत्रिम बुद्धिमत्ता का उपयोग साइबर सुरक्षा में निम्नलिखित क्षेत्रों में किया जा सकता है:

1. **हमलों की पहचान**: कृत्रिम बुद्धिमत्ता का उपयोग साइबर हमलों के पैटर्न और प्रवृत्तियों को पहचानने में किया जा सकता है। यह साइबर अपराधियों के ख"
560,प्लास्टिक प्रदूषण कम करने की नई विधियाँ,"प्लास्टिक प्रदूषण एक बड़ी समस्या बन चुकी है जो हमारे प्राकृतिक पर्यावरण के लिए खतरा बन गई है। प्लास्टिक का उपयोग हमारे दैनिक जीवन में बहुत आवश्यक है, लेकिन इसका नुकसान भी बहुत बड़ा है। 

प्लास्टिक प्रदूषण को कम करने के लिए कई नई विधियाँ विकसित की जा रही हैं। एक ऐसी विधि है जिसे ""बायो-प्लास्टिक"" कहा जाता है। यह प्लास्टिक जो पूरी तरह से प्राकृतिक होता है और विघटन के बाद पूरी तरह से जीवाश्मित हो जाता है। इससे प्लास्टिक के उत्पादन और इसका इस्तेमाल कम होता है और प्राकृतिक पर्यावरण को कोई हानि नहीं पहुंचती।"
561,ड्रोन प्रौद्योगिकी के नए उपयोग,"ड्रोन प्रौद्योगिकी ने विभिन्न क्षेत्रों में नए और रोचक उपयोगों का दरवाजा खोल दिया है। इस तकनीक का उपयोग सिविल एवं सैन्य क्षेत्रों में हो रहा है। यहां हम कुछ ऐसे नए उपयोगों के बारे में चर्चा करेंगे जो ड्रोन प्रौद्योगिकी में संभावित हैं।

पहला उपयोग है वन्य जीवों की निगरानी और संरक्षण। ड्रोन की मदद से वन्य जीवों की गिनती और संरक्षण की जा सकती है। इसके अलावा, ड्रोन समुद्री क्षेत्रों में जलवायु और जलवायु सूचना के लिए भी उपयोगी साबित हो सकते हैं।

दूसरा उपयोग है कृषि क्षेत्र में। ड्रोन कृषि क्षेत्र में ख"
563,सतत विकास की नई रणनीतियाँ,"सतत विकास एक ऐसी महत्वपूर्ण प्रक्रिया है जिसमें विभिन्न विषयों पर नवाचारी रणनीतियों का अध्ययन और अनुसंधान किया जाता है। विज्ञान और प्रौद्योगिकी के क्षेत्र में भी सतत विकास के लिए नयी रणनीतियों का अध्ययन किया जा रहा है।

अब दिन बदिन तकनीकी उन्नति की दिशा में नये उद्यम और योजनाएं आ रही हैं। उदाहरण के लिए, वायरल वीडियो कॉन्टेंट और सोशल मीडिया प्लेटफॉर्म का उपयोग करके उद्यमिता को बढ़ावा देने के लिए नये उपाय खोजे जा रहे हैं। इसके अलावा, विभिन्न विज्ञान क्षेत्रों में भी नयी रणनीतियाँ लागू क"
562,जलवायु परिवर्तन के खिलाफ नई तकनीकें,"जलवायु परिवर्तन एक बड़ी समस्या है जिसका सामाजिक, आर्थिक और पर्यावरणीय प्रभाव होता है। इस समस्या का समाधान तकनीकी उन्नति में भी ढेरों संभावनाएं छुपी हैं। यहां कुछ तकनीकी उपायों का उल्लेख किया जा रहा है जो जलवायु परिवर्तन के खिलाफ लिए जा रहे हैं।

1. विद्युत जलवायु उपकरण: विद्युत जलवायु उपकरण जैसे सौर ऊर्जा, पवन ऊर्जा और जल ऊर्जा का प्रयोग करके हम ऊर्जा की आवश्यकताओं को पूरा कर सकते हैं और पारिस्थितिकी दुष्प्रभावों को घटा सकते हैं।

2. जल संचयन: बारिश के पानी को संचित करने और पुनः प्रयोग करने के लिए जल संचय"
564,ब्लॉकचेन प्रौद्योगिकी का भविष्य,"ब्लॉकचेन प्रौद्योगिकी एक ऐसी नवाचारिक तकनीक है जो आजकल तेजी से विकसित हो रही है और भविष्य में इसका बहुत बड़ा योगदान हो सकता है। ब्लॉकचेन एक प्रकार की डिजिटल लेजर है जो डेटा को सुरक्षित रूप से संग्रहित करती है और इसमें किसी भी प्रकार का बदलाव सुरक्षित रूप से किया जा सकता है।

ब्लॉकचेन प्रौद्योगिकी का उपयोग विभिन्न क्षेत्रों में हो सकता है, जैसे वित्तीय सेवाएं, स्वास्थ्य सेवाएं, एवं सरकारी कार्यों में। यह तकनीक डेटा सुरक्षित रखने में मदद कर सकती है और उसे हैकिंग और भ्रष्टाचार से बचा सकती है।

ब्लॉकचेन प"
566,सतत विकास की नई रणनीतियाँ,"आधुनिक प्रौद्योगिकी क्षेत्र में विकास हमेशा से होता रहा है और इसके साथ ही नई रणनीतियाँ भी उत्पन्न होती रही हैं। विज्ञान और प्रौद्योगिकी के क्षेत्र में नवाचार करने वाले लोगों के लिए सतत विकास की नई रणनीतियाँ अत्यंत महत्वपूर्ण हैं।

प्रथम रणनीति है अनुसंधान और विकास में नवाचार। नवाचार और उनका अनुसंधान एक क्षेत्र को नए ऊर्जा और जीवन की शक्ति प्रदान करता है। नवाचार से संबंधित अनुसंधान कार्य विशेषज्ञों और वैज्ञानिकों के सहयोग से होता है जो नए विचार और विकल्पों को समाधान के रूप में लाते हैं।

दूसरी रणन"
565,सतत विकास की नई रणनीतियाँ,"आधुनिक तकनीकी विश्व में सतत विकास के लिए नई रणनीतियों का अभिवादन करना जरूरी है। तकनीकी लेखन में नवाचार और नए विचार लाने के लिए हमें हमेशा आगे बढ़ना होता है।

पहला कदम यह है कि हमें नवीनतम तकनीकों और उपकरणों का उपयोग करना चाहिए। उचित तकनीकी ज्ञान और विशेषज्ञता के साथ हम नवीनतम सॉफ्टवेयर, हार्डवेयर, अथवा किसी भी विज्ञानशास्त्र के उत्पाद का उपयोग कर सकते हैं। 

दूसरा प्रमुख तत्व यह है कि हमें अच्छे टीमवर्क की आवश्यकता है। एक उत्कृष्ट टीम न केवल नये विचार पेश कर सकती है, बल्कि उन्हें मिलकर कठिन"
567,ब्लॉकचेन प्रौद्योगिकी का भविष्य,"ब्लॉकचेन प्रौद्योगिकी एक विशेष प्रकार की डिजिटल लेजर तकनीक है जिसमें जानकारी को सुरक्षित ढंग से संग्रहित और साझा किया जा सकता है। ब्लॉकचेन के उपयोग से डेटा खोने या बदलने के आसान प्रयासों का खतरा कम हो जाता है। इस प्रौद्योगिकी का भविष्य बहुत उज्ज्वल है और इसके कई क्षेत्रों में उपयोग की उम्मीद है।

ब्लॉकचेन प्रौद्योगिकी का उपयोग वित्तीय संगठनों, सरकारी विभागों, स्वास्थ्य सेवाओं, सप्लाई चेन मैनेजमेंट, वस्त्र उद्योग, अग्रणीता और बहुत कुछ में किया जा रहा है। इस प्रौद्योगिकी से सुरक्षित तरीके से डेटा स"
568,सतत विकास की नई रणनीतियाँ,"सतत विकास एक महत्वपूर्ण विषय है जिसपर आजकल ध्यान दिया जा रहा है। विकास के प्रक्रिया में नई रणनीतियों की अद्वितीयता और प्रभाव को ध्यान में रखते हुए, विभिन्न क्षेत्रों में इसका प्रयोग हो रहा है।

एक महत्वपूर्ण रणनीति है नवाचार को बढ़ावा देना। नवाचार सुनिश्चित करता है कि विभिन्न क्षेत्रों में नए और बेहतर समाधानों का विकास होता रहे। वैज्ञानिक और तकनीकी उन्नति को बढ़ावा देकर नवाचार को प्रोत्साहित किया जा रहा है।

दूसरी रणनीति है सामाजिक और आर्थिक समानता की बढ़ावा देना। समाज में समानता के माध्यम से लोगों को"
570,प्लास्टिक प्रदूषण कम करने की नई विधियाँ,"प्लास्टिक प्रदूषण वृद्धिशीलता की एक बड़ी समस्या है जिसका समाधान हमारे संज्ञानशील कार्यों और नवाचारों के माध्यम से किया जा सकता है। प्लास्टिक प्रदूषण को कम करने के लिए कुछ नई विधियाँ निम्नलिखित हैं:

1. बायो-प्लास्टिक्स का प्रयोग: बायो-प्लास्टिक ऐसे प्लास्टिक हैं जो पूर्णत: जैविक हैं और प्रदूषण कम करने में मदद कर सकते हैं। ये प्लास्टिक तब तक बने रहते हैं जब तक उन्हें विशेष प्रक्रिया से तोड़ा न जाए।

2. प्लास्टिक रीसायकलिंग: प्लास्टिक की रीसायकलिंग करके हम नए प्लास्टिक का उत्पादन कम कर सकते हैं और प्रदूषण को कम"
569,इलेक्ट्रिक वाहनों की भविष्य की संभावनाएँ,"वर्तमान में वाहनों के आधुनिकीकरण का एक महत्वपूर्ण पहलू इलेक्ट्रिक वाहनों की ओर बढ़ रहा है। इन वाहनों का उपयोग प्रदूषण को कम करने, ऊर्जा की बचत करने और सुस्त चालूने की साइकिल के मुकाबले तेजी से बढ़ रहा है।

इलेक्ट्रिक वाहनों की भविष्य में कई संभावनाएँ हैं। पहले तो, इन वाहनों का उपयोग विद्युत ऊर्जा के उपयोग से होता है, जो कि प्रदूषण और ध्वनि को कम करता है। इससे हमारे वातावरण को स्वस्थ रखने में मदद मिलेगी।

दूसरा महत्वपूर्ण अंश है ऊर्जा की बचत। इलेक्ट्रिक वाहनों के उपयोग से ईंधन की बचत होती है, जिससे"
571,इलेक्ट्रिक वाहनों की भविष्य की संभावनाएँ,"आजकल इलेक्ट्रिक वाहनों का उपयोग तेजी से बढ़ रहा है और इसमें भविष्य में भी वृद्धि की संभावना है। इलेक्ट्रिक वाहनों का उपयोग पर्यावरण के प्रति जिम्मेदारी और ऊर्जा संवेदनशीलता को बढ़ावा देने का एक महत्वपूर्ण कदम है। यहाँ कुछ मुख्य कारण दिए जा रहे हैं जिनसे हम इलेक्ट्रिक वाहनों के भविष्य में संभावित बदलाव की चर्चा कर सकते हैं:

1. पर्यावरण संरक्षण: इलेक्ट्रिक वाहनों का उपयोग कार्बन उत्सर्जन को कम करने में मदद करता है, जिससे वायु प्रदूषण कम होता है। 

2. ऊर्जा स्वावलंबन: इलेक्ट्रिक वाहनों का उपयोग ऊर्जा स्वाव"
572,इलेक्ट्रिक वाहनों की भविष्य की संभावनाएँ,"आजकल इलेक्ट्रिक वाहनों का उपयोग बढ़ता जा रहा है और यह वास्तविकता में भविष्य में वाहनों का मुख्य स्रोत बनने की संभावनाएँ बढ़ रही हैं। इलेक्ट्रिक वाहनों का उपयोग पर्यावरण के लिए अधिक सुरक्षित और स्वच्छ विकल्प है।

इलेक्ट्रिक वाहनों के लाभों में प्रदूषण कम होना, शोर कम होना, साइलेंट ऑपरेशन, और ईंधन की बचत शामिल हैं। इन वाहनों की चार्जिंग सुविधा भी आसान है और विभिन्न तरीकों से किया जा सकता है।

भविष्य में इलेक्ट्रिक वाहनों की संख्या और प्रकार विविधता में बढ़ने की संभावना है। नए प्रौद्योगिकी और नवाचार"
573,कृत्रिम बुद्धिमत्ता का उपयोग साइबर सुरक्षा में,"कृत्रिम बुद्धिमत्ता या आर्टिफिशियल इंटेलिजेंस (AI) एक तकनीक है जिसे मानव बुद्धि की प्रकारित नकल करने के लिए डिज़ाइन किया गया है। साइबर सुरक्षा में, कृत्रिम बुद्धिमत्ता का उपयोग सुरक्षा उपकरणों और सिस्टमों को सुरक्षित रखने के लिए किया जाता है।

कृत्रिम बुद्धिमत्ता के उपयोग से साइबर सुरक्षा में कई तरह के फायदे होते हैं। पहले, एआई सिस्टम क्षेत्र में लाखों डेटा और जानकारी को अद्वितीय रूप से स्कैन करने में सक्षम होते हैं, जिससे गहरे संग्रहण या उत्पन्न खतरों को पहचानने में मदद मिलती है। दूसरे, वे विशेष स्थितियों या"
574,डिजिटल मुद्राओं की सुरक्षा चुनौतियाँ,"आजकल डिजिटल मुद्राओं का उपयोग बढ़ रहा है और यह एक सुगम और तेजी से वृद्धि कर रहा है। हालांकि, इसके साथ ही डिजिटल मुद्राओं की सुरक्षा पर भी ध्यान देना जरूरी है। यहाँ कुछ मुख्य चुनौतियाँ हैं जिनका सामना करना आवश्यक है:

1. **क्रैकिंग और हैकिंग**: डिजिटल मुद्राओं को हैकर्स और क्रैकर्स का ध्यान आकर्षित करते हैं। इसलिए, सुरक्षित पासवर्ड, डेटा एन्क्रिप्शन और दो स्तरीय पुष्टिकरण की जरूरत है।

2. **फिशिंग अटैक्स**: फिशिंग अटैक्स एक आम सुरक्षा चुनौती है जिसमें डिजिटल फर्जी वेबसाइट्स के माध्यम से उपयोक्ताओं से व"
575,ड्रोन प्रौद्योगिकी के नए उपयोग,"ड्रोन प्रौद्योगिकी एक विशेष प्रकार की उपकरण सेट है जो वायुमंडल में स्वतंत्र रूप से उड़ सकता है और संवेदनशील संगणक युक्तियों से नियंत्रित होता है। ड्रोन्स के उपयोग में एक नया अध्याय खोला जा रहा है और इसका उपयोग विभिन्न क्षेत्रों में हो रहा है।

पहले तो, ड्रोन्स के साथ सुरक्षित आकाशीय यातायात को संभावित किया जा रहा है। ड्रोन्स से यातायात की स्थिति की निगरानी की जा सकती है और यातायात का संचालन सुरक्षित बनाया जा सकता है।

दूसरे, क्षेत्र में खेती में भी ड्रोन्स का उपयोग किया जा रहा है। ड्रोन्स किसानों को फसलों की स्थिति के ब"
576,इलेक्ट्रिक वाहनों की भविष्य की संभावनाएँ,"विश्व की जनसंख्या और वायु प्रदूषण की समस्याओं को ध्यान में रखते हुए, इलेक्ट्रिक वाहनों का उपयोग बढ़ रहा है और इसके साथ ही इलेक्ट्रिक वाहनों का भविष्य भी उज्जवल है। यहाँ कुछ संभावनाएं हैं:

1. बेहतर पर्यावरण: इलेक्ट्रिक वाहन वायु प्रदूषण को कम करने में मदद करते हैं और ध्वनि प्रदूषण को भी घटा देते हैं।

2. ऊर्जा स्वतंत्रता: इलेक्ट्रिक वाहन सूर्य ऊर्जा, पवन ऊर्जा और ऊर्जा अद्यतन से चार्ज किए जा सकते हैं, जिससे ऊर्जा स्वतंत्रता में सुधार होगा।

3. लाभकारी: इलेक्ट्रिक वाहनों की चालना सस्ती होती है और इनकी रखरख"
577,कृत्रिम बुद्धिमत्ता का उपयोग साइबर सुरक्षा में,"कृत्रिम बुद्धिमत्ता या आर्टिफिशियल इंटेलिजेंस (AI) एक तकनीक है जिसे मानव बुद्धि की विशेषताओं का मॉडल बनाने के लिए उपयोग किया जाता है। साइबर सुरक्षा में कृत्रिम बुद्धिमत्ता का उपयोग बहुत महत्वपूर्ण है जिससे नए और उन्नत सुरक्षा सुविधाएं विकसित की जा सकती हैं।

कृत्रिम बुद्धिमत्ता के उपयोग से सुरक्षा विशेषज्ञ सुरक्षा घातकों को पहचानने, रोकने और उनके खिलाफ कार्रवाई करने में मदद कर सकते हैं। यह एक्सप्लोइट संभावनाओं को तेजी से पहचानने में मदद कर सकता है और सुरक्षा संयंत्रों को और मजबूत बना सकता है।

कृत्रिम बु"
578,सतत विकास की नई रणनीतियाँ,"सतत विकास की नई रणनीतियाँ

आधुनिक तकनीकी उन्नतियों और तेजी से बदलते माहौल के कारण, विकास के क्षेत्र में भी नई रणनीतियाँ आवश्यक हो गई हैं। यह नई रणनीतियाँ संवेदनशीलता, लघुकरण, नवाचार और सामरिक उपयोगिता पर जोर देती हैं।

सबसे पहले, संवेदनशीलता एक महत्वपूर्ण अवश्यकता है। विकास की नई रणनीतियों में संवेदनशीलता का महत्व बढ़ गया है क्योंकि लोगों की जरूरतों और प्राथमिकताओं को समझने के लिए यह अत्यंत आवश्यक है।

दूसरे, लघुकरण एक और महत्वपूर्ण मुद्दा है। संगठनों को लघुकरण की दिशा में जाना"
579,सौर ऊर्जा के नवीनतम विकास,"सौर ऊर्जा एक प्राकृतिक स्रोत है जो हमें साफ ऊर्जा प्राप्त करने में मदद करता है। इसका उपयोग करने से वायुमंडलीय प्रदूषण कम होता है और जलवायु पर प्रभाव कम होता है। सौर ऊर्जा के नवीनतम विकास में कई महत्वपूर्ण प्रगतियां हुई हैं।

पहली बात यह है कि सौर ऊर्जा की कीमत घट रही है। सोलर पैनल्स और सौर ऊर्जा संयंत्रों की लागत में कमी हो रही है, जिससे इसे अधिक उपयोगी बनाने में मदद मिल रही है।

दूसरी बड़ी बात यह है कि सौर ऊर्जा प्रौद्योगिकी में तेजी से नवाचार हो रहे हैं। नए प्रौद्योगिकी और उपकरणों का विकास हो रहा है जिस"
580,प्लास्टिक प्रदूषण कम करने की नई विधियाँ,"प्लास्टिक प्रदूषण एक महत्वपूर्ण मुद्दा है जिससे हम सभी साझा करना चाहते हैं। अब तक हमने प्लास्टिक प्रदूषण को कम करने के लिए कई प्रयास किए हैं, जैसे कि प्लास्टिक की पुनर्चक्रण प्रक्रिया, प्लास्टिक का पुनः प्रयोग, आदि। हालांकि, ये प्रयास अकेले ही पर्याप्त नहीं हैं।

प्लास्टिक प्रदूषण को कम करने के लिए नई विधियाँ विकसित की जा रही हैं। एक ऐसी नई विधि है बायो-प्लास्टिक्स का उपयोग करना। बायो-प्लास्टिक्स वे प्लास्टिक हैं जो पूरी तरह से प्राकृतिक होते हैं और वायुमंडलीय तौर पर अधिक संवेदनशील होते हैं। ये प्लास्टिक्स पूर"
582,वन्यजीव संरक्षण में तकनीक का उपयोग,"वन्यजीव संरक्षण एक महत्वपूर्ण विषय है जिसमें तकनीक का महत्वपूर्ण योगदान होता है। तकनीक का उपयोग वन्यजीव संरक्षण में विभिन्न क्षेत्रों में किया जा सकता है।

पहले तो, तकनीकी उपकरण का उपयोग वन्यजीवों की गणना और मॉनिटरिंग के लिए किया जा सकता है। वन्यजीवों की संख्या और प्रशासन को बेहतर बनाने के लिए तकनीकी उपकरण जैसे कैमरे, ट्रैकिंग उपकरण और जैव-लॉगर्स का उपयोग किया जा सकता है।

दूसरे, तकनीकी उपकरण वन्यजीवों के लिए सुरक्षित जीवनस्तर की सुनिश्चित करने में मदद कर सकते हैं। उदाहरण के लिए, रेड"
581,डिजिटल मुद्राओं की सुरक्षा चुनौतियाँ,"आजकल डिजिटल मुद्राएँ बढ़ती हुई तकनीकी उपलब्धियों का प्रमुख उदाहरण हैं। अनुप्रयोगिक तौर पर, लोग आधार, चिप कार्ड, इंटरनेट बैंकिंग और डिजिटल वॉलेट का उपयोग करके ऑनलाइन लेन-देन कर सकते हैं। हालांकि, इस प्रकार की तकनीकी सुविधाओं के साथ सुरक्षा समस्याएँ भी बढ़ गई हैं।

डिजिटल मुद्राओं की सुरक्षा चुनौतियाँ मुख्य रूप से ऑनलाइन धोखाधड़ी, फिशिंग, मालवेयर, फ्रॉड, और डेटा चोरी में शामिल हैं। ऑनलाइन धोखाधड़ी में, लोगों को धोखाधड़ी वेबसाइटों के माध्यम से व्यक्तिगत जानकारी देने के लिए धोका दिया ज"
583,क्वांटम कंप्यूटिंग की व्यावहारिक अनुप्रयोग,"क्वांटम कंप्यूटिंग एक उभयमान तकनीक है जो क्वांटम मैकेनिक्स के सिद्धांतों पर आधारित है। यह तकनीक कंप्यूटर क्षेत्र में एक नया क्रांति लेकर आया है जिससे विशेषकर विशेष कक्षाएं समाधान करने की क्षमता बढ़ी है।

क्वांटम कंप्यूटिंग का उद्देश्य सामान्य कंप्यूटिंग से तेज़ और अधिक महत्वपूर्ण परिणाम प्राप्त करना है। इसका मुख्यतः उद्देश्य बहुत बड़ी और जटिल समस्याओं को हल करना है जिन्हें सामान्य कंप्यूटिंग से हल करना मुश्किल होता है।

क्वांटम कंप्यूटर की व्यावहारिक अनुप्रयोग में कई क्षेत्र शामिल हैं। उदाहरण के"
584,डिजिटल मुद्राओं की सुरक्षा चुनौतियाँ,"डिजिटल मुद्राएं आजकल बड़े पैमाने पर उपयोग हो रही हैं, लेकिन इसके साथ ही सुरक्षा चुनौतियां भी बढ़ गई हैं। यह अत्यधिक महत्वपूर्ण है कि डिजिटल मुद्राओं की सुरक्षा को लेकर हम सभी सावधान रहें।

पहली चुनौती है ऑनलाइन धोखाधड़ी। डिजिटल मुद्राओं का उपयोग करते समय ऑनलाइन धोखाधड़ी का खतरा होता है। इसलिए हमें ध्यान देना चाहिए कि हम सतर्क रहें और केवल प्रमाणित स्रोतों से ही डिजिटल मुद्राएं खरीदें। 

दूसरी चुनौती है व्यक्तिगत डेटा की सुरक्षा। डिजिटल मुद्राएं का उपयोग करते समय हमें व्यक्तिगत जानकारी के साथ सावधानी बरत"
585,वन्यजीव संरक्षण में तकनीक का उपयोग,"वन्यजीव संरक्षण में तकनीक का महत्वपूर्ण योगदान है। गतिविधियों, जैसे वन्यजीव निगरानी, जीवविज्ञानी अध्ययन और डेटा संग्रहण के लिए तकनीकी साधनों का उपयोग किया जाता है। वन्यजीव संरक्षण के क्षेत्र में सबसे अधिक प्रयोग किए जाने वाले तकनीकी साधनों में डीएनए बारकोडिंग, जैव-लोकेटर्स, ग्पएस, और रेडियो कॉलर शामिल हैं।

डीएनए बारकोडिंग वन्यजीवों की पहचान और अध्ययन के लिए बहुत महत्वपूर्ण है। यह तकनीक जीवों के गुणक को निर्धारित करने में मदद करती है और उनकी रक्षा के लिए आवश्यक निर्णयों पर सह"
587,कृत्रिम बुद्धिमत्ता का उपयोग साइबर सुरक्षा में,"कृत्रिम बुद्धिमत्ता (Artificial Intelligence) एक तकनीकी उपकरण है जो मानव बुद्धि की प्रक्रियाओं को सिमुलेट करता ह। साइबर सुरक्षा में कृत्रिम बुद्धिमत्ता का उपयोग किया जाता है ताकि सुरक्षा जाँच और प्रतिक्रियाओं को सुचारू और तेजी से किया जा सके।

कृत्रिम बुद्धिमत्ता साइबर सुरक्षा के कई क्षेत्रों में महत्वपूर्ण भूमिका निभाता है। उदाहरण के लिए, सुरक्षा की दृष्टि से अविश्वसनीय गतिविधियों को पहचानने और रोकने के लिए कृत्रिम बुद्धिमत्ता इन्ट्रुशन डिटेक्शन सिस्टम्स (IDS) और इन्ट्रुशन प्रिवेंशन सिस्टम्स (IPS) में उपयोग किया जाता है। कृत्रिम बुद्धिम"
588,क्वांटम कंप्यूटिंग की व्यावहारिक अनुप्रयोग,"क्वांटम कंप्यूटिंग एक उभयानुक्रमीय तकनीक है जिसमें क्वांटम बिट्स या क्यूबिट्स का उपयोग किया जाता है। यह तकनीक क्लासिकल कंप्यूटिंग से काफी भिन्न है जिसमें क्लासिकल बिट्स का उपयोग होता है। क्वांटम कंप्यूटिंग के उद्देश्य में गति, निवेदन, और एकीकरण की विशेषताएं होती हैं जो क्लासिकल कंप्यूटिंग में नहीं होती हैं।

क्वांटम कंप्यूटिंग के कई व्यावहारिक अनुप्रयोग हैं, जिनमें से कुछ निम्नलिखित हैं:

1. क्रिप्टोग्राफी: क्वांटम कंप्यूटिंग का उपयोग क्रिप्टोग्राफी में सुरक्षा को बढ़ाने के लिए किया जा सकता है।"
586,प्लास्टिक प्रदूषण कम करने की नई विधियाँ,"प्लास्टिक प्रदूषण एक गंभीर समस्या है जो हमारे पृथ्वी के लिए अभिशाप साबित हो रही है। प्लास्टिक का अधिक उपयोग और उसकी निकटतम सुविधा के अभाव में, हमारे पारिस्थितिकी तंत्र में इसका प्रदूषण तेजी से बढ़ रहा है। प्लास्टिक प्रदूषण को कम करने के लिए कुछ नई विधियाँ विकसित की गई हैं, जो निम्नलिखित हैं:

1. **बायोडिग्रेडेबल प्लास्टिक**: ये प्लास्टिक ऐसे हैं जो समय के साथ तोड़ जाते हैं और पर्यावरण में किसी भी हानि के बिना विघटित हो जाते हैं।

2. **प्लास्टिक रीसाइकलिंग**: प्लास्टिक के उपयोग की अवधि बढ़ाने के लिए पुनः उप"
590,ब्लॉकचेन प्रौद्योगिकी का भविष्य,"ब्लॉकचेन प्रौद्योगिकी एक नवाचारी तकनीक है जिसने विभिन्न क्षेत्रों में अपनी महत्वपूर्ण भूमिका बनाई है। ब्लॉकचेन नेटवर्क से जुड़े डेटा को सुरक्षित ढंग से संग्रहित करता है और तमाम संबंधित पक्षों के बीच निष्पक्ष लेन-देन की सुनिश्चित करता है।

ब्लॉकचेन की व्यापक उपयोगिता के कारण, इसका भविष्य बेहद उज्जवल दिखाई देता है। यह तकनीक सुरक्षित और निर्भर लेन-देन को संभव बनाती है जो किसी भी क्षेत्र में लाभकारी साबित हो सकता है। इसका उपयोग वित्तीय सेवाओं, सरकारी क्षेत्र, स्वास्थ्य सेवाएं, स्थायी संपत्ति और औद्य"
589,डिजिटल मुद्राओं की सुरक्षा चुनौतियाँ,"आधुनिक समय में डिजिटल मुद्राएँ लोकप्रिय हो रही हैं, लेकिन उनकी सुरक्षा में भी कई चुनौतियाँ हैं। डिजिटल मुद्राएँ इंटरनेट के माध्यम से लेन-देन करने की सुविधा प्रदान करती हैं, लेकिन इसके साथ ही साइबर अपराधियों का भी ध्यान रखना अत्यंत महत्वपूर्ण है।

डिजिटल मुद्राओं की सुरक्षा चुनौतियों में सबसे महत्वपूर्ण समस्याएँ हैं ऑनलाइन धोखाधड़ी, फिशिंग, मैलवेयर, रैंसमवेयर और डेटा चोरी। अगर आप अपनी डिजिटल मुद्राएँ सुरक्षित रखना चाहते हैं तो कुछ महत्वपूर्ण सुरक्षा उपायों का पालन करना आवश्यक है।

पहले तो सुनिश्चित कर"
591,कृत्रिम बुद्धिमत्ता का उपयोग साइबर सुरक्षा में,"कृत्रिम बुद्धिमत्ता या Artificial Intelligence (AI) एक तकनीक है जो मानव बुद्धिमत्ता को मिमिक करती है और विभिन्न कार्यों को स्वतंत्रता से सम्पादित कर सकती है। आजकल साइबर सुरक्षा में कृत्रिम बुद्धिमत्ता का उपयोग एक महत्वपूर्ण क्षेत्र बन गया है।

कृत्रिम बुद्धिमत्ता की मदद से सुरक्षा विशेषज्ञ साइबर हमलों को पहचानने, रोकने और निवारण करने में मदद कर सकते हैं। AI क्या यह क्या क्षमताएं रखता है जो इंसानों की नहीं होती, जैसे कि विशाल डेटा का विश्लेषण करना, सुरक्षित नेटवर्कों की निर्माण करना, और संदेशों और डेटा को स्वतः ब्लॉक करना।

AI आलोचनात्मक मान"
592,वर्चुअल रियलिटी में नवीनतम रुझान,"वर्चुअल रियलिटी (Virtual Reality - VR) एक तकनीकी उपकरण है जो एक वास्तविकता के अनुभव को नकल करने के लिए वास्तविकता में निर्मित एक मायावी संरचना प्रदान करता है। वर्चुअल रियलिटी के उपयोगकर्ता VR हेडसेट पहनकर एक पूर्णत: नया और वास्तविक अनुभव प्राप्त कर सकते हैं।

वर्चुअल रियलिटी में नवीनतम रुझानों में सबसे महत्वपूर्ण चीजें शामिल हैं:
1. **वॉयस रेकग्निशन**: वॉयस रेकग्निशन तकनीक के उपयोग से उपयोक्ताओं को वर्चुअल वातावरण में अधिक सांविदानिक अनुभव प्राप्त हो रहा है।
2. **हाप्टिक फीडबैक**: यह तकनीक उपयोगकर्ताओं को व"
593,जलवायु परिवर्तन के खिलाफ नई तकनीकें,"जलवायु परिवर्तन एक गंभीर मुद्दा है जिसका सीधा प्रभाव हमारे पर्यावरण, समाज और अर्थव्यवस्था पर हो रहा है। इस समस्या का समाधान न केवल नई तकनीकों की खोज से हो सकता है, बल्कि इन तकनीकों की समर्थन में सामाजिक एवं राजनीतिक समर्थन भी आवश्यक है।

एक प्रमुख तकनीकी समाधान है सौर ऊर्जा का उपयोग। सौर ऊर्जा स्वच्छ और अनिश्चितता से मुक्त है जिससे पर्यावरण को कोई हानि नहीं पहुंचती। सौर ऊर्जा उत्पादन में नवाचारी तकनीकों का उपयोग करना हमें जलवायु परिवर्तन को रोकने में मदद कर सकता है।

एक और उचित तकनीकी समाधान है बिजली की बचत क"
595,क्वांटम कंप्यूटिंग की व्यावहारिक अनुप्रयोग,"क्वांटम कंप्यूटिंग एक उभयाधारित (quantum-based) कंप्यूटिंग प्रौद्योगिकी है जो क्वांटम मेकेनिक्स के तत्वों का उपयोग करती है। ये कंप्यूटर क्वांटम बिट्स के रूप में जाने जाते हैं जिन्हें क्यूबिट्स कहा जाता है। क्वांटम कंप्यूटिंग का उद्देश्य वर्तमान कंप्यूटिंग सीमाओं को पार करना है और उन्हें तेज, प्रभावी, और शक्तिशाली बनाना है।

क्वांटम कंप्यूटिंग के कई व्यावहारिक अनुप्रयोग हैं जो विभिन्न क्षेत्रों में उपयोग किए जा रहे हैं। इनमें से कुछ मुख्य अनुप्रयोग निम्नलिखित हैं:

1. दरवाजे खोलना: क्वांटम कंप्यूट"
594,ड्रोन प्रौद्योगिकी के नए उपयोग,"ड्रोन प्रौद्योगिकी एक विशेष तकनीक है जिसका उपयोग आजकल विभिन्न क्षेत्रों में किया जा रहा है। इसके नए और रोचक उपयोगों की वजह से ड्रोन एक लोकप्रिय तकनीक बन गया है।

एक नया उपयोग ड्रोन का वन्यजीव संरक्षण में है। ड्रोन को वन्यजीवों की गणना, संरक्षण और उनकी स्थिति का मॉनिटरिंग करने के लिए उपयोग किया जा रहा है। इससे वन्यजीव संरक्षण कार्यक्रमों को अधिक प्रभावी और सुरक्षित बनाने में मदद मिलती है।

दूसरा उपयोग है ड्रोन का कृषि क्षेत्र में। किसान अपनी खेतों की स्थिति को जानने और उन्हें सुरक्षित और प्रभावी तर"
596,ड्रोन प्रौद्योगिकी के नए उपयोग,"ड्रोन प्रौद्योगिकी ने अपने उद्देश्यों के साथ साथ अनेक क्षेत्रों में नए उपयोग दिखाए हैं। ड्रोन्स का उपयोग न केवल सुरक्षा और सुरक्षा क्षेत्र में ही हो रहा है, बल्कि विभिन्न क्षेत्रों में उनका उपयोग हो रहा है।

पहले तो, ड्रोन्स को विमानों के संवार्धन के लिए उपयोग किया जा रहा है। इनके माध्यम से विमानों का निगरानी करना आसान हो जाता है और इनकी निगरानी के लिए अधिक प्रभावी तरीके उपलब्ध होते हैं।

दूसरे, कृषि क्षेत्र में भी ड्रोन्स का उपयोग हो रहा है। इनके माध्यम से खेतों की निगरानी, खेती से संबंधित डेटा कलेक्शन और विभिन्न खत"
597,प्लास्टिक प्रदूषण कम करने की नई विधियाँ,"प्लास्टिक प्रदूषण एक बड़ी समस्या है जो हमारे पर्यावरण के लिए खतरनाक है। इस समस्या को हल करने के लिए कई नई विधियाँ और तकनीकें विकसित की जा रही हैं।

पहली विधि है बायोडिग्रेडेबल प्लास्टिक का उपयोग करना। ये प्लास्टिक ऐसे होते हैं जो प्राकृतिक रूप से टूट जाते हैं और पर्यावरण को कोई नुकसान नहीं पहुंचाते। इसके अलावा, प्लास्टिक की बजाय अन्य सामग्री जैसे की पेपर बैग, जूट बैग आदि का उपयोग करना भी एक अच्छा विकल्प हो सकता है।

दूसरी विधि है प्लास्टिक रीसाइक्लिंग को बढ़ावा देना। पुराने प्लास्टिक को रीसाइक"
598,इंटरनेट ऑफ़ थिंग्स (IoT) और स्मार्ट सिटी,"आजकल इंटरनेट ऑफ़ थिंग्स (Internet of Things - IoT) और स्मार्ट सिटी दोनों का जोड़ लोगों के जीवन को बेहतर बनाने का एक बड़ा कदम है। IoT तकनीक के माध्यम से विभिन्न उपकरण और साधन एक-दूसरे के साथ संचार कर सकते हैं और स्मार्ट सिटी इस तकनीक का उपयोग करके लोगों के जीवन को सुगम और सुरक्षित बनाने का प्रयास करती है।

एक स्मार्ट सिटी विभिन्न एकाधिकारी तकनीकी उपकरणों का उपयोग करती है जिन्हें एक सेंसर नेटवर्क के माध्यम से एक साथ जोड़ा जा सकता है। इन सेंसर्स के माध्यम से डेटा को एक सेंट्रल सिस्टम में भेजा जाता है और उसका विश्लेषण किया जाता है ताकि"
599,डिजिटल मुद्राओं की सुरक्षा चुनौतियाँ,"आजकल डिजिटल मुद्राएँ बढ़ती हुई तकनीकी उन्नति का परिणाम हैं। इन मुद्राओं का उपयोग ऑनलाइन खरीदारी, भुगतान और अन्य संबंधित कामों के लिए हो रहा है। यह एक सुविधाजनक तरीका है लेकिन इसके साथ ही सुरक्षा की भी चिंताएं हैं।

डिजिटल मुद्राओं की सुरक्षा में एक प्रमुख चुनौती यह है कि ऑनलाइन लेनदेन की सुरक्षा सुनिश्चित करना आवश्यक है। ऑनलाइन हामलों, चोरी, फिशिंग, रैंसमवेयर जैसी धाराओं से ये मुद्राएँ खतरे में हो सकती हैं। इसके अलावा, कंप्यूटर वायरस, मैलवेयर, ट्रोजन होर्स, और ऑनलाइन धोखाधड़ी से भी ये मुद्राएँ प्र"
600,क्वांटम कंप्यूटिंग की व्यावहारिक अनुप्रयोग,"क्वांटम कंप्यूटिंग एक उभरती हुई तकनीक है जिसमें क्वांटम मैकेनिक्स का उपयोग करके गणनाओं को करने के लिए एक नया दिशा प्रदान करती है। यह विशेषकर उन गणनाओं के लिए उपयुक्त है जो क्लासिकल कंप्यूटिंग से अत्यधिक समय लगाते हैं, जैसे कि भारी संख्याओं के बीच वितरण या बड़े संख्याओं के फैक्टराइजेशन।

क्वांटम कंप्यूटिंग के व्यावहारिक अनुप्रयोगों की एक उदाहरण हैं क्रिप्टोग्राफी में डेटा सुरक्षा। क्वांटम कंप्यूटिंग की एक विशेषता यह है कि यह अद्वितीयता को संरक्षित रखता है, जिसका अर्थ है कि क्वांटम कंप्य"
601,सतत विकास की नई रणनीतियाँ,"विज्ञान और प्रौद्योगिकी के क्षेत्र में तेजी से उन्नति के साथ, नई रणनीतियों की आवश्यकता बढ़ रही है। इस दौर में, सतत विकास की नई रणनीतियाँ तकनीकी क्षेत्र में महत्वपूर्ण हैं।

पहली रणनीति है डिजिटल सुरक्षा पर ध्यान केंद्रित करना। आधुनिक तकनीकी उपकरणों का उपयोग करते समय, सुरक्षा बहुत महत्वपूर्ण है। डेटा लीकेज, साइबर हमले और अनैतिक उपयोग के खिलाफ सुरक्षित तकनीकी प्रणालियों का विकास करना आवश्यक है।

दूसरी रणनीति है विकास में उन्नति प्रोसेस का अनुसरण करना। नई तकनीकों को विकसित करने के लिए उत्कृष्ट प्रक्रियाए"
602,जलवायु परिवर्तन के खिलाफ नई तकनीकें,"जलवायु परिवर्तन एक बड़ी चुनौती है जो हमारे समुदाय और पूरे विश्व को प्रभावित कर रही है। इस समस्या का समाधान ढेरों तकनीकी उपायों में छिपा है। नई तकनीकें इस मुद्दे का समाधान करने में मदद कर सकती हैं।

पहली तकनीक है सौर ऊर्जा का उपयोग। सौर ऊर्जा एक सशक्त और शुद्ध ऊर्जा स्रोत है जो हमें प्रदान किया जा सकता है। सौर पैनल का उपयोग घरेलू ऊर्जा की आपूर्ति के लिए एक अच्छा विकल्प है जो वातावरण को कम नुकसान पहुंचाता है।

दूसरा उत्पादन है जल संचयन तकनीक। जल संचयन के उपयोग से हम पानी की बर्बादी को कम कर सकते हैं और पानी"
603,कृत्रिम बुद्धिमत्ता का उपयोग साइबर सुरक्षा में,"कृत्रिम बुद्धिमत्ता (Artificial Intelligence - AI) का उपयोग साइबर सुरक्षा में एक महत्वपूर्ण भूमिका निभाता है। आधुनिक दुनिया में साइबर अपराधिता बढ़ रही है और संगठनों को इसके खिलाफ सुरक्षित रहने के लिए उचित सुरक्षा उपायों की आवश्यकता है। AI इसमें मानक और असामान्य संभावनाओं की पहचान करने में मदद कर सकता है। 

कृत्रिम बुद्धिमत्ता के उपयोग से सुरक्षा विशेषज्ञ साइबर हमले की भविष्यवाणी कर सकते हैं और उसके खिलाफ उचित कार्रवाई ले सकते हैं। AI सुरक्षा उपकरणों को सक्षम बनाता है जो आत्मज्ञानी हैं और लर्निंग क्षमता रखते हैं। इसके साथ ही, AI स"
604,ब्लॉकचेन प्रौद्योगिकी का भविष्य,"ब्लॉकचेन प्रौद्योगिकी एक विशेष प्रकार की डिजिटल लेजर है जिसमें सूचना ब्लॉक्स के रूप में संग्रहित होती है और इन ब्लॉक्स को एक साथ जोड़कर एक क्रमिक श्रृंखला बनाती है। यह तकनीक ट्रांजेक्शन की सुरक्षित गणना और संग्रहण को सुनिश्चित करने के लिए उपयोग की जाती है। ब्लॉकचेन अनेक क्षेत्रों में अपना उपयोग कर रही है जैसे वित्तीय सेवाएं, स्वास्थ्य सेवाएं, आईओटी और बहुत कुछ।

ब्लॉकचेन प्रौद्योगिकी का भविष्य बहुत उज्ज्वल और सुसंगत है। यह तकनीक विभिन्न क्षेत्रों में एक क्रांतिकारी परिवर्तन ला रही है। वित्तीय स"
605,प्लास्टिक प्रदूषण कम करने की नई विधियाँ,"प्लास्टिक प्रदूषण एक महामारी बन चुका है जिसका सामाजिक, आर्थिक और पर्यावरणीय प्रभाव हमें देखने को मिल रहा है। हमारी धरती पर प्लास्टिक की बरसात ने एक आपदा की तरह अपना प्रभाव छोड़ा है। इस समस्या का समाधान देश और समाज के साथ-साथ हर व्यक्ति की जिम्मेदारी भी है।

प्लास्टिक प्रदूषण को कम करने के लिए कई नई विधियाँ विकसित की जा रही हैं। पहले, हमें प्लास्टिक का उपयोग कम करने की दिशा में कदम उठाने की आवश्यकता है। इसके लिए, हमें उत्पादन से ही प्लास्टिक का उपयोग कम करने की कोशिश करनी चाहिए। यह उत्पादन के स्तर पर भी एक महत्वपूर्ण कदम"
606,ब्लॉकचेन प्रौद्योगिकी का भविष्य,"ब्लॉकचेन प्रौद्योगिकी एक ऐसी नवाचारिक तकनीक है जो क्रिप्टोकरेंसी के रूप में प्राचलित हुई है, लेकिन इसका अनुप्रयोग विभिन्न क्षेत्रों में फैलाया जा रहा है। ब्लॉकचेन का उपयोग स्मार्ट कॉन्ट्रैक्ट्स, स्वामित्व प्रमाणन, डेटा सुरक्षा, डिजिटल संस्थान आदि क्षेत्रों में किया जा रहा है। इस प्रौद्योगिकी का भविष्य उज्जवल है और इसके अनेक संभावित उपयोग हैं।

ब्लॉकचेन की सुरक्षित और अनिवार्य स्वरूप के कारण, इसे वित्तीय संचार, संबंधित डेटा की सुरक्षा, समर्थन और आपूर्ति श्रृंखला, स्थायी रूप से स्थापित और सत्यापित कर"
608,डिजिटल मुद्राओं की सुरक्षा चुनौतियाँ,"आजकल डिजिटल मुद्राएं बढ़ती हुई तकनीक की एक महत्वपूर्ण उपयोगिता हैं। लेकिन इसके साथ ही उनकी सुरक्षा भी एक बड़ी चुनौती है। डिजिटल मुद्राओं की सुरक्षा का मुख्य चिंता-स्रोत होते हैं, जिन्हें हैकर्स या अन्य अपराधिक तत्वों द्वारा उपयोग किया जा सकता है।

डिजिटल मुद्राओं के इस्तेमाल के दौरान कुछ महत्वपूर्ण सुरक्षा प्रथाओं का पालन करना जरूरी है। पहले तो, सुनिश्चित करें कि आपका डिजिटल खाता सुरक्षित पासवर्ड से सुरक्षित है। दूसरे, अपने साइबर सुरक्षा सॉफ्टवेयर को अपडेट रखें ताकि आपके डेटा को हैकर्स से सुरक्षित रखा जा"
607,सौर ऊर्जा के नवीनतम विकास,"सौर ऊर्जा एक प्राकृतिक स्रोत है जो हमें स्वच्छ, सुरक्षित और सतत ऊर्जा आपूर्ति प्रदान करता है। सौर ऊर्जा का नवीनतम विकास तकनीकी और वैज्ञानिक उन्नति के कारण संभव हुआ है। नवीनतम तकनीकी विकासों में सौर पैनल, सौर ऊर्जा भंडारण तंत्र, और सौर ऊर्जा परिक्षेपण तकनीकें शामिल हैं।

सौर पैनल के माध्यम से सूर्य की किरणों को ऊर्जा में परिणामित किया जाता है। नवीनतम पैनल तकनीक उच्च दक्षता और अधिक ऊर्जा उत्पादन की सुनिश्चित करती है। सौर ऊर्जा भंडारण तंत्र ऊर्जा को संग्रहित करने और उसे उचित समय पर उपयोग करने में मदद करता ह"
609,वन्यजीव संरक्षण में तकनीक का उपयोग,"वन्यजीव संरक्षण में तकनीक का महत्वपूर्ण योगदान है। वन्यजीव संरक्षण के लिए तकनीक का उपयोग विभिन्न क्षेत्रों में किया जाता है, जैसे कि संगठन, मॉनिटरिंग, जानकारी प्रणाली, और संरक्षण की योजनाओं के विकास में।

तकनीकी उपकरणों का उपयोग वन्यजीव संरक्षण में जानकारी को संकलित करने और वन्यजीवों की स्थिति का मॉनिटरिंग करने के लिए किया जाता है। इससे जानकारी को सहेजा जा सकता है और उसके आधार पर संरक्षण की योजनाएँ बनाई जा सकती हैं। तकनीकी उपकरणों में रेडियो कॉलार, गप्पास, सेंसर्स, ड्रोन्स, और जे.पी.एस. शामिल होते है"
610,वन्यजीव संरक्षण में तकनीक का उपयोग,"वन्यजीव संरक्षण में तकनीक का महत्वपूर्ण योगदान है। वन्यजीव संरक्षण का मुख्य उद्देश्य है स्थानीय जीवन की संरक्षण और उनकी संख्या को बढ़ाना। इसके लिए तकनीक के उपयोग से वन्यजीव संरक्षण कार्यक्रमों को बेहतर बनाया जा सकता है।

एक प्रमुख तकनीक जो वन्यजीव संरक्षण में उपयोगी है, वह ट्रैकिंग तकनीक है। ट्रैकिंग तकनीक के माध्यम से वन्यजीवों के आवास क्षेत्र, संचार का मार्ग, और उनका व्यवहार देखा जा सकता है। इससे उनकी संरक्षण के लिए आवश्यक कदम उठाए जा सकते हैं। 

एक और महत्वपूर्ण तकनीक है वीडियो सर्व"
611,ब्लॉकचेन प्रौद्योगिकी का भविष्य,"ब्लॉकचेन प्रौद्योगिकी एक नवाचारिक तकनीक है जो डिजिटल सूचनाओं को सुरक्षित रूप से संग्रहित और साझा करने की क्षमता प्रदान करती है। यह तकनीक एक सार्वजनिक डिजिटल लेजर में सूचनाओं को ब्लॉक्स में संग्रहित करती है, जिसे बदलना या हटाना असंभव होता है। ब्लॉकचेन का प्रयोग क्रिप्टोकरेंसी जैसे डिजिटल मुद्राओं के लेनदेन में, स्मार्ट कॉन्ट्रैक्ट्स में, लॉगिस्टिक्स में और विभिन्न अन्य क्षेत्रों में किया जा रहा है।

ब्लॉकचेन प्रौद्योगिकी का भविष्य बहुत उज्जवल है। यह तकनीक डेटा सुरक्षा और निजता को सुनिश्चित करने में मदद"
613,कृत्रिम बुद्धिमत्ता का उपयोग साइबर सुरक्षा में,"कृत्रिम बुद्धिमत्ता या Artificial Intelligence (AI) एक साइबर सुरक्षा में महत्वपूर्ण तकनीक है जिसका उपयोग सुरक्षित और सुरक्षित इंटरनेट एवं संगठनों के लिए किया जा सकता ह। AI का उपयोग किसी भी साइबर हमले के खतरों को पहचानने, रोकने और उसके बारे में जानकारी प्रदान करने में किया जा सकता है।

AI सुरक्षा में नेटवर्क और सिस्टमों को सक्षम बनाने में मदद करता है जिससे निरंतर धारणा, विश्लेषण और नियंत्रण की जा सके। यह तकनीक साइबर अपराधियों के हमलों को रोकने में मदद करती है और सुरक्षा प्रणालियों को मजबूत करने में महत्वपूर्ण भूमिका निभाती है।

AI के उपयोग से स"
612,इंटरनेट ऑफ़ थिंग्स (IoT) और स्मार्ट सिटी,"आधुनिक तकनीकी युग में, इंटरनेट ऑफ़ थिंग्स (IoT) और स्मार्ट सिटी कॉन्सेप्ट एक बड़ी क्रांति की ओर बढ़ रहा है। IoT एक तकनीकी यंत्रणा है जिसे उपकरण एक-दूसरे से संचार करने के लिए इस्तेमाल किया जाता है। इसका मुख्य उद्देश्य डेटा जुटाना, साझा करना और विभिन्न उपकरणों के बीच संचार सुनिश्चित करना है।

स्मार्ट सिटी एक ऐसी शहरी व्यवस्था है जो इंफ्रास्ट्रक्चर, सुरक्षा, परिवहन, पर्यावरण आदि में IoT के उपयोग से सुधार किया गया है। इससे शहर की प्रबंधन में बेहतरी आती है और नागरिकों को भी बेहतर सुविधाएं मिलती हैं।

IoT और स्म"
614,क्वांटम कंप्यूटिंग की व्यावहारिक अनुप्रयोग,"क्वांटम कंप्यूटिंग एक उभयमान तकनीक है जिसमें क्वांटम बिट्स का उपयोग किया जाता है जिन्हें ऑन बिट्स के विरुद्ध क्लासिकल बिट्स कहा जाता है। यह परंपरागत कंप्यूटिंग से काफी अलग है और कई विषयों में अधिक शक्तिशाली है।

क्वांटम कंप्यूटिंग के व्यावहारिक अनुप्रयोग विभिन्न क्षेत्रों में हैं। इसमें गणित, विज्ञान, इंजीनियरिंग, दर्पण, और बहुत कुछ शामिल है। क्वांटम कंप्यूटिंग का उपयोग ज्यामिति, भौतिकी, रसायनशास्त्र, डेटा सुरक्षा, मशीन लर्निंग, चालकता, और अन्य क्षेत्रों में किया जा रहा है।

एक अहम व"
615,ब्लॉकचेन प्रौद्योगिकी का भविष्य,"ब्लॉकचेन प्रौद्योगिकी एक ऐसी नवाचारिक तकनीक है जिसने दुनिया को एक नए आधुनिक दृष्टिकोण से देखने के लिए मजबूर किया है। यह तकनीक एक सुरक्षित, ट्रांसपेरेंट, और जरूरत के हिसाब से आधारित सिस्टम प्रदान करती है जिसमें सभी सूचनाएं किसी भी प्रकार के बदलाव के लिए अनुमति प्राप्त करती हैं।

ब्लॉकचेन प्रौद्योगिकी का भविष्य बहुत उज्जवल है। इसके संभावित उपयोग क्षेत्रों में वित्तीय सेवाएं, स्वास्थ्य सेवाएं, लॉजिस्टिक्स, स्मार्ट संवाद, और अदालती सुनवाई जैसे कई क्षेत्र शामिल हैं। ब्लॉकचेन के उपयोग से लेनदेन"
616,ड्रोन प्रौद्योगिकी के नए उपयोग,"ड्रोन प्रौद्योगिकी के नए उपयोग

ड्रोन प्रौद्योगिकी ने विभिन्न क्षेत्रों में नए और रोचक उपयोगों का दरवाजा खोला है। इस तकनीक का उपयोग सिविल सुरक्षा, खोज-संज्ञान, जल-वायु परिवहन, व्यापार और कृषि आदि कई क्षेत्रों में हो रहा है।

ड्रोन सिविल सुरक्षा में एक महत्वपूर्ण भूमिका निभा रहे हैं। बड़ी आपातकालीन स्थितियों में ड्रोन सेवाएं लोगों की सुरक्षा और जीवन बचाने में मदद करती हैं। दूरस्थ स्थानों से संभावित खतरों की निगरानी करने, बाढ़, भूकंप और आकस्मिक घटनाओं के बाद की स्थिति का मूल्यांकन करने में ड्रोन सहायक हो"
617,क्वांटम कंप्यूटिंग की व्यावहारिक अनुप्रयोग,"क्वांटम कंप्यूटिंग एक उभयानुक्रमिक तकनीक है जिसमें क्वांटम बिट्स या क्यूबिट्स का उपयोग किया जाता है। यह नई प्रकार की कंप्यूटिंग है जिसमें क्वांटम सुपरिम्पोजिशन, आभासी परलय, और अद्भुत गुणन शामिल हैं।

क्वांटम कंप्यूटिंग के व्यावहारिक अनुप्रयोगों में सबसे महत्वपूर्ण विचार क्वांटम सुप्रीमेसी है, जिसमें क्वांटम कंप्यूटर क्लासिकल कंप्यूटरों को पीछे छोड़ देते हैं। इसके साथ, क्वांटम कंप्यूटिंग के अन्य व्यावहारिक अनुप्रयोग शामिल हैं - क्रिप्टोग्राफी, ऑप्टिमाइजेशन, मशीन लर्निंग, डेटा सुरक्षा,"
618,ड्रोन प्रौद्योगिकी के नए उपयोग,"ड्रोन प्रौद्योगिकी ने अपने प्राथमिक उपयोग के अलावा अनेक नए क्षेत्रों में अपना प्रयोग दिखाया है। इस तकनीक का उपयोग न केवल सुरक्षा और अनुसंधान क्षेत्र में हो रहा है, बल्कि व्यापार, कृषि, संसाधन उपयोग, वन्यजीव संरक्षण, समुद्र जल संरक्षण, और मौजूदा समस्याओं के समाधान में भी ड्रोन का उपयोग किया जा रहा है।

व्यापार क्षेत्र में, ड्रोन स्वचालित वाहनों की मदद से उत्पादों की वाहनिक रीडमेंटेशन, वितरण, और डिलीवरी करने में मदद कर रहे हैं। कृषि क्षेत्र में, ड्रोन कृषि भूमि का स्कैन करके उन्हें उर्वरक की आवश्यकता का अन"
619,प्लास्टिक प्रदूषण कम करने की नई विधियाँ,"प्लास्टिक प्रदूषण को कम करने के लिए नई विधियाँ आवश्यक हैं। प्लास्टिक के उपयोग को कम करने के लिए एक सुझाव है कि हम एकदूषक प्लास्टिक का उपयोग करें जिसे आसानी से उचित ढंग से विघटित किया जा सके। इसके अलावा, प्लास्टिक के उपयोग को कम करने के लिए हमें अल्टरनेटिव्स ढूंढने की जरूरत है। उदाहरण के लिए, हम एक बार उपयोग के बाद फेंके जा सकने वाले अल्यूमिनियम या कागज के बर्तन का उपयोग कर सकते हैं।

दूसरी तरफ, प्लास्टिक के पुनर्चक्रण को बढ़ावा देने के लिए भी कदम उठाए जा सकते हैं। इसमें प्लास्टिक की पुनर्चक्रण योग्यत"
620,डिजिटल मुद्राओं की सुरक्षा चुनौतियाँ,"डिजिटल मुद्राएं आजकल बड़े ही तेजी से बढ़ती दिखाई दे रही हैं। इन्हें इन्टरनेट के माध्यम से ऑनलाइन भुगतान के लिए उपयोग किया जा सकता है। हालांकि, इन डिजिटल मुद्राओं की सुरक्षा चुनौतियों का भी सामना करना पड़ता है।

पहली चुनौती यह है कि डिजिटल मुद्राओं के बारे में जानकारी न होने के कारण उपयोगकर्ताओं की सुरक्षा भंग हो सकती है। अक्सर लोग अपने पासवर्ड या अन्य सुरक्षा जानकारी को अनुरोध के झूठे ईमेल या फोन कॉल के जरिए दे देते हैं, जिससे उनके खाते हैक हो जाते हैं।

दूसरी चुनौती यह है कि कई बार ऑनलाइन भुगतान के सम"
622,क्वांटम कंप्यूटिंग की व्यावहारिक अनुप्रयोग,"क्वांटम कंप्यूटिंग एक उभरती हुई तकनीक है जो कंप्यूटर साइंस में क्रांति ला सकती है। इस तकनीक का उद्देश्य क्वांटम बिट्स का उपयोग करके पारंपरिक कंप्यूटिंग से कई गुना तेज़ और शक्तिशाली कंप्यूटिंग करना है। क्वांटम कंप्यूटिंग के कई व्यावहारिक अनुप्रयोग हो सकते हैं।

पहला अनुप्रयोग क्रिप्टोग्राफी में हो सकता है। क्वांटम कंप्यूटिंग का उपयोग क्रिप्टोग्राफी के अल्गोरिदम्स को तोड़ने और विश्वसनीयता को खतरे में डालने के लिए किया जा सकता है।

दूसरा अनुप्रयोग सांकेतिक गणित में हो सकता है। क्वांटम कंप्यूटिंग का"
623,ब्लॉकचेन प्रौद्योगिकी का भविष्य,"ब्लॉकचेन प्रौद्योगिकी एक विशेष प्रकार का डिजिटल लेजर है जो ट्रांजैक्शन को ब्लॉक्स में संग्रहित करता है और इन ब्लॉक्स को एक सुरक्षित चेन में जोड़ता है। यह प्रौद्योगिकी खुद एक विशेष तरह के क्रिप्टोग्राफिक तकनीकों का उपयोग करती है जो सुरक्षित और अदृश्य लेन-देन को संभव बनाते हैं। इसकी मुख्य विशेषता यह है कि इसमें कोई सिंगल पार्टी या अथॉरिटी नहीं होती और इसलिए इसे डिस्ट्रीब्यूटेड लेजर भी कहा जाता है।

ब्लॉकचेन प्रौद्योगिकी का भविष्य बहुत उज्जवल है। इस प्रौद्योगिकी के उपयोग से सुरक्षित, अद"
621,ड्रोन प्रौद्योगिकी के नए उपयोग,"ड्रोन प्रौद्योगिकी ने अपने विस्तृत उपयोग क्षेत्रों के कारण एक उभार प्राप्त किया है। यह विज्ञान और प्रौद्योगिकी का एक महत्वपूर्ण क्षेत्र है जिसने कई उद्योगों में क्रांति लाई है।

ड्रोन के नए उपयोगों में से एक है वनस्पति रोगों की जांच। ड्रोन को प्रयोग करके वनस्पति क्षेत्रों में बीमारियों और कीटों की जांच की जा सकती है और यह रोगों का प्रबंधन करने में मदद कर सकता है।

एक और महत्वपूर्ण उपयोग है ड्रोन को जल संसाधनों की निगरानी के लिए प्रयोग करना। ड्रोन को जल स्रोतों की स्थिति, पानी की गुणवत्ता और जल संकट की स्थिति की निगरान"
624,क्वांटम कंप्यूटिंग की व्यावहारिक अनुप्रयोग,"क्वांटम कंप्यूटिंग एक उभय निष्पादन कंप्यूटिंग प्रौद्योगिकी है जिसमें क्वांटम बिट्स या क्युबिट्स का उपयोग किया जाता है। यह नवीन प्रौद्योगिकी क्षेत्र है जिसमें क्वांटम अवस्थाओं का उपयोग करके समस्याओं का समाधान किया जाता है। 

क्वांटम कंप्यूटिंग के प्रमुख अनुप्रयोग इसके अद्भुत गति और सामान्य कंप्यूटिंग से अधिक समस्याओं का समाधान करने की क्षमता है। क्वांटम कंप्यूटिंग की व्यावहारिक अनुप्रयोगों में क्रिप्टोग्राफी, मेडिकल डाटा एनालिटिक्स, बायोइनफोर्मेटिक्स, ऑप्टिमाइजेशन, ब्लॉकचेन, मशीन लर्निंग"
625,जलवायु परिवर्तन के खिलाफ नई तकनीकें,"जलवायु परिवर्तन एक बड़ी चुनौती है जिसका सामना हम सभी कर रहे हैं। इस समस्या का समाधान ढंग से नहीं हो पा रहा है। हमें नवाचारी तकनीकों की खोज करने की आवश्यकता है जो जलवायु परिवर्तन को कम करने में मदद कर सकती है।

एक ऐसी तकनीक है जो ""कार्बन सीक्वेस्ट्रेशन"" के रूप में जानी जाती है। इस तकनीक के द्वारा हम वायुमंडल के कार्बन को धरती में सींच सकते हैं, जिससे कार्बन धारित होता है और वायुमंडल से हट जाता है। इससे हम ग्लोबल वार्मिंग को कम कर सकते हैं।

एक और तकनीक है जो ""विज्ञान और तकनीक के माध्यम से जल संसाधन का उपयोग"" का नाम है"
626,इलेक्ट्रिक वाहनों की भविष्य की संभावनाएँ,"वर्तमान में जंगली जीवन और वायु प्रदूषण के बढ़ते स्तर के कारण, विश्वभर में लोग इलेक्ट्रिक वाहनों की ओर ध्यान दे रहे हैं। इलेक्ट्रिक वाहनों की भविष्य की दृष्टि से कुछ मुख्य संभावनाएं हैं।

पहली बात यह है कि इलेक्ट्रिक वाहनों की पूरी तरह से स्थायी चालित क्षमता और तेज़ चार्जिंग क्षमता के साथ आने की संभावना है। यह वाहन बिना किसी धुएं, शोर और प्रदूषण के उत्सर्जन के बिना चलाए जा सकेंगे।

दूसरी बात यह है कि इलेक्ट्रिक वाहनों की कीमत घट रही है और उनकी प्रचलन स्थिति बेहद बढ़ रही है। इसके साथ ही सरकारें भी इलेक्ट"
627,प्लास्टिक प्रदूषण कम करने की नई विधियाँ,"प्लास्टिक प्रदूषण एक गंभीर मामला है जिसका समाधान हम सभी को साथ मिलकर करना होगा। प्लास्टिक का विशाल उपयोग और बेकार डिस्पोजल के कारण पर्यावरण में इसका प्रकोप बढ़ रहा है। इस समस्या का समाधान तकनीकी नए उपायों का अनुसरण करके किया जा सकता है।

प्रथम, प्लास्टिक की आवश्यकता कम करना हमारा पहला कदम हो सकता है। हमें उन उत्पादों का उपयोग करना चाहिए जो प्लास्टिक के बजाय पर्यावरण से साथी हों। उदाहरण के लिए, बाजार में उपलब्ध धातु या कागज के बने प्रोडक्ट्स का उपयोग करना चाहिए।

दूसरे, प्लास्टिक की पुनर्चक्रण प्रक्रिया को बढ़ावा द"
628,क्वांटम कंप्यूटिंग की व्यावहारिक अनुप्रयोग,"क्वांटम कंप्यूटिंग एक उभयात्मक तकनीक है जिसमें क्वांटम मेकेनिक्स के सिद्धांतों का उपयोग करके डेटा प्रसंस्करण किया जाता है। यह तकनीक क्वांटम बिट्स या क्यूबिट्स का उपयोग करती है जो क्लासिकल बिट्स की तुलना में अधिक संभावनाएं और प्रकारों में जानकारी संग्रहित कर सकते हैं।

क्वांटम कंप्यूटिंग के कई व्यावहारिक अनुप्रयोग हैं जो विभिन्न क्षेत्रों में उपयोग किए जा रहे हैं। ये अनुप्रयोग बहुत ही व्यापक हैं और विज्ञान, तकनीक, व्यावसायिक और सामाजिक क्षेत्रों में उपयोग किए जा रहे हैं।

क्वांटम कंप्यूटिंग का एक प्रमु"
629,ब्लॉकचेन प्रौद्योगिकी का भविष्य,"ब्लॉकचेन प्रौद्योगिकी एक विस्तारक और सुरक्षित तकनीक है जो आजकल विभिन्न क्षेत्रों में उपयोग की जा रही है। इस प्रौद्योगिकी द्वारा जानकारी को एक सुरक्षित तरीके से संग्रहित किया जा सकता है और इसे बदल या हटाना असंभव हो जाता है। इसका उपयोग वित्तीय संबंधों, स्वास्थ्य सेवाएं, इंटरनेट सुरक्षा आदि क्षेत्रों में किया जा रहा है।

ब्लॉकचेन की प्रमुख विशेषताएं जैसे कि डिस्ट्रीब्यूटेड लेजर, क्रिप्टोग्राफी, स्मार्ट कॉन्ट्रैक्ट्स आदि ने इसे एक विश्वसनीय तकनीक बना दिया है। इसके विकास से विभिन्न क्षेत्रों में नए उ"
630,इलेक्ट्रिक वाहनों की भविष्य की संभावनाएँ,"आजकल इलेक्ट्रिक वाहनों का उपयोग बढ़ रहा है और इसके पीछे कई कारण हैं। इलेक्ट्रिक वाहनों की संचालन में कोई धुवा नहीं निकलता, जिससे हमारे पर्यावरण पर कोई बुरा प्रभाव नहीं पड़ता। इन वाहनों की चालना बिजली से होती है, जो कि अधिकतम मात्रा में सुरक्षित और पर्यावरण के लिए अधिक उपयोगी है। इसके अलावा, इलेक्ट्रिक वाहनों की रफ्तार भी तेज हो सकती है और इनमें एक्सेलरेशन का अधिकतम समर्थन मिलता है।

भविष्य में इलेक्ट्रिक वाहनों का उपयोग और बढ़ने की संभावनाएँ हैं। सरकारें विभिन्न नीतियों के माध्यम से इलेक्ट्रिक वाहनों को प"
631,रोबोटिक्स का विकास और उसके अनुप्रयोग,"रोबोटिक्स एक उद्यमी क्षेत्र है जिसमें दिन-प्रतिदिन नवाचार और नए अनुप्रयोग देखने को मिलते हैं। इस क्षेत्र में अनेक तकनीकी उत्पादों का निर्माण किया जाता है जो मानव श्रम को कम करने और कार्य को अधिक सुविधाजनक बनाने में मदद करते हैं।

रोबोटिक्स के विकास से हमारे जीवन के कई क्षेत्रों में सुधार हुआ है। व्यावसायिक उद्योगों में रोबोट्स का उपयोग काम को तेजी से और अधिक सुरक्षित बनाता है। विज्ञान और अनुसंधान क्षेत्र में रोबोटिक्स के उपयोग से वैज्ञानिकों को अधिक समय और संसाधन मिलते हैं जिससे उनके अनुसंधान में तेजी और"
632,डिजिटल मुद्राओं की सुरक्षा चुनौतियाँ,"आजकल डिजिटल मुद्राएं बढ़ती हुई तकनीक का एक महत्वपूर्ण हिस्सा बन गई हैं, लेकिन इनकी सुरक्षा एक बड़ी चुनौती है। डिजिटल मुद्राओं की सुरक्षा से जुड़ी कुछ मुख्य चुनौतियाँ निम्नलिखित हैं:

1. क्रैकिंग: हैकर्स और ऑनलाइन धारकों के लिए यह चुनौती बनती है कि वे डिजिटल मुद्राएं हैक करके उनसे पैसे चुरा सकते हैं।

2. फिशिंग: धोखाधड़ी के तरीक़े से यह चुनौती बनती है कि लोगों को अपनी निजी जानकारी जैसे पासवर्ड और बैंक खाता नंबर देकर धोखा दिया जा सकता है।

3. गुमनाम: डिजिटल मुद्राएं गुमनाम होती हैं, जिसके कारण उ"
633,डिजिटल मुद्राओं की सुरक्षा चुनौतियाँ,"आजकल डिजिटल मुद्राएं बड़े पैमाने पर उपयोग की जा रही हैं और इसका उपयोग निगमितीकरण और सुगमता के कारण तेजी से बढ़ रहा है। हालांकि, इन मुद्राओं की सुरक्षा चुनौतियाँ भी साथ ही बढ़ रही हैं।

सबसे बड़ी चुनौती है साइबर अपराधीयों की हमले की आशंका। उन्हें इन मुद्राओं के तंत्रों को हैक करके आपके धन को उड़ाने का मौका मिलता है। इसलिए, आपको अपने डिजिटल मुद्रा खातों की सुरक्षा को बहुत महत्व देना चाहिए।

एक और चुनौती है खोने या चोरी होने की संभावना। यदि आप अपने डिजिटल मुद्रा खाते के लिए सुरक्षित पासवर्ड नहीं चुनते"
634,जलवायु परिवर्तन के खिलाफ नई तकनीकें,"जलवायु परिवर्तन एक गंभीर समस्या है जिसे हमें समुद्र स्तर की बढ़ोतरी, जलवायु तापमान में वृद्धि, बाढ़, सूखा, और तूफानों की तरह कई प्रकार के परिणामों के रूप में देखा जा रहा है। इस समस्या का समाधान तकनीकी उन्नति के माध्यम से संभव है।

परंतु, जलवायु परिवर्तन के खिलाफ नई तकनीकें विकसित की जा रही हैं। इनमें से कुछ मुख्य तकनीकें निम्नलिखित हैं:

1. जलवायु संगठन: यह तकनीक जलवायु परिवर्तन को नियंत्रित करने के लिए विभिन्न तकनीकी उपायों का उपयोग करती है। इसमें जलवायु मॉडलिंग, जलवायु पूर्वानुमान, और तापमान के लिए"
636,वन्यजीव संरक्षण में तकनीक का उपयोग,"वन्यजीव संरक्षण में तकनीक का महत्वपूर्ण योगदान है। वन्यजीव संरक्षण विभिन्न प्रकार के जीव जंतुओं और पौधों की संरक्षण एवं संवर्धन की प्रक्रिया है जिसका मुख्य उद्देश्य प्राकृतिक संतुलन बनाए रखना है। तकनीक का उपयोग इसके लिए आवश्यक है क्योंकि यह वन्यजीवों की संरक्षण एवं उनके संरक्षण की उचित देखभाल को सुनिश्चित करने में मदद करता है।

तकनीक का उपयोग वन्यजीव संरक्षण में कई तरीकों से किया जा सकता है, जैसे सतही स्थितियों का मॉनिटरिंग, गतिविधियों का ट्रैकिंग, डेटा संग्रहण और विश्लेषण, वन्यजीवों के आव"
635,इलेक्ट्रिक वाहनों की भविष्य की संभावनाएँ,"इलेक्ट्रिक वाहनों का उपयोग वाहनों के प्रदूषण और ऊर्जा आधारित मुद्दों को हल करने के लिए एक प्रमुख तकनीकी समाधान है। इलेक्ट्रिक वाहनों की प्रमुख संभावनाएं निम्नलिखित हैं:

1. स्वच्छता: इलेक्ट्रिक वाहन वायु प्रदूषण और ध्वनि प्रदूषण में कमी लाने में मदद करते हैं। यह वातावरण के लिए अधिक मित्रपूर्ण होते हैं।

2. ऊर्जा आधारित: इलेक्ट्रिक वाहन विद्युत ऊर्जा पर आधारित होते हैं, जो कि अनगिनत स्थानीय उत्पादन स्रोतों से प्राप्त की जा सकती है।

3. कम चालन की लागत: विद्युत वाहनों का चालन करना सामान्य इंटरनल कंबस्टन इंजन वाहनों"
638,सतत विकास की नई रणनीतियाँ,"सतत विकास एक ऐसी प्रक्रिया है जिसमें समर्थन और संवर्धन के साथ साथ समृद्धि की दिशा में प्रगति होती है। नई तकनीकी और दुनियाभर में उपलब्ध सम्पन्नताओं की वजह से, विभिन्न क्षेत्रों में सतत विकास के लिए कई नई रणनीतियों की विकास हो रही है।

पहली रणनीति है डिजिटलीकरण, जिसमें तकनीक का उपयोग करके सेवाएं प्रदान करने की प्रक्रिया को सुगम और दक्षम बनाने का प्रयास किया जाता है। डिजिटलीकरण के माध्यम से सरकारी और गैर-सरकारी संगठन सेवाएं जनता तक पहुंचाने में सहायक होती हैं।

दूसरी रणनीति है सांविदानिक और सामरिक परिवर्तन को समर्थन करने के लिए"
639,वर्चुअल रियलिटी में नवीनतम रुझान,"वर्चुअल रियलिटी (Virtual Reality) एक उपयोगकर्ता को एक वास्तविक या अभिव्यक्त वातावरण में ले जाने वाली प्रौद्योगिकी है जिसे आवेशण या हेडसेट के माध्यम से उपयोग किया जाता है। इसका उपयोग विभिन्न क्षेत्रों में किया जा रहा है जैसे कि व्यावसायिक उपयोग, शिक्षा, मनोरंजन, सेहत और अन्य क्षेत्रों में।

नवीनतम रुझानों में एक बड़ा कदम अगली पीढ़ी को जोड़ने के लिए सोशल VR है। लोग दोस्तों और परिवार के साथ एक साथ खेलने और एक साथ समय बिताने के लिए VR का उपयोग कर रहे हैं। इससे उन्हें आसानी से अलग-अलग स्थानों में मिलने और एक साथ वीर"
640,ड्रोन प्रौद्योगिकी के नए उपयोग,"ड्रोन प्रौद्योगिकी ने अपने उत्कृष्ट मानकों और निजीकरण क्षमताओं के कारण विभिन्न क्षेत्रों में एक नया क्रांति ला दी है। इस प्रौद्योगिकी के उपयोग से सुरक्षा, संचार, विज्ञान, और व्यापार जैसे क्षेत्रों में अनेक नए अवसर पैदा हो रहे हैं।

एक क्षेत्र में, ड्रोन को अभियांत्रिक उद्योग में उपयोग किया जा रहा है। ड्रोन के उपयोग से नक्शे बनाने, जाँच करने और ई-वितरण करने में सुधार हुआ है। इससे निर्माण कार्यों में नक्शे बनाने का समय और लागत कम हो गई है।

दूसरे क्षेत्र में, सुरक्षा उद्योग में भी ड्रोन का उपयोग हो रहा है"
641,सौर ऊर्जा के नवीनतम विकास,"सौर ऊर्जा एक प्राकृतिक स्रोत है जो हमें निरंतर ऊर्जा उपलब्ध कराता है। यह एक साफ, असीमित और सुरक्षित ऊर्जा स्रोत है जो हमारे पर्यावरण को क्षति पहुंचाए बिना हमें ऊर्जा प्रदान करता है। सौर ऊर्जा के विकास में नवीनतम प्रौद्योगिकी और अनुसंधान के प्रयासों के कारण इसका उपयोग बढ़ रहा है।

सौर ऊर्जा के उत्पादन के लिए विभिन्न प्रौद्योगिकियाँ उपलब्ध हैं जैसे कि सौर ऊर्जा खागोलीय ऊर्जा का उपयोग करती है जिसमें सौर सेल्स, सौर टावर्स और सौर ऊर्जा सामग्री शामिल हैं। सौर ऊर्जा की उत्पादन प्रक्रिया में नवीनतम विकास शामिल हैं"
637,डिजिटल मुद्राओं की सुरक्षा चुनौतियाँ,"डिजिटल मुद्राएं आजकल लोकप्रिय हो रही हैं और इसका उपयोग भुगतान और लेन-देन के लिए बढ़ रहा है। हालांकि, डिजिटल मुद्राओं के उपयोग में कुछ सुरक्षा चुनौतियाँ भी हैं जिन्हें ध्यान में रखना आवश्यक है।

पहली चुनौती है ऑनलाइन धोखाधड़ी। इंटरनेट पर कई फर्जी वेबसाइट्स हैं जो आपकी निजी जानकारी चुरा सकती हैं। इसलिए डिजिटल मुद्राओं का उपयोग करते समय सतर्क रहना आवश्यक है।

दूसरी चुनौती है मालवेयर और वायरस। कंप्यूटर या मोबाइल डिवाइस पर मालवेयर और वायरस से डिजिटल मुद्राओं के सुरक्षा खतरे हो सकते हैं। इसल"
642,ड्रोन प्रौद्योगिकी के नए उपयोग,"ड्रोन प्रौद्योगिकी ने विभिन्न क्षेत्रों में नए और रोचक उपयोगों का दरवाजा खोल दिया है। इस उच्चतम तकनीकी उपकरण की मदद से, हम विभिन्न क्षेत्रों में कार्य सुचारू रूप से कर सकते हैं।

पहला उपयोग है ड्रोन का उपयोग जलवायु और आपातकालीन परिस्थितियों की निगरानी के लिए। ड्रोन वन्यजीव संरक्षण, वन्यजीव गणना और जलवायु परिवर्तन का मॉनिटरिंग करने में मदद कर सकते हैं। 

दूसरा उपयोग है कृषि क्षेत्र में। ड्रोन कृषि भूमि का मॉनिटरिंग करने, उर्वरक की ओर से बूटियों को प्रबंधित करने और फसलों की उपेक्षा करने में मदद कर सकत"
643,क्वांटम कंप्यूटिंग की व्यावहारिक अनुप्रयोग,"क्वांटम कंप्यूटिंग एक उभयाकृत प्रौद्योगिकी है जो क्वांटम प्रिन्सिपल्स का उपयोग करके गणना करती है। यह एक उन्नत तकनीक है जिसमें एक क्वांटम बिट के रूप में प्रोग्रामिंग किया जाता है जो आधुनिक कंप्यूटिंग से कई गुना तेज होता है। क्वांटम कंप्यूटिंग का उद्देश्य है अद्भुत गणना शक्ति प्रदान करना जो असंभावित कार्यों को संभव बना सके।

क्वांटम कंप्यूटिंग की व्यावहारिक अनुप्रयोग कई क्षेत्रों में देखने को मिलते हैं। एक क्षेत्र है और उसका उदाहरण है क्रिप्टोग्राफी जहाँ क्वांटम कंप्यूटिंग का उपयोग डेटा सुरक"
644,रोबोटिक्स का विकास और उसके अनुप्रयोग,"रोबोटिक्स एक ऐसी तकनीक है जो रोबोट के निर्माण, निर्देशन, और उसके संचालन के लिए अध्ययन करती है। यह तकनीक अब सभी क्षेत्रों में अपनायी जा रही है, जैसे कि विज्ञान, चिकित्सा, उद्योग, और विमानिकी।

रोबोटिक्स का विकास तेजी से हो रहा है और इसके अनुप्रयोग भी बढ़ रहे हैं। उदाहरण के लिए, वैज्ञानिक अन्वेषण के लिए रोबोट का उपयोग हो रहा है जो अध्ययन करने के लिए अधिक सुरक्षित और अनुकूल है। चिकित्सा में भी रोबोट्स अब सर्जरी और उपचार के क्षेत्र में उपयोग किए जा रहे हैं। ये रोबोट अत्यंत सूक्ष्म और"
645,सतत विकास की नई रणनीतियाँ,"आधुनिक तकनीकी उत्पादों और सेवाओं के तेजी से बढ़ते चलन के साथ, सतत विकास की नई रणनीतियों की महत्वपूर्ण भूमिका है। इस युग में, विकास की गति तेजी से बढ़ रही है और इसका मतलब है कि हमें नए और संवेदनशील तरीके से काम करने की आवश्यकता है। यहां कुछ नई रणनीतियों का उल्लेख किया गया है जो सतत विकास को प्रोत्साहित करने में मददगार हो सकती हैं।

पहली रणनीति है एजाइल डेवलपमेंट, जिसमें उत्पाद की छोटी-छोटी भागों में विकसिति की जाती है और उपभोक्ताओं की प्रतिक्रिया के आधार पर उन्हें सुधारा जाता है। दूसरी रणनीति है माइक्र"
646,प्लास्टिक प्रदूषण कम करने की नई विधियाँ,"प्लास्टिक प्रदूषण आजकल एक बड़ी समस्या बन गई है जो हमारे पर्यावरण के लिए खतरनाक है। इस समस्या को हल करने के लिए नई विधियाँ और तकनीकें विकसित की जा रही हैं।

पहली विधि है बायो-प्लास्टिक का प्रयोग करना। बायो-प्लास्टिक ऐसा प्लास्टिक है जो प्राकृतिक सामग्रियों से बना होता है और प्रदूषण में कमी करने में मदद करता है। यह प्लास्टिक जल से बिना किसी हानिकारक पदार्थों के अलग हो जाता है।

दूसरी विधि है प्लास्टिक की पुन: उपयोगिता। इस तकनीक में प्लास्टिक को पुनः से बनाने और पुनः से उपयोग करने की प्रक्रिया शामिल है। इससे प्लास्ट"
647,ब्लॉकचेन प्रौद्योगिकी का भविष्य,"ब्लॉकचेन प्रौद्योगिकी एक नवाचारी तकनीक है जो डिजिटल सूचना को सुरक्षित तरीके से संग्रहित करने के लिए उपयोग किया जाता है। ब्लॉकचेन का उपयोग पहले सिर्फ क्रिप्टोकरेंसी के लिए होता था, लेकिन आज यह विभिन्न क्षेत्रों में अपना प्रभाव बना चुका है।

ब्लॉकचेन प्रौद्योगिकी का भविष्य बहुत उज्जवल है। यह तकनीक विभिन्न क्षेत्रों में व्यापक रूप से उपयोग किया जा रहा है, जैसे कि वित्तीय सेवाएं, स्वास्थ्य सेवाएं, लॉगिस्टिक्स, और स्मार्ट कॉन्ट्रैक्ट्स। ब्लॉकचेन तकनीक सुरक्षित, पारदर्शी, और आत्मसाक्षरी है, जिससे उस"
648,ब्लॉकचेन प्रौद्योगिकी का भविष्य,"ब्लॉकचेन प्रौद्योगिकी एक विशेष प्रकार की डिजिटल लेडजर है जिसमें डेटा ब्लॉक्स में सुरक्षित तरीके से स्टोर किया जाता है। यह तकनीक डेटा सुरक्षित रखने, विश्वसनीयता और ट्रांजेक्शन की पुष्टि की गारंटी देने के लिए उपयोगी है। ब्लॉकचेन की विशेषता यह है कि इसमें सभी डेटा स्थायी रूप से एक साथ रखा जाता है और इसे किसी भी व्यक्ति या संगठन के नियंत्रण से बाहर रखा जा सकता है।

ब्लॉकचेन प्रौद्योगिकी का भविष्य बहुत उज्जवल है। इसका उपयोग विभिन्न क्षेत्रों में बदलाव लाने में किया जा रहा है। वित्तीय सेवाओं, स्वास"
651,सतत विकास की नई रणनीतियाँ,"सतत विकास की नई रणनीतियाँ

आज का तकनीकी युग तेजी से बदल रहा है और इसके साथ हमें अपने विकास की रणनीतियों को भी अपडेट करने की आवश्यकता है। सतत विकास की नई रणनीतियाँ विभिन्न क्षेत्रों में अनुशासनपूर्ण एवं सुसंगत विकास को प्रोत्साहित करने के लिए बनाई जा रही हैं।

पहली रणनीति है डिजिटलीकरण की प्रोत्साहना। डिजिटल तकनीकी का उपयोग करके विभिन्न क्षेत्रों में विकास को गति देने के लिए सरकारें, उद्यमिता और समुदायों को प्रोत्साहित किया जा रहा है। इससे लोगों को नए विकास के अवसर मिलेंगे और साथ ही मानव संसाधन का उपयोग भी ब"
650,वन्यजीव संरक्षण में तकनीक का उपयोग,"वन्यजीव संरक्षण में तकनीक का उपयोग एक महत्वपूर्ण कार्यक्षेत्र है जो विभिन्न प्रकार के वन्यजीवों की संरक्षण और प्रबंधन में मदद करता है। वन्यजीव संरक्षण में तकनीक का उपयोग तकनीकी उपकरणों और विज्ञान का सही उपयोग करके जंगली जानवरों के प्रबंधन में सहायता प्रदान करता है।

तकनीक का उपयोग वन्यजीव संरक्षण में विभिन्न क्षेत्रों में किया जा सकता है, जैसे कि जैविक अनुसंधान, जैव डाटा संग्रहण, जैव निगरानी, और वन्यजीव सुरक्षा। तकनीक का उपयोग जैविक डाटा को सुरक्षित रखने और विश्लेषण करने के लिए किया जा सकता ह"
649,कृत्रिम बुद्धिमत्ता का उपयोग साइबर सुरक्षा में,"कृत्रिम बुद्धिमत्ता (Artificial Intelligence) एक तकनीक है जिसमें मशीनों को मानव बुद्धिमत्ता के साथ काम करने की क्षमता प्रदान की जाती है। साइबर सुरक्षा में कृत्रिम बुद्धिमत्ता का उपयोग किया जा रहा है ताकि सुरक्षा परिष्क्षण, उत्पादन और प्रतिक्रिया की क्षमताएँ बढ़ाई जा सकें।

कृत्रिम बुद्धिमत्ता के उपयोग से साइबर सुरक्षा क्षेत्र में कई तरह की सुरक्षा की जा सकती है। सबसे पहले, कृत्रिम बुद्धिमत्ता कार्यक्रम सुरक्षा घातकताओं को खोजने और उन्हें रोकने में मदद कर सकते हैं। इसके लिए, ये कार्यक्रम साइबर हमलों की विचारशीलता को समझने में मदद कर सकते हैं और"
652,कृत्रिम बुद्धिमत्ता का उपयोग साइबर सुरक्षा में,"कृत्रिम बुद्धिमत्ता एक महत्वपूर्ण तकनीकी उपकरण है जो साइबर सुरक्षा में एक महत्वपूर्ण भूमिका निभाता है। यह प्रौद्योगिकी उन उपकरणों को समझने और उन्हें सुरक्षित रखने में मदद करती है जो अन्यथा इंसानी बुद्धि द्वारा संभावना नहीं है।

कृत्रिम बुद्धिमत्ता का उपयोग साइबर सुरक्षा के कई क्षेत्रों में किया जा सकता है। उदाहरण के लिए, कृत्रिम बुद्धिमत्ता अल्गोरिदम्स का उपयोग करके साइबर हमलों की पहचान करने में मदद कर सकती है। यह अल्गोरिदम्स सुरक्षा लेखकों को लाखों से लाखों संभावित हमलों में से वास्तविक हमलों को पहचानने म"
654,कृत्रिम बुद्धिमत्ता का उपयोग साइबर सुरक्षा में,"कृत्रिम बुद्धिमत्ता (Artificial Intelligence) एक तकनीक है जिसका उपयोग विभिन्न क्षेत्रों में किया जा रहा है, और साइबर सुरक्षा एक ऐसा क्षेत्र है जहाँ इसका महत्वपूर्ण योगदान है। 

कृत्रिम बुद्धिमत्ता का उपयोग साइबर सुरक्षा में सुरक्षित रहने के लिए कई तरीके से किया जा सकता है। एक तरह से, एआई क्यूरिंग और विश्लेषण के प्रक्रियाओं को तेजी से कर सकता है और आकस्मिक रूप से संभावित हमलों और उत्पीड़नों को पहचानने में मदद कर सकता है। 

दूसरी ओर, एआई साइबर हमलों को रोकने के लिए सुरक्षा सिस्टम्स को और भी सुदृढ़ बना सकता है। यह सुरक्षा सामग्री के व"
655,सतत विकास की नई रणनीतियाँ,"आधुनिक प्रौद्योगिकी और विज्ञान के क्षेत्र में नई रणनीतियों का अविष्कार निरंतर हो रहा है। इन नई रणनीतियों का उद्देश्य उपयोगकर्ताओं को और अधिक सुविधा और अभिवृद्धि प्रदान करना है। यहाँ हम कुछ सतत विकास की नई रणनीतियों पर चर्चा करेंगे।

1. सांविक विकास: इस रणनीति का मुख्य उद्देश्य प्रोग्रामिंग को क्षमताओं के साथ संविदानशील बनाना है। यह नई रणनीतियों का एक नया परिचय है जिसमें सिस्टम अपनी क्षमताओं को स्वयं सुधार सकता है।

2. मानव-सहायक तकनीक: इस रणनीति का मुख्य उद्देश्य मानव-सहायक तकनीक का विकास करना ह"
653,जलवायु परिवर्तन के खिलाफ नई तकनीकें,"जलवायु परिवर्तन एक गंभीर समस्या है जिसका सामना हम सभी कर रहे हैं। इस समस्या का सामना करने के लिए नई तकनीकें विकसित की जा रही हैं।

पहली तकनीक है 'कार्बन संयंत्र'. यह तकनीक कार्बन डाइऑक्साइड को वायु से हटाकर उसे स्थानीय या अन्य उपयोगों के लिए संदर्भित करती है। इससे वायु में प्रदूषण कम होता है और पर्यावरण को बचाने में मदद मिलती है।

दूसरी तकनीक है 'नेगेटिव इमिशन तकनीक'. इस तकनीक में कार्बन को वायु से हटाने के साथ ही उसे स्थाई रूप से बंद करने का प्रयास किया जाता है। इससे कार्बन डाइऑक्साइड का प्रदूषण कम होता है और जलव"
659,इंटरनेट ऑफ़ थिंग्स (IoT) और स्मार्ट सिटी,"आजकल इंटरनेट ऑफ़ थिंग्स (IoT) और स्मार्ट सिटी दोनों ही तकनीकी नवाचारों के रूप में महत्वपूर्ण हैं। IoT के माध्यम से अलग-अलग डिवाइस और वस्तुओं को इंटरनेट से कनेक्ट किया जा सकता है जिससे उन्हें डेटा साझा करने और कंट्रोल करने की सुविधा होती है। स्मार्ट सिटी में भी इसका बहुत बड़ा योगदान है।

स्मार्ट सिटी एक ऐसी शहरी आवासीय इकाई है जो टेक्नोलॉजी का उपयोग करके सुरक्षित, सुगम और स्वच्छ माहौल बनाती है। यह एक सुस्त, स्वाभाविक, और सामर्थ्यपूर्ण शहर है जिसमें विभिन्न सेंसर्स, नेटवर्क्स और डिवाइस कनेक्ट होते हैं। उन"
658,डिजिटल मुद्राओं की सुरक्षा चुनौतियाँ,"डिजिटल मुद्राएं आजकल बड़े प्रचलित हो गई हैं और लोग इन्हें नकद धन की तरह इस्तेमाल कर रहे हैं। इसके साथ ही इनकी सुरक्षा का भी ध्यान रखना महत्वपूर्ण है। डिजिटल मुद्राओं की सुरक्षा के कई चुनौतियाँ हैं।

पहली चुनौती है साइबर अपराधियों की बढ़ती गतिविधियाँ। ऑनलाइन और डिजिटल माध्यमों से होने वाले चोरी और धोखाधड़ी के कारण इन मुद्राओं की सुरक्षा पर संकेत मिलता है। दूसरी चुनौती यह है कि जरूरी है कि इन मुद्राओं की सुरक्षा के लिए उचित तकनीकी सुरक्षा का उपयोग किया जाए। तीसरी चुनौती यह है कि इन मुद्राओं के लेन-देन के सम"
660,ड्रोन प्रौद्योगिकी के नए उपयोग,"ड्रोन प्रौद्योगिकी ने विभिन्न क्षेत्रों में नए और रोचक उपयोग खोजे गए हैं। इस तकनीकी क्षेत्र का उपयोग सिविल, सैन्य, औद्योगिक, और वैज्ञानिक उद्योगों में किया जा रहा है।

ड्रोन का सबसे प्रमुख उपयोग सुरक्षा और सुरक्षा है। विभिन्न सुरक्षा एजेंसियों द्वारा ड्रोन का उपयोग सीमा सुरक्षा, जलवायु और आपातकालीन स्थितियों में किया जाता है। इसके अलावा, ड्रोन सुरक्षा कार्यकर्ताओं की जांच, अवकाशों की निगरानी, और आपातकालीन परिस्थितियों में निरीक्षण के लिए भी उपयोग किया जाता है।

एग्रीकल्चर उद्योग में भी ड्रोन का उ"
656,ब्लॉकचेन प्रौद्योगिकी का भविष्य,"ब्लॉकचेन प्रौद्योगिकी एक विशेष तकनीक है जिसने डिजिटल वित्त, संगठनात्मक प्रबंधन, सुरक्षा और अन्य क्षेत्रों में एक क्रांतिकारी परिवर्तन लाया है। ब्लॉकचेन एक डिजिटल सुरक्षित लेजर है जिसमें डेटा ब्लॉक के रूप में संग्रहित होता है और प्रत्येक ब्लॉक अपने पूर्ववर्ती ब्लॉक से संदेश को एक्रूपण करता है। इसके कारण ब्लॉकचेन बहुत ही सुरक्षित है और डेटा को संपादित या हटाया नहीं जा सकता।

ब्लॉकचेन प्रौद्योगिकी का भविष्य उज्जवल है। यह बदलाव लाने में सक्षम है और विभिन्न क्षेत्रों में सुधार कर सकती है। उदाहरण के लिए"
657,सतत विकास की नई रणनीतियाँ,"सतत विकास की नई रणनीतियाँ

आधुनिक दुनिया में तकनीकी विकास का गति सतत रूप से बढ़ रहा है और इससे जुड़े नए चुनौतियों का सामना करना हो रहा है। इस संदर्भ में, सतत विकास की नई रणनीतियाँ विशेष महत्व रखती हैं।

पहली रणनीति है नई तकनीकों के समर्थन में सरकार का योगदान। सरकारों को नई तकनीकों के विकास और उनके उपयोग को बढ़ावा देने के लिए नीतियों और योजनाओं को बदलने की जरूरत है।

दूसरी रणनीति है नई तकनीकों के उपयोग को बढ़ाने के लिए शिक्षा संस्थानों को मजबूत करना। युवा पीढ़ी को नई तकनीकों के बारे में ज"
661,कृत्रिम बुद्धिमत्ता का उपयोग साइबर सुरक्षा में,"कृत्रिम बुद्धिमत्ता या आर्टिफिशियल इंटेलिजेंस (AI) एक तकनीक है जो मानव बुद्धि की स्थानीयकरण करती है ताकि सिस्टम विभिन्न कार्यों को स्वत: पूरा कर सके। साइबर सुरक्षा में भी कृत्रिम बुद्धिमत्ता का उपयोग किया जा रहा है ताकि जानकारी सुरक्षित रखी जा सके और किसी भी संक्रमित या अवैध गतिविधि को रोका जा सके।

कृत्रिम बुद्धिमत्ता को साइबर सुरक्षा में इन्ट्रुशन डिटेक्शन, वायरस स्कैनिंग, डेटा एनालिटिक्स, और और सुरक्षा सिस्टम के लिए बहुत सारे कामों में उपयोग किया जा सकता है। कृत्रिम बुद्धिमत्ता सिस्टम बड़े मात्रा में डेटा को स्क"
662,इंटरनेट ऑफ़ थिंग्स (IoT) और स्मार्ट सिटी,"आधुनिक जीवन में इंटरनेट ऑफ़ थिंग्स (IoT) का महत्व तेजी से बढ़ रहा है। यह तकनीक सभी वस्तुओं को इंटरनेट के माध्यम से जोड़ने की सक्षमता प्रदान करती है। इसका उपयोग न केवल व्यक्तिगत उपयोग के लिए होता है, बल्कि समुदाय और नगरीय विकास के लिए भी किया जा सकता है।

स्मार्ट सिटी एक ऐसी पहल है जिसमें IoT का प्रमुख उपयोग होता है। इसमें सड़कों, ट्रांसपोर्ट सुविधाएं, ऊर्जा प्रबंधन, सुरक्षा, पर्यावरण निगरानी और शहरी सेवाएं इंटरनेट के माध्यम से जुड़ी होती हैं। इसके परिणामस्वरूप एक स्मार्ट सिटी सुरक्षित, सुगम और सुस्त होती ह"
663,प्लास्टिक प्रदूषण कम करने की नई विधियाँ,"प्लास्टिक प्रदूषण एक बड़ी समस्या है जो हमारे पृथ्वी के लिए खतरनाक है। हम सभी को इस समस्या को हल करने के लिए योगदान देना चाहिए। यहां कुछ नई तकनीकी विधियाँ हैं जो प्लास्टिक प्रदूषण को कम करने में मदद कर सकती हैं:

1. बायो-प्लास्टिक: बायो-प्लास्टिक प्राकृतिक सब्स्ट्रेट से बना होता है और प्राकृतिक रूप से टूट जाता है। यह प्लास्टिक के उत्पादन में कार्बन प्रदूषण को कम कर सकता है।

2. प्लास्टिक की पुनर्चक्रण तकनीकें: प्लास्टिक की पुनर्चक्रण तकनीकें उपयोग करके हम प्लास्टिक को पुनः उपयोगिता में ला सकते हैं और इसे फिर से नया प्ल"
664,रोबोटिक्स का विकास और उसके अनुप्रयोग,"रोबोटिक्स एक विज्ञान और तकनीक का क्षेत्र है जिसमें रोबोट या स्वचालित मशीनों का विकास और उपयोग किया जाता है। इस क्षेत्र में एक संगीत मिलान है जिसमें विभिन्न शाखाओं की तकनीक, सॉफ्टवेयर, अभियांत्रिकी, कम्प्यूटर साइंस, निर्माण और तकनीकी विज्ञान का समावेश है।

रोबोटिक्स का विकास तेजी से हो रहा है और इसके अनेक उपयोग हैं। उदाहरण के लिए, औद्योगिक क्षेत्र में रोबोट कारखानों में काम कर सकते हैं, जिससे उत्पादकता में वृद्धि होती है। इसके अलावा, रोबोटिक्स का उपयोग वैज्ञानिक अनुसंधान, चिकित्सा, विमानन, अं"
665,जलवायु परिवर्तन के खिलाफ नई तकनीकें,"जलवायु परिवर्तन आज की सबसे बड़ी चुनौती है और इसका सामना करने के लिए हमें नई तकनीकों की आवश्यकता है। तकनीकी उन्नति से न केवल जलवायु परिवर्तन को कम किया जा सकता है, बल्कि हम इसे रोकने और उसके प्रभावों से निपटने के लिए भी नए और सुगम समाधान ढूंढ सकते हैं।

एक उत्कृष्ट तकनीकी समाधान है भू-अभिलेख सिस्टम्स का उपयोग। ये सिस्टम पृथ्वी के भू-सतह का मापन करते हैं और जलवायु परिवर्तन के प्रभावों को अच्छी तरह से समझने में मदद करते हैं। इसके जरिए हम विस्तृत और सटीक डेटा प्राप्त कर सकते हैं जो हमें उसमें कोई अंशिकता नही"
666,कृत्रिम बुद्धिमत्ता का उपयोग साइबर सुरक्षा में,"कृत्रिम बुद्धिमत्ता या आर्टिफिशियल इंटेलिजेंस (AI) एक तकनीक है जिसे साइबर सुरक्षा में उपयोग किया जा सकता है। आधुनिक समय में साइबर हमले बढ़ रहे हैं और इसके लिए उचित सुरक्षा की जरूरत है। AI का उपयोग साइबर सुरक्षा में निम्नलिखित क्षेत्रों में किया जा सकता है:

1. विशेषज्ञता: AI का उपयोग सुरक्षा विशेषज्ञता में किया जा सकता है जैसे कि अनोमली डिटेक्शन, संभावित हमले की पहचान और सुरक्षा घातकों के खिलाफ रोकथाम।

2. डेटा एनालिटिक्स: AI की मदद से सुरक्षा विशेषज्ञ बड़े डेटा सेट्स से जानकारी प्राप्त कर सकते हैं और उसे विश्लेषित कर"
667,कृत्रिम बुद्धिमत्ता का उपयोग साइबर सुरक्षा में,"कृत्रिम बुद्धिमत्ता, जिसे एआई (Artificial Intelligence) के रूप में भी जाना जाता है, एक तकनीकी उपकरण है जो मानव बुद्धिमत्ता को मिमिक करने के लिए डिज़ाइन किया गया है। साइबर सुरक्षा में, कृत्रिम बुद्धिमत्ता का उपयोग कई तरह के सुरक्षा प्रोटोकॉल्स को मजबूत और सुरक्षित बनाने के लिए किया जाता है।

कृत्रिम बुद्धिमत्ता की मदद से सुरक्षा विशेषज्ञ साइबर हमलों को पहचानने, रोकने और उनके प्रतिक्रिया करने में मदद कर सकते हैं। यह एल्गोरिथ्म और डेटा वैश्विक स्तर पर संकलित कर सकता है और अद्वितीय रूप से डेटा को विश्लेषित कर सकता है।

कृत्रिम बुद"
668,डिजिटल मुद्राओं की सुरक्षा चुनौतियाँ,"आजकल डिजिटल मुद्राएं बनाने और उपयोग करने में बढ़ती प्राथमिकता के कारण इंटरनेट यूजर्स के लिए डिजिटल मुद्राओं की सुरक्षा एक महत्वपूर्ण मुद्दा बन गई है। डिजिटल मुद्राओं के इस विकास ने साइबर अपराधिता को सहज तरीके से उपयोगकर्ताओं के धन को हमला करने का मौका दिया है। इसके लिए अग्रदूत सुरक्षा सुरक्षा कई तकनीकी और सामाजिक पहलुओं को ध्यान में रखने की आवश्यकता है।

एक सुरक्षित डिजिटल मुद्रा प्लेटफार्म की एक कुंजी वैशिष्ट्यक सुरक्षा विधियों का समर्थन करनी चाहिए। यह सुरक्षा विधियाँ उच्च स्तर के डेटा एनक्रिप्शन, दो-प्रमाण"
669,रोबोटिक्स का विकास और उसके अनुप्रयोग,"रोबोटिक्स एक ऐसा क्षेत्र है जिसमें विज्ञान, इंजीनियरिंग, और तकनीक का मिश्रण है जिसके माध्यम से स्वचालित मशीनों को डिज़ाइन, विकसित और उपयोग में लाया जाता है। रोबोटिक्स का विकास तेजी से बढ़ रहा है और आजकल यह विभिन्न क्षेत्रों में अपना उपयोग कर रहा है।

रोबोटिक्स का उपयोग विभिन्न क्षेत्रों में किया जा रहा है, जैसे कि औद्योगिक, स्वास्थ्य, कृषि, शिक्षा, और अंतरिक्ष। उदाहरण के लिए, औद्योगिक क्षेत्र में रोबोट्स काम को तेज़ करने में मदद करते हैं और मानवों के लिए कठिन और खतरनाक कार्यों को सुरक्षित बनाते ह"
670,वन्यजीव संरक्षण में तकनीक का उपयोग,"वन्यजीव संरक्षण में तकनीक का महत्वपूर्ण योगदान है। वन्यजीव संरक्षण एक ऐसी प्रक्रिया है जिसमें वन्यजीवों की जीवनधारा, संरक्षण, और संवर्धन की दिशा में कार्रवाई की जाती है। तकनीक विज्ञान और प्रौद्योगिकी का उपयोग करके वन्यजीव संरक्षण कार्यक्रमों को सफल बनाने में मदद करती है।

तकनीक का उपयोग वन्यजीव संरक्षण में कई तरीकों से किया जा सकता है। जैसे कि गहरे अध्ययन, ट्रैकिंग, रेडियो कॉलार इस्तेमाल, डीएनए एनालिसिस, और सेंसर्स का उपयोग किया जा सकता है। ये तकनीकी उपकरण संग्रहण, अध्ययन और निगरानी में म"
673,वन्यजीव संरक्षण में तकनीक का उपयोग,"वन्यजीव संरक्षण एक महत्वपूर्ण मुद्दा है जो हमारे प्राकृतिक संसाधनों और जीव जंतुओं की संरक्षा में महत्वपूर्ण भूमिका निभाता है। तकनीकी उपाय इस क्षेत्र में एक महत्वपूर्ण सहायक हो सकते हैं।

पहले, वन्यजीव संरक्षण में तकनीक का उपयोग जीव जंतुओं की गणना और मानकरण में किया जा सकता है। उचित तकनीक का उपयोग करके हम जंगली जीवन की विविधता को संभावित स्थानों पर निरीक्षण कर सकते हैं और इसे संरक्षित करने के लिए नीतियों को बना सकते हैं।

दूसरे, वन्यजीव संरक्षण क्षेत्र में तकनीक का उपयोग प्रकृति संरक्षण के लिए निर्वाहक कार्य"
671,वन्यजीव संरक्षण में तकनीक का उपयोग,"वन्यजीव संरक्षण एक महत्वपूर्ण क्षेत्र है जो हमारे प्राकृतिक संसाधनों और जीवन के लिए अत्यंत महत्वपूर्ण है। वन्यजीव संरक्षण में तकनीक का उपयोग एक महत्वपूर्ण भूमिका निभाता है जो संरक्षण कार्रवाई को सुनिश्चित करने में मदद करता है।

तकनीक का उपयोग वन्यजीव संरक्षण में कई तरीकों से किया जा सकता है। पहले, तकनीकी उपकरण जैसे सेंसर्स, ड्रोन, और जीप वन्यजीव संरक्षण क्षेत्र में जानकारी एकत्र करने में मदद कर सकते हैं। इसके अलावा, वन्यजीव संरक्षण के लिए विभिन्न तकनीकी सॉफ्टवेयर भी उपयोग किए जा सकते हैं जो जीवजंतु"
672,जलवायु परिवर्तन के खिलाफ नई तकनीकें,"जलवायु परिवर्तन का बढ़ता होना एक गंभीर समस्या है जिसका सामाजिक, आर्थिक और पर्यावरणीय पहलू है। इस समस्या का समाधान न केवल सांविदानिक बल्कि तकनीकी उपायों से भी हो सकता है। 

कुछ नई तकनीकें जलवायु परिवर्तन के खिलाफ लड़ाई में महत्वपूर्ण भूमिका निभा रही हैं। इनमें से कुछ चरम तापमान को कम करने के लिए जलवायु इंजीनियरिंग समाधान शामिल हैं। एक उदाहरण के रूप में, सौर ऊर्जा तकनीकें और जल ऊर्जा प्रौद्योगिकियाँ जलवायु परिवर्तन के कारणों को कम करने में मददगार साबित हो रही हैं। 

एक और महत्वपूर्ण तकनीकी उपाय ग्रीन इं"
675,जलवायु परिवर्तन के खिलाफ नई तकनीकें,"जलवायु परिवर्तन आजकल एक बड़ी चुनौती है और हमें इसका सामना करने के लिए नई तकनीकों की आवश्यकता है। नई तकनीकें इस समस्या का समाधान निकालने में मदद कर सकती हैं।

पहली तकनीक है वृष्टि संचयन तकनीक। इस तकनीक में वृष्टि को संग्रहित करने के लिए जल संचार तंतु बनाये जा सकते हैं, जिससे पानी की व्यवस्था में सुधार हो सके। इससे सिंचाई की प्रक्रिया में भी सुधार होगा और कृषि उत्पादन बढ़ेगा।

दूसरी तकनीक है ऊर्जा संदेशन तकनीक। विद्युत ऊर्जा को दूरस्थ स्थानों से उपयोग स्थल तक पहुंचाने के लिए ऊर्जा संदेशन तकनीक का उपय"
674,सौर ऊर्जा के नवीनतम विकास,"सौर ऊर्जा एक प्राकृतिक ऊर्जा स्रोत है जिसे सूर्य के ऊपर उपलब्ध ऊर्जा से प्राप्त किया जाता है। यह एक स्वच्छ, सुरक्षित और अनगिनत स्रोत है जिसका उपयोग जल, हवा और भूमि के प्रदूषण को कम करने में मदद करता है। सौर ऊर्जा का उत्पादन और उपयोग तेजी से बढ़ रहा है और नवीनतम तकनीकी विकासों के कारण इसमें सुधार हो रहा है।

वर्तमान में, सौर ऊर्जा के उत्पादन के लिए सोलर पैनल, सोलर इन्वर्टर और सोलर बैटरी जैसी उन्नत तकनीकें उपलब्ध हैं। सोलर पैनल की क्षमता और प्रदर्शन में सुधार हो रहा है जिससे ऊर्जा का अधिक से अधिक उत्पादन किया"
676,सौर ऊर्जा के नवीनतम विकास,"सौर ऊर्जा एक प्राकृतिक स्रोत है जो हमें बिजली उत्पादित करने के लिए सुन की किरणों का उपयोग करता है। सौर ऊर्जा का उपयोग वायवीय परिवर्तनों को कम करने और पर्यावरण की सुरक्षा के लिए एक महत्वपूर्ण साधन है।

विज्ञान और प्रौद्योगिकी के क्षेत्र में सौर ऊर्जा के नवीनतम विकास ने इसकी उपयोगिता और प्रभावकारीता को बढ़ा दिया है। नवीनतम तकनीकी उपायों ने सौर ऊर्जा के उत्पादन को सस्ता और उपयोगकर्ता के लिए अधिक सुलभ बना दिया है।

एक नवीनतम विकास में सौर पैनल तकनीकी क्षमता में वृद्धि की गई है, जिससे अब पैनल अधिक ऊर्जा उत"
677,डिजिटल मुद्राओं की सुरक्षा चुनौतियाँ,"आधुनिक दुनिया में डिजिटल मुद्राएं बढ़ती तेजी से उपयोगिता का विकास कर रही हैं, लेकिन इसके साथ ही सुरक्षा चुनौतियाँ भी बढ़ गई हैं। डिजिटल मुद्राओं की सुरक्षा की एक मुख्य चुनौती है ऑनलाइन चोरी। चोरी के लिए अकाउंट की जानकारी चोरी करने वाले एक हैकर को इस्तेमाल कर ऑनलाइन लेनदेन किया जा सकता है। 

इस समस्या का समाधान करने के लिए सुरक्षित पासवर्ड का उपयोग करना बहुत महत्वपूर्ण है। एक मजबूत पासवर्ड बनाने के लिए लंबाई, विशेष अक्षर और अंक, विशेष चिन्हों का उपयोग करें। इसके अलावा, नेटवर्क सुरक्षा, डेटा एन्क्रिप्शन,"
678,डिजिटल मुद्राओं की सुरक्षा चुनौतियाँ,"आधुनिक दुनिया में डिजिटल मुद्राएं बढ़ती तेजी से उपयोग की जा रही हैं, लेकिन इसके साथ ही सुरक्षा समस्याएं भी बढ़ती जा रही हैं। डिजिटल मुद्राओं की सुरक्षा विषय में कई चुनौतियां हैं, जिनमें सबसे मुख्य हैं हैकिंग, फिशिंग, मालवेयर, रैंसमवेयर आदि।

हैकिंग एक बड़ी चुनौती है, जिसमें हैकर्स नेटवर्क में घुसकर उपयोगकर्ताओं की संचित जानकारी को चुरा सकते हैं। फिशिंग एक और तकनीक है जिसमें धोखाधड़ी करने वाले वेबसाइट्स या ईमेल के माध्यम से उपयोगकर्ताओं से पर्सनल जानकारी प्राप्त करते हैं। मालवेयर एक अन्य"
680,इलेक्ट्रिक वाहनों की भविष्य की संभावनाएँ,"वर्तमान में इलेक्ट्रिक वाहनों का उपयोग बढ़ रहा है और इसका कारण पर्यावरण के संरक्षण के लिए इसमें कार्बन इमिशन की कमी होना है। भविष्य में इलेक्ट्रिक वाहनों की संख्या और उपयोग और भी बढ़ने की संभावना है।

पहले, तकनीकी उन्नति के कारण इलेक्ट्रिक वाहनों की कीमतें कम हो रही हैं और उनकी चार्जिंग सुविधा में भी सुधार हो रहा है। यह लोगों के लिए इलेक्ट्रिक वाहन खरीदने को प्रोत्साहित करेगा।

दूसरे, सरकारों द्वारा इलेक्ट्रिक वाहनों के लिए अनुदान और सब्सिडी की घोषणा कार्यक्रमों के माध्यम से इलेक्ट्रिक वाहनों की लोकप्रियता और उपय"
679,सौर ऊर्जा के नवीनतम विकास,"सौर ऊर्जा एक महत्वपूर्ण और स्वच्छ ऊर्जा स्रोत है जो हमारे पर्यावरण के लिए अच्छा है। सौर ऊर्जा के नवीनतम विकास में नए और उन्नत तकनीकी उपायों का उपयोग किया जा रहा है। उन्नत सौर पैनल, सौर सेल, और सौर ऊर्जा संयंत्रों की तकनीक ने इस क्षेत्र में क्रांति ला दी है।

नवीनतम विकास के तहत नए ऊर्जा भंडारण प्रणालियों का विकास किया जा रहा है जो सौर ऊर्जा का संचय कर सकें और उसे अनियमितताओं के खिलाफ सुरक्षित रूप से उपयोग करने में मदद कर सकें। इसके अलावा, सौर ऊर्जा से चलने वाले वाहनों के विकास पर भी ध्यान दिया जा रहा है जिससे प"
682,डिजिटल मुद्राओं की सुरक्षा चुनौतियाँ,"आज के डिजिटल युग में डिजिटल मुद्राएं एक बहुत ही महत्वपूर्ण और लोकप्रिय विकल्प बन गई हैं। इनका उपयोग ऑनलाइन लेन-देन में किया जा सकता है और यह वास्तविक धन से भी खुदरा खरीदारी करने की सुविधा प्रदान करती है। हालांकि, डिजिटल मुद्राओं की सुरक्षा एक बड़ी चुनौती है जिस पर हमें ध्यान देना चाहिए।

पहली चुनौती है ऑनलाइन धोखाधड़ी और चोरी की आशंका। हैकर्स और ऑनलाइन धारकों की गतिविधियों का खतरा हमेशा बना रहता है। इसलिए, हमें सुरक्षित इंटरनेट कनेक्शन का उपयोग करना चाहिए और अपने डिजिटल मुद्राओं के लिए सुरक्षित पासवर"
681,सतत विकास की नई रणनीतियाँ,"सतत विकास के लिए नई रणनीतियाँ आवश्यक हैं ताकि हम तकनीकी उन्नति के साथ कदम से कदम मिलाकर आगे बढ़ सकें। विश्वास की जाती है कि विकास को निरंतर बनाए रखने के लिए निम्नलिखित रणनीतियाँ अहम हैं:

1. नई तकनीकों का उपयोग: तकनीकी उन्नति का सही और समय पर उपयोग करना विकास को तेजी से आगे बढ़ा सकता है। उदाहरण के लिए, ई-व्यापार, ई-शिक्षा, और ई-स्वास्थ्य सेवाएं विकास को गति प्रदान कर सकती हैं।

2. सामाजिक और आर्थिक समावेश: सामाजिक और आर्थिक समावेश विकास के लिए महत्वपूर्ण है। सुनिश्चित करना चाहिए कि तकनीकी उन्नति समाज के सभी"
683,प्लास्टिक प्रदूषण कम करने की नई विधियाँ,"प्लास्टिक प्रदूषण एक बड़ी समस्या है जिससे हमारे पर्यावरण को नुकसान हो रहा है। प्लास्टिक के बढ़ते उपयोग से सूचना, यातायात और खाद्य संयंत्रों में परिवर्तन आया है। इसके परिणामस्वरूप, प्लास्टिक की अधिकता से पर्यावरण को नुकसान हो रहा है।

प्लास्टिक प्रदूषण को कम करने के लिए कुछ नई विधियाँ हैं जो भावी क्षेत्रों में काम कर सकती हैं। एक ऐसी तकनीक है बायो-प्लास्टिक्स का उपयोग। बायो-प्लास्टिक्स प्राकृतिक सामग्रियों से बने होते हैं और पूरी तरह से जीवाणु-सूक्ष्मजीवों द्वारा अलग किए जाने के बाद उत्पन्न होते हैं। इन"
686,डिजिटल मुद्राओं की सुरक्षा चुनौतियाँ,"आज के डिजिटल युग में डिजिटल मुद्राओं का उपयोग बढ़ रहा है और इसका उपयोग लोग अपनी ऑनलाइन खरीददारी और लेन-देन में कर रहे हैं। डिजिटल मुद्राएं एक सुरक्षित और आसान विकल्प हैं, लेकिन इसके साथ ही सुरक्षा चुनौतियाँ भी हैं।

पहली चुनौती है ऑनलाइन धोखाधड़ी और फिशिंग। यह उन धोखाधड़ी तकनीकों को संदर्भित करता है जिनका उद्देश्य उपयोगकर्ताओं की सामान्यत: भेजी गई सूचनाओं, जैसे पासवर्ड या खाता संबंधी जानकारी, को चुराना होता है। उपयोगकर्ताओं को धोखाधड़ी और फिशिंग से सावधान रहना चाहिए।

दूसरी"
685,इलेक्ट्रिक वाहनों की भविष्य की संभावनाएँ,"आजकल इलेक्ट्रिक वाहनों की मांग तेजी से बढ़ रही है और इसके पीछे कई कारण हैं। पहला कारण है पर्यावरण के प्रति जागरूकता जिससे लोग अपने वाहनों को प्रदूषण मुक्त बनाने के प्रयास में हैं। दूसरा कारण है ऊर्जा संकट जिसके कारण लोग अल्टरनेटिव ऊर्जा स्रोतों की ओर ध्यान दे रहे हैं।

इलेक्ट्रिक वाहनों की भविष्य में बहुत सारे संभावनाएं हैं। पहले, इलेक्ट्रिक वाहनों का उपयोग व्यक्तिगत वाहनों के साथ ही ट्रांसपोर्टेशन सेवाओं में भी बढ़ सकता है। यह शहरों में ट्रैफिक जाम को कम करने और प्रदूषण को कम करने में मदद कर सकता है।

दूसरे"
684,वन्यजीव संरक्षण में तकनीक का उपयोग,"वन्यजीव संरक्षण एक महत्वपूर्ण क्षेत्र है जिसका मुख्य उद्देश्य प्राकृतिक संसाधनों और वन्यजीव समुदायों की सुरक्षा और संरक्षण है। तकनीक इस क्षेत्र में एक महत्वपूर्ण भूमिका निभाती है और वन्यजीव संरक्षण में तकनीक का उपयोग यहाँ निम्नलिखित कारणों से महत्वपूर्ण है।

पहले, तकनीक वन्यजीवों की गणना, अध्ययन और मॉनिटरिंग में महत्वपूर्ण भूमिका निभाती है। इसके द्वारा हम वन्यजीवों की संख्या, स्थिति और संरक्षण की आवश्यकताओं का अच्छी तरह से अध्ययन कर सकते हैं।

दूसरे, वन्यजीव संरक्षण में तकनीक का उपयोग सु"
688,इंटरनेट ऑफ़ थिंग्स (IoT) और स्मार्ट सिटी,"आज के समय में इंटरनेट ऑफ़ थिंग्स (IoT) और स्मार्ट सिटी कांसेप्ट तेजी से विकसित हो रहा है। IoT एक तकनीकी यंत्रणा है जिसमें विभिन्न डिवाइस और सेंसर्स इंटरनेट के माध्यम से जुड़े होते हैं और एक डेटा नेटवर्क के माध्यम से संचार करते हैं। इसका उद्देश्य यह है कि ये डिवाइस और सेंसर्स एक-दूसरे के साथ संचार कर सकें और आपस में सहयोग कर सकें।

स्मार्ट सिटी एक ऐसी शहर है जहां IoT के उपयोग से सुविधाएं और सुरक्षा कार्यक्षमता में सुधार होता है। यह शहर वासियों के लिए बेहतर सेवाएं प्रदान करता है, ऊर्जा की देखभाल करता है, ट्राफिक नियंत्रण करत"
687,इंटरनेट ऑफ़ थिंग्स (IoT) और स्मार्ट सिटी,"आधुनिक तकनीक की एक नवीनतम प्रवृत्ति है इंटरनेट ऑफ़ थिंग्स (IoT) जिसमें विभिन्न उपकरण और डिवाइस आपस में जुड़े होते हैं और इन्हें इंटरनेट के माध्यम से संचालित किया जा सकता है। यह तकनीक न केवल घरेलू उपयोग के लिए है बल्कि स्मार्ट सिटी की नींव भी है।

स्मार्ट सिटी में आईओटी का उपयोग करके शहरी इंफ्रास्ट्रक्चर को संगठित और सुरक्षित बनाया जा सकता है। इसके माध्यम से ऊर्जा उपयोग को अनुकूलित किया जा सकता है, ट्राफिक प्रबंधन किया जा सकता है, शहरी सुरक्षा में सुधार किया जा सकता है और भविष्य की नीतियों को बनाने में मदद"
690,सतत विकास की नई रणनीतियाँ,"आधुनिक तकनीकी युग में, सतत विकास की नई रणनीतियाँ बहुत महत्वपूर्ण हैं। विश्व के तेजी से बदलते परिदृश्य में केवल तकनीकी संवर्धन ही नहीं, बल्कि समाज, व्यवसाय, शिक्षा, स्वास्थ्य और विज्ञान जैसे क्षेत्रों में भी सतत विकास आवश्यक है।

एक उदाहरण के रूप में, डिजिटलीकरण और ब्लॉकचेन तकनीक जैसी नई तकनीकों का उपयोग करके वित्तीय संस्थानों और व्यापारिक संगठनों ने अपने प्रक्रियाओं में नए सुधार किए हैं। ये सुधार उन्हें अधिक सुरक्षित, तेज और निर्भर बनाते हैं।

साथ ही, शिक्षा क्षेत्र में भी नवाचार किए जा रहे हैं।"
691,ड्रोन प्रौद्योगिकी के नए उपयोग,"ड्रोन प्रौद्योगिकी ने हमारे समाज और व्यावसायिक क्षेत्र में नए उपयोग का दरवाजा खोल दिया है। इस तकनीक के उपयोग से हम न केवल सुरक्षा क्षेत्र में बल्कि कृषि, वन्यजीव संरक्षण, विज्ञान और अनुसंधान में भी नए संभावनाओं को अनुभव कर रहे हैं।

कृषि क्षेत्र में ड्रोन की सहायता से किसान खेतों की निगरानी कर सकते हैं और उन्हें फसलों की स्वास्थ्य और पोषण के बारे में जानकारी प्राप्त करने में मदद मिलती है। इसके अतिरिक्त, वन्यजीव संरक्षण क्षेत्र में ड्रोन का उपयोग अवैध शिकारियों की निगरानी और जंगलों की संरक्षण में सहायक हो सकता है।

"
692,जलवायु परिवर्तन के खिलाफ नई तकनीकें,"जलवायु परिवर्तन आज की सबसे बड़ी चुनौतियों में से एक है और इसका सामना करने के लिए हमें नई तकनीकों की आवश्यकता है। नई तकनीकें वायुमंडलीय गैसों का प्रबंधन, ऊर्जा उत्पादन, प्राकृतिक संसाधनों का उपयोग और संरक्षण में मदद कर सकती हैं।

शून्य ऊर्जा भंडारण: ऊर्जा उत्पादन में विश्वासघात निर्मित हो सकते हैं, जिसका अधिकांश हिस्सा विद्युत ऊर्जा संचयन के रूप में स्थायी रूप से भंडारित हो सकता है।

विकर्षण कार्यक्षमता: जलवायु परिवर्तन के कारण उत्पन्न होने वाले टॉक्सिक ध्वनियाँ और गैसों के योजनाएं विकर्षित करन"
693,डिजिटल मुद्राओं की सुरक्षा चुनौतियाँ,"आजकल डिजिटल मुद्राएं एक बड़ी चुनौती हैं। जितना इसका उपयोग बढ़ रहा है, उतनी ही उसकी सुरक्षा की चिंता भी बढ़ रही है। डिजिटल मुद्राओं की सुरक्षा चुनौतियों में सबसे बड़ी चीजें हैं:

1. मुद्राओं की चोरी: अगर किसी के डिजिटल वॉलेट या बैंक खाते की सुरक्षा कमजोर है, तो हैकर्स उसे हैक करके मुद्राएं चुरा सकते हैं।

2. फिशिंग: धोखाधड़ी के जरिए लोगों से उनकी निजी जानकारी चुराना भी एक बड़ी समस्या है।

3. मेलवेयर और रैंसमवेयर: वायरस और अन्य नुकसानकारी सॉफ्टवेयर डिजिटल मुद्राओं के इस्तेमाल को खतरे में डाल स"
689,ब्लॉकचेन प्रौद्योगिकी का भविष्य,"ब्लॉकचेन प्रौद्योगिकी आजकल एक बहुत ही महत्वपूर्ण और रोचक विषय है। यह एक प्रकार की डिजिटल लेजर होती है जिसमें ट्रांजैक्शन्स की सूची सुरक्षित ढंग से संग्रहित होती है। ब्लॉकचेन तकनीक का उपयोग क्रिप्टोकरेंसी के ट्रांजैक्शन्स में, स्मार्ट कॉन्ट्रैक्ट्स में, सरकारी कार्यक्रमों में और विभिन्न अन्य क्षेत्रों में किया जा रहा है।

ब्लॉकचेन प्रौद्योगिकी का भविष्य बेहद उज्जवल और सुगम है। यह तकनीक डेटा की सुरक्षा और गोपनीयता को बढ़ावा देती है। इसके द्वारा हर ट्रांजैक्शन की पूरी जानकारी उपलब्ध होती है, जिससे"
695,रोबोटिक्स का विकास और उसके अनुप्रयोग,"रोबोटिक्स एक ऐसा क्षेत्र है जिसमें तकनीकी ज्ञान, कंप्यूटर विज्ञान और यांत्रिक इंजीनियरिंग को मिलाकर उन्नत और स्वचालित मशीनों का निर्माण किया जाता है। ये रोबोट विभिन्न कार्यों को स्वचालित रूप से करने में सक्षम होते हैं। 

रोबोटिक्स के विकास में तकनीकी उन्नतियों का बहुत बड़ा योगदान है। सेंसर्स, मोटर्स, कैमरे और एक्ट्यूएटर्स के उपयोग से रोबोटिक्स कंपनियां और वैज्ञानिक नए-नए रोबोट डिज़ाइन कर रहे हैं। 

रोबोटिक्स के अनुप्रयोग विस्तार से हो रहे हैं। इसका उपयोग विभिन्न क्षेत्रों में किया जा रहा ह"
694,सौर ऊर्जा के नवीनतम विकास,"सौर ऊर्जा एक प्राकृतिक स्रोत है जो हमें विद्युत ऊर्जा प्रदान करता है और जिसे सौर पैनल के माध्यम से उत्पन्न किया जा सकता है। इसका उपयोग कारखानों, घरों और वाणिज्यिक संपत्तियों के लिए ऊर्जा सप्लाई करने के लिए किया जाता है।

नवीनतम सौर ऊर्जा विकास के संदर्भ में, तकनीकी उन्नति महत्वपूर्ण भूमिका निभा रही है। नवीनतम तकनीकी विकासों में सौर पैनल की क्षमता में वृद्धि, उनके कार्यक्षमता में सुधार और उनके लंबी उपयोगिता का विकास शामिल है।

आधुनिक सौर पैनल अब प्रदर्शन और कीमत के मामले में पहले से अधिक प्रभावी हो गए हैं। नए औ"
696,ड्रोन प्रौद्योगिकी के नए उपयोग,"ड्रोन प्रौद्योगिकी ने अपनी उच्च गति से विकास किया है और वर्तमान में विभिन्न क्षेत्रों में उपयोग किया जा रहा है। इस तकनीकी का नया उपयोग क्षेत्र में एक नए दिशा दिखा रहा है।

ड्रोन्स का उपयोग विभिन्न क्षेत्रों में हो रहा है जैसे कि वन्यजीव संरक्षण, कृषि, विमानन, सुरक्षा, और भूमि के स्वच्छता का निरीक्षण। ड्रोन्स का उपयोग वन्यजीव संरक्षण के क्षेत्र में विशेष रूप से महत्वपूर्ण है। वन्यजीव संरक्षण के लिए ड्रोन्स का उपयोग किया जा रहा है ताकि वन्यजीवों की गिनती और संरक्षण की दृष्टि से स्थिति का निरीक्षण किया"
697,डिजिटल मुद्राओं की सुरक्षा चुनौतियाँ,"आजकल डिजिटल मुद्राएं बढ़ती हुई तकनीक की एक प्रमुख उपयोगिता हैं। इन्हें इंटरनेट और मोबाइल एप्लिकेशन के माध्यम से आसानी से लेन-देन किया जा सकता है। हालांकि, इस तकनीकी उपाय के साथ सुरक्षा भी एक महत्वपूर्ण मुद्दा है।

डिजिटल मुद्राओं की सुरक्षा पर कई चुनौतियाँ हैं। सबसे बड़ी चुनौती यह है कि इंटरनेट पर धोखाधड़ी और ऑनलाइन धारक चोरी करने की कोशिशें बढ़ रही हैं। इन धारकों के पास विभिन्न तकनीकी ज्ञान होता है जिससे वे उपयोगकर्ताओं के खाते हैक कर सकते हैं। 

इसके अलावा, जब भी हम ऑनलाइन लेन-देन करते हैं, हमें"
698,कृत्रिम बुद्धिमत्ता का उपयोग साइबर सुरक्षा में,"कृत्रिम बुद्धिमत्ता, जिसे आमतौर पर एआई (Artificial Intelligence) के नाम से जाना जाता है, वर्तमान में साइबर सुरक्षा के क्षेत्र में महत्वपूर्ण भूमिका निभा रही है। एआई के उपयोग से सुरक्षा विशेषज्ञ अब उन संकेतों को पहचानने और हमलों को रोकने के लिए उन साधनों का उपयोग कर सकते हैं जो मानव बुद्धिमत्ता के सीमित होते हैं।

एआई का उपयोग किसी भी संभावित धारक की गतिविधियों और अनियमितताओं को पहचानने में मदद कर सकता है, जो मानव द्वारा अवलंबित नहीं किए जा सकते हैं। यह एक सुरक्षा निरीक्षण और समीक्षा प्रक्रिया को सुधार सकता है और यह विशेषज्ञों को अ"
699,जलवायु परिवर्तन के खिलाफ नई तकनीकें,"जलवायु परिवर्तन का सबसे बड़ा खतरा मानवता और पृथ्वी के लिए है। इस समस्या का समाधान ढूंढने के लिए नई तकनीकें और उपाय अत्यंत महत्वपूर्ण हैं।

पहली नई तकनीक है सौर ऊर्जा का उपयोग। सौर ऊर्जा एक शुद्ध और अनगिनत स्रोत है जो जलवायु परिवर्तन को कम करने में मदद कर सकता है। सौर पैनल और सौर ऊर्जा संयंत्रों का उपयोग विद्युत ऊर्जा की आपूर्ति को बनाए रखने में मदद कर सकता है।

दूसरी तकनीक है बिजली की भरपाई करने के लिए पानी के उपयोग पर ध्यान केंद्रित करना। जल संसाधन को बचाने के लिए अंशकलन प्रणाली और जल संचयन तकनीकों क"
701,ब्लॉकचेन प्रौद्योगिकी का भविष्य,"ब्लॉकचेन प्रौद्योगिकी एक नवाचारी तकनीक है जो डिजिटल लेजर से मिलकर एक सुरक्षित और ट्रांसपेरेंट रिकॉर्ड को बनाती है। यह तकनीक एक सुरक्षित डेटाबेस के रूप में काम करती है जिसमें सूचना ब्लॉक्स में रखी जाती है और प्रत्येक ब्लॉक को पिछले ब्लॉक से जोड़कर एक जटिल शृंखला बनाता है।

ब्लॉकचेन प्रौद्योगिकी का भविष्य बहुत उज्जवल है। यह तकनीक विभिन्न क्षेत्रों में व्यापक रूप से उपयोग किया जा रहा है, जैसे वित्तीय सेवाएं, स्वास्थ्य सेवाएं, अभिनेत्रिता, और लॉगिस्टिक्स। ब्लॉकचेन तकनीक की मदद से सुरक्षित"
700,जलवायु परिवर्तन के खिलाफ नई तकनीकें,"जलवायु परिवर्तन एक महत्वपूर्ण समस्या है जिसका सामना हम सभी कर रहे हैं। इस समस्या का समाधान तकनीकी उन्नति के माध्यम से किया जा सकता है। नई तकनीकें जलवायु परिवर्तन के खिलाफ लड़ाई में महत्वपूर्ण भूमिका निभा सकती हैं।

पहली तकनीक है सौर ऊर्जा का उपयोग। सौर ऊर्जा एक स्वच्छ और अक्षय ऊर्जा स्रोत है जो जलवायु परिवर्तन को कम करने में मदद कर सकती है। सौर पैनल, सौर ऊर्जा से चलने वाली गाड़ियां और अन्य सौर ऊर्जा तकनीकें जलवायु परिवर्तन के खिलाफ लड़ाई में महत्वपूर्ण भूमिका निभा सकती हैं।

दूसरी तकनीक है बिजली के स्थ"
702,सौर ऊर्जा के नवीनतम विकास,"सौर ऊर्जा एक प्राकृतिक स्रोत है जो हमें साफ ऊर्जा प्रदान करता है और वायु प्रदूषण को कम करने में मदद करता है। सौर ऊर्जा के विकास में नवीनतम प्रौद्योगिकी के प्रवर्द्धन से इसका उपयोग और प्रभाव दोनों ही बढ़ रहे हैं।

एक प्रमुख विकास नवीनतम सौर सेल प्रौद्योगिकी में है, जो सौर को ऊर्जा में परिणामीत करती है। नवीनतम सौर सेल प्रौद्योगिकी में उच्च क्षमता और अधिक सकारात्मक परिणाम देने वाली सेलें विकसित की जा रही हैं। इन सेलों की मदद से सौर को ऊर्जा में परिणामीत करने में अधिक सुगमता होगी और यह साफ ऊर्जा का उत्पादन बढ़ाएगा।"
703,क्वांटम कंप्यूटिंग की व्यावहारिक अनुप्रयोग,"क्वांटम कंप्यूटिंग एक उच्च स्तरीय तकनीक है जिसमें क्वांटम मेकेनिक्स के सिद्धांतों का उपयोग किया जाता है जिससे एक कंप्यूटर के द्वारा एक समस्या का अंकगणित किया जा सकता है। क्वांटम कंप्यूटर्स कई सामान्य कंप्यूटर से बहुत अधिक तेज होते हैं और कई ऐसी समस्याओं को सॉल्व कर सकते हैं जिन्हें क्लासिकल कंप्यूटर्स से सॉल्व करना असंभव होता है।

क्वांटम कंप्यूटिंग के व्यावहारिक अनुप्रयोगों में शामिल हैं विभिन्न विज्ञान और इंजीनियरिंग क्षेत्रों में समस्याओं का समाधान, जैसे कि रसायन शास्त्र, फार्मास्यूटिकल, सिक्योरिटी,"
704,सतत विकास की नई रणनीतियाँ,"सतत विकास की नई रणनीतियाँ

आधुनिक दुनिया में तकनीकी उन्नति और विज्ञान के क्षेत्र में तेजी से बदलाव हो रहा है। इस बदलाव के साथ, विभिन्न क्षेत्रों में सतत विकास के लिए नई रणनीतियाँ विकसित की जा रही हैं। ये रणनीतियाँ समाज, अर्थव्यवस्था, और पर्यावरण के साथ-साथ मानव संसाधनों के प्रबंधन पर भी ध्यान केंद्रित करती हैं।

एक उदाहरण के रूप में, डिजिटलीकरण और इंटरनेट के माध्यम से सूचना का साझा करना और पहुंचाना सतत विकास के लिए महत्वपूर्ण है। साथ ही, इस तकनीकी रणनीति के माध्यम से गांवों और छोटे शहरों में डिजिटल सेवाओं का उपयो"
706,डिजिटल मुद्राओं की सुरक्षा चुनौतियाँ,"आजकल डिजिटल मुद्राएं बढ़ती तकनीकी उन्नति के कारण लोगों के बीच लोकप्रिय हो रही हैं। लेकिन इन मुद्राओं की सुरक्षा से जुड़ी चुनौतियाँ भी बढ़ गई हैं। यहाँ कुछ मुख्य कारण दिए गए हैं:

1. काइबर अपराध: डिजिटल मुद्राओं के बढ़ने से काइबर अपराधों में भी वृद्धि हो रही है। हैकर्स व्यक्तिगत और सांविदानिक डेटा को चोरी कर सकते हैं।

2. फिशिंग: धोखाधड़ी के तरीके जैसे ईमेल फिशिंग के माध्यम से लोगों को धोखा देकर उनके डिजिटल मुद्राएं चुराई जा सकती हैं।

3. विश्वासघात: अनधिकृत डिजिटल मुद्राएं लोगों के धन को खतरे"
705,क्वांटम कंप्यूटिंग की व्यावहारिक अनुप्रयोग,"क्वांटम कंप्यूटिंग एक उभयमानी तकनीक है जिसमें क्वांटम बिट्स का उपयोग किया जाता है। यह तकनीक किसी भी गणितीय समस्या को हल करने में क्वांटम अवधारणाओं का उपयोग करती है। इसका उद्देश्य कक्षित खातियों में लिया जाने वाला प्रयोग तथा डेटा प्रसंस्करण करना है। 

क्वांटम कंप्यूटिंग के व्यावहारिक अनुप्रयोगों में अभी तक कई क्षेत्रों में काम किया जा रहा है। इसमें समाधान तथा विशेष गणितीय समस्याओं को हल करने के लिए अनुकूलन किया जा रहा है। ये समस्याएं विशेष रूप से क्रिप्टोग्राफी, रोबोटिक्स, और डेटा साइंस में आवश्यक"
708,क्वांटम कंप्यूटिंग की व्यावहारिक अनुप्रयोग,"क्वांटम कंप्यूटिंग एक उभयांतरीय तकनीक है जो कंप्यूटर प्रौद्योगिकी का एक नया पैधांतिक दिशा है। यह तकनीक क्वांटम मेकेनिक्स के सिद्धांतों पर आधारित है और क्लासिकल कंप्यूटिंग से बहुत अलग है। क्वांटम कंप्यूटर क्लासिकल कंप्यूटरों के मुकाबले कई गुना तेज़ होते हैं और कई विशेष कंप्यूटेशनल समस्याओं को जल्दी से हल कर सकते हैं।

क्वांटम कंप्यूटिंग के व्यावहारिक अनुप्रयोगों में मुख्य रूप से क्रिप्टोग्राफी, ऑप्टिमाइजेशन, मशीन लर्निंग, रसायन विज्ञान, और बायोलॉजी शामिल हैं। क्वांटम कंप्यूटिंग का उपयो"
707,डिजिटल मुद्राओं की सुरक्षा चुनौतियाँ,"डिजिटल मुद्राएं आजकल बढ़ती हुई तकनीक का उपयोग करके बनाई जा रहीं हैं। इसके साथ ही इनकी सुरक्षा चुनौतियाँ भी बढ़ रही हैं। डिजिटल मुद्राओं की सुरक्षा का मुख्य उद्देश्य यह होता है कि उपयोगकर्ताओं की निजी जानकारी की सुरक्षा रखी जाए और उनके धन की सुरक्षा सुनिश्चित की जाए।

डिजिटल मुद्राओं की सुरक्षा चुनौतियाँ कई प्रकार की हो सकती हैं। पहले तो यह है कि इंटरनेट कनेक्शन के माध्यम से होने के कारण डेटा हैकिंग का खतरा होता है। दूसरा मुद्दा है फिशिंग और मालवेयर कारण जो उपयोगकर्ताओं को धोखा देकर उनकी मुद्रा चुरा लेते हैं"
710,डिजिटल मुद्राओं की सुरक्षा चुनौतियाँ,"डिजिटल मुद्राएं आजकल लोकप्रिय हो गई हैं और लोग इनका उपयोग अपने व्यापारिक और व्यक्तिगत लेन-देन के लिए कर रहे हैं। हालांकि, इस तकनीकी विकास के साथ-साथ डिजिटल मुद्राओं की सुरक्षा के भी कई चुनौतियां हैं।

सबसे बड़ी सुरक्षा चुनौती है साइबर अपराधिता की चपेट में आना। उन्हें धोखा देकर व्यक्तिगत जानकारी चुराना या फिर नेटवर्क में अनधिकृत पहुंच प्राप्त करना उनका लक्ष्य होता है। इसलिए, डिजिटल मुद्रा के इस्तेमाल में सख्त सुरक्षा की आवश्यकता होती है।

एक और बड़ी चुनौती है क्रिप्टोकरेंसी के निजी कुंजी की सुरक्षा। अ"
711,जलवायु परिवर्तन के खिलाफ नई तकनीकें,"जलवायु परिवर्तन एक बड़ी समस्या है जिसका समाधान मानवता के लिए अत्यंत महत्वपूर्ण है। इस समस्या का समाधान निरंतर नए और उन्नत प्रौद्योगिकियों के विकास पर निर्भर है।

कुछ नई तकनीकें जलवायु परिवर्तन के खिलाफ लड़ाई में महत्वपूर्ण भूमिका निभा रही हैं। एक उदाहरण के रूप में, विज्ञान और प्रौद्योगिकी के क्षेत्र में उदारीकरण की तकनीकें विकसित की जा रही हैं जो जलवायु परिवर्तन को कम करने में मदद कर सकती हैं। उदाहरण के लिए, सूर्य ऊर्जा, पवन ऊर्जा और जल ऊर्जा जैसी शुद्ध ऊर्जा स्रोतों का उपयोग करने से जलवायु परिवर्त"
712,वर्चुअल रियलिटी में नवीनतम रुझान,"वर्चुअल रियलिटी (Virtual Reality) एक उपकरण है जो हमें एक वास्तविकता के अनुभव को महसूस कराता है, जिसे हम वास्तविक नहीं देख सकते। वर्चुअल रियलिटी के उपयोगकर्ता एक विशेष हेडसेट पहनकर एक वास्तविकता के अनुभव को प्राप्त करते हैं। यह तकनीक विभिन्न क्षेत्रों में उपयोग किया जा रहा है, जैसे मनोरंजन, शिक्षा, चिकित्सा, खेल और व्यापार।

नवीनतम रुझानों में वर्चुअल रियलिटी ने बहुत तेजी से विकास किया है। यह तकनीक अब और भी उत्कृष्ट और असीमित माने जा रहे हैं। यह उपकरण अब दिन-प्रतिदिन के उपयोग में भी आ रहे हैं, जैसे व्याप"
709,रोबोटिक्स का विकास और उसके अनुप्रयोग,"रोबोटिक्स एक विज्ञान और तकनीक की शाखा है जो रोबोटों के डिज़ाइन, निर्माण, उनके चालन और उनके उपयोग से संबंधित है। रोबोटिक्स में संचार, कंप्यूटर विज्ञान, इलेक्ट्रॉनिक्स, मैकेनिकल इंजीनियरिंग, और कोडिंग जैसे कई क्षेत्रों का समावेश होता है।

रोबोटिक्स का विकास हमारे जीवन के कई क्षेत्रों में महत्वपूर्ण योगदान दे रहा है। उदाहरण के लिए, विज्ञान और औद्योगिक क्षेत्र में, रोबोटिक्स के उपयोग से विकल्पिक कारखानों की स्थापना की जा रही है जिससे उत्पादन की गति तेज हो रही है। चिकित्सा क्षेत्र में, रोबोटिक सर"
713,डिजिटल मुद्राओं की सुरक्षा चुनौतियाँ,"आज की डिजिटल युग में डिजिटल मुद्राएं एक महत्वपूर्ण भूमिका निभा रही हैं। डिजिटल मुद्राओं का इस्तेमाल तेजी से बढ़ रहा है जिससे उनकी सुरक्षा भी महत्वपूर्ण हो गई है। डिजिटल मुद्राओं की सुरक्षा कुछ चुनौतियों का सामना कर रही हैं।

पहली चुनौती है ऑनलाइन धन संचयन और लेन-देन की सुरक्षा। हैकर्स और ऑनलाइन धोखाधड़ी के कारण लोगों का भरोसा कम हो रहा है। इससे उन्हें ऑनलाइन लेन-देन के दौरान सुरक्षा के मामले में सतर्क रहना चाहिए।

दूसरी चुनौती है वैश्विक साइबर हमले। वैश्विक स्तर पर हैकिंग और डेटा चोरी की संभावना"
714,ब्लॉकचेन प्रौद्योगिकी का भविष्य,"ब्लॉकचेन प्रौद्योगिकी का भविष्य बहुत उज्जवल और उत्तेजक है। ब्लॉकचेन एक डिजिटल लेजर है जिसमें संदेश, सूचना और लेन-देन की सारी जानकारी सुरक्षित और ट्रांसपेरेंट तरीके से स्टोर की जा सकती है। यह तकनीक एक सुरक्षित और विश्वसनीय तरीके से डेटा को साझा करने की स्वीकृति देती है।

ब्लॉकचेन के उपयोग क्षेत्र विस्तारित हो रहे हैं। वित्तीय सेवाओं से लेकर स्वास्थ्य सेवाओं और सरकारी कार्यक्रमों तक, अनेक क्षेत्रों में ब्लॉकचेन का उपयोग हो रहा है। इसके उपयोग से डेटा की सुरक्षा और गोपनीयता में सुधार हो रहा है।

ब्लॉकच"
716,ड्रोन प्रौद्योगिकी के नए उपयोग,"ड्रोन प्रौद्योगिकी ने विभिन्न क्षेत्रों में नए उपयोग और संभावनाएं खोल दी हैं। इसका उपयोग सिर्फ उड़ान भरने के लिए ही नहीं है, बल्कि इसके आधुनिकीकरण ने इसे एक शक्तिशाली और उपयुक्त टूल बना दिया है।

एक क्षेत्र में जहां ड्रोन प्रौद्योगिकी ने बड़े परिवर्तन लाए हैं, वह विज्ञान और अनुसंधान है। ड्रोन्स को आवश्यक जानकारी को जमा करने और वैज्ञानिक अध्ययन के लिए उपयोग किया जा रहा है। ड्रोन्स विभिन्न प्रकार के संग्रहण उपकरणों से लेकर विभिन्न विधियों के जरिए नमूनों लेने में मदद कर सकते हैं। इसके अलावा,"
717,वन्यजीव संरक्षण में तकनीक का उपयोग,"वन्यजीव संरक्षण एक महत्वपूर्ण क्षेत्र है जिसमें तकनीक का व्यापक रूप से उपयोग हो रहा है। तकनीक के उपयोग से वन्यजीव संरक्षण कार्यक्रमों को सुचारू और प्रभावी बनाने में मदद मिल रही है।

पहले, तकनीक वन्यजीवों की निगरानी और मानकरण में महत्वपूर्ण भूमिका निभाती है। उच्च-तकनीकी साधनों का उपयोग करके वन्यजीवों की गतिविधियों का मानचित्रण और मॉनिटरिंग किया जा सकता है। इससे वन्यजीवों की स्थिति का सटीक अनुमान लगाया जा सकता है और उन्हें संरक्षित क्षेत्रों में सुरक्षित रखा जा सकता है।

दूसरे, तकनीक से वन्यजीवों की"
718,ड्रोन प्रौद्योगिकी के नए उपयोग,"ड्रोन प्रौद्योगिकी एक उभयाधारित तकनीक है जिसका उपयोग विभिन्न क्षेत्रों में किया जा रहा है। इसके नए और विशेष उपयोगों में से कुछ निम्नलिखित हैं:

1. सुरक्षा और निगरानी: ड्रोन को सुरक्षा और निगरानी के क्षेत्र में विस्तार से उपयोग किया जा रहा है। इनके माध्यम से सीमा सुरक्षा, बाह्य आक्रमणों की निगरानी और विपणन पर नजर रखी जा सकती है।

2. विज्ञान और अनुसंधान: वैज्ञानिक अनुसंधान और जलवायु अध्ययन के क्षेत्र में भी ड्रोन का प्रयोग किया जा रहा है। इसके माध्यम से विभिन्न जलवायु परिवर्तनों का अध्ययन किया जा सकता है।

3."
715,जलवायु परिवर्तन के खिलाफ नई तकनीकें,"जलवायु परिवर्तन एक गंभीर मुद्दा है जिसका सामाजिक, आर्थिक और पर्यावरणीय प्रभाव होता है। इस समस्या का समाधान तकनीकी उन्नति द्वारा हो सकता है। नई तकनीकें विभिन्न क्षेत्रों में लागू की जा रही हैं जो पर्यावरण को बचाने और जलवायु परिवर्तन को रोकने में मदद कर सकती हैं।

पहली तकनीक है सौर ऊर्जा का उपयोग। सौर पेनल्स और सौर संयंत्रों के उपयोग से ऊर्जा का उत्पादन किया जा सकता है जिससे प्रदूषण कम होगा। इसके साथ ही इलेक्ट्रिक वाहनों का प्रचार किया जा रहा है जो इंटरनल कंबस्टन इंजन वाले वाहनों की तुलना में कम प्रदूषण करते हैं"
721,सतत विकास की नई रणनीतियाँ,"सतत विकास की नई रणनीतियाँ

आज की तकनीकी युग में सतत विकास की नई रणनीतियाँ अत्यंत महत्वपूर्ण हैं। एक अनुभवी तकनीकी लेखक के रूप में, मुझे लगता है कि सतत विकास के लिए नवाचारिक सोच और क्रियाशीलता की आवश्यकता है।

पहली रणनीति है तकनीकी उन्नति पर ध्यान केंद्रित करना। तकनीकी उन्नति के साथ-साथ नई और बेहतर तकनीकी साधनों का उपयोग करके समस्याओं का समाधान करना आवश्यक है।

दूसरी रणनीति है सहयोग और साझेदारी का महत्व समझना। एक व्यक्ति या संगठन अकेले हर समस्या का समाधान नहीं कर सकते, इसलिए सहयोग और साझेदारी के माध्यम से"
720,वन्यजीव संरक्षण में तकनीक का उपयोग,"वन्यजीव संरक्षण एक महत्वपूर्ण विषय है जिसमें तकनीक का महत्वपूर्ण योगदान है। वन्यजीव संरक्षण के लिए तकनीक का उपयोग कई तरीकों से किया जा सकता है।

पहले तो, सतही नजरिये से वन्यजीव संरक्षण के लिए उपयुक्त तकनीक का उपयोग किया जा सकता है। उच्च गुणवत्ता वाले ड्रोन और सेंसर्स का उपयोग किया जा सकता है जो वन्यजीवों की गतिविधियों को मापने और अनुसंधान करने में मदद करते हैं।

दूसरे, तकनीकी उपकरणों का उपयोग वन्यजीव संरक्षण के क्षेत्र में अध्ययन, संग्रहण और प्रबंधन के लिए किया जा सकता है। जैसे की, रेडियो क"
722,वर्चुअल रियलिटी में नवीनतम रुझान,"वर्चुअल रियलिटी (Virtual Reality) एक तकनीक है जिसमें उपयोगकर्ता किसी विशेष माध्यम के माध्यम से एक वास्तविकता के साथ अंतर्निहित हो जाता है। यह तकनीक वास्तविकता का एक अनुभव प्रदान करती है जो एक विशेष वातावरण में उपयोगकर्ता को ले जाता है।

नवीनतम रुझानों में, वर्चुअल रियलिटी का उपयोग विभिन्न क्षेत्रों में बढ़ रहा है। गेमिंग इंडस्ट्री में वर्चुअल रियलिटी बड़ी गति से उभर रहा है, जहां उपयोगकर्ताओं को बेहतर गेमिंग अनुभव प्राप्त हो रहा है। इसके साथ ही, वर्चुअल रियलिटी को शिक्षा, प्रशासन, मेडिकल, सिम्युलेशन और मनोरं"
719,इलेक्ट्रिक वाहनों की भविष्य की संभावनाएँ,"इलेक्ट्रिक वाहनों का उपयोग ग्रीन टेक्नोलॉजी के लिए एक प्रमुख समाधान है जो वायु प्रदूषण को कम करने के साथ-साथ ऊर्जा संवर्धन भी कर सकता है। इलेक्ट्रिक वाहनों की भविष्य की संभावनाएं बहुत उज्जवल हैं।

पहले, इलेक्ट्रिक वाहनों का चार्जिंग नेटवर्क और तकनीक का विकास होने से उनकी चालन की सुविधा में सुधार होगा। रफ्तार से बढ़ते इलेक्ट्रिक वाहनों के लिए चार्जिंग स्टेशन का नेटवर्क विस्तारित होगा, जिससे यात्रियों को चार्जिंग की चिंता नहीं होगी।

दूसरे, इलेक्ट्रिक वाहनों की बैटरी स्वत: चालित होने के कारण इनकी लाइफ स्पैन"
723,डिजिटल मुद्राओं की सुरक्षा चुनौतियाँ,"आजकल डिजिटल मुद्राएं बड़ी प्रस्तावित साधन बन गई हैं और लोग इन्हें नेटबैंकिंग, ई-वॉलेट्स या डिजिटल भुगतान के साधन के रूप में इस्तेमाल कर रहे हैं। हालांकि, डिजिटल मुद्राओं के इस तेज़ विकास के साथ ही सुरक्षा चुनौतियाँ भी बढ़ गई हैं।

पहली बड़ी चुनौती है ऑनलाइन धोखाधड़ी और फिशिंग हमले। लोग अक्सर धोखाधड़ी के चक्कर में फंस जाते हैं और अपने खाते की जानकारी देने के बाद उनका धन चोरी हो जाता है। इसके लिए हमें अपने खातों की सुरक्षा को मजबूत बनाने की जरूरत है।

दूसरी चुनौती है मैलवेयर और रैंसम"
724,ब्लॉकचेन प्रौद्योगिकी का भविष्य,"ब्लॉकचेन प्रौद्योगिकी एक नवाचारिक तकनीक है जो आजकल विभिन्न क्षेत्रों में उपयोग की जा रही है। इस तकनीक का भविष्य बहुत उज्जवल और सुगम दिखाई देता है। ब्लॉकचेन के उपयोग से सुरक्षित लेन-देन, स्थिरता, और पारदर्शिता बढ़ जाएगी।

ब्लॉकचेन प्रौद्योगिकी वित्तीय सेवाओं, स्वास्थ्य सेवाओं, लॉगिस्टिक्स, उद्यमिता, और सरकारी क्षेत्र में व्यापक रूप से उपयोग की जा रही है। इसके विकास से नागरिकों को अधिक सुरक्षित और निजी अनुभव मिलेगा। वित्तीय सेवाओं में ब्लॉकचेन का उपयोग लेन-देन की सुविधा और सुरक्षा म"
725,रोबोटिक्स का विकास और उसके अनुप्रयोग,"रोबोटिक्स एक क्षेत्र है जिसमें विभिन्न तकनीकी यंत्रों का उपयोग करके स्वचालित या स्वयंसेवक यंत्रों या रोबोटों की तैयारी, डिज़ाइन, निर्माण और उनके उपयोग की तकनीक होती है। यह एक ऐसा क्षेत्र है जो विज्ञान और इंजीनियरिंग को एक साथ मिलाकर यातायात, उद्योग, स्वास्थ्य, शिक्षा, विज्ञान और अन्य क्षेत्रों में उपयोग के लिए नए समाधान उत्पन्न करने का काम करता है।

रोबोटिक्स का विकास तेजी से हो रहा है और इसके अनेक उपयोग हैं। उदाहरण के लिए, विभिन्न उद्योगों में रोबोट्स अब काम कर रहे हैं। ऑटोमेशन के माध्यम से रो"
726,वर्चुअल रियलिटी में नवीनतम रुझान,"वर्चुअल रियलिटी (Virtual Reality - VR) एक मानक तकनीक है जिसमें उपयोगकर्ता को एक पूर्णत: निकल्पित या वास्तविक दुनिया में ले जाने के लिए सिम्युलेट किया जाता है। वर्चुअल रियलिटी का उपयोग व्यापक रूप से खेलने, शिक्षण, मेडिकल, विज्ञान और अन्य क्षेत्रों में किया जा रहा है। नवीनतम रुझानों में कुछ निम्नलिखित शामिल हैं:

1. **वर्चुअल रियलिटी हेडसेट्स की मात्रा बढ़ना**: नई और बेहतर वर्चुअल रियलिटी हेडसेट्स जैसे Oculus Rift S, HTC Vive Cosmos, Sony PlayStation VR आदि जो अब अधिक सशक्त और उपयोगकर्ता मित्र हो रहे हैं।

2. **वास्तविक और वर्चुअल दुनिया का मिश्रण**: यह तकनीक"
727,इंटरनेट ऑफ़ थिंग्स (IoT) और स्मार्ट सिटी,"इंटरनेट ऑफ़ थिंग्स (IoT) और स्मार्ट सिटी दोनों ही तकनीकी उन्नति के क्षेत्र में महत्वपूर्ण योगदान देने वाले हैं। इंटरनेट ऑफ़ थिंग्स का अर्थ है किसी भी वस्तु को इंटरनेट के माध्यम से जोड़ना ताकि वह वस्तु अपने आप से डेटा संग्रहण, साझाकरण और नियंत्रण कर सके। जब हम इस तकनीक को स्मार्ट सिटी के साथ जोड़ते हैं, तो यह शहर को सुरक्षित, सुरक्षित और सुगम बनाने में मदद करता है।

स्मार्ट सिटी एक ऐसी परियोजना है जिसमें विभिन्न प्रौद्योगिकियों का उपयोग करके शहर की जीवनशैली को सुधारा जाता है। इसमें शहर के विभिन्न क्षेत्रों"
728,ड्रोन प्रौद्योगिकी के नए उपयोग,"ड्रोन प्रौद्योगिकी एक नवाचारी और उपयोगी तकनीक है जो विभिन्न क्षेत्रों में अपना उपयोग कर रही है। ड्रोन के नए उपयोग बनाने के लिए इंजीनियरिंग और तकनीकी विकास के क्षेत्र में अनेक नए अवसर उत्पन्न हो रहे हैं।

एक नया उपयोग ड्रोन की समुचित निगरानी करना है। विभिन्न क्षेत्रों में ड्रोन का उपयोग करके वायुमंडल में गतिविधियों को मापा जा सकता है, जैसे कि वायुमंडलीय अनुसंधान और वायुमंडलीय प्रदूषण की मापदंड।

एक और उपयोग है ड्रोन का विभिन्न स्थानों पर सुरक्षा कार्यक्रमों में उपयोग करना। यह ड्रोन सुरक्षा कमेटी को"
729,वन्यजीव संरक्षण में तकनीक का उपयोग,"वन्यजीव संरक्षण में तकनीक का महत्वपूर्ण योगदान है। आधुनिक तकनीक का उपयोग करके हम वन्यजीवों की संरक्षण क्षमता बढ़ा सकते हैं और उनकी सुरक्षा में सुधार कर सकते हैं। कुछ तकनीकी उपाय निम्नलिखित हैं:

1. ट्रैकिंग डिवाइस: वन्यजीवों पर ट्रैकिंग डिवाइस लगाकर हम उनकी मानक गतिविधियों को ट्रैक कर सकते हैं और उनकी सुरक्षा सुनिश्चित कर सकते हैं।

2. ड्रोन: ड्रोन का उपयोग करके हम वन्यजीवों की गणना और संरक्षण कर सकते हैं, जिससे उनकी सुरक्षा में सुधार हो सकता है।

3. गिस और रिमोट सेंसिंग: गिस और रिमोट सेंसिंग की सहायता से हम"
730,सतत विकास की नई रणनीतियाँ,"सतत विकास एक ऐसी महत्वपूर्ण प्रक्रिया है जो न केवल व्यक्ति बल्कि समाज और राष्ट्र के लिए भी अत्यंत महत्वपूर्ण है। विकास के लिए नई रणनीतियाँ बनाना और उन्हें सम्भावनाओं के साथ मिलाकर काम में लाना अत्यंत आवश्यक है।

आजकल, विकास के क्षेत्र में नई रणनीतियों की चर्चा हो रही है जो सतत विकास की दिशा में एक नया मार्ग दिखा सकती है। इन रणनीतियों में समाजशास्त्र, आर्थिक विकास, पर्यावरण संरक्षण और सामाजिक न्याय के सिद्धांतों का समावेश होता है।

कुछ उदाहरण हैं:

1. समृद्धि का साधन: इस रणनीति के अंतर्गत, विकास को साधने के लिए समृद्धि"
731,प्लास्टिक प्रदूषण कम करने की नई विधियाँ,"प्लास्टिक प्रदूषण एक बड़ी समस्या है जो हमारे पर्यावरण के लिए खतरनाक है। लेकिन इस समस्या का हल ढूंढने के लिए नई और नवाचारी विधियाँ विकसित की जा रही हैं।

1. **बायोडिग्रेडेबल प्लास्टिक**: यह प्लास्टिक प्रक्रिया है जो प्राकृतिक तरीके से विघटित हो जाता है और माटी में बिना किसी नकारात्मक प्रभाव के समाप्त हो जाता है।

2. **प्लास्टिक रीसायकलिंग**: यह एक प्रभावी तरीका है जिसमें पुराने प्लास्टिक को पुनः उपयोग के लिए पुनर्चक्रण किया जाता है।

3. **संदूषण करने वाले प्लास्टिक का प्रयोग कम करना**: उदाहरण के लिए, एक्सेस प्लास्टिक बैग के"
732,ड्रोन प्रौद्योगिकी के नए उपयोग,"ड्रोन प्रौद्योगिकी ने विभिन्न क्षेत्रों में नए और रोचक उपयोगों का दरवाजा खोल दिया है। इस तकनीक के उपयोग से विज्ञान, औद्योगिक उत्पादन, सुरक्षा, स्वास्थ्य, कृषि और अन्य क्षेत्रों में कई बदलाव देखने को मिल रहे हैं। 

ड्रोन विज्ञान में, ड्रोन्स को उच्चायुक्त वायुमंडल और विशेषज्ञता के साथ लैस बनाया जा रहा है। इनका उपयोग अब नाभिकीय अनुसंधान, मापन, जलवायु अध्ययन, जैव विविधता का मापन आदि में हो रहा है। 

औद्योगिक उत्पादन में, ड्रोन उपकरणों का उपयोग उत्पादन प्रक्रिया को अधिक सुरक्षित और अद्वितीय बन"
733,वर्चुअल रियलिटी में नवीनतम रुझान,"वर्चुअल रियलिटी (Virtual Reality - VR) एक उपयोगकर्ता को एक वास्तविक अनुभव के अंदर ले जाने वाली प्रौद्योगिकी है जिसमें उपयोगकर्ता एक वास्तविक जगह की तरह एक वास्तविकता में अनुभव करता है। यह तकनीक विभिन्न क्षेत्रों में उपयोग किया जा रहा है जैसे खेल, शिक्षा, सेहत, व्यापार आदि।

नवीनतम रुझानों में से एक वर्चुअल रियलिटी का उपयोग शिक्षा में बढ़ रहा है। विभिन्न विषयों में वर्चुअल रियलिटी का उपयोग करके छात्रों को अधिक सकारात्मक और सामर्थ्यवान शिक्षा प्रदान की जा रही है। छात्रों को किसी भी विषय को समझने में मदद म"
734,कृत्रिम बुद्धिमत्ता का उपयोग साइबर सुरक्षा में,"कृत्रिम बुद्धिमत्ता या Artificial Intelligence (AI) एक तकनीक है जिसका उपयोग साइबर सुरक्षा में सुरक्षितता बढ़ाने के लिए किया जा सकता ह। आजकल डेटा और नेटवर्कों को हमेशा बढ़ती हुई साइबर हमलों का सामना करना पड़ रहा है और इसके लिए AI सुरक्षा सेवाएं विकसित की जा रही हैं।

कृत्रिम बुद्धिमत्ता का उपयोग साइबर सुरक्षा में ताकतवर तरीके से हो सकता है। यह तकनीक डेटा को समझने और उसमें गंदगी की पहचान करने में मदद कर सकती है। AI के अल्गोरिदम्स डेटा के अनुसार तत्वों को अध्ययन करते हैं और अव्यवस्थितता या ग़ैर-सामान्य गतिविधियों की पहचान कर सकते हैं"
736,सतत विकास की नई रणनीतियाँ,"विज्ञान और प्रौद्योगिकी में तेजी से बदलाव हो रहा है और इसका सीधा प्रभाव विभिन्न क्षेत्रों में देखने को मिल रहा है। सतत विकास के लिए नई रणनीतियाँ व्यावसायिक जगत में स्थिरता और प्रदर्शन को सुनिश्चित करने के लिए महत्वपूर्ण हैं। इन रणनीतियों के माध्यम से व्यावसायिक संगठन नए उत्पादों और सेवाओं का निर्माण कर सकते हैं और उन्हें बाजार में सफलतापूर्वक प्रस्तुत कर सकते हैं।

एक उदाहरण के रूप में, डिजिटली सक्षम संगठनों ने अपने व्यवसायों को विस्तारित करने के लिए एकीकृत सॉफ्टवेयर प्लेटफार्मों का उपयोग किया है। ये प्लेटफार"
735,जलवायु परिवर्तन के खिलाफ नई तकनीकें,"जलवायु परिवर्तन से निपटने के लिए नई तकनीकें विकसित की जा रही हैं जो हमारे पर्यावरण को सुरक्षित रखने में मदद कर सकती हैं। इन तकनीकों में से कुछ निम्नलिखित हैं:

1. ऊर्जा संयंत्रों का उपयोग: अधिक से अधिक ऊर्जा संयंत्रों का उपयोग करने से जलवायु परिवर्तन को कम किया जा सकता है। सौर ऊर्जा, पवन ऊर्जा और जल ऊर्जा इसमें शामिल हैं।

2. साइबर सुरक्षा: इंटरनेट और डिजिटल तकनीक का उपयोग करके हम जलवायु डाटा को निगरानी कर सकते हैं और उसे सुरक्षित रख सकते हैं।

3. ऊर्जा वितरण के तंत्र: सुरक्षित और स्थायी ऊर्जा वितरण के लिए नए तं"
738,ड्रोन प्रौद्योगिकी के नए उपयोग,"ड्रोन प्रौद्योगिकी ने अपनी मानकीय व्यापकता के कारण विभिन्न क्षेत्रों में नए उपयोग बनाए हैं। इसका उपयोग अब विभिन्न क्षेत्रों में सुरक्षा, जलवायु और साइबर सुरक्षा जैसे विभिन्न क्षेत्रों में होने लगा है।

ड्रोन विमान अपनी लघुता और उच्च विस्तार स्थल क्षमता के कारण सुरक्षा क्षेत्र में एक महत्वपूर्ण उपकरण बन गए हैं। वे सीमा सुरक्षा, आतंकवादी हमलों की निगरानी, और नापसंदगी के खिलाफ लड़ने में मदद करते हैं। इनका उपयोग भूखंडों, जंगलों और पहाड़ों में लोगों की खोज में भी होता है।

जलवायु विज्ञान में भी ड्रोन"
737,सौर ऊर्जा के नवीनतम विकास,"सौर ऊर्जा एक प्रकार की नवीनतम ऊर्जा स्रोत है जो विश्वास की जा रही है और उसका विकास तेजी से हो रहा है। यह एक साफ, सुरक्षित और अनगिनत स्रोत है जो हमें पर्यावरण के नुकसान से बचाने में मदद करता है।

सौर ऊर्जा के नवीनतम विकास में तकनीकी उन्नति एक महत्वपूर्ण भूमिका निभा रही है। नवीनतम ऊर्जा प्रौद्योगिकियाँ सौर ऊर्जा को और भी प्रभावी बना रही हैं। तकनीकी उन्नति ने सौर पैनल की दिन-प्रतिदिन की कार्यक्षमता में वृद्धि की है और उसकी लंबी अवधि को सुनिश्चित करने में मदद कर रही है।

विज्ञान और तकनीक ने सौर ऊर्जा के उत्पादन क"
739,क्वांटम कंप्यूटिंग की व्यावहारिक अनुप्रयोग,"क्वांटम कंप्यूटिंग एक उभयानुसारी तकनीक है जो क्वांटम मेकेनिक्स के सिद्धांतों पर आधारित है और जिसे क्वांटम बिट्स या क्यूबिट्स के रूप में जाना जाता है। यह विशेष तरीके से डाटा को प्रसंस्करण करने की क्षमता प्रदान करता है जिससे कंप्यूटर के क्षमताएँ महत्वपूर्ण रूप से बढ़ जाती हैं।

क्वांटम कंप्यूटिंग के कुछ व्यावहारिक अनुप्रयोग निम्नलिखित हैं:

1. क्रिप्टोग्राफी: क्वांटम कंप्यूटिंग का उपयोग सुरक्षा और क्रिप्टोग्राफी में एन्क्रिप्शन और डिक्रिप्शन के लिए किया जा सकता है। क्वांटम एन्क्रिप्शन विशेषकर असमंभव क्रिप्ट"
740,प्लास्टिक प्रदूषण कम करने की नई विधियाँ,"प्लास्टिक प्रदूषण एक महत्वपूर्ण मुद्दा है जिसका सामना हम सभी कर रहे हैं। प्लास्टिक का उपयोग हमारी रोजमर्रा की जिंदगी में गहरे रूप से समाहित हो गया है, लेकिन इसके साथ ही इसका प्रदूषण भी बढ़ता जा रहा है। इस समस्या को हल करने के लिए कुछ नई विधियाँ विकसित की जा रही हैं।

पहला उपाय है प्लास्टिक की पुनर्चक्रण तकनीकों का विकसित करना। यह तकनीकें प्लास्टिक को फिर से प्रयोग में लाने की सहायता कर सकती हैं, जिससे प्लास्टिक की खपत कम हो सके।

दूसरा उपाय है बायोडिग्रेडेबल प्लास्टिक का उपयोग करना। ये प्लास्टिक प्रकृति में आसानी से घ"
741,इलेक्ट्रिक वाहनों की भविष्य की संभावनाएँ,"आधुनिक युग में पर्यावरण संरक्षण एवं स्वास्थ्य के प्रति जागरूकता बढ़ रही है। इसी संदर्भ में इलेक्ट्रिक वाहनों का प्रयोग भविष्य में वाहनों के लिए एक सुरक्षित, पर्यावरण के लिए अनुकूल, और साथ ही शक्तिशाली विकल्प बनेगा।

इलेक्ट्रिक वाहनों के लाभों में इंजन के अभाव से प्रदूषण में कमी, उच्च क्षमता और धीमी चालन संभावनाएँ शामिल हैं। इन वाहनों के लिए चार्जिंग स्टेशन स्थापित करना आसान है और सौर ऊर्जा का उपयोग इनकी चार्जिंग के लिए एक शक्तिशाली स्त्रोत हो सकता है।

इलेक्ट्रिक वाहनों के विकास में तकनीकी उन्नति का भी बड़"
742,सौर ऊर्जा के नवीनतम विकास,"सौर ऊर्जा एक शुद्ध, अविश्वसनीय स्रोत है जो हमारे प्राकृतिक संसाधनों को सुरक्षित तरीके से उपयोग करता है। सौर ऊर्जा के नवीनतम विकास में वैज्ञानिकों ने कई उत्कृष्ट और अद्वितीय तकनीकों का उत्थान किया है।

पहले, सौर पैनल का उपयोग एक प्रमुख सौर ऊर्जा स्रोत है। नवीनतम पैनल अब प्रदर्शन और दीर्घकालिक निर्धारित सेवाएं प्रदान करने में सक्षम हैं। इन पैनलों में परिसंख्यान तकनीक का उपयोग किया जाता है जिससे ऊर्जा का उत्पादन बेहतरीन होता है।

दूसरे, ऊर्जा संचयन की तकनीक भी विकसित हो रही है। यह तकनीक ऊर्जा को संचित कर"
743,ब्लॉकचेन प्रौद्योगिकी का भविष्य,"ब्लॉकचेन प्रौद्योगिकी एक विशेष प्रकार की डिजिटल लेजर है जिसमें डेटा ट्रांजैक्शन के रूप में स्थानांतरित होता है और इसे ब्लॉक कहा जाता है। यह ब्लॉक लगातार बढ़ते हैं और एक एक से जुड़कर एक आधेरियों या चेन का निर्माण करते हैं। इस प्रौद्योगिकी का उद्देश्य डेटा की सुरक्षितता, ट्रांजैक्शन की सत्यता और गोपनीयता को सुनिश्चित करना है।

ब्लॉकचेन प्रौद्योगिकी का भविष्य बहुत उज्जवल है। इसका उपयोग विभिन्न क्षेत्रों में बढ़ रहा है, जैसे कि वित्तीय सेवाएं, स्वास्थ्य सेवाएं, लॉगिस्टिक्स, रियल एस्टेट, सुरक"
744,इलेक्ट्रिक वाहनों की भविष्य की संभावनाएँ,"आज के समय में इलेक्ट्रिक वाहनों की मांग तेजी से बढ़ रही है और इसमें भविष्य की संभावनाएँ भी बहुत उज्जवल दिखाई देती हैं। इलेक्ट्रिक वाहनों को विकसित करने के कई कारण हैं जैसे पर्यावरण के प्रति जागरूकता, ऊर्जा संकट, इंफ्रास्ट्रक्चर की सुधार, ऊर्जा सुरक्षा, इत्यादि।

भविष्य में इलेक्ट्रिक वाहनों का उपयोग वाहनों के संकारीकरण में एक महत्वपूर्ण कदम होगा। इन वाहनों का उपयोग तेजी से बढ़ेगा और पेट्रोल और डीजल जैसे परमाणु इंधन के उपयोग को कम करेगा। इससे अच्छी गुणवत्ता वाले वाहन बनाने के लिए और भी अधिक अवसर"
745,ड्रोन प्रौद्योगिकी के नए उपयोग,"ड्रोन प्रौद्योगिकी ने मानव समाज को कई नए और उपयोगी तरीकों से सुधारा है। इस तकनीकी के नए और उन्नत उपयोगों में से कुछ निम्नलिखित हैं:

1. सुरक्षा: ड्रोन अब सुरक्षा सेवाएं और आपातकालीन प्रतिक्रियाएं संभालने में महत्वपूर्ण भूमिका निभा रहे हैं। वे अवैध गतिविधियों की निगरानी करते हैं और सुरक्षा एजेंसियों को तत्काल सूचना प्रदान करने में मदद करते हैं।

2. कृषि: कृषि में ड्रोन का उपयोग कृषि उत्पादन को बढ़ाने के लिए किया जा रहा है। वे कृषि खेतों की समीक्षा करते हैं, जलवायु संधान करते हैं और उर्वरक की आवश्यकता को"
746,ड्रोन प्रौद्योगिकी के नए उपयोग,"ड्रोन प्रौद्योगिकी एक उभयोगी तकनीक है जिसका उपयोग विभिन्न क्षेत्रों में किया जा रहा है। ड्रोन्स का उपयोग सिविल विमानन से लेकर सुरक्षा, विज्ञान, औद्योगिक क्षेत्र, और साहित्य आदि में किया जा रहा है।

ड्रोन्स को सुरक्षा क्षेत्र में उपयोगिता के लिए उच्चतम स्तर की तकनीकी सुविधाएं प्रदान करते हैं। वे जासूसी, सीमा सुरक्षा, प्राकृतिक आपातकाल, और आतंकवाद के खिलाफ उपकरण के रूप में उपयोग किए जा रहे हैं।

वैज्ञानिक और औद्योगिक क्षेत्र में, ड्रोन्स नई और अद्वितीय उपाधि का निर्माण करने में मदद करते हैं। उदाहरण के ल"
747,सतत विकास की नई रणनीतियाँ,"सतत विकास की नई रणनीतियाँ का मुख्य उद्देश्य विकास को बेहतर और तेजी से होने में मदद करना है। इन रणनीतियों का प्रयोग करके हम समाज और आर्थिक विकास को सुनिश्चित कर सकते हैं।

पहली रणनीति है नई तकनीकी उपकरणों का उपयोग। डिजिटलीकरण और तकनीकी उन्नति के माध्यम से हम विकास को तेजी से और बेहतर ढंग से पहुंचा सकते हैं। इंटरनेट, एप्लिकेशन्स, ब्लॉकचेन, आदि के उपयोग से हम संवेदनशीलता, गुणवत्ता, और दक्षता में सुधार कर सकते हैं।

दूसरी रणनीति है सशक्तिकरण की बढ़ती मान्यता। यह विकास के प्रक्रिया में सामाजिक, आर्थिक, और र"
748,ड्रोन प्रौद्योगिकी के नए उपयोग,"ड्रोन प्रौद्योगिकी ने विभिन्न क्षेत्रों में नए उपयोग की दुनिया में एक क्रांति ला दी है। इसके कई उपयोग हैं, जिनमें सुरक्षा, जलवायु और वाणिज्यिक क्षेत्र शामिल हैं।

पहले तो, ड्रोन सुरक्षा क्षेत्र में एक महत्वपूर्ण रोल निभा रहे हैं। वे अवैध गतिविधियों की निगरानी करने, सीमा सुरक्षा का समर्थन करने और आपातकालीन परिस्थितियों में निरीक्षण का समर्थन करने में मदद कर रहे हैं।

दूसरे, ड्रोन जलवायु क्षेत्र में भी उपयोगी साबित हो रहे हैं। वे पर्यावरण की निगरानी करने, जलवायु परिवर्तन का प्रभाव मापने और प्राकृतिक आपदाओं के बाद राहत"
749,वर्चुअल रियलिटी में नवीनतम रुझान,"वर्चुअल रियलिटी (Virtual Reality) एक तकनीकी उपकरण है जो एक वास्तविकता का अनुकरण करने के लिए उपयोग किया जाता है। यह उपकरण एक वर्चुअल वातावरण प्रदान करता है जिसे उपयोगकर्ता देख, सुन और महसूस कर सकता है। वर्चुअल रियलिटी का उपयोग मुख्य रूप से वीडियो गेम्स, सिम्युलेशन, प्रशिक्षण और मनोरंजन के क्षेत्रों में किया जाता है।

नवीनतम रुझान में, वर्चुअल रियलिटी के क्षेत्र में कई नए विकास हुए हैं। पहले तकनीक ने मुख्य रूप से वीडियो गेम्स के लिए उपयोग होता था, लेकिन अब यह व्यापक रूप से उपयोग किया जा रहा है।

एक नया रु"
751,ब्लॉकचेन प्रौद्योगिकी का भविष्य,"ब्लॉकचेन प्रौद्योगिकी एक ऐसी नवाचारिक तकनीक है जिसने संदर्भों में क्रांति ला दी है और भविष्य में भी बड़ा योगदान देने की संभावना है। ब्लॉकचेन एक सुरक्षित, डिस्ट्रीब्यूटेड और ट्रांसपेरेंट सिस्टम है जिसमें सभी लेनदेन की जानकारी नेटवर्क के सभी सदस्यों के बीच साझा की जाती है।

ब्लॉकचेन का उपयोग क्रिप्टोकरेंसी जैसे डिजिटल मुद्रा, स्मार्ट कॉन्ट्रैक्ट्स, संचार की सुरक्षा, डेटा एंक्रिप्शन और लॉजिस्टिक्स में किया जा रहा है। इसकी मुख्य विशेषता यह है कि इसमें किसी भी प्रकार की जानकारी को बदला या हटाया नहीं"
750,इंटरनेट ऑफ़ थिंग्स (IoT) और स्मार्ट सिटी,"आजकल इंटरनेट ऑफ़ थिंग्स (IoT) तकनीकी उन्नति का एक महत्वपूर्ण हिस्सा बन चुका है। IoT के माध्यम से विभिन्न डिवाइस और सेंसर्स को इंटरनेट से कनेक्ट किया जा सकता है, जिससे उन्हें डेटा साझा करने और नियंत्रण में आसानी होती है।

स्मार्ट सिटी इस IoT तकनीक का एक उपयोग है जिसमें शहरों को एक बेहतर और सुरक्षित जगह बनाने के लिए इस्तेमाल किया जाता है। यह तकनीक सिटी के विभिन्न सेवाओं को बेहतर ढंग से प्रबंधित करने में मदद करती है और सुरक्षा, परिवहन, ऊर्जा दक्षता और पर्यावरण के क्षेत्र में सुधार करती है।

स्मार्ट सिटी के उपयोग के एक उदाहरण के"
752,प्लास्टिक प्रदूषण कम करने की नई विधियाँ,"प्लास्टिक प्रदूषण एक बड़ी समस्या है जो हमारी पृथ्वी के लिए एक बड़ा खतरा है। प्लास्टिक का उपयोग हमारे लाइफस्टाइल को आसान और सुविधाजनक बनाता है, लेकिन इसका प्रदूषण पर नकारात्मक प्रभाव होता है। इस समस्या को हल करने के लिए कई नई विधियाँ और तकनीकें विकसित की जा रही हैं।

पहली विधि में, बायो-प्लास्टिक्स का उपयोग किया जा रहा है जो प्राकृतिक सामग्रियों से बना होता है। ये प्लास्टिक्स जलवायु बदलाव को कम करने में मदद करते हैं। दूसरी विधि में, प्लास्टिक की पुनर्चक्रिति की जा रही है जिससे प्लास्टिक को फिर से उपयोग के लिए"
753,इंटरनेट ऑफ़ थिंग्स (IoT) और स्मार्ट सिटी,"इंटरनेट ऑफ़ थिंग्स (IoT) और स्मार्ट सिटी कॉन्सेप्ट दुनिया भर में शहरों को बेहतर और सुरक्षित बनाने के लिए एक महत्वपूर्ण और अभिनव तकनीकी उपाय है। IoT विचार इस बात पर आधारित है कि सभी वस्तुएँ इंटरनेट के माध्यम से आपस में जुड़ी हों और दुनिया भर में डेटा साझा कर सकें।

स्मार्ट सिटी का मतलब है ऐसा शहर जिसमें अलग-अलग प्रणालियों, उपकरणों और सेवाओं को एक साथ जोड़ा गया हो ताकि जनता को बेहतर जीने के लिए एक सुरक्षित, हानिप्रत और सुगम वातावरण मिल सके। IoT के द्वारा स्मार्ट सिटी कई क्षेत्रों में लाभ पहुंचाता है जैसे ऊर्जा प्रबंधन"
754,रोबोटिक्स का विकास और उसके अनुप्रयोग,"रोबोटिक्स एक ऐसी तकनीक है जो रोबोटों के निर्माण, डिज़ाइन और उनके नियंत्रण के लिए उपयोग की जाती है। यह तकनीक जीवन के विभिन्न क्षेत्रों में उपयोगी है, जैसे कि औद्योगिक क्षेत्र, स्वास्थ्य सेवाएं, खाद्य उत्पादन, अंतरिक्ष अनुसंधान आदि।

रोबोटिक्स का विकास तेजी से हो रहा है और नए-नए उपकरण और तकनीकी योजनाएं बनाई जा रही हैं। एक बड़ी संभावना है कि भविष्य में रोबोट हमारे दैनिक जीवन में भूमिका निभाएंगे, जैसे कि घर के काम करना, व्यापार, या आपातकालीन स्थितियों का सामना करना।

रोबोटिक्स के अनुप्रयोग"
755,ब्लॉकचेन प्रौद्योगिकी का भविष्य,"ब्लॉकचेन प्रौद्योगिकी एक नई और उत्कृष्ट तकनीक है जिसने विभिन्न क्षेत्रों में एक विपरीत परिवर्तन लाया है। इसका भविष्य बहुत उज्जवल और सुविधाजनक है। ब्लॉकचेन सिक्योर और ट्रांसपेरेंट तरीके से डेटा को संग्रहित और साझा करने की क्षमता प्रदान करता है। यह तकनीक डेटा की सुरक्षा और गोपनीयता को बढ़ावा देती है और बीचवाले को कम करती है।

ब्लॉकचेन के सूचना संग्रहण की विशेषता ने वित्तीय संस्थानों, स्वास्थ्य सेवाएं, लॉगिस्टिक्स, सरकारी विभागों और अन्य क्षेत्रों में क्रांति लाने में मदद की है। अनुदान, लेनदेन, डिज"
756,वन्यजीव संरक्षण में तकनीक का उपयोग,"वन्यजीव संरक्षण एक महत्वपूर्ण क्षेत्र है जो हमारे प्राकृतिक संसाधनों और जीवन की विविधता की रक्षा करता है। तकनीक एक महत्वपूर्ण साधन है जिसे वन्यजीव संरक्षण में उपयोग किया जा सकता है।

पहले, तकनीक का उपयोग वन्यजीवों की निगरानी और अध्ययन में किया जा सकता है। उचित तकनीक का उपयोग करके हम वन्यजीवों की आवाज को सुन सकते हैं, उनके आवास क्षेत्रों की निगरानी कर सकते हैं और उनके प्रवास का अध्ययन कर सकते हैं।

दूसरे, तकनीक वन्यजीव संरक्षण में सुरक्षित और असुरक्षित क्षेत्रों की पहचान करने में मददगार साबित हो सकती है। उ"
757,रोबोटिक्स का विकास और उसके अनुप्रयोग,"रोबोटिक्स एक तकनीकी क्षेत्र है जिसमें विज्ञान, इंजीनियरिंग और गणित के सिद्धांतों का उपयोग किया जाता है ताकि विभिन्न कार्यों को स्वचालित रूप से किया जा सके। रोबोटिक्स का विकास तेजी से हो रहा है और इसके अनुप्रयोग विभिन्न क्षेत्रों में दिखाई दे रहे हैं।

रोबोटिक्स का एक महत्वपूर्ण अनुप्रयोग औद्योगिक क्षेत्र में है। उदाहरण के लिए, कई कंपनियां रोबोट को अपनी उत्पादन प्रक्रिया में शामिल कर रही हैं ताकि कारखानों का काम तेजी से हो सके और मानव श्रम को आराम मिल सके।

इसके साथ ही, रोबोटिक्स का अन्य उपयोग चिकित्सा में भी हो"
759,वर्चुअल रियलिटी में नवीनतम रुझान,"वर्चुअल रियलिटी (Virtual Reality) एक तकनीकी उपकरण है जिसका उपयोग एक विर्चुअल या मानक माहौल बनाने के लिए किया जाता है। यह उपकरण उपयोगकर्ताओं को रियलिटी के वास्तविकता में विचरण करने की अनुमति देता है। वर्चुअल रियलिटी में नवीनतम रुझान बहुत ही रोचक हैं।

पहला रुझान है वायरल रियलिटी, जिसमें उपयोगकर्ताओं को एक ही वर्चुअल वातावरण में एक साथ काम करने की सुविधा मिलती है। यह उन्हें एक साथ वास्तविक स्थानों के बजाय एक वर्चुअल स्थान में मिलकर काम करने का अनुभव कराता है।

दूसरा रुझान है ऑगमेंटेड रियलिटी, जो वर्चुअल र"
758,प्लास्टिक प्रदूषण कम करने की नई विधियाँ,"प्लास्टिक प्रदूषण एक बड़ी समस्या बन चुकी है और इसका समाधान करने के लिए हमें नई विधियाँ अपनानी होंगी। प्लास्टिक का अधिक उपयोग करने से उत्पन्न होने वाले प्लास्टिक कचरे को प्रकृति में तोड़ने में समस्या आती है और इससे मानव स्वास्थ्य पर भी प्रभाव पड़ता है।

प्लास्टिक प्रदूषण को कम करने के लिए हमें कुछ नई विधियाँ अपनानी चाहिए। यहाँ कुछ उपाय दिए गए हैं जिनका अनुसरण करके हम प्लास्टिक प्रदूषण को कम कर सकते हैं:

1. पुनर्चक्रण: प्लास्टिक को पुनर्चक्रण करके नए उत्पादों में पुन: उपयोग किया जा सकता है।

2. प्लास्टिक की बजाय अन"
760,इलेक्ट्रिक वाहनों की भविष्य की संभावनाएँ,"आज के समय में इलेक्ट्रिक वाहनों का उपयोग बढ़ता जा रहा है और इसमें भविष्य में भी वृद्धि की संभावनाएं हैं। इलेक्ट्रिक वाहनों के प्रमुख लाभों में प्रदूषण कमी, ऊर्जा संवेदनशीलता, ध्वनि प्रदूषण कमी, ऊर्जा खर्च कमी, और तकनीकी सुधार शामिल हैं।

भविष्य में, हम इलेक्ट्रिक वाहनों के बाजार में और भी विस्तार की संभावना देख सकते हैं। नए तकनीकी उत्पादों और नवाचारों के विकास से इलेक्ट्रिक वाहनों की दक्षिण में तेजी से बढ़ोत्तरी होगी। इसके साथ ही, बैटरी प्रौद्योगिकी में सुधार करने से इलेक्ट्रिक वाहनों की चार्जिंग की स्प"
762,प्लास्टिक प्रदूषण कम करने की नई विधियाँ,"प्लास्टिक प्रदूषण एक गंभीर मामला है जो हमारी पृथ्वी और उसके जीवन जंतुओं के लिए एक बड़ी चुनौती है। इस समस्या का समाधान करने के लिए कई नई तकनीकी विधियाँ और उपाय उपलब्ध हैं।

पहली तकनीक है 'बायो-प्लास्टिक्स' का उपयोग करना। बायो-प्लास्टिक्स प्लास्टिक के प्रकार हैं जो पूरी तरह से प्राकृतिक सामग्रियों से बने होते हैं और उनका उपयोग करने से पर्यावरण पर कोई बुरा प्रभाव नहीं पड़ता।

दूसरी विधि है 'प्लास्टिक रीसायकलिंग' को बढ़ावा देना। इसके माध्यम से हम पुन: सजीवन करने वाले प्लास्टिक को फिर से उपयोग में ला सकते ह"
761,ब्लॉकचेन प्रौद्योगिकी का भविष्य,"ब्लॉकचेन प्रौद्योगिकी एक उभय-संचार (peer-to-peer) तकनीक है जिसमें डेटा को सुरक्षित ढंग से स्टोर और ट्रांसफर किया जाता है। यह तकनीक न केवल डिजिटल मुद्रा के लिए उपयोग होती है, बल्कि इसके अन्य कई उपयोग भी हैं। ब्लॉकचेन की सुरक्षा, पारदर्शिता और ट्रांसपेरेंसी की वजह से इसे विभिन्न क्षेत्रों में लागू किया जा रहा है।

ब्लॉकचेन प्रौद्योगिकी का भविष्य बहुत उज्जवल है। यह तकनीक विभिन्न क्षेत्रों में व्यापक रूप से उपयोग की जा रही है, जैसे वित्तीय सेवाएं, स्वास्थ्य सेवाएं, लॉजिस्टिक्स, सरकारी सेवाएं और बहुत कुछ।"
763,डिजिटल मुद्राओं की सुरक्षा चुनौतियाँ,"आधुनिक दुनिया में डिजिटल मुद्राओं का उपयोग बढ़ता जा रहा है, लेकिन इसके साथ ही सुरक्षा संबंधित भी कई चुनौतियाँ आ रही हैं। डिजिटल मुद्राओं की सुरक्षा को लेकर चिंताएं जागृत करने वाले मुद्रा के प्रयोगकर्ता हैं। 

एक बड़ी सुरक्षा चुनौती यह है कि कैसे सुनिश्चित किया जाए कि डिजिटल मुद्राओं का उपयोग करने वाले व्यक्ति किसी भी विधि से लूट ना जाएं। एक और मुद्दा यह है कि कैसे सुनिश्चित किया जाए कि डिजिटल मुद्राओं के संचय को सुरक्षित रखा जा सके। 

इन चुनौतियों का सामना करने के लिए, एक सर्वोत्तम तकनीकी सुरक्षा प्रणाली की आवश"
764,सतत विकास की नई रणनीतियाँ,"सतत विकास एक ऐसी महत्वपूर्ण प्रक्रिया है जिसमें समाज और अर्थव्यवस्था को सुधारने के लिए विभिन्न रणनीतियों का अद्यतन किया जाता है। नई तकनीकी उन्नतियाँ, विज्ञान और सांविधानिक कानून के परिवर्तन सतत विकास की नई रणनीतियों का मुख्य हिस्सा बन गए हैं।

प्रवृत्ति विकास के लिए नई और सुधारित तकनीकों का उपयोग करने के साथ, डिजिटलीकरण भी एक महत्वपूर्ण क्रिया है जिसके माध्यम से लोगों को नए और सुविधाजनक सेवाएं प्रदान की जा सकती हैं। ऑनलाइन शैक्षिक संसाधनों का उपयोग करने से शिक्षा का स्तर भी उन्नत हो सकता है।

साथ ही, समाज में घट"
765,वर्चुअल रियलिटी में नवीनतम रुझान,"वर्चुअल रियलिटी (Virtual Reality) एक तकनीक है जिसमें कंप्यूटर टेक्नोलॉजी का उपयोग करके एक वास्तविक जैसा अनुभव बनाया जाता है। इसका उद्देश्य उपयोक्ताओं को एक वास्तविकता से भिन्न, परंपरागत या नवीन वातावरण में ले जाना है। वर्चुअल रियलिटी ने विभिन्न क्षेत्रों में अपनी उपयोगिता दिखाई है, जैसे मनोरंजन, शिक्षा, सेवाएं, व्यापार आदि।

नवीनतम रुझानों में विजुअल क्वॉलिटी की सुधार, बेहतर गतिविधियों का संभावनात्मक बनाना और इंटरएक्टिविटी में वृद्धि है। नए हार्डवेयर और सॉफ्टवेयर के विकास से वर्चुअल रियलिटी"
768,क्वांटम कंप्यूटिंग की व्यावहारिक अनुप्रयोग,"क्वांटम कंप्यूटिंग एक नवाचारी तकनीक है जिसमें क्वांटम मेकेनिक्स के सिद्धांतों का उपयोग किया जाता है ताकि एक कंप्यूटर निर्विकल्पक रूप से गणना कर सके। विश्व के कई वैज्ञानिक इस प्रौद्योगिकी के विकास में लगे हुए हैं ताकि हम इसे अपने लाभ के लिए उपयोग में ला सकें।

क्वांटम कंप्यूटिंग के कई व्यावहारिक अनुप्रयोग हैं, जैसे कि डेटा एनक्रिप्शन, जीवाशूक जेनोमिक्स, किराये की नियंत्रणयों, अनुसंधान और विकास, मैटेरियल्स साइंस, और वित्तीय मॉडलिंग। इन अनुप्रयोगों में क्वांटम कंप्यूटिंग की ताकत का उपयोग"
766,डिजिटल मुद्राओं की सुरक्षा चुनौतियाँ,"आजकल डिजिटल मुद्राओं का उपयोग धीरे-धीरे बढ़ रहा है और इसके साथ ही सुरक्षा की चुनौतियाँ भी बढ़ रही हैं। जिन लोगों के पास डिजिटल मुद्राएं हैं, उन्हें अपने धन की सुरक्षा को लेकर सतर्क रहना चाहिए।

एक मुख्य सुरक्षा चुनौती है ऑनलाइन धोखाधड़ी और फिशिंग। अगर कोई व्यक्ति आपके डिजिटल मुद्रा खाते की जानकारी चोरी कर लेता है, तो वह आपके धन को नुकसान पहुंचा सकता है। इसलिए, सुरक्षित इंटरनेट ब्राउज़िंग और केवल प्रमाणित वेबसाइटों का उपयोग करना महत्वपूर्ण है।

दूसरी चुनौती है मोबाइल और कंप्यूटर परियोजनाएं"
769,सौर ऊर्जा के नवीनतम विकास,"सौर ऊर्जा एक शीतल ऊर्जा स्रोत है जो सूर्य से प्राप्त होती है और विश्वासीय रूप से उपयोग की जा सकती है। यह एक साफ, स्थायी और अनगिनत स्रोत है जो जल, जलवायु और पर्यावरण के लिए हानिप्रद इमिशन नहीं उत्पन्न करती। सौर ऊर्जा का उपयोग विभिन्न स्थानों पर विद्यमान है, जैसे कि घरेलू उपयोग, वाणिज्यिक उपयोग, औद्योगिक उपयोग और कृषि में।

नवीनतम सौर ऊर्जा विकास में कई महत्वपूर्ण तकनीकी अद्यतन हुए हैं। एक मुख्य उन्हीं में से एक है सौर पैनलों की प्रदर्शन क्षमता में सुधार। नए पीवी सेल तकनीक और उत्कृष्ट डिजाइन के पैन"
767,वन्यजीव संरक्षण में तकनीक का उपयोग,"वन्यजीव संरक्षण में तकनीक का महत्वपूर्ण योगदान है। आधुनिक तकनीक के उपयोग से वन्यजीव संरक्षण कार्यक्रमों को सुदृढ़ और प्रभावी बनाया जा सकता है। इसके लिए विभिन्न तकनीकी उपकरणों का उपयोग किया जा सकता है जैसे कि रेडियो कॉलर, ड्रोन्स, जैकेट कैमरे, सेंसर्स, जीप कैमरे, जैव प्रश्नोत्तरी तकनीक आदि।

रेडियो कॉलर का उपयोग वन्यजीवों की गतिविधियों का ट्रैकिंग करने में किया जाता है। इससे वन्यजीवों की स्थान, आत्मविश्वास, और संयोग जानकारी प्राप्त की जा सकती है जिससे उनकी सुरक्षा में सुधार हो सकता है। ड्रोन्स का"
770,इंटरनेट ऑफ़ थिंग्स (IoT) और स्मार्ट सिटी,"आधुनिक तकनीक की एक भविष्यवाणी के रूप में, इंटरनेट ऑफ़ थिंग्स (IoT) ने नए संभावनाओं का दरवाजा खोल दिया है। IoT तकनीक ने हमें विभिन्न प्रकार के डिवाइस और सेंसर्स को इंटरनेट से कनेक्ट करने में मदद की है, जिससे उनके बीच डेटा साझा किया जा सकता है और उन्हें स्वचालित बनाया जा सकता है।

एक ऐसा क्षेत्र जहां IoT का विस्तार हो रहा है, वह है स्मार्ट सिटी। स्मार्ट सिटी एक ऐसी शहरी क्षेत्रिय व्यवस्था है जो अनुकूल, सुरक्षित, और सहज गुणवत्ता वाला होता है। यहाँ स्मार्ट सिटी तकनीक के उपयोग से ऊर्जा प्रबंधन, परिवहन, सुरक्षा, प्रशासन आ"
771,ब्लॉकचेन प्रौद्योगिकी का भविष्य,"ब्लॉकचेन प्रौद्योगिकी एक ऐसी नवाचारिक तकनीक है जो एक सुरक्षित, जानकारी का वितरण करने और संग्रहित करने का प्रणाली है। यह तकनीक एक सुरक्षित डिजिटल लेजर में जानकारी को ब्लॉक्स में संग्रहित करती है और हर नए ब्लॉक को पिछले ब्लॉक से जोड़कर इसे अवश्य सुरक्षित बनाती है।

ब्लॉकचेन प्रौद्योगिकी के उद्गम से लेकर आज तक कई क्षेत्रों में इसका उपयोग हो रहा है। क्रिप्टोकरेंसी, स्मार्ट कॉन्ट्रैक्ट्स, संचार, स्वास्थ्य सेवाएं, सरकारी वितरण विधियाँ, अग्रणी विचारकों के अनुसार, इन सभी क्षेत्रों में ब्लॉकचेन प्रौद्योगिकी का"
772,इंटरनेट ऑफ़ थिंग्स (IoT) और स्मार्ट सिटी,"आज के समय में इंटरनेट ऑफ़ थिंग्स (IoT) और स्मार्ट सिटी तकनीकी उन्नति के क्षेत्र में महत्वपूर्ण भूमिका निभा रहे हैं। IoT एक ऐसी तकनीक है जिसमें विभिन्न डिवाइस और सेंसर्स इंटरनेट के माध्यम से एक-दूसरे से कनेक्ट होते हैं और डेटा को साझा करते हैं। यह तकनीक इंडस्ट्री, शहरी विकास, स्वास्थ्य, शिक्षा, गृह अप्प्लायंसेस आदि के क्षेत्रों में अनेक लाभ प्रदान करती है।

स्मार्ट सिटी एक ऐसी अवस्था है जिसमें शहर के विभिन्न क्षेत्रों में IoT तकनीक का उपयोग करके नए और सुधारित सेवाएं प्रदान की जाती हैं। इससे शहर की प्रबंधन, परिवहन, सुरक्षा,"
773,रोबोटिक्स का विकास और उसके अनुप्रयोग,"रोबोटिक्स एक विज्ञान क्षेत्र है जो रोबोट तकनीकी के विकास, निर्माण, संचालन और उपयोग के लिए जिम्मेदार है। यह विज्ञान शाखा इंजीनियरिंग, कम्प्यूटर विज्ञान और न्यूरोसाइंस को एक साथ मिलाकर काम करती है। रोबोटिक्स ने आधुनिक विज्ञान और प्रौद्योगिकी में क्रांति ला दी है और इसके उपयोग सामाजिक, आर्थिक और वैज्ञानिक क्षेत्रों में हो रहे हैं।

रोबोटिक्स के विकास से विभिन्न क्षेत्रों में अनेक उपयोग आए हैं। उदाहरण के लिए, विज्ञान और अंतरिक्ष अनुसंधान में रोबोट का उपयोग बढ़ गया है। रोबोट को विभिन्न ग"
774,प्लास्टिक प्रदूषण कम करने की नई विधियाँ,"प्लास्टिक प्रदूषण एक बड़ी समस्या है जो हमारी प्राकृतिक परिस्थितियों को बिगाड़ रही है। प्लास्टिक के उपयोग के कारण हमारे पास धरातल पर अधिक मात्रा में प्लास्टिक सामग्री हो गई है, जिससे वायु, जल और भूमि का प्रदूषण हो रहा है। प्लास्टिक प्रदूषण को कम करने के लिए कुछ नई विधियाँ हैं जो हम सभी को अपनाने चाहिए।

पहले तो, हमें अल्टरनेटिव ऑप्शन्स का उपयोग करना चाहिए। उदाहरण के लिए, हमें प्लास्टिक की बजाय कागज़ या कपड़े के जूते या बैग का उपयोग करना चाहिए। इससे हम प्लास्टिक का उपयोग कम कर सकते हैं।

दूसरे, हमें प्लास"
775,सतत विकास की नई रणनीतियाँ,"विज्ञान और प्रौद्योगिकी में तेजी से बढ़ते इनोवेशन के कारण, विश्व में तकनीकी क्षेत्र में सतत विकास के लिए नई रणनीतियाँ आवश्यक हो गई हैं। इन रणनीतियों का मुख्य लक्ष्य यह है कि तकनीकी उत्पादों और सेवाओं को सुधारने और विकसित करने के लिए नए और अद्वितीय तरीके ढूँढें जाएं।

एक ऐसी रणनीति है विकेन्द्रीकरण, जिसमें कंपनियों को अपने उत्पादों और सेवाओं को बेहतर बनाने के लिए खुले स्रोत साझा करने की अनुमति दी जाती है। यह उन्हें अधिक नए आविष्कारों और नए विचारों के साथ काम करने का अवसर देती है।

दूसरी रणनीति है ए"
776,क्वांटम कंप्यूटिंग की व्यावहारिक अनुप्रयोग,"क्वांटम कंप्यूटिंग एक उभयमान तकनीक है जिसमें क्यूबिट्स के रूप में जाने जाने वाले द्विस्थित स्थितियों का उपयोग किया जाता है। इसका उद्देश्य है क्वांटम अभियांत्रिकी के सिद्धांतों का उपयोग करके विशेष विषमता के अभियांत्रिकी समस्याओं को हल करना।

क्वांटम कंप्यूटिंग के कई व्यावहारिक अनुप्रयोग हैं। इनमें से कुछ मुख्य अनुप्रयोग निम्नलिखित हैं:

1. दर्शनीयता: क्वांटम कंप्यूटिंग का उपयोग बड़ी डेटा सेट्स की व्यावहारिक विश्लेषण में किया जा सकता है। यह विशेष रूप से मानव व्यवहार और वित्तीय विश्लेषण में म"
778,इलेक्ट्रिक वाहनों की भविष्य की संभावनाएँ,"आजकल इलेक्ट्रिक वाहनों का उपयोग बढ़ रहा है और इसका भविष्य भी बहुत उज्ज्वल दिखाई दे रहा है। इलेक्ट्रिक वाहनों के उपयोग से प्रदूषण कम होता है, ऊर्जा की बचत होती है और ध्वनि प्रदूषण को भी कम किया जा सकता है।

भविष्य में इलेक्ट्रिक वाहनों का उपयोग और भी बढ़ने की संभावना है। सरकारें वायुमंडल प्रदूषण को कम करने के लिए इलेक्ट्रिक वाहनों को प्रोत्साहित कर रही हैं। इसके अलावा, इलेक्ट्रिक वाहनों की बैटरी तकनीक में भी वृद्धि हो रही है, जिससे इनकी चार्जिंग की दूरी बढ़ जाएगी और इनका उपयोग भी आसान होगा"
777,वर्चुअल रियलिटी में नवीनतम रुझान,"वर्चुअल रियलिटी (Virtual Reality - VR) एक तकनीक है जिसमें उपयोगकर्ता एक वास्तविकता से अलग दुनिया में ढलकता है। यह तकनीक उपयोगकर्ताओं को एक वास्तविक महसूस कराने के लिए हेडसेट, कैमरे और सेंसर जैसी उपकरणों का उपयोग करती है।

वर्चुअल रियलिटी में नवीनतम रुझान भविष्य के लिए आकर्षक हैं। नवीनतम हेडसेट एवं उपकरणों के आगमन से इसका प्रयोगकर्ताओं के अनुभव को और भी गहरा और वास्तविक बना दिया है। इसके लिए विभिन्न क्षेत्रों में अनेक अनुप्रयोग आ रहे हैं।

व्यावसायिक उपयोग के क्षेत्र में, वर्चुअल रियलिटी कंपनियां व्यापार"
779,डिजिटल मुद्राओं की सुरक्षा चुनौतियाँ,"डिजिटल मुद्राएं आजकल बड़े हो रहे लोकप्रिय भुगतान तरीके हैं। इनकी सुरक्षा जीवन्त विषय है, क्योंकि ऑनलाइन लेन-देन के जरिए किसी भी व्यक्ति का पैसा चोरी हो सकता है। इसके लिए विभिन्न सुरक्षा चुनौतियाँ हैं जिन्हें हल करने की आवश्यकता है।

पहली और महत्वपूर्ण चुनौती यह है कि उपयोगकर्ताओं को मान्यता प्राप्त और सुरक्षित वेबसाइटों के माध्यम से ही अपने डिजिटल मुद्राओं का इस्तेमाल करना चाहिए। वेबसाइट के URL में ""https"" का उपयोग, लॉक आइकन और वेबसाइट की पहचान की जाँच करना उपयोगकर्ताओं के लिए महत्वपूर्ण है।

दूसरी चुनौती ह"
780,डिजिटल मुद्राओं की सुरक्षा चुनौतियाँ,"आज के डिजिटल युग में डिजिटल मुद्राओं का उपयोग तेजी से बढ़ रहा है। यह न केवल व्यवसायों के लिए सुविधाजनक है बल्कि आम लोगों के लिए भी इसके कई लाभ हैं। हालांकि, डिजिटल मुद्राओं के इस तेजी से विकास के साथ ही सुरक्षा की चुनौतियाँ भी बढ़ गई हैं।

डिजिटल मुद्राओं की सुरक्षा चुनौतियों में सबसे बड़ी चुनौती है साइबर क्राइम। हैकर्स और अन्य अवैध तत्व डिजिटल मुद्राओं की हड़बड़ी में उलझकर उनके पैसे चुरा सकते हैं। इसके अलावा, फिशिंग, मैलवेयर, रैंसमवेयर जैसी ऑनलाइन धारणा हमलों से भी डिजिटल मुद्राओं की सुरक्ष"
782,वर्चुअल रियलिटी में नवीनतम रुझान,"वर्चुअल रियलिटी (Virtual Reality) एक तकनीक है जिसमें उपयोगकर्ता एक वास्तविकता से अलग दुनिया में समाहित होता है। नवीनतम रुझानों के साथ, वर्चुअल रियलिटी तकनीक के क्षेत्र में बहुत अच्छी प्रगति हुई है। यहाँ कुछ मुख्य नए रुझानों का वर्णन है:

1. मिश्रित वर्चुअल और वास्तविकता: यह नया तकनीकी रुझान है जिसमें वर्चुअल रियलिटी को वास्तविक दुनिया के साथ मिलाया जा रहा है। इससे उपयोगकर्ता को अधिक सार्थक अनुभव मिलता है।

2. न्यूरल इंटरफेस: न्यूरल इंटरफेस के माध्यम से उपयोगकर्ता के दिमाग से सीधे कनेक्ट करने की कोशिश की जा"
781,इंटरनेट ऑफ़ थिंग्स (IoT) और स्मार्ट सिटी,"इंटरनेट ऑफ़ थिंग्स (IoT) और स्मार्ट सिटी कनेक्शन इन दिनों बहुत तेजी से बढ़ रहा है। IoT टेक्नोलॉजी के माध्यम से विभिन्न डिवाइस और उपकरण इंटरनेट के माध्यम से एक-दूसरे से कनेक्ट होते हैं और डेटा आपस में आपेक्षिक रूप से शेयर करते हैं। इसका उद्देश्य उपयोगकर्ताओं को सुविधाजनक, सुरक्षित और स्मार्ट तरीके से उपयोग करने में मदद करना है।

स्मार्ट सिटी एक ऐसी आधुनिक जीवन शैली है जो बेहतर सुरक्षित, स्वास्थ्यप्रद और साथ ही पर्यावरण के लिए भी अधिक जागरूकता लाने का प्रयास कर रही है। यह शहरी विकास के साथ जुड़े हुए तकनीकी"
783,ब्लॉकचेन प्रौद्योगिकी का भविष्य,"आज के दिन में ब्लॉकचेन प्रौद्योगिकी एक बहुत ही महत्वपूर्ण और रोचक विषय बन गया है। ब्लॉकचेन एक ऐसी तकनीक है जिसे डिजिटल डेटा को सुरक्षित रूप से संग्रहित और साझा करने के लिए बनाया गया है। इस तकनीक के द्वारा हम डेटा का सत्यापन कर सकते हैं और इसे मान्यता दे सकते हैं बिना किसी मध्यस्थ की आवश्यकता के।

ब्लॉकचेन प्रौद्योगिकी का भविष्य बहुत उज्जवल और सुगम दिखाई देता है। इसके अनेक क्षेत्रों में उपयोग हो सकता है जैसे कि वित्तीय सेवाएं, स्वास्थ्य सेवाएं, सरकारी योजनाएं, लॉजिस्टिक्स, संपत्ति प्रबंधन आदि। इस"
784,इलेक्ट्रिक वाहनों की भविष्य की संभावनाएँ,"वर्तमान में वायु प्रदूषण और ऊर्जा संकट के चलते इलेक्ट्रिक वाहनों की मांग तेजी से बढ़ रही है। इलेक्ट्रिक वाहनों का उपयोग न केवल प्रदूषण कम करने में मददगार है, बल्कि इनका उपयोग ऊर्जा संकट से निपटने में भी महत्वपूर्ण भूमिका निभा सकता है।

भविष्य में इलेक्ट्रिक वाहनों की संभावनाएं बहुत उज्ज्वल हैं। इसमें निम्नलिखित कुछ प्रमुख विकासों की संभावना है:

1. बेहतर बैटरी तकनीक: इलेक्ट्रिक वाहनों की बैटरी तकनीक में वृद्धि होगी, जिससे उनकी चार्जिंग समय और चलने की क्षमता में सुधार होगा।

2. अधिक चार्जिंग स्ट"
785,रोबोटिक्स का विकास और उसके अनुप्रयोग,"रोबोटिक्स एक क्षेत्र है जिसमें विज्ञान, इंजीनियरिंग और गणित का संयोजन होता है जिससे रोबोट या स्वचालित मशीनें विकसित की जाती हैं। इन रोबोट की क्षमताएं मानव सहायता, उद्योग, अंतरिक्ष अनुसंधान और अन्य क्षेत्रों में उपयोग किए जाते हैं।

रोबोटिक्स का विकास तेजी से बढ़ रहा है। उदाहरण के लिए, स्वचालित गाड़ियों के क्षेत्र में नवाचार हो रहे हैं। ये गाड़ियां आपको स्वचालित तरीके से गाड़ी चलाने में मदद करती हैं और सुरक्षा को बढ़ाती हैं। इसके अलावा, चिकित्सा क्षेत्र में भी रोबोटिक्स का प्रयोग हो रहा है"
788,कृत्रिम बुद्धिमत्ता का उपयोग साइबर सुरक्षा में,"कृत्रिम बुद्धिमत्ता (Artificial Intelligence) विज्ञान और तकनीक क्षेत्र में एक महत्वपूर्ण तकनीक है जो अनुकूल है और स्वयं सीखने योग्य है। साइबर सुरक्षा में कृत्रिम बुद्धिमत्ता का उपयोग करने के लिए एक क्रांतिकारी तरीका है। इसका उपयोग निम्नलिखित क्षेत्रों में किया जा सकता है:

1. सुरक्षा जानकारी का विश्लेषण: कृत्रिम बुद्धिमत्ता का उपयोग करके सुरक्षा जानकारी का विश्लेषण किया जा सकता है और किसी भी आकस्मिक या संगठित हमले को पहचाना जा सकता है।

2. अनुसंधान और विकास: कृत्रिम बुद्धिमत्ता का उपयोग करके नई सुरक्षा तकनीकों और उपकरणों का अनुसं"
787,कृत्रिम बुद्धिमत्ता का उपयोग साइबर सुरक्षा में,"कृत्रिम बुद्धिमत्ता (Artificial Intelligence) एक ऐसी तकनीक है जो मानव बुद्धिमत्ता की तरह कार्य करने की क्षमता रखती है। साइबर सुरक्षा में भी कृत्रिम बुद्धिमत्ता का उपयोग किया जा रहा है ताकि सुरक्षित रहा जा सके।

कृत्रिम बुद्धिमत्ता की मदद से सुरक्षा विशेषज्ञ साइबर हमलों को पहचानने, रोकने और उनका निवारण करने में मदद कर सकते हैं। यह एक तेजी से और बहुत समय तक कार्य करने की क्षमता रखता है, जिससे सुरक्षा उपायों को बेहतर बनाने में मदद मिलती है।

कृत्रिम बुद्धिमत्ता साइबर सुरक्षा में निम्नलिखित कार्यों के लिए उपयोगी है:

1. हमलों की पहचान: कृत"
786,प्लास्टिक प्रदूषण कम करने की नई विधियाँ,"प्लास्टिक प्रदूषण एक गंभीर समस्या है जो हमारे पर्यावरण के लिए बड़ा खतरा है। इस समस्या को हल करने के लिए कई नई विधियाँ और तकनीकें विकसित की जा रही हैं।

पहला उपाय है बायोडिग्रेडेबल प्लास्टिक का प्रयोग करना। ये प्लास्टिक प्रक्रिया द्वारा प्राकृतिक रूप से विघटन होता है और पर्यावरण को नुकसान पहुंचाने के बजाय स्वास्थ्यकर होता है।

दूसरा उपाय है प्लास्टिक की पुन: प्रयोगिता। इसमें पुराने प्लास्टिक को पुनः उपयोग के लिए पुनर्चक्रित किया जाता है। इससे प्लास्टिक के उत्पादन में कमी होती है और प्रदूषण का स्तर घटता है।

तीसरा उप"
790,प्लास्टिक प्रदूषण कम करने की नई विधियाँ,"प्लास्टिक प्रदूषण एक बड़ी समस्या है जो हमारे पर्यावरण को नुकसान पहुंचाती है। यह हमारे समुद्रों, नदियों, और प्राकृतिक जीवन के लिए खतरनाक है। प्लास्टिक का उपयोग कम करने के लिए कुछ नई विधियाँ हैं:

1. **प्लास्टिक की पुन: उपयोगिता**: प्लास्टिक की पुन: उपयोगिता करने से हम प्लास्टिक के उपयोग को कम कर सकते हैं। यह प्लास्टिक की फिरसे प्रयोग और उसकी फिरसे प्रक्रिया में शामिल करने का एक अच्छा तरीका है।

2. **जैविक प्लास्टिक**: जैविक प्लास्टिक उत्पादों का उपयोग करने से हम वायुमंडल और जलमंडल को हानि पहुंचाने वाले प्लास्टिक से बच सकत"
789,जलवायु परिवर्तन के खिलाफ नई तकनीकें,"आधुनिक दुनिया में जलवायु परिवर्तन एक भयानक समस्या बन चुकी है जिसका सीधा असर हमारे पर्यावरण और मानव स्वास्थ्य पर हो रहा है। इस समस्या का समाधान करने के लिए नई तकनीकें विकसित की जा रही हैं जिनका उपयोग किया जा सकता है।

पहली तकनीक है ऊर्जा उत्पादन के स्रोतों में परिवर्तन करना। यहां तकनीकी उन्नति के माध्यम से सौर, वायु, जल और भूमि से ऊर्जा उत्पादित करने की क्षमता बढ़ाई जा रही है जिससे जलवायु परिवर्तन के कारण जल्दी से बढ़ रहे उच्च वायु मात्रा को कम किया जा सकेगा।

दूसरी तकनीक है वन्य ऊर्जा तकनीक। वन्य ऊर्जा तकनीक विक"
791,इलेक्ट्रिक वाहनों की भविष्य की संभावनाएँ,"आजकल इलेक्ट्रिक वाहनों का उपयोग बढ़ रहा है और इसके पीछे कई कारण हैं। इन वाहनों की संचालन की क्षमता बढ़ रही है और ये पर्यावरण के लिए भी अधिक संवेदनशील हैं। इसलिए, इस तकनीकी प्रगति का भविष्य उज्जवल है।

इलेक्ट्रिक वाहनों के लाभों में सबसे महत्वपूर्ण बात वायु प्रदूषण की कमी है। पेट्रोल और डीजल वाहनों से निकलने वाले वायु प्रदूषण के कारण हमारे पर्यावरण पर बुरा प्रभाव पड़ रहा है, जिससे हमारे स्वास्थ्य पर भी नकारात्मक प्रभाव पड़ रहा है।

इलेक्ट्रिक वाहनों की दूरी यातायात के लिए भी एक बड़ा कारण है। इन"
792,रोबोटिक्स का विकास और उसके अनुप्रयोग,"रोबोटिक्स एक तकनीकी क्षेत्र है जो कंप्यूटर विज्ञान, इलेक्ट्रॉनिक्स और मैकेनिकल इंजीनियरिंग का संगम है। यह विज्ञान और प्रौद्योगिकी का क्षेत्र रोबोटों की निर्माण, डिज़ाइन, विकास और उनके उपयोग से संबंधित है। रोबोटिक्स के विकास ने विभिन्न क्षेत्रों में क्रांति लाई है और उसके अनुप्रयोग बहुत व्यापक हैं।

रोबोटिक्स का उद्देश्य मानव कार्यों को सुगम और सुरक्षित बनाना है। इसे विभिन्न क्षेत्रों में उपयोगिता मिलती है जैसे कि विनिर्माण, स्वास्थ्य, शिक्षा, और विज्ञान। रोबोटिक्स ने विज्ञान और प्रौद्योगिकी"
793,कृत्रिम बुद्धिमत्ता का उपयोग साइबर सुरक्षा में,"कृत्रिम बुद्धिमत्ता या आर्टिफिशियल इंटेलिजेंस (AI) एक तकनीक है जिसे साइबर सुरक्षा में उपयोग किया जा सकता है। आजकल साइबर हमले बढ़ रहे हैं और इसका सामना करना बहुत मुश्किल हो गया है। इसमें कृत्रिम बुद्धिमत्ता का उपयोग सुरक्षा को मजबूत करने में मददगार साबित हो सकता है।

कृत्रिम बुद्धिमत्ता के उपयोग से साइबर सुरक्षा में पहुंचे हुए खतरों को पहचानने और उनका सामना करने में मदद मिलती है। AI एल्गोरिदम्स का उपयोग करके साइबर हमलों की पहचान, रोकथाम और सुरक्षा को बढ़ावा दिया जा सकता है। इससे सुरक्षा टीमें किसी भी अनिय"
794,सौर ऊर्जा के नवीनतम विकास,"सौर ऊर्जा एक प्राकृतिक स्रोत है जो हरे ऊर्जा के रूप में जानी जाती है और जो समृद्धि और विकास के लिए महत्वपूर्ण है। नवीनतम विकास के साथ-साथ, सौर ऊर्जा का उपयोग और भी बढ़ रहा है।

एक प्रमुख विकास है सौर ऊर्जा परियोजनाओं की बढ़ोतरी। नए और सुधारित सौर प्रौद्योगिकियों के विकास से, सौर परियोजनाएं अब पहले से भी अधिक तेजी से और अधिक साफ तरीके से आवश्यक ऊर्जा प्रदान करने में सक्षम हैं।

इन परियोजनाओं के विकास से भारत जैसे देशों में ऊर्जा सुरक्षा में सुधार हो रहा है। सौर ऊर्जा के उपयोग से पर्यावरण को हानि पहुंचाने"
796,इंटरनेट ऑफ़ थिंग्स (IoT) और स्मार्ट सिटी,"आजकल इंटरनेट ऑफ़ थिंग्स (IoT) और स्मार्ट सिटी कॉन्सेप्ट का उपयोग शहरों को स्मार्ट और एफिशियंट बनाने के लिए किया जा रहा है। इस तकनीकी युग में, सामान्य उपकरणों और उपकरणों को इंटरनेट से जोड़कर उन्हें डेटा संग्रहण, विश्लेषण और नियंत्रण करने की क्षमता प्राप्त हो जाती है।

इंटरनेट ऑफ़ थिंग्स के उपयोग से स्मार्ट सिटी में अनेक लाभ होते हैं, जैसे कि प्रदूषण नियंत्रण, ऊर्जा बचत, सुरक्षा और सुविधाएं सुधारना। उदाहरण के लिए, स्मार्ट ट्राफिक सिस्टम अवैध यातायात को कम करने में मदद कर सकता है और स्मार्ट ऊर्जा प्रब"
795,इलेक्ट्रिक वाहनों की भविष्य की संभावनाएँ,"आजकल इलेक्ट्रिक वाहनों की मांग तेजी से बढ़ रही है और यह एक स्वच्छ और पर्यावरण के लिए अनुकूल विकल्प है। इसलिए, इलेक्ट्रिक वाहनों की भविष्य में कई संभावनाएं हैं।

पहले तो यह संभावना है कि इलेक्ट्रिक वाहनों का उपयोग और बढ़ेगा और इससे पेट्रोल और डीजल जैसे तेल के उपयोग कम होगा। इससे वायु प्रदूषण कम होगा और वातावरण में भले ही असर हो, लेकिन ध्वनि प्रदूषण भी कम होगा।

दूसरी बड़ी संभावना यह है कि इलेक्ट्रिक वाहनों की बैटरी तकनीक और क्षमता में सुधार होगा जिससे इनकी चार्जिंग की समय और चलने की दूरी में व"
797,क्वांटम कंप्यूटिंग की व्यावहारिक अनुप्रयोग,"क्वांटम कंप्यूटिंग एक विशेष प्रकार की तकनीक है जिसमें क्वांटम बिट्स (qubits) का उपयोग किया जाता है जो क्लासिकल बिट्स से अधिक शक्तिशाली होते हैं। यह नई प्रकार की कंप्यूटिंग है जिसमें क्वांटम मेकेनिक्स के नियमों का उपयोग किया जाता है।

क्वांटम कंप्यूटर के कई उपयोग हैं, जैसे कि अभी तक संभावनाएं थीं ही नहीं। यह सबसे महत्वपूर्ण तरीके से डेटा एनक्रिप्शन और सुरक्षा के क्षेत्र में बड़ा अध्ययन करने के लिए उपयुक्त है। क्वांटम कंप्यूटिंग बिना लम्बे समय में एनक्रिप्टेड डेटा को टूटे बिना तोड़ सकता है, जो कि क्लासिक"
798,इंटरनेट ऑफ़ थिंग्स (IoT) और स्मार्ट सिटी,"आज की दुनिया में तकनीकी विकास के साथ ही शहरों का भी विकास हो रहा है। औद्योगिक क्रांति ने स्मार्ट सिटी की अवधारणा को एक नया आयाम दिया है। इसमें इंटरनेट ऑफ़ थिंग्स (IoT) एक क्रियाशील भूमिका निभा रहा है।

IoT का उपयोग करके स्मार्ट सिटी में अनेक क्षेत्रों में सुधार किया जा सकता है। उदाहरण के लिए, ट्राफ़िक नियंत्रण, पानी और ऊर्जा का प्रबंधन, सुरक्षा, सार्वजनिक परिवहन, स्वच्छता आदि। इन सभी क्षेत्रों में IoT का उपयोग करके दिशा-निर्देशन, डेटा संग्रहण, और स्वचालन का कार्य किया जा सकता है।

एक उदाहरण के रूप में, ट्राफ़िक म"
799,सतत विकास की नई रणनीतियाँ,"आधुनिक तकनीकी उन्नति के चलते, विकास के क्षेत्र में नई रणनीतियाँ उभर रही हैं। इन रणनीतियों का मुख्य ध्येय सतत विकास और उन्नति को प्रोत्साहित करना है। 

पहली रणनीति में शामिल है डिजिटलीकरण, जिसके माध्यम से सरकार और विभिन्न संगठन तकनीक का उपयोग कर लोकतंत्र को मजबूत बनाने की कोशिश कर रहे हैं। डिजिटल रणनीतियों के जरिए सरकारी सेवाएं लोगों तक पहुंचाने में सुविधा प्रदान करने का उद्देश्य है। 

दूसरी रणनीति है सामुदायिक सहयोग, जिसके अंतर्गत समुदायों को सहयोग और संगठन करने के लिए उत्साहित किया जाता है। यह रणनीति व"
800,प्लास्टिक प्रदूषण कम करने की नई विधियाँ,"प्लास्टिक प्रदूषण आजकल एक बड़ी समस्या बन गई है जिसे कम करने के लिए नई विधियाँ तलाशी जा रही हैं। चिंता की बात है कि प्लास्टिक का उपयोग हर क्षेत्र में हो रहा है और इसका प्रभाव हमारी पर्यावरण और स्वास्थ्य पर है।

प्लास्टिक प्रदूषण को कम करने के लिए कई उपाय किए जा रहे हैं। उनमें से कुछ मुख्य विधियाँ निम्नलिखित हैं:

1. **बायोडिग्रेडेबल प्लास्टिक**: इस प्रकार के प्लास्टिक उत्पाद ऐसे होते हैं जो प्राकृतिक रूप से टूट जाते हैं और पर्यावरण को हानि नहीं पहुंचाते हैं।

2. **प्लास्टिक पुनर्चक्रण**: प्लास्टिक की पुनर्चक्रण प्रक्रिया को बढ़"
801,कृत्रिम बुद्धिमत्ता का उपयोग साइबर सुरक्षा में,"कृत्रिम बुद्धिमत्ता या आर्टिफिशियल इंटेलिजेंस (AI) एक तकनीकी उपकरण ह५ जो मानव बुद्धिमत्ता की प्रक्रियाओं का अनुकरण करता है। आजकल, साइबर सुरक्षा में AI का उपयोग बढ़ता जा रहा है। साइबर अपराधिता बढ़ रही है और इसके खिलाफ लड़ने के लिए उच्च स्तरीय सुरक्षा उपायों की जरुरत है।

कृत्रिम बुद्धिमत्ता विशेषज्ञता के साथ सुरक्षा प्रौद्योगिकी का एक महत्वपूर्ण हिस्सा बन चुका है। AI की मदद से सुरक्षा विशेषज्ञ अपराधिता के पैटर्न और उत्कृष्टता को पहचान सकते हैं, जिससे वे उन्हें पहले ही रोक सकते हैं। साथ ही, AI सुरक्षा में सम"
802,वन्यजीव संरक्षण में तकनीक का उपयोग,"वन्यजीव संरक्षण में तकनीक का उपयोग आजकल बहुत महत्वपूर्ण है। वन्यजीव सुरक्षा क्षेत्र में तकनीक का उपयोग जीवों की निगरानी, जीवनकाल की निगरानी, जीवों की संख्या का अनुमान लगाने, तथ्य संग्रहण, जीवों की गतिविधियों का अध्ययन, और संरक्षण कार्यों की योजना बनाने में महत्वपूर्ण है।

तकनीकी उपकरण जैसे कैमरे, जैविक संकेतक, जीपीएस ट्रैकिंग उपकरण, सेंसर्स, ड्रोन्स, और गहन डेटा विश्लेषण के साथ, वन्यजीव संरक्षण कार्यक्रमों में एक नया दिशा प्रदान किया है। इन तकनीकी उपकरणों का उपयोग वन्यजीवों की गतिविधियो"
803,सतत विकास की नई रणनीतियाँ,"सतत विकास की नई रणनीतियाँ

आधुनिक दुनिया में तकनीकी उन्नति ने हर क्षेत्र में भयानक रूप से गति पकड़ ली है। इसके साथ ही विकास की दौड़ में भी कोई कमी नहीं है। लेकिन जो विकास हम देख रहे हैं, वह अक्सर असमान तरीके से होता है, जिससे समाज में असंतुलन बढ़ता है। इसका समाधान नई रणनीतियों का अनुसरण करके किया जा सकता है।

पहली रणनीति यह है कि तकनीकी उन्नति का लाभ सभी तक पहुँचना चाहिए। इसके लिए सरकारों को सबके लिए सामान तकनीकी उपकरण उपलब्ध कराने की जरुरत है।

दूसरी रणनीति है विकास के संरचनात्मक पक्षों का ध्यान रखना"
804,क्वांटम कंप्यूटिंग की व्यावहारिक अनुप्रयोग,"क्वांटम कंप्यूटिंग एक उभयात्मक कंप्यूटिंग प्रौद्योगिकी है जो क्लासिकल कंप्यूटिंग के मुकाबले तेज, शक्तिशाली और बेहतर परिणाम प्रदान कर सकती है। इसका उद्देश्य विशेष तरीके से प्रोब्लेम्स को हल करना है जिन्हें क्लासिकल कंप्यूटिंग से सुलझाना मुश्किल होता है।

क्वांटम कंप्यूटिंग के कई व्यावहारिक अनुप्रयोग हैं, जैसे:

1. क्रिप्टोग्राफी: क्वांटम कंप्यूटिंग का एक प्रमुख उपयोग है क्रिप्टोग्राफी में सुरक्षित एल्गोरिदम्स का विकास। इससे सुरक्षित डेटा और संदेशों को एन्क्रिप्ट और डीक्रिप्ट किया जा सकता है।

2. डेटा माइन"
806,ब्लॉकचेन प्रौद्योगिकी का भविष्य,"ब्लॉकचेन प्रौद्योगिकी एक उभरती हुई तकनीक है जो सुरक्षित, सत्यापित और लेन-देन की लेयर को बनाए रखने के लिए उपयोग हो रही है। यह तकनीक डिजिटल लेन-देन को क्रिप्टोग्राफी द्वारा सुरक्षित बनाने के लिए उपयोग करती है और हर लेन-देन की जानकारी को एक ब्लॉक में रखती है जो अन्य ब्लॉकों के साथ जुड़ा होता है।

ब्लॉकचेन प्रौद्योगिकी का भविष्य बहुत उज्ज्वल है। इस तकनीक का उपयोग विभिन्न क्षेत्रों में हो रहा है, जैसे वित्त, स्वास्थ्य, लॉजिस्टिक्स, और वाणिज्यिक क्षेत्र। ब्लॉकचेन के द्वारा सुरक्षित और ट्रांसपैरें"
808,प्लास्टिक प्रदूषण कम करने की नई विधियाँ,"प्लास्टिक प्रदूषण एक बड़ी समस्या है जो हमारे पृथ्वी के लिए गंभीर खतरा है। प्लास्टिक के उपयोग के बढ़ते स्तर के कारण, हमें नए और सुस्त विधियों की आवश्यकता है जो प्लास्टिक प्रदूषण को कम कर सकें।

एक तकनीकी उपाय है प्लास्टिक की पुनर्चक्रण तकनीक। इस तकनीक में प्लास्टिक को पुनः उपयोग के लिए पुनर्चक्रित किया जाता है और इससे प्लास्टिक के उपयोग को कम करने में मदद मिलती है। इसके अलावा, एक और उपाय है प्लास्टिक की बायोडिग्रेडेबल विकल्पों का उपयोग करना। ये प्लास्टिक प्रदूषण को कम करने में मदद कर सकते हैं क्योंकि ये प्राकृत"
805,जलवायु परिवर्तन के खिलाफ नई तकनीकें,"जलवायु परिवर्तन एक गंभीर समस्या है जिसका सामाजिक, आर्थिक और पर्यावरणीय प्रभाव होता है। इस समस्या का समाधान करने के लिए नई तकनीकें और अविष्कार किए जा रहे हैं जो पर्यावरण को सुरक्षित रखने में मदद कर सकते हैं।

एक ऐसी तकनीक है जल संचयन के लिए स्मार्ट जल संचयन सिस्टम। इस सिस्टम में विभिन्न स्मार्ट सेंसर्स का इस्तेमाल किया जाता है जो वर्षा का मापन करते हैं और उस पानी को संचित करने के लिए उपयुक्त स्थान पर पहुँचा देते हैं। इससे पानी की व्यर्थ उपयोग को कम किया जा सकता है और साथ ही जल संचयन किया जा सकता है।

एक और तकनीक है सूर"
807,सौर ऊर्जा के नवीनतम विकास,"सौर ऊर्जा एक प्राकृतिक स्रोत है जो आधुनिक समय में ऊर्जा संकायों के लिए महत्वपूर्ण हो गया है। इसके कई फायदे हैं, जैसे कि कम कार्बन प्रदूषण, ऊर्जा की आवश्यकता को पूरा करने में मदद करना, और ऊर्जा स्वतंत्रता को बढ़ावा देना। इसके नवीनतम विकास के कुछ मुख्य तत्व हैं:

1. सौर ऊर्जा के सेल्स की कीमतों में कमी: सौर पैनल और बैटरी की कीमतों में कमी आई है, जिससे सौर ऊर्जा के उपयोग को अधिक व्यापक बनाने में मदद मिली है।

2. सौर ऊर्जा के अधिक उत्पादन के लिए नवाचार: नए तकनीकी उपायों ने सौर पैनल और प्रणालियों की उत्पादकता में"
809,जलवायु परिवर्तन के खिलाफ नई तकनीकें,"जलवायु परिवर्तन एक बड़ा चुनौतीपूर्ण मुद्दा है जिसका सामना हम सभी कर रहे हैं। इस समस्या का समाधान निकालने के लिए नई और अद्वितीय तकनीकों की आवश्यकता है।

एक ऐसी तकनीक है जिसे 'कार्बन सीक्वेस्ट्रेशन' कहा जाता है। इस तकनीक में, वनस्पतियों या औद्योगिक स्रोतों से उत्पन्न कार्बन डाइऑक्साइड को जमा करने के लिए उपयुक्त स्थानों में संग्रहित किया जाता है। इससे वायुमंडलीय कार्बन डाइऑक्साइड की मात्रा कम होती है और जलवायु परिवर्तन को नियंत्रित किया जा सकता है।

एक और उत्कृष्ट तकनीक है 'नेगेटिव इमिशन' जिसमें कार्बन डाइऑ"
810,कृत्रिम बुद्धिमत्ता का उपयोग साइबर सुरक्षा में,"कृत्रिम बुद्धिमत्ता या Artificial Intelligence (AI) एक तकनीक है जो कंप्यूटरों को मानव जैसी बुद्धिमत्ता प्रदान करने की क्षमता देती है। इस तकनीक का साइबर सुरक्षा में महत्वपूर्ण योगदान है।

कृत्रिम बुद्धिमत्ता का उपयोग साइबर सुरक्षा में सुरक्षा कवच बनाने के लिए किया जाता है। यह तकनीक नकली या हानिकारक गतिविधियों को पहचानने और रोकने में मदद करती है। कृत्रिम बुद्धिमत्ता सिक्योरिटी एल्गोरिदम्स को सुधारने और तेजी से पहचानने में मदद कर सकती है।

इसके साथ ही, कृत्रिम बुद्धिमत्ता साइबर हमलों की पहचान और उनके खिलाफ उचित कार्रवाई करने में भी सहाय"
811,क्वांटम कंप्यूटिंग की व्यावहारिक अनुप्रयोग,"क्वांटम कंप्यूटिंग एक उभरती हुई तकनीक है जिसमें क्वांटम फिजिक्स के सिद्धांतों का उपयोग करके सामान्य कंप्यूटिंग से कई गुना तेज़ और सक्षम कंप्यूटिंग की जा सकती है। यह तकनीक कई अनुप्रयोगों में उपयोगी हो सकती है, जैसे:

1. धारा विज्ञान: क्वांटम कंप्यूटर का उपयोग इस विज्ञान के कठिन समस्याओं का हल निकालने में किया जा सकता है। इससे नए उत्पादों की खोज और विकास की प्रक्रिया को भी तेज़ किया जा सकता है।

2. औद्योगिक तकनीक: क्वांटम कंप्यूटिंग का उपयोग औद्योगिक तकनीक में गुणवत्ता सुनिश्चित करने के लिए किया जा सक"
812,इंटरनेट ऑफ़ थिंग्स (IoT) और स्मार्ट सिटी,"आधुनिक तकनीकी विकास ने हमें एक नया दौर दिखाया है और उसमें इंटरनेट ऑफ़ थिंग्स (IoT) का महत्वपूर्ण योगदान है। IoT एक तकनीकी यंत्रों और उनके आपसी संचार के माध्यम से आपसी संबंधित सामग्री को इंटरनेट के माध्यम से संगठित करने की प्रक्रिया है। इसका उपयोग आधुनिक जीवन के विभिन्न क्षेत्रों में किया जा रहा है, जैसे कि स्वास्थ्य देखभाल, शहरी विकास, वाणिज्यिक उपयोग और अन्य क्षेत्रों में।

एक स्मार्ट सिटी एक ऐसा शहर है जिसमें आधुनिक तकनीक का उपयोग किया जाता है ताकि जनता को बेहतर सुविधाएं और सुरक्षा प्रदान की जा सके। IoT के माध"
814,कृत्रिम बुद्धिमत्ता का उपयोग साइबर सुरक्षा में,"कृत्रिम बुद्धिमत्ता या आर्टिफिशियल इंटेलिजेंस (AI) एक तकनीक है जो मानव बुद्धि की प्रक्रियाओं को मॉडल करने और सिमुलेट करने के लिए डिज़ाइन की गई है। आजकल साइबर सुरक्षा क्षेत्र में AI का उपयोग बहुतायत में किया जा रहा है।

AI की सहायता से सुरक्षा विशेषज्ञ साइबर हमलों की पहचान करने, उन्हें रोकने और उनके प्रतिकार करने के लिए बेहतर सुरक्षा उपाय बना सकते हैं। AI सिस्टम साइबर अटैक्स के पैटर्न को अध्ययन करके विशेष ध्यान देने की क्षमता रखते हैं और अनोखे या असामान्य गतिविधियों को चिह्नित कर सकते हैं। इसके अलावा, साइबर सुरक्षा में AI के"
813,वन्यजीव संरक्षण में तकनीक का उपयोग,"वन्यजीव संरक्षण एक महत्वपूर्ण मुद्दा है जिसमें तकनीक का महत्वपूर्ण योगदान है। आधुनिक तकनीकी उपकरणों का उपयोग करके वन्यजीवों की संरक्षण की प्रक्रिया को सुगम और प्रभावी बनाया जा सकता है।

पहले, वन्यजीवों की निगरानी के लिए उचित तकनीकी उपकरणों का उपयोग किया जा सकता है। उचित सतह पर ड्रोन, GPS और सेंसर्स का उपयोग करके वन्यजीवों को ट्रैक किया जा सकता है और उनकी गतिविधियों का मॉनिटरिंग किया जा सकता है। इससे वन्यजीवों की संख्या, स्थिति और गतिविधियों का निरीक्षण करना सरल हो जाता है।

दूसरे, वन्यजीवों की सुरक्षा"
815,ड्रोन प्रौद्योगिकी के नए उपयोग,"ड्रोन प्रौद्योगिकी ने आज के समय में अनेक क्षेत्रों में अपनी महत्वपूर्ण भूमिका बना ली है। इसके नए और विविध उपयोग करने के क्षेत्र में विज्ञान, वाणिज्य, सुरक्षा, और कृषि समाविष्ट हैं।

पहले तो, ड्रोन को अब निगरानी और सुरक्षा के काम में उपयोगिता मिल रही है। विभिन्न सुरक्षा एजेंसियाँ उन्हें उच्च रिस्क क्षेत्रों में सुरक्षा कार्यों के लिए इस्तेमाल कर रही हैं। ये ड्रोन सीमा पर निगरानी कर सकते हैं और अपराधियों की धराने करने में मदद कर सकते हैं।

कृषि क्षेत्र में भी ड्रोन का उपयोग फलस्वरूपकारी बना है। वे किसानों को उनकी खेतों"
816,वन्यजीव संरक्षण में तकनीक का उपयोग,"वन्यजीव संरक्षण में तकनीक का महत्वपूर्ण योगदान है। तकनीकी उपकरणों का उपयोग करके हम वन्यजीवों की संरक्षण में अधिक प्रभावी तरीके से सहायता पहुंचा सकते हैं।

पहले तो, तकनीकी उपकरणों की मदद से हम वन्यजीवों की जीवनशैली और संगठन को अधिक समझ सकते हैं। डीएनए की सीक्वेंसिंग, रेडियो कॉलर्स, ट्रैकिंग डिवाइसेस, और ड्रोन्स की मदद से हम वन्यजीवों की चित्रण, संगठन, और संचार प्रणाली को समझ सकते हैं।

दूसरे, तकनीकी उपकरणों से हम वन्यजीवों की रक्षा कर सकते हैं। जैसे कि ट्रैकिंग डिवाइसेस की मदद से हम वन्यजीवो"
818,सतत विकास की नई रणनीतियाँ,"सतत विकास की नई रणनीतियाँ

आधुनिक युग में तकनीकी विकास की गति इतनी तेज है कि हर क्षेत्र में नई रणनीतियों की आवश्यकता है। विशेषकर तकनीकी क्षेत्र में, सतत विकास की नई रणनीतियाँ बहुत महत्वपूर्ण हैं।

पहली रणनीति है अनुसंधान और विकास पर जोर देना। तकनीकी क्षेत्र में नए उत्पादों और सेवाओं के विकास के लिए अनुसंधान और विकास को बढ़ावा देना जरूरी है। यह रणनीति सतत नए और उन्नत तकनीकी समाधानों की खोज को प्रोत्साहित करती है।

दूसरी रणनीति है उत्पादकता में सुधार करना। तकनीकी क्षेत्र में उत्पादकता को बढ़ाने के लिए न"
819,क्वांटम कंप्यूटिंग की व्यावहारिक अनुप्रयोग,"क्वांटम कंप्यूटिंग एक उभयामान क्षेत्र है जिसमें क्वांटम मैकेनिक्स के सिद्धांतों का उपयोग किया जाता है ताकि एक कंप्यूटर द्वारा प्रक्रियाएं संभावित हों जो वर्तमान में उपलब्ध क्लासिकल कंप्यूटिंग के द्वारा संभावित नहीं हैं।

क्वांटम कंप्यूटिंग के व्यावहारिक अनुप्रयोगों में शामिल हैं:
1. क्रिप्टोग्राफी: क्वांटम कंप्यूटिंग सुरक्षित क्रिप्टोग्राफी के लिए नए और मजबूत एल्गोरिदम विकसित कर सकता है। इसमें क्वांटम एंट्रॉपी, क्वांटम कीवर्ड डिस्ट्रीब्यूशन, और क्वांटम सुरक्षित क्रिप्टोसिस्टम शामिल हैं।
2. डेटा सं"
817,वन्यजीव संरक्षण में तकनीक का उपयोग,"वन्यजीव संरक्षण में तकनीक का महत्वपूर्ण योगदान होता है। तकनीकी उपायों से वन्यजीवों की निगरानी, संरक्षण, और संवर्धन में मदद मिलती है। तकनीक का उपयोग करके हम वन्यजीवों की संख्या, स्थिति, और सुरक्षा को बेहतर ढंग से निगरानी और प्रबंधित कर सकते हैं।

वन्यजीवों के ट्रैकिंग के लिए रेडियो कॉलर्स, जीपीएस ट्रैकिंग और सेंसर्स का उपयोग किया जाता है। इन तकनीकी उपकरणों की मदद से हम वन्यजीवों की स्थिति को निगरानी कर सकते हैं और उनकी सुरक्षा का प्रबंधन कर सकते हैं। इसके अलावा, गैर-उपयोगी जानवरों के लिए तकनीकी उप"
820,ड्रोन प्रौद्योगिकी के नए उपयोग,"ड्रोन प्रौद्योगिकी एक उभयोगी तकनीक है जिसका उपयोग अब न केवल विमान उड़ाने के लिए होता है बल्कि इसका उपयोग विभिन्न क्षेत्रों में भी हो रहा है। ड्रोन्स को विभिन्न उद्देश्यों के लिए इस्तेमाल किया जा रहा है, जैसे कि डिलीवरी, सर्वेलेंस, जैव विविधता का मापन, कृषि, निरीक्षण आदि।

ड्रोन प्रौद्योगिकी के नए उपयोगों में से एक है जल संवर्धन और जल संवेदनशीलता। ड्रोन्स को जल संवर्धन के क्षेत्र में एक महत्वपूर्ण साधन के रूप में उपयोग किया जा रहा है। उन्हें जल की उपलब्धता, जल की गुणवत्ता और जल के उपयोग की निग"
822,प्लास्टिक प्रदूषण कम करने की नई विधियाँ,"प्लास्टिक प्रदूषण एक गंभीर मानवीय समस्या है जो हमारे पर्यावरण को हानि पहुंचा रही है। इस समस्या को हल करने के लिए हमें नए और सुस्त उपाय अपनाने की आवश्यकता है।

1. **प्लास्टिक की पुनर्चक्रण तकनीकें**: प्लास्टिक को पुनर्चक्रित करने की तकनीकें विकसित की जा रही हैं, जिससे प्लास्टिक का पुनर्चक्रण किया जा सके और इसका प्रदूषण कम हो सके।

2. **बायोडिग्रेडेबल प्लास्टिक**: बायोडिग्रेडेबल प्लास्टिक जैसे कि कोम्पोस्टेबल प्लास्टिक का उपयोग करने से प्लास्टिक प्रदूषण कम हो सकता है। ये प्लास्टिक प्राकृतिक रूप से टूट जाते हैं और पर्यावरण को कोई"
821,सौर ऊर्जा के नवीनतम विकास,"सौर ऊर्जा एक प्राकृतिक स्रोत है जिसका उपयोग करके ऊर्जा उत्पादन किया जा सकता है। यह एक साफ, सुरक्षित और स्थायी ऊर्जा स्रोत है जो पर्यावरण के साथ-साथ अर्थव्यवस्था को भी सुदृढ़ करता है। सौर ऊर्जा के नवीनतम विकास में कई तकनीकी और वैज्ञानिक उत्पादों का उपयोग किया जा रहा है।

एक ऐसा प्रमुख विकास जिसने सौर ऊर्जा के क्षेत्र में क्रांति ला दी है, वह है सौर पैनल तकनीक। नवीनतम सौर पैनल तकनीक ने पैनल की प्रदर्शन क्षमता और ऊर्जा उत्पादन में सुधार किया है। इसके अलावा, नए तरीके के सौर पैनल जैसे कि थिन फिल्म और फोटोवोल्ट"
823,कृत्रिम बुद्धिमत्ता का उपयोग साइबर सुरक्षा में,"कृत्रिम बुद्धिमत्ता या आर्टिफिशियल इंटेलिजेंस (AI) एक प्रौद्योगिकी है जो मानव बुद्धिमत्ता की सिमुलेशन करती है ताकि कंप्यूटर स्वतंत्र रूप से सोच सके और निर्णय ले सके। साइबर सुरक्षा में कृत्रिम बुद्धिमत्ता का उपयोग बहुत महत्वपूर्ण है।

कृत्रिम बुद्धिमत्ता के द्वारा साइबर सुरक्षा में विभिन्न काम किए जा सकते हैं, जैसे कि सुरक्षा घातकों की पहचान, साइबर हमलों के खिलाफ सुरक्षा उपाय की पहचान, नेटवर्क ट्रैफिक का मॉनिटरिंग और लॉगिंग, संदेशों और डेटा के रोकथाम के लिए फिल्टरिंग और निगरानी, और बहुत कुछ।

कृत्रिम बुद"
824,प्लास्टिक प्रदूषण कम करने की नई विधियाँ,"प्लास्टिक प्रदूषण आजकल एक बड़ी समस्या बन गई है जो हमारे पर्यावरण के लिए खतरनाक है। हालांकि, इस समस्या का समाधान मुश्किल नहीं है अगर हम यह समझें कि हमें प्लास्टिक का उपयोग कम करना होगा। यहाँ कुछ नई विधियाँ हैं जिनका प्रयोग करके हम प्लास्टिक प्रदूषण को कम कर सकते हैं:

1. प्लास्टिक की बजाय ज्यादा दैनिक उपयोग में आने वाले सामग्रीयों का उपयोग करें, जैसे कि स्टेनलेस स्टील बर्तन, कपड़े का झोला, इत्यादि।

2. बाजार से चीनी थाली, प्लेट और ग्लास की बजाय अद्भुत नार्थ इंडियन उत्पादों के पत्तल का उपयोग करें।

3. प्लास्ट"
825,क्वांटम कंप्यूटिंग की व्यावहारिक अनुप्रयोग,"क्वांटम कंप्यूटिंग एक उभयमान क्षेत्र है जो क्वांटम मैकेनिक्स के सिद्धांतों पर आधारित है और संभावनातात्मक तरीके से संख्यात्मक गणना करने की क्षमता प्रदान करता है। क्वांटम कंप्यूटिंग का उद्देश्य विशेष रूप से उन संख्यात्मक समस्याओं का हल निकालना है जिन्हें क्लासिकल कंप्यूटर्स से नहीं हल किया जा सकता।

क्वांटम कंप्यूटिंग का व्यावहारिक अनुप्रयोग कई क्षेत्रों में हो सकता है। उदाहरण के लिए, दवाई विकेतन की गणना, वित्तीय मॉडलिंग, बायोलॉजिकल सिस्टम्स का अध्ययन, और बिग डेटा विश्लेषण में क्वांटम कंप्यूटिंग का"
826,कृत्रिम बुद्धिमत्ता का उपयोग साइबर सुरक्षा में,"कृत्रिम बुद्धिमत्ता (Artificial Intelligence) एक ऐसी तकनीक है जिसने विभिन्न क्षेत्रों में अपनी महत्वपूर्ण भूमिका बना ली है। इसका उपयोग न केवल व्यावसायिक क्षेत्र में बल्कि साइबर सुरक्षा के क्षेत्र में भी किया जा रहा है। 

साइबर सुरक्षा में कृत्रिम बुद्धिमत्ता का उपयोग कई तरह से किया जा सकता है। पहले, यह सुरक्षा जांच के लिए उपयोग किया जा सकता है। इसके द्वारा संदेहपूर्ण गतिविधियों को पहचानने में मदद मिलती है और उन्हें रोकने के लिए सुरक्षा कार्रवाई उठाई जा सकती है। 

दूसरे, यह सुरक्षा इंटेलिजेंस के लिए उपयोगी हो सकता है। कृत्रिम बुद्ध"
829,प्लास्टिक प्रदूषण कम करने की नई विधियाँ,"प्लास्टिक प्रदूषण एक बड़ी समस्या है जो हमारे प्राकृतिक पर्यावरण के लिए खतरनाक है। प्लास्टिक का उपयोग बढ़ रहा है और इसकी अधिकता के कारण प्रकृति को हानि पहुंच रही है। परिणामस्वरूप, हमें नई विधियों की खोज करनी चाहिए जो प्लास्टिक प्रदूषण को कम कर सकें।

एक उपाय है प्लास्टिक की पुनर्चक्रण प्रक्रिया को बढ़ावा देना। यह उत्पादन प्रक्रिया में सेकंडरी प्लास्टिक का उपयोग करने से प्लास्टिक की मात्रा कम हो सकती है। इसके अलावा, प्लास्टिक के बजाय बायोडिग्रेडेबल या कम-प्लास्टिक उत्पादों का उपयोग करना भी एक संभावित समाधान हो सकता है"
828,वर्चुअल रियलिटी में नवीनतम रुझान,"वर्चुअल रियलिटी (VR) एक तकनीकी उद्यान है जिसमें हम एक वास्तविकता से अलग दुनिया में समाहित होते हैं, जिसे हम अपने पंखों से तक पहुंच नहीं सकते। यह तकनीक न केवल मनोरंजन के लिए है, बल्कि व्यवसायिक और शिक्षा क्षेत्र में भी उपयोग किया जा रहा है।

नवीनतम रुझानों में एक हॉलोग्रामिक रिप्रोजेक्शन तकनीक का उपयोग है, जिसमें व्यक्तिगत VR अनुभव को बेहतर बनाने के लिए विसुअल और ऑडियो सामग्री को एक 3D छवि के रूप में प्रदर्शित किया जाता है। यह तकनीक वास्तविकता में आनंद और उत्साह को बढ़ाने के लिए कई सेक्टरों में उपयोग की"
830,रोबोटिक्स का विकास और उसके अनुप्रयोग,"रोबोटिक्स एक क्षेत्र है जो तकनीकी ज्ञान, कंप्यूटर विज्ञान और इंजीनियरिंग को संयुक्त करता है ताकि आधुनिक रोबोट तैयार किए जा सकें। रोबोटिक्स ने विभिन्न क्षेत्रों में क्रांति लाई है, जैसे कि निर्माण, चिकित्सा, खुदरा, और भौतिकी।

रोबोटिक्स के विकास ने विभिन्न क्षेत्रों में जीवन को सुविधाजनक बनाया है। उदाहरण के लिए, चिकित्सा में रोबोटिक सर्जरी ने सर्जरी के प्रकार को बदल दिया है। यह न केवल ऑपरेशन की सुरक्षा बढ़ाता है, बल्कि इससे ऑपरेशन की दक्षता भी बढ़ती है।

रोबोटिक्स के जरिए निर्माण क्षेत्र में भी क्र"
831,कृत्रिम बुद्धिमत्ता का उपयोग साइबर सुरक्षा में,"कृत्रिम बुद्धिमत्ता या आर्टिफिशियल इंटेलिजेंस (AI) एक तकनीकी उपकरण ह५ जो मानव बुद्धिमत्ता की तरह काम करता है और विभिन्न कार्यों को सम्पन्न करने में सक्षम है। आजकल साइबर सुरक्षा में AI का उपयोग बढ़ रहा है जिससे सुरक्षित डेटा और सिस्टम की रक्षा की जा सके।

AI की मदद से साइबर सुरक्षा के लिए विभिन्न कार्य संभावना बढ़ जाती है। पहले तकनीकी समस्याओं को पहचानने और संशोधित करने के लिए AI का उपयोग किया जा सकता है। AI सिस्टम स्वचालित रूप से संग्रहित डेटा का विश्लेषण करके संभावित सुरक्षा घातकों को पहचान सकता है और इसे रोकने के लिए कार्र"
827,वन्यजीव संरक्षण में तकनीक का उपयोग,"वन्यजीव संरक्षण एक महत्वपूर्ण क्षेत्र है जिसमें तकनीक का महत्वपूर्ण योगदान है। तकनीक के उपयोग से वन्यजीव संरक्षण कार्यों को सुगम और प्रभावी बनाया जा सकता है।

एक तकनीकी उपाय है वन्यजीवों की ट्रैकिंग और मॉनिटरिंग करना। इससे वन्यजीवों की गतिविधियों और स्थिति का निरिक्षण किया जा सकता है और उनकी सुरक्षा की जा सकती है। वन्यजीवों को टैग करने और रेडियो कॉलर लगाने के द्वारा उनका ट्रैकिंग किया जा सकता है।

दूसरी तकनीक क्षेत्र है वन्यजीवों के लिए अंतरराष्ट्रीय डेटाबेस और पोर्टल तैयार करना। इससे वन्यज"
832,सौर ऊर्जा के नवीनतम विकास,"सौर ऊर्जा एक शीतल ऊर्जा स्रोत है जो सूर्य की रोशनी से प्राप्त की जाती है। यह एक प्राकृतिक और अनगिनत स्रोत है जो हमें निरंतर ऊर्जा उपलब्ध कराता है और परिवेश के लिए भी साफ है। सौर ऊर्जा का उपयोग बिजली उत्पादन, उष्मीयकरण, उष्मीय जलन इत्यादि में किया जा सकता है।

नवीनतम विकास के साथ, सौर ऊर्जा के क्षेत्र में कई नए प्रौद्योगिकी और नवाचार आ रहे हैं। उदाहरण के लिए, सौर पैनल की तकनीक में सुधार किया गया है जो उन्हें अधिक ऊर्जा उत्पादन करने में मदद करता है। अब और अधिक संग्रह क्षमता और अधिक दिनों तक चलने वाले पैन"
833,सौर ऊर्जा के नवीनतम विकास,"सौर ऊर्जा का उपयोग वायवीय परिवर्तनों का सामना करने में महत्वपूर्ण है। सौर ऊर्जा एक साफ और अनगिनत स्रोत है जो आगे बढ़ने के लिए संभावनाएं प्रदान करता है। नवीनतम विकास में सौर ऊर्जा तकनीकों में कई महत्वपूर्ण परिवर्तन हुए हैं।

पहला परिवर्तन उत्कृष्टता में हुआ है। नए सौर पैनल और सौर सेल तकनीकों के प्रयोग से ऊर्जा का उत्पादन और उपयोग अत्यधिक अद्यतन हो गया है। इन तकनीकों में वृद्धि के साथ ऊर्जा का उत्पादन हो रहा है और इससे ऊर्जा की लागत कम हो रही है।

दूसरा महत्वपूर्ण परिवर्तन ऊर्जा स्थानांतरण में हुआ है। स"
834,इंटरनेट ऑफ़ थिंग्स (IoT) और स्मार्ट सिटी,"आधुनिक शहरों को स्मार्ट सिटी बनाने के लिए इंटरनेट ऑफ़ थिंग्स (IoT) एक महत्वपूर्ण तकनीक है। IoT के जरिए विभिन्न डिवाइस और सेंसर्स को इंटरनेट के माध्यम से जोड़कर उनसे डेटा को एकत्रित किया जा सकता है और उसे व्यावसायिक तथा नागरिक उपयोग के लिए उपयोगिता से संदर्भित जानकारी में परिवर्तित किया जा सकता है।

एक स्मार्ट सिटी में IoT के उपयोग से यातायात व्यवस्था, पानी और विद्युत आपूर्ति, सुरक्षा तथा पर्यावरण सम्बंधित कई क्षेत्रों में सुधार हो सकता है। उदाहरण के लिए, ट्रैफिक मॉनिटरिंग के लिए सेंसर्स लगाए जा सकते हैं जो याताय"
835,इलेक्ट्रिक वाहनों की भविष्य की संभावनाएँ,"वर्तमान में जलवायु परिवर्तन और प्रदूषण की समस्याओं के कारण वाहन उद्योग इलेक्ट्रिक वाहनों की ओर ध्यान दे रहा है। इलेक्ट्रिक वाहनों की भविष्य की संभावनाएँ बहुत उज्ज्वल हैं।

पहली बात तो यह है कि इलेक्ट्रिक वाहन जलवायु परिवर्तन के साथ लड़ने में मदद करेंगे। इन वाहनों के चलने से वायु प्रदूषण और ध्वनि प्रदूषण कम होगा।

दूसरी बात, इलेक्ट्रिक वाहनों की लंबी चालीसी किफायती हो सकती है। इन वाहनों की चालन सामान्य इंटरनल कंबस्टन इंजन वाले वाहनों से कम में होती है और इनकी रखरखाव भी सस्ती होती है।

तीसरी बात, इलेक"
836,वर्चुअल रियलिटी में नवीनतम रुझान,"वर्चुअल रियलिटी (VR) एक तकनीकी उपकरण है जो एक वास्तविकता से भिन्न अनुभव उत्पन्न करने में मदद करता है। इसका उपयोग खेल, शिक्षा, साहित्य, साक्षात्कार और अन्य क्षेत्रों में किया जाता है। वर्चुअल रियलिटी के नवीनतम रुझानों में कुछ निम्नलिखित शामिल हैं:

1. सामाजिक VR: सामाजिक VR प्लेटफार्मों की मांग में वृद्धि हुई है, जो लोगों को अपने दोस्तों और परिवार से जुड़ने का नया तरीका प्रदान करती है।

2. लेखन और साहित्य: पुस्तकों और कहानियों को वर्चुअल रूप में प्रस्तुत करने के लिए नवीनतम टेक्नोलॉजी इस्तेमाल की जा रही है।

3. म"
837,ब्लॉकचेन प्रौद्योगिकी का भविष्य,"ब्लॉकचेन प्रौद्योगिकी एक नवाचारिक तकनीक है जो डिजिटल सौरभ की सुरक्षा और सत्यता को सुनिश्चित करने के लिए उपयोग की जा रही है। यह तकनीक प्राइवेसी, सुरक्षा और प्रतिस्थापन के क्षेत्र में उपयोगी हो सकती है।

ब्लॉकचेन के सहायक ब्लॉक अन्य डेटा ब्लॉक से जुड़े होते हैं और इसमें किसी भी परिवर्तन की पुष्टि करने के लिए क्रिप्टोग्राफिक मान्यता का उपयोग किया जाता है। यह डेटा सुरक्षित और असंशोधित रहता है, जिससे डेटा का सत्यापन और आधार बनाने में मदद मिलती है।

ब्लॉकचेन प्रौद्योगिकी के उपयोग के कई क्षेत्र हैं, जैसे वित्ती"
838,ड्रोन प्रौद्योगिकी के नए उपयोग,"ड्रोन प्रौद्योगिकी ने विभिन्न क्षेत्रों में नए और रोचक उपयोगों का दरवाजा खोल दिया है। इस तकनीक का उपयोग अब केवल उड़ान भरने के लिए ही नहीं हो रहा है, इसका उपयोग विभिन्न क्षेत्रों में सुरक्षा, व्यापार, कृषि, उद्यानिकी, और औद्योगिक क्षेत्र में किया जा रहा है।

ड्रोन को सुरक्षा क्षेत्र में सुरक्षित जासूसी और गतिविधियों के लिए उपयोग किया जा रहा है। सीमाओं की सुरक्षा, सीमा की प्रक्रियाओं का निरीक्षण, और सुरक्षित सीमा के लिए ड्रोन का उपयोग किया जा रहा है।

कृषि क्षेत्र में, ड्रोन समुद्री तटों और खेतों की निगरानी के लिए अ"
839,जलवायु परिवर्तन के खिलाफ नई तकनीकें,"जलवायु परिवर्तन एक महत्वपूर्ण मुद्दा है जिसका सामाजिक, आर्थिक और पर्यावरणीय प्रभाव होता है। इस समस्या का समाधान करने के लिए नई और अद्वितीय तकनीकें विकसित की जा रही हैं।

प्रथम तकनीक है ‘कार्बन संशोधन’ या ‘कार्बन कैचर’ तकनीक। इसमें वायुमंडलीय कार्बन को पकड़ने और संवर्धित स्थानों में स्थायी रूप से संचित करने की क्षमता होती है। इस तकनीक का उपयोग कार्बन डाइऑक्साइड के स्तर को कम करने के लिए किया जा सकता है।

दूसरी तकनीक है ‘हाइड्रोजन ऊर्जा’। यह एक शुद्ध ऊर्जा स्रोत है जो कार्बन निर्मुलन को कम करने में मदद कर सकती है"
841,डिजिटल मुद्राओं की सुरक्षा चुनौतियाँ,"आजकल डिजिटल मुद्राएं लोकप्रिय हो रही हैं और लोग इन्हें अपने व्यापारिक और व्यक्तिगत लेन-देन के लिए प्राथमिकता देने लगे हैं। डिजिटल मुद्राओं का उपयोग करने से लोगों को बहुत सारे लाभ मिलते हैं, लेकिन इसके साथ ही इनकी सुरक्षा का भी ध्यान रखना जरूरी है।

डिजिटल मुद्राओं की सुरक्षा में चुनौतियाँ हैं। साइबर क्रिमिनल्स और हैकर्स इन मुद्राओं के सिस्टम में गणना द्वारा भ्रष्टाचार कर सकते हैं। प्रॉब्लेम यह है कि जब एक बार धन चोरी हो जाता है, तो इसे वापस पाना कठिन हो सकता है।

इस समस्या का समाधान करने के लिए कुछ उपाय हैं। सुरक्ष"
842,वन्यजीव संरक्षण में तकनीक का उपयोग,"वन्यजीव संरक्षण एक महत्वपूर्ण क्षेत्र है जिसका मुख्य उद्देश्य वन्यजीवों की संरक्षण और संवर्धन करना है। तकनीक इस क्षेत्र में एक महत्वपूर्ण भूमिका निभाती है क्योंकि यह मानवता द्वारा वन्यजीवों की संरक्षण में मदद करती है।

एक प्रमुख तकनीकी उपाय वन्यजीव संरक्षण के लिए वन्यजीव ट्रैकिंग है। इस तकनीक का उपयोग वन्यजीवों के स्थान का पता लगाने, उनकी गतिविधियों का मॉनिटर करने और उनकी संरक्षण की दिशा में नीतियों को बनाने में किया जाता है। यह तकनीक सैकड़ों प्रकार के सेंसर्स, जैसे कि जीपीएस और रेडियो कॉलर्स का उप"
843,वर्चुअल रियलिटी में नवीनतम रुझान,"वर्चुअल रियलिटी (Virtual Reality) एक तकनीकी उपकरण है जो हमें वास्तविकता से भिन्न वास्तविकता का अनुभव कराता है। इसका उपयोग खेल, शिक्षा, सेवाएं और मनोरंजन क्षेत्रों में किया जाता है। वर्चुअल रियलिटी के क्षेत्र में हर दिन नए रुझान आ रहे हैं।

पहला रुझान है वास्तविकता के और अधिक करीब लाने की कोशिश। नवीनतम वर्चुअल रियलिटी उपकरण और सॉफ्टवेयर इस दिशा में महत्वपूर्ण योगदान दे रहे हैं। इससे उपयोगकर्ताओं को और अधिक जीवंत और वास्तविक अनुभव मिलने लगा है।

दूसरा रुझान है वर्चुअल रियलिटी के उपयोग क्षेत्रो"
844,वन्यजीव संरक्षण में तकनीक का उपयोग,"वन्यजीव संरक्षण एक महत्वपूर्ण क्षेत्र है जिसका मुख्य उद्देश्य प्राकृतिक वास्तविकता को संरक्षित रखना है। तकनीक इस क्षेत्र में महत्वपूर्ण भूमिका निभाती है और वन्यजीवों की संरक्षण के लिए अनेक तरीके से उपयोग की जा सकती है। 

पहले, तकनीकी उपकरणों का उपयोग करके वन्यजीवों की गणना और मापन किया जा सकता है। इससे वन्यजीवों की संख्या और प्रकार का अच्छी तरह से अध्ययन किया जा सकता है जिससे उनकी संरक्षण की योजनाएं बनाई जा सकती हैं। 

दूसरे, तकनीकी उपकरणों का उपयोग करके वन्यजीवों के आवास के लिए स्थानों का मॉनिटरिं"
846,इंटरनेट ऑफ़ थिंग्स (IoT) और स्मार्ट सिटी,"आजकल इंटरनेट ऑफ़ थिंग्स (IoT) तकनीकी उन्नति का एक महत्वपूर्ण हिस्सा बन चुका है जो हर क्षेत्र में अद्वितीय संभावनाएं प्रदान कर रहा है। यह तकनीक अलग-अलग उपकरणों और उपकरणों के आपसी संचार की संभावनाओं को बढ़ाता है। इसके जरिए आप अपने डिवाइस को इंटरनेट के माध्यम से कनेक्ट कर सकते हैं और उससे डेटा एकत्रित कर सकते हैं। 

इंटरनेट ऑफ़ थिंग्स की एक अद्वितीय उपयोगिता स्मार्ट सिटी में देखी जा सकती है। स्मार्ट सिटी एक ऐसी शहर होती है जहां अनेक व्यवसायिक और नागरिक सुविधाएं इंटरनेट ऑफ़ थिंग्स के जरिए कनेक्ट होती ह"
845,ड्रोन प्रौद्योगिकी के नए उपयोग,"ड्रोन प्रौद्योगिकी ने हाल ही में अपना विस्तार किया है और अनेक क्षेत्रों में नए उपयोग खोजे गए हैं। यह उदाहरण स्वरूप ड्रोन के उपयोग शामिल हैं जैसे कि कृषि, वन्यजीव संरक्षण, नक्सल उपेक्षा, इंफ्रास्ट्रक्चर समीक्षा, विपणन और डिलीवरी, सुरक्षा और अनुसंधान।

कृषि में, ड्रोन किसानों को कृषि भूमि की स्थिति का अवलोकन करने में मदद कर सकते हैं, प्रसंस्करण के लिए उन्हें सहायता प्रदान कर सकते हैं और उन्हें विशेष रूप से जलवायु से संबंधित जानकारी प्राप्त करने में सक्षम बना सकते हैं।

वन्यजीव संरक्षण क्षेत्र में, ड्रोन वन्य"
847,सतत विकास की नई रणनीतियाँ,"आधुनिक तकनीकी उन्नति और तेजी से बदलते दुनिया में, सतत विकास और नई रणनीतियों का महत्व बढ़ता जा रहा है। इस युग में, संगठनों को अपनी प्रक्रियाओं और उत्पादों को समायोजित रखने के लिए नई रणनीतियों की आवश्यकता है जो उन्हें बाजार में पिछड़ने से बचा सकें।

एक सफल रणनीति में कई मामूली तत्व शामिल हो सकते हैं, जैसे कि उत्पाद का संवर्धन, प्रक्रियाओं का सुधारना, उत्पादों की गुणवत्ता में सुधार, और बाजार में पहचान। यह रणनीतियाँ संगठन को नए और नवाचारी तरीके से सोचने के लिए प्रेरित करती हैं।

नई रणनीतियों का उदाहरण द"
840,रोबोटिक्स का विकास और उसके अनुप्रयोग,"रोबोटिक्स एक विज्ञान और तकनीकी क्षेत्र है जो रोबोटों के निर्माण, नियंत्रण, डिज़ाइन और उपयोग के संबंध में काम करता है। रोबोटिक्स का विकास तेजी से बढ़ रहा है और इसके अनेक उपयोग हैं।

पहले तो, रोबोटिक्स का उपयोग विभिन्न क्षेत्रों में कार्यों को सुगम और सुरक्षित बनाने के लिए होता है। कई उदाहरण हैं जैसे ऑटोमेटेड इंडस्ट्रीज़, चिकित्सा रोबोटिक्स, खोज और उद्धार मिशन, गहन जलवायु अध्ययन, और जलवायु परिवर्तन के समाधान।

दूसरे, रोबोटिक्स का उपयोग व्यक्तिगत स्तर पर भी होता है। इसे घरेलू उपयो"
848,इलेक्ट्रिक वाहनों की भविष्य की संभावनाएँ,"वर्तमान में जलवायु परिवर्तन की चुनौतियों का सामना करने के लिए इलेक्ट्रिक वाहनें एक महत्वपूर्ण विकल्प हैं। इस तकनीकी विकास में अनुकूलन और यातायात के क्षेत्र में नई योजनाएं शामिल हो रही हैं। इलेक्ट्रिक वाहनों की संभावनाएं इस प्रकार हैं:

1. प्रदूषण कमी: इलेक्ट्रिक वाहनों के उपयोग से वायु प्रदूषण का स्तर कम होगा और वातावरण को बचाने में मदद मिलेगी।

2. ऊर्जा स्वतंत्रता: इलेक्ट्रिक वाहनों का उपयोग भारत की ऊर्जा स्वतंत्रता को बढ़ावा देगा और भारत को ऊर्जा आवश्यकताओं को पूरा करने में मदद मिलेगी।

3. लागत कमी: इलेक्ट्रिक व"
849,क्वांटम कंप्यूटिंग की व्यावहारिक अनुप्रयोग,"क्वांटम कंप्यूटिंग एक उभरती हुई तकनीक है जो क्लासिकल कंप्यूटिंग से काफी अलग है। इसका उद्देश्य क्वांटम बिट्स यानी क्यूबिट्स का उपयोग करके कंप्यूटर क्षमता को बढ़ाना है। इसकी मुख्य विशेषता यह है कि यह किसी भी समस्या को एक साथ कई स्थितियों में समाधान कर सकता है, जिससे कंप्यूटिंग की गति और प्रदर्शन में वृद्धि होती है।

क्वांटम कंप्यूटिंग के कई व्यावहारिक अनुप्रयोग हैं, जिनमें से कुछ निम्नलिखित हैं:

1. डेटा एन्क्रिप्शन: क्वांटम कंप्यूटिंग का उपयोग सुरक्षित डेटा एन्क्रिप्शन के लिए किया जा सकता है। क्वांट"
850,डिजिटल मुद्राओं की सुरक्षा चुनौतियाँ,"आजकल डिजिटल मुद्राएँ बढ़ती हुई तकनीकी उपयोगिता के कारण लोगों की पसंद बन गई हैं, लेकिन इसके साथ ही सुरक्षा चुनौतियाँ भी बढ़ गई हैं। डिजिटल मुद्राओं की सुरक्षा के मुद्दे एक महत्वपूर्ण विषय बन गए हैं।

एक प्रमुख चुनौती है ऑनलाइन धोखाधड़ी और चोरी की संभावना। डिजिटल मुद्राओं को सुरक्षित रखने के लिए तकनीकी सुरक्षा के द्वारा उचित ध्यान देना जरूरी है। सुरक्षा के लिए मलवेयर और वायरस से लड़ने के लिए अच्छे एंटीवायरस का उपयोग करना चाहिए।

एक अन्य चुनौती है ऑनलाइन नेटवर्क्स पर खुले मुद्राओं की सुरक्ष"
851,इलेक्ट्रिक वाहनों की भविष्य की संभावनाएँ,"आजकल जल्दी बढ़ते जनसंख्या और वायु प्रदूषण की समस्याएं इलेक्ट्रिक वाहनों की भूमिका को बढ़ा रही है। इलेक्ट्रिक वाहन वाहनों के लिए एक सुरक्षित, स्वच्छ और पर्यावरण के लिए सहयोगी विकल्प प्रदान करते हैं। यह तकनीकी विकास ने इलेक्ट्रिक वाहनों की सुरक्षा, दक्षता और दुर्यावरणीयता को बढ़ावा दिया है।

भविष्य में, इलेक्ट्रिक वाहनों का प्रयोग और भी बढ़ने की संभावना है। नए तकनीकी उन्नति और सरकारी नीतियों के समर्थन से इलेक्ट्रिक वाहनों की लोकप्रियता में वृद्धि होगी। इलेक्ट्रिक वाहनों की बेहतरीन बैटरी तकनीक, विक"
852,सतत विकास की नई रणनीतियाँ,"सतत विकास एक ऐसी प्रक्रिया है जिसमें समाज, अर्थव्यवस्था और पर्यावरण के साथ-साथ व्यक्ति का विकास होता है। इस संदर्भ में, नई रणनीतियाँ अब लोकतांत्रिक और समावेशी दृष्टिकोण के साथ विकास को प्रोत्साहित करने के लिए आवश्यक हैं।

पहली रणनीति है शिक्षा के प्रति समर्पण। शिक्षा केंद्रित रूप से स्वास्थ्य, सामाजिक विकास और रोजगार के लिए विशेषाधिकार को बढ़ावा देती है।

दूसरी रणनीति नए और स्थायी रोजगार के लिए नई तकनीकों और उद्यमिता को प्रोत्साहित करना है। इसके लिए सरकार को नौकरियों को बढ़ावा देने वाली क्षमताओं को ब"
853,इलेक्ट्रिक वाहनों की भविष्य की संभावनाएँ,"आज के समय में इलेक्ट्रिक वाहनों का उपयोग तेजी से बढ़ रहा है और इसके पीछे कई कारण हैं। इलेक्ट्रिक वाहनों के उपयोग से प्रदूषण कम होता है, इनकी चालन की लागत कम होती है और ये शांतिपूर्ण होते हैं। इसलिए, भविष्य में इलेक्ट्रिक वाहनों की भूमिका और महत्व और भी बढ़ने की संभावना है।

इलेक्ट्रिक वाहनों के तकनीकी विकास में भी तेजी लाई जा रही है। नई तकनीकों और इनोवेशन के कारण इन वाहनों की बैटरी क्षमता, चार्जिंग स्टेशन की संरचना, चार्जिंग समय, और वाहनों की दूरी सुरक्षित तरीके से बढ़ाई जा रही है।

इलेक्ट्रिक व"
855,इलेक्ट्रिक वाहनों की भविष्य की संभावनाएँ,"आजकल वायु प्रदूषण और ऊर्जा संकट की समस्याएं बढ़ रही हैं और इसके समाधान के लिए इलेक्ट्रिक वाहनों का उपयोग बढ़ रहा है। इलेक्ट्रिक वाहनों की भविष्य काफी उज्ज्वल और सुरक्षित दिखती है।

इलेक्ट्रिक वाहनों का उपयोग पेट्रोल और डीजल जैसी तेल उत्पादों की खपत को कम करने में मदद करता है, जिससे वायु प्रदूषण कम होता है। इन वाहनों में उपयोग किए जाने वाले बैटरी भी पर्यावरण के लिए हानिकारक नहीं होते हैं। इन वाहनों की चार्जिंग की प्रक्रिया भी सुरक्षित और सरल होती है।

इलेक्ट्रिक वाहनों की तकनीक भी लगातार विकसित हो रही है"
854,सतत विकास की नई रणनीतियाँ,"सतत विकास के लिए नई रणनीतियाँ बेहद महत्वपूर्ण हैं। विज्ञान और प्रौद्योगिकी के तेजी से बढ़ते क्षेत्र में, नवाचारों को अपनाना एवं उन्हें लागू करना आवश्यक है। इसके लिए कुछ मुख्य रणनीतियाँ हैं।

पहली रणनीति है नवाचार को प्रोत्साहित करना। नए विचारों और तकनीकों को समर्थन देना और उन्हें विकसित करने के लिए आवश्यक संसाधनों को प्रदान करना जरूरी है।

दूसरी रणनीति है सहयोग और संयोग। विभिन्न संगठनों, शोध संस्थानों और व्यावसायिक संगठनों के बीच सहयोग करना विशेष महत्वपूर्ण है।

तीसरी रणनीति है विदेशी"
856,प्लास्टिक प्रदूषण कम करने की नई विधियाँ,"प्लास्टिक प्रदूषण एक बड़ी समस्या है जो हमारे पृथ्वी के लिए खतरनाक है। प्लास्टिक का उपयोग हमारे जीवन में इतना घुस गया है कि हम इसके बिना जीना सोच भी नहीं सकते। लेकिन इसका गलत तरीके से इस्तेमाल किया जाना, उसके प्रदूषण के कारण हमारे पृथ्वी को नुकसान पहुंचा रहा है।

प्लास्टिक प्रदूषण को कम करने के लिए कुछ नई विधियाँ विकसित की गई हैं। एक ऐसी तकनीक है जिसमें प्लास्टिक आवश्यकतानुसार ही बनाया जाता है और उसके पुनर्चक्रण की प्रक्रिया को सुनिश्चित किया जाता है। इससे अधिक प्लास्टिक उत्पादन से बचा जा सकता है।

एक और"
857,ड्रोन प्रौद्योगिकी के नए उपयोग,"ड्रोन प्रौद्योगिकी ने तकनीकी उन्नति के क्षेत्र में एक नया मोड़ लाया है और इसका उपयोग सिविल सेवाओं से लेकर व्यापारिक उद्योग तक में हो रहा है। ड्रोन के सुलभ, तेज और निर्दिष्ट क्षेत्रों में पहुंचने की क्षमता ने उसे कई नए उपयोगों के लिए उपलब्ध करा दिया है।

पहले तो, ड्रोन का उपयोग नक्शा बनाने और भूमि सर्वेक्षण के लिए किया जाता है। ड्रोन विभिन्न ऊचाइयों से तस्वीरें लेकर भूमि के नक्शे तैयार करने में मदद करता है, जिससे नक्शे की सटीकता बढ़ जाती है।

दूसरे, ड्रोन को भूखंडों, जंगलों और अन्य कठिन पहुंच वाले"
858,प्लास्टिक प्रदूषण कम करने की नई विधियाँ,"प्लास्टिक प्रदूषण विश्वभर में बढ़ती हुई समस्या है जिससे पर्यावरण को भारी नुकसान हो रहा है। इस समस्या को हल करने के लिए नई तकनीकी विधियों का उपयोग किया जा रहा है।

प्रथम तकनीक है बायो-प्लास्टिक्स का उपयोग करना। ये प्लास्टिक होते हैं जो पूरी तरह से प्राकृतिक तरीके से बनाए जाते हैं और उनका उत्पादन भी पर्यावरण के लिए हानिकारक नहीं होता।

दूसरी तकनीक है प्लास्टिक रीसाइकलिंग का अधिक प्रचार करना। पुराने प्लास्टिक को फिर से उपयोग में लाने से प्लास्टिक की मात्रा कम होगी और प्रदूषण भी कम होगा।

तीसरी तकनीक है प्लास्टिक की"
859,सौर ऊर्जा के नवीनतम विकास,"सौर ऊर्जा एक प्रदूषण मुक्त, अनगिनत और स्थायी ऊर्जा स्रोत है जो हमें स्वच्छ ऊर्जा प्राप्त करने में मदद करती है। बढ़ती आवश्यकताओं के साथ, सौर ऊर्जा के विकास में तेजी से वृद्धि हुई है।

नवीनतम विकासों में सौर पैनल, सौर ऊर्जा रेडिएशन, सौर बैटरी संचार, सौर ऊर्जा उत्पादन और सौर ऊर्जा उपयोग में वृद्धि की गई है। नए सौर पैनल प्रौद्योगिकियों ने पैनल की प्रोफाइल को पतला किया है, जिससे उन्हें स्थान की अधिक सुविधा होती है और ज्यादा ऊर्जा उत्पादित कर सकते हैं।

सौर ऊर्जा उत्पादन में भी कई नवाचार हुए हैं। उदाह"
860,वर्चुअल रियलिटी में नवीनतम रुझान,"वर्चुअल रियलिटी (Virtual Reality) एक उच्चतम स्तर की तकनीकी उपकरण है जो एक वास्तविकता से अलग वास्तविकता का अनुभव प्रदान करता है। इसका उपयोग खेल, शिक्षा, प्रशिक्षण, मनोरंजन, सेवाएं और साहित्य में किया जा रहा है। वर्चुअल रियलिटी में नवीनतम रुझानों में कुछ मुख्य शामिल हैं:

1. अधिष्ठान अनुभव: वर्चुअल रियलिटी अब अधिष्ठान अनुभवों के लिए उपयुक्त बन गया है, जिसमें उपयोगकर्ता को अनुभव करने का अद्वितीय अनुभव मिलता है।

2. आर्टिफिशियल इंटेलिजेंस: वर्चुअल रियलिटी में एआई का उपयोग लगातार बढ़ रहा है।"
863,जलवायु परिवर्तन के खिलाफ नई तकनीकें,"जलवायु परिवर्तन आज की सबसे बड़ी चुनौती है और इसका समाधान बिना किसी नई तकनीक के सहायता के असंभव है। वैज्ञानिकों ने इस समस्या का समाधान ढूंढने के लिए कई नई तकनीकें विकसित की हैं।

पहली बात तो यह है कि हमें अत्यधिक ऊर्जा का उपयोग कम करना होगा। इसके लिए हमें अधिक से अधिक नवाचारों को अपनाना होगा जैसे कि जल संचयन, नवीनतम ऊर्जा संग्रहण तकनीकें, और ऊर्जा संग्रहण के लिए नई सौर ऊर्जा तकनीकें।

दूसरी बात, हमें पर्यावरण के लिए अनुकूल प्रौद्योगिकियों का विकास करना होगा। इसमें सहायक हो सकती हैं जैसे कि बायो"
862,सौर ऊर्जा के नवीनतम विकास,"सौर ऊर्जा एक अविश्वसनीय स्त्रोत है जो हमें अविरल ऊर्जा और स्वच्छता प्रदान कर सकता है। सौर ऊर्जा के नवीनतम विकास के साथ, इसका उपयोग और प्रभावशीलता भी बढ़ रहा है। नवीनतम तकनीकी उन्नतियों के कारण, सौर ऊर्जा का उत्पादन अब अधिक अच्छा और सस्ता हो गया है।

एक प्रमुख विकास है सौर पैनल तकनीक का उन्नत होना। नए पीढ़ी के सौर पैनल अब प्रदर्शन में अधिक उत्कृष्ट होते हैं और अधिक ऊर्जा उत्पादित करते हैं। इन पैनलों की उपलब्धता और उपयोग की विस्तार से बढ़ती मांग के कारण, उनकी कीमतें भी कम हो रही हैं।

इसके अल"
864,वर्चुअल रियलिटी में नवीनतम रुझान,"वर्चुअल रियलिटी (Virtual Reality) एक उत्कृष्ट तकनीकी अवधारणा है जिसने हमें एक नये दुनिया का अनुभव करने की सुविधा दी है। इसके साथ ही, वर्चुअल रियलिटी में नवीनतम रुझान लगातार उत्पन्न हो रहे हैं। 

पहला नवीनतम रुझान है नेचरल इंटरफेस और हाप्टिक्स। इसमें इंटरफेस को प्राकृतिक रूप से मोडल किया गया है जिससे उपयोगकर्ता को अधिक समर्थन और उत्तेजना मिलती है। यह तकनीक उपयोगकर्ताओं को वास्तविक जैसा अनुभव करने में मदद करती है।

दूसरा रुझान है आर्टिफिशियल इंटेलिजेंस (AI) का उपयोग। AI की मदद से वर्चुअल रियलिटी"
861,प्लास्टिक प्रदूषण कम करने की नई विधियाँ,"प्लास्टिक प्रदूषण एक गंभीर समस्या है जो हमारे पृथ्वी के लिए बड़ा खतरा बन चुका है। लेकिन हमारे पास कई नई तकनीकें हैं जिनका उपयोग करके हम प्लास्टिक प्रदूषण को कम कर सकते हैं।

पहली तकनीक है जैविक प्लास्टिक का उत्पादन, जिसमें प्लास्टिक को बनाने के लिए पेट्रोलियम के बजाय जैविक सामग्री का उपयोग किया जाता है। यह प्लास्टिक बहुत ही अच्छा है क्योंकि यह पर्यावरण के लिए हानिकारक नहीं होता।

दूसरी तकनीक है प्लास्टिक की पुनर्चक्रण प्रक्रिया, जिसमें पुराने प्लास्टिक को फिर से उपयोग में लाने के लिए उपयोग किया जाता है। इससे प"
865,रोबोटिक्स का विकास और उसके अनुप्रयोग,"रोबोटिक्स एक विज्ञान है जिसमें रोबोट के विकास, निर्माण, चालन और उपयोग का अध्ययन किया जाता है। यह एक इंटरडिस्किप्लिनरी क्षेत्र है जिसमें कंप्यूटर विज्ञान, इलेक्ट्रॉनिक्स, मैकेनिकल इंजीनियरिंग और अन्य कई विज्ञानों का सम्मिलित उपयोग होता है। रोबोटिक्स के उद्देश्य मानव श्रम को कम करना, अधिक सुरक्षित और सुविधाजनक तरीके से कार्य करना और विभिन्न उद्देश्यों को पूरा करने के लिए सहायक होना है।

रोबोटिक्स के विकास में विभिन्न प्रकार के सेंसर, एक्ट्यूएटर, माइक्रोकंट्रोलर्स और एल्गोरिदम्स का उपयोग किया जाता है"
867,वर्चुअल रियलिटी में नवीनतम रुझान,"वर्चुअल रियलिटी (Virtual Reality - VR) एक तकनीक है जिसमें यूजर को वास्तविकता से भिन्न दुनिया में ले जाने के लिए सिमुलेट किया जाता है। यह तकनीक तेजी से विकसित हो रही है और कई नए रुझान उसमें आ रहे हैं।

पहला रुझान है मिक्स्ड रियलिटी (Mixed Reality) जिसमें वास्तविक और वर्चुअल दुनिया का मेल होता है। यह तकनीक उपयोगकर्ताओं को एक सर्वेलेंसरी हस्तक्षेप देती है ताकि वे अपने आसपास की दुनिया को देख सकें और उसमें वर्चुअल ऑब्जेक्ट्स को इंटरेक्ट कर सकें।

दूसरा रुझान है हाप्टिक्स (Haptics) जिसमें तकनीक उपयोगकर्ताओं को एहसास करने की क्षमता प्रदान कर"
870,कृत्रिम बुद्धिमत्ता का उपयोग साइबर सुरक्षा में,"कृत्रिम बुद्धिमत्ता एक तकनीकी क्षमता है जिसे मशीनों को समझ, सोचने और सीखने की क्षमता प्रदान करने के लिए डिज़ाइन किया गया है। इस तकनीक का उपयोग साइबर सुरक्षा में बड़े पैमाने पर किया जा रहा है। साइबर हमलों की तेजी से बढ़ती संख्या के कारण, कृत्रिम बुद्धिमत्ता एक अहम उपाय बन गया है जिससे नए तरीके के हमलों को पहचाना और उनका सामना किया जा सके।

कृत्रिम बुद्धिमत्ता का उपयोग साइबर सुरक्षा में विभिन्न क्षेत्रों में किया जा सकता है। एक उदाहरण के रूप में, इसे सेंसर्स और मॉनिटरिंग सिस्टम में शामिल किया जा सकता है जो अविश"
869,वर्चुअल रियलिटी में नवीनतम रुझान,"वर्चुअल रियलिटी (VR) एक तकनीकी उपकरण है जिसके माध्यम से व्यक्ति एक समकक्ष वास्तविकता का अनुभव कर सकता है। यह तकनीक निरंतर विकसित हो रही है और नए-नए रुझान उत्पन्न हो रहे हैं।

प्रथम रुझान में सबसे बड़ी बात यह है कि वर्चुअल रियलिटी के उपकरण और एप्लिकेशन अब पहुंचे मुमकिनता के नए स्तर पर हैं। उच्च गुणवत्ता के VR हेडसेट और उपकरण उपलब्ध हो रहे हैं जो अब ज्यादा विश्वसनीय और उपयोगकर्ता मित्र हैं।

दूसरा रुझान है व्यापक उपयोग क्षमता का विस्तार। VR अब विभिन्न क्षेत्रों में उपयोग किया जा रहा है, जैसे म"
868,ड्रोन प्रौद्योगिकी के नए उपयोग,"ड्रोन प्रौद्योगिकी ने हमारे जीवन के कई क्षेत्रों में नए और अनूठे उपयोग लाए हैं। इन उपयोगों में से कुछ मुख्य हैं:

1. सुरक्षा और सुरक्षा: ड्रोन सुरक्षा और निगरानी के क्षेत्र में महत्वपूर्ण भूमिका निभा रहे हैं। वे गहरे इलाकों में नजर रख सकते हैं और सुरक्षा एजेंसियों को सहायता पहुंचा सकते हैं।

2. जल, वायु और भूमि क्षेत्रों में उपयोग: ड्रोन जल, वायु और भूमि क्षेत्रों में उपयोगी हैं। वे जल के नीचे रहने वाले जीवों की गणना, जलवायु और वायुमंडल अध्ययन करने में मदद कर सकते हैं।

3. व्यापारिक उपयोग: ड्रोन कंपन"
866,इलेक्ट्रिक वाहनों की भविष्य की संभावनाएँ,"आजकल इलेक्ट्रिक वाहनों का उपयोग तेजी से बढ़ रहा है और इसकी भविष्य में भी बहुत संभावनाएं हैं। इलेक्ट्रिक वाहनों के उपयोग से प्रदूषण कम होने में मदद मिलेगी और वायु प्रदूषण का स्तर भी घटेगा। इन वाहनों की चालना भी आधुनिक तकनीक का उपयोग करके होती है, जिससे सुरक्षा और उच्च दक्षता सुनिश्चित होती है।

इलेक्ट्रिक वाहनों के लिए बैटरी तकनीक में भी विकास हो रहा है। नई पीढ़ी की बैटरियों में ज्यादा उर्जा भंडारण की क्षमता है और इसका उपयोग बढ़ेगा। इसके साथ ही वाहनों की चार्जिंग सुविधा में भी सुधार होने की सं"
871,प्लास्टिक प्रदूषण कम करने की नई विधियाँ,"प्लास्टिक प्रदूषण एक बड़ी समस्या है जो हमारे पर्यावरण और स्वास्थ्य को हानि पहुंचा रही है। प्लास्टिक का उपयोग हर जगह हो रहा है और इसकी वजह से पर्यावरण में प्रदूषण बढ़ रहा है। इस समस्या को हल करने के लिए कुछ नई विधियाँ और तकनीकें विकसित की जा रही हैं।

पहला उपाय है बायोडिग्रेडेबल प्लास्टिक का उपयोग करना। यह प्लास्टिक प्रकृति में तेजी से टूट जाता है और पर्यावरण को कोई नुकसान नहीं पहुंचाता। इसके अलावा, प्लास्टिक की पुन: प्रयोगिता बढ़ाने के लिए रिसाइक्लिंग की प्रक्रिया में सुधार किया जा रहा है।

दूसरा उपाय है"
873,जलवायु परिवर्तन के खिलाफ नई तकनीकें,"जलवायु परिवर्तन एक गंभीर समस्या है जिसका सामना हम सभी कर रहे हैं। इस समस्या का सामना करने के लिए नई तकनीकें विकसित की जा रही हैं जो हमें जलवायु परिवर्तन के खिलाफ लड़ने में मदद कर सकती हैं।

पहली तकनीक है वृक्षारोपण तकनीक। वृक्षारोपण एक अच्छा तरीका है जलवायु परिवर्तन को रोकने का। वृक्षारोपण से हम पर्यावरण की सुरक्षा कर सकते हैं और ऑक्सीजन स्तर बढ़ा सकते हैं।

दूसरी तकनीक है नई ऊर्जा स्रोत। पारिस्थितिकी ऊर्जा स्रोत जैसे सौर ऊर्जा, पवन ऊर्जा आदि का प्रयोग करके हम पर्यावरण को बचाने में मदद कर सकते हैं।

तीसरी"
874,वर्चुअल रियलिटी में नवीनतम रुझान,"वर्चुअल रियलिटी (Virtual Reality - VR) एक तकनीक है जिसमें यूजर को वास्तविकता से भिन्न वायर्चुअल या सिम्युलेटेड माहौल में ले जाती है। इस तकनीक का उपयोग खेल, मनोरंजन, शिक्षा, व्यावसायिक उद्देश्यों और चिकित्सा में किया जा रहा है।

नवीनतम रुझानों में सबसे महत्वपूर्ण है VR हेडसेट्स की प्रौद्योगिकी में सुधार। नए सेंसर, बेहतर ग्राफिक्स, और अधिक वायरलेस अनुक्रमण वाले हेडसेट्स बाजार में उपलब्ध हैं। ये सुधार हेडसेट्स को अधिक सुविधाजनक और अनुभव को अधिक शानदार बनाते हैं।

एक और महत्वपूर्ण रुझान है Augmented Reality (AR) और Mixed Reality (MR) के साथ VR का"
875,ड्रोन प्रौद्योगिकी के नए उपयोग,"ड्रोन प्रौद्योगिकी ने विभिन्न क्षेत्रों में नए उपयोगों का दरवाजा खोल दिया है। यह तकनीकी उन्नति ने न केवल व्यक्तिगत उपयोग के लिए बल्कि व्यापारिक और सार्वजनिक क्षेत्र में भी अनेक संभावनाएं पैदा की हैं।

पहले तो, ड्रोन व्यक्तिगत उपयोगों के लिए बहुत उपयुक्त होते हैं। वे वीडियोग्राफी और फोटोग्राफी में उपयोग किए जाते हैं, जिससे वास्तविक समय में सुंदर तस्वीरें और वीडियोज बनाए जा सकते हैं। साथ ही, वे खेती क्षेत्र में फसलों की निगरानी और मापदंड की निगरानी के लिए भी उपयोगी होते हैं।

व्यापारिक क्षेत्र में भी"
876,कृत्रिम बुद्धिमत्ता का उपयोग साइबर सुरक्षा में,"कृत्रिम बुद्धिमत्ता या Artificial Intelligence (AI) एक तकनीक है जिसका उपयोग साइबर सुरक्षा में बड़े पैमाने पर किया जा रहा है। साइबर हमलों की दर में तेजी से वृद्धि के कारण, साइबर सुरक्षा विशेषज्ञों को बड़ी मुश्किलों का सामना करना पड़ रहा है। इस समस्या का समाधान करने के लिए, AI का उपयोग सुरक्षा के क्षेत्र में किया जा रहा है।

AI की मदद से साइबर अपराधियों के द्वारा किए जाने वाले हमलों की पहचान और रोकथाम में मदद मिलती है। AI सुरक्षा उपकरण स्वचालित रूप से साइबर हमलों को पहचानने और निष्पादित करने में सक्षम होते हैं। ये उपकरण बहुत तेजी से डेटा को स्कैन"
878,वर्चुअल रियलिटी में नवीनतम रुझान,"वर्चुअल रियलिटी (Virtual Reality) एक तकनीक है जिसमें वास्तविकता के एक वायर्चुअल या डिजिटल वर्चुअल वर्ल्ड में व्यक्ति को ले जाया जाता है। इस तकनीक का उपयोग खेलों, शिक्षा, मनोरंजन और चिकित्सा में किया जाता है। वर्चुअल रियलिटी का उपयोग तकनीकी उन्नति के क्षेत्रों में भी हो रहा है।

नवीनतम रुझानों में सबसे महत्वपूर्ण है तकनीक की मोबाइल और वायरलेस तकनीकों के साथ इंटीग्रेशन। अब वर्चुअल रियलिटी डिवाइसेस जितने ही छोटे और पोर्टेबल हो रहे हैं, उनका उपयोग करना और अधिक सरल हो रहा है। यह उपभोक्ताओं को अधिक स्वतंत्रता और सु"
872,सतत विकास की नई रणनीतियाँ,"सतत विकास एक ऐसी प्रक्रिया है जिसमें समाज, अर्थव्यवस्था और पर्यावरण का संतुलन बनाए रखने के लिए विभिन्न क्षेत्रों में सुधार किया जाता है। इसमें नई रणनीतियाँ अहम भूमिका निभा रही हैं।

पहली रणनीति है डिजिटलीकरण। डिजिटल प्रौद्योगिकी का उपयोग करके विभिन्न क्षेत्रों में सुधार किया जा रहा है। इससे न केवल संचार की गति बढ़ती है, बल्कि लोगों की जीवनशैली में भी सुधार आता है।

दूसरी रणनीति है जलवायु परिवर्तन का सामुदायिक प्रबंधन। इसमें समुदायों को साझा दायित्व और समर्थन दिया जाता है ताकि वे प्राकृतिक आपदाओं क"
877,सौर ऊर्जा के नवीनतम विकास,"सौर ऊर्जा एक प्राकृतिक ऊर्जा स्रोत है जो सूर्य के ताप और प्रकाश का उपयोग करता है। यह एक स्वच्छ, असीमित और अन्य स्रोतों की तुलना में सस्ती ऊर्जा है। सौर ऊर्जा के विकास में कई नए और उन्नत तकनीकी उपाय शामिल हैं।

पहले, सौर ऊर्जा के उत्पादन के लिए सौर पैनल का उपयोग किया जाता था, लेकिन अब नवीनतम तकनीकी विकास के साथ धरती के ऊपर स्थित सूर्य से उपग्रहों के माध्यम से ऊर्जा को उपजाऊ इकट्ठा करने की क्षमता बढ़ गई है। इन उपग्रहों के माध्यम से सौर परिक्रमा द्वारा ऊर्जा उत्पादित की जा सकती है और इसे धरती पर भेजा जा सकता है।

दूसरे,"
879,प्लास्टिक प्रदूषण कम करने की नई विधियाँ,"प्लास्टिक प्रदूषण एक गंभीर मामला है जो हमारे पर्यावरण के लिए एक महत्वपूर्ण चुनौती प्रस्तुत करता है। इस समस्या को हल करने के लिए कई नई विधियाँ विकसित की जा रही हैं।

पहली तकनीक है बायो-प्लास्टिक्स का उपयोग करना। ये प्लास्टिक जो जीवाणुओं और पौधों से बना होता है, प्राकृतिक रूप से घिसा होता है और वायुमंडल में स्वच्छता के साथ विघटित हो जाता है। बायो-प्लास्टिक्स का उपयोग प्लास्टिक प्रदूषण को कम करने में मदद कर सकता है।

दूसरी तकनीक है प्लास्टिक की पुनर्चक्रण प्रक्रिया का विकसित करना। पुनर्चक्रण के माध्यम से प्लास्टिक को फ"
880,जलवायु परिवर्तन के खिलाफ नई तकनीकें,"जलवायु परिवर्तन एक बड़ी समस्या है जिसे हर कोई ध्यान देने के लिए जिम्मेदार है। इस समस्या का समाधान तकनीकी उन्नति में भी छिपा है। नई तकनीकें जलवायु परिवर्तन को कम करने में मदद कर सकती हैं।

पहली तकनीक है सौर ऊर्जा का उपयोग। सौर ऊर्जा एक सुरक्षित, साफ और अक्षमता का स्रोत है जिसका उपयोग करके हम अपनी ऊर्जा की आवश्यकताओं को पूरा कर सकते हैं और पर्यावरण को बचाने में मदद कर सकते हैं।

दूसरी तकनीक है वायु प्रदूषण कंट्रोल। नई तकनीकें जैसे वायु शोधन यंत्र और हाइब्रिड वाहन जलवायु परिवर्तन को कम करने में मदद कर सकती हैं"
882,वन्यजीव संरक्षण में तकनीक का उपयोग,"वन्यजीव संरक्षण में तकनीक का महत्वपूर्ण योगदान है। वन्यजीवों की संरक्षण के लिए तकनीकी उपकरण और तकनीकी नवाचारों का उपयोग किया जाता है। यह वन्यजीवों की गिनती, सेंटिनेल जीव प्रजातियों का प्रबंधन, डेटा संग्रहण और विश्लेषण, उनके प्रवास का ट्रैकिंग, वायुमंडलीय और भौतिकी तंत्र नियंत्रण, जैव-संरक्षण कार्यक्रमों का प्रबंधन आदि में मदद करता है।

तकनीकी उपकरणों का उपयोग वन्यजीवों की सुरक्षा और संरक्षण में महत्वपूर्ण भूमिका निभाता है। उच्च स्तरीय वायुमंडलीय और भौतिकी तंत्र नियंत्रण उपकरण जै"
883,इलेक्ट्रिक वाहनों की भविष्य की संभावनाएँ,"आजकल इलेक्ट्रिक वाहनों का उपयोग बढ़ रहा है और भविष्य में इनकी संख्या और प्रभाव भी बढ़ने की संभावना है। इलेक्ट्रिक वाहनों का उपयोग पर्यावरण के लिए अच्छा है क्योंकि इनमें कोई धूल या प्रदूषण नहीं होता है।

भविष्य में इलेक्ट्रिक वाहनों की संख्या बढ़ने की संभावना है क्योंकि इनका उपयोग लोगों के बीच स्वस्थ जीवन और पर्यावरण के लिए बेहतर है। भारत में भी सरकार ने इलेक्ट्रिक वाहनों के लिए अनेक सब्सिडी और प्रोत्साहन की योजनाएं शुरू की हैं जो इनके उपयोग को बढ़ावा देने में मदद करेंगी।

इलेक्ट्रिक वाहनों"
884,सतत विकास की नई रणनीतियाँ,"आधुनिक तकनीकी युग में, सतत विकास एक बहुत महत्वपूर्ण मुद्दा बन गया है। विज्ञान और प्रौद्योगिकी के तेजी से बदलते माहौल में, संगठनों को नई रणनीतियों की आवश्यकता है जो सतत विकास में मदद कर सकें।

पहली बात यह है कि संगठनों को अपने कर्मचारियों के विकास पर ध्यान देना चाहिए। स्वयं को सुधारने के लिए उन्हें प्रशिक्षित करने के लिए संसाधनों का समर्थन करना चाहिए। एक उत्कृष्ट कर्मचारी न केवल संगठन के लिए महत्वपूर्ण होता है, बल्कि उसका विकास भी संगठन के लिए लाभकारी साबित होता है।

दूसरी बात, संगठनों को नवाचारी और नए"
885,इंटरनेट ऑफ़ थिंग्स (IoT) और स्मार्ट सिटी,"आजकल इंटरनेट ऑफ़ थिंग्स (IoT) की तकनीक बहुत तेजी से विकसित हो रही है और यह तकनीक स्मार्ट सिटी के विकास में महत्वपूर्ण भूमिका निभा रही है। एक स्मार्ट सिटी एक ऐसा नगर होता है जिसमें विभिन्न तकनीकी उपकरण और सेंसर्स लगे होते हैं जो डेटा को संग्रहित करते हैं और यह डेटा शहर के प्रबंधन और सुधार के लिए उपयोग किया जाता है।

IoT और स्मार्ट सिटी का यह प्रयोग शहरी जीवन को सुगम और सुरक्षित बनाने में मदद करता है। उदाहरण के लिए, स्मार्ट सिटी तकनीक के माध्यम से वाहनों की गतिशीलता को सुनिश्चित करती है, जल संसाधनों का प्रबंधन करती है, स"
881,वर्चुअल रियलिटी में नवीनतम रुझान,"वर्चुअल रियलिटी (Virtual Reality) एक उपयोगकर्ता को किसी अन्य परिदृश्य में ले जाने वाली तकनीक है जिसमें उपयोगकर्ता एक वर्चुअल या मानकीकृत माहौल में अनुभव करता है। वर्चुअल रियलिटी के उपयोग से उपयोगकर्ता को अनुभव करने के लिए एक स्थायी या अस्थायी वातावरण या वास्तविकता का अनुभव कराया जा सकता है।

नवीनतम रुझान के रूप में, वर्चुअल रियलिटी की तकनीक में कई महत्वपूर्ण विकास हुए हैं। पहले तकनीक में अधिकतम समस्याएं जैसे कि चक्कर आना या अनुसंधान में दिक्कतें थीं, लेकिन नवीनतम VR मशीनों में इन समस्याओं को कम किया गया है"
886,प्लास्टिक प्रदूषण कम करने की नई विधियाँ,"प्लास्टिक प्रदूषण एक बड़ी समस्या है जिससे हमारे पर्यावरण को काफी नुकसान हो रहा है। इस समस्या को हल करने के लिए कई नई विधियाँ और तकनीकें विकसित की जा रही हैं।

पहली विधि है 'बायो-प्लास्टिक्स' का उपयोग करना। ये प्लास्टिक वस्त्र और उत्पादों को बनाने के लिए प्राकृतिक सामग्रियों से बनाया जाता है जिससे बने उत्पाद वायरनमेंट में जलने पर उनमें कोई हानि नहीं होती।

दूसरी विधि है 'प्लास्टिक रीसायकलिंग' को बढ़ावा देना। इससे उपयोग किए गए प्लास्टिक को फिर से रीसायकल करके नए उत्पाद बनाये जा सकते हैं। इससे प्लास्टिक के उप"
887,प्लास्टिक प्रदूषण कम करने की नई विधियाँ,"प्लास्टिक प्रदूषण एक बड़ी समस्या है जो हमारी पृथ्वी के लिए खतरनाक है। हमें इस समस्या का समाधान ढूंढने के लिए नई विधियों की खोज करनी चाहिए। यहां कुछ नई विधियाँ हैं जिनसे प्लास्टिक प्रदूषण को कम किया जा सकता है:

1. बायो-प्लास्टिक: बायो-प्लास्टिक एक प्रकार का प्लास्टिक है जो प्राकृतिक सामग्रियों से बनता है और जल्दी टूट जाता है। इससे प्लास्टिक की अधिकता को कम किया जा सकता है।

2. प्लास्टिक रीसाइक्लिंग: प्लास्टिक को पुनः उपयोगिता बनाने के लिए रीसाइक्लिंग की तकनीक का उपयोग करना चाहिए। इससे प्लास्टिक के उपयोग की अ"
888,क्वांटम कंप्यूटिंग की व्यावहारिक अनुप्रयोग,"क्वांटम कंप्यूटिंग एक उभयान्तरीय तकनीक है जो क्लासिकल कंप्यूटिंग के मुकाबले अत्यधिक गति और दक्षता प्रदान कर सकती है। यह तकनीक क्वांटम मेकेनिक्स के सिद्धांतों पर आधारित है और क्वांटम बिट्स या क्यूबिट्स का उपयोग करता है। क्वांटम कंप्यूटर के क्यूबिट्स क्लासिकल बिट्स की तुलना में कई स्थितियों में हो सकते हैं, जिससे इसकी गति और क्षमता को बढ़ावा मिलता है।

क्वांटम कंप्यूटिंग के कई व्यावहारिक अनुप्रयोग हैं, जैसे कठिन संख्याओं का उत्पादन, विभिन्न क्रिप्टोग्राफी तकनीकों का विकसित करना, बड़े डेटा सेट्स के लिए"
889,जलवायु परिवर्तन के खिलाफ नई तकनीकें,"जलवायु परिवर्तन एक गंभीर मुद्दा है जिसका सामना हम सभी कर रहे हैं। इस समस्या का समाधान ढेर सारी तकनीकी उपायों से संभव है। नई तकनीकें हमें जलवायु परिवर्तन के खिलाफ लड़ने में मदद कर सकती हैं।

पहली तकनीक है ""साइबर वन"" तकनीक। इसमें कम्प्यूटर युक्त ड्रोन्स का उपयोग किया जाता है जो वनस्पतियों की वृद्धि, पारितंत्र और उसके प्रकारों को विश्लेषित कर सकते हैं। इसके माध्यम से हम जलवायु परिवर्तन के प्रभावों को समझ सकते हैं और उनका सामाधान ढूंढ सकते हैं।

दूसरी तकनीक है ""कार्बन कैचर"" जैसे तकनीकें। इसमें वायुमंडलीय कार"
890,वर्चुअल रियलिटी में नवीनतम रुझान,"वर्चुअल रियलिटी (Virtual Reality) एक तकनीकी उपकरण है जो एक वास्तविकता में नहीं मौजूद जगह को नकल करने की क्षमता रखता है। यह उपकरण एक व्यक्ति को एक वर्चुअल या कल्पित मानचित्र में ले जाता है जिसे वे अपनी आंतरिक और बाह्य परिस्थितियों के रूप में अनुभव कर सकते हैं। वर्चुअल रियलिटी का उपयोग गेमिंग, प्रशिक्षण, मेडिकल उपचार, मनोरंजन और अन्य क्षेत्रों में किया जाता है।

नवीनतम रुझान में, वर्चुअल रियलिटी तकनीक का उपयोग बढ़ रहा है उन व्यक्तियों को मदद करने के लिए जिन्हें वास्तविकता में अनुभव करने में कठिनाई होती है।"
892,डिजिटल मुद्राओं की सुरक्षा चुनौतियाँ,"आधुनिक दुनिया में डिजिटल मुद्राएं (क्रिप्टोकरेंसी) बढ़ती हुई तकनीकी उपयोगिता और अपने निजी वित्तीय प्राथमिकताओं के कारण लोगों के बीच लोकप्रिय हो रही हैं। लेकिन इन डिजिटल मुद्राओं की सुरक्षा चुनौतियाँ भी हैं।

पहली चुनौती है हैकिंग का खतरा। डिजिटल मुद्राएं कुशल हैकर्स के लिए आकर्षक निशाने हो सकती हैं जो उनकी चोरी कर सकते हैं। इसलिए, सुरक्षा के मामले में उपयुक्त एन्क्रिप्शन तकनीक और दो चरणीय पुष्टिकरण (two-factor authentication) का उपयोग करना अत्यंत महत्वपूर्ण है।

दूसरी चुनौती है डिजिटल अनुसंधान की कमी। अक्सर लोग अपनी डिज"
891,कृत्रिम बुद्धिमत्ता का उपयोग साइबर सुरक्षा में,"कृत्रिम बुद्धिमत्ता (Artificial Intelligence) एक ऐसी तकनीक है जो मानव जैसे बुद्धिमत्ता को मॉडल करती है और तकनीकी कार्यों को स्वचालित रूप से संपादित करने में सहायक होती है। साइबर सुरक्षा में कृत्रिम बुद्धिमत्ता का उपयोग करने के कई तरीके हैं।

पहले, कृत्रिम बुद्धिमत्ता को सुरक्षा उद्देश्यों के लिए प्रशिक्षित किया जा सकता है, जिससे यह सुरक्षा संबंधित कार्यों को स्वत: संपादित कर सकता है। इससे सुरक्षा दृष्टिकोण और उत्कृष्टता में सुधार हो सकता है।

दूसरे, कृत्रिम बुद्धिमत्ता का उपयोग सुरक्षा की घटनाओं को निरीक्षण करने और समझने के लिए किया"
893,इंटरनेट ऑफ़ थिंग्स (IoT) और स्मार्ट सिटी,"आधुनिक तकनीक का एक उत्कृष्ट उदाहरण इंटरनेट ऑफ़ थिंग्स (IoT) है, जो दुनिया भर में उपकरणों और उपकरणों को इंटरनेट के माध्यम से जोड़ने की तकनीक है। स्मार्ट सिटी एक ऐसी विशेष अनुप्रयोगिक डोमेन है जहाँ IoT के उपयोग से शहरों को अधिक सुरक्षित, सुगम और सुसज्जित बनाने का लक्ष्य होता है।

स्मार्ट सिटी के अंतर्गत विभिन्न सेंसर और उपकरणों का उपयोग किया जाता है, जो डेटा को संग्रहित करते हैं और उसे व्याख्यान करने के लिए एक सेंट्रल नेटवर्क से जुड़े होते हैं। ये डेटा समेकित होते हैं और विभिन्न प्रणालियों के माध्यम से शहर के"
894,इंटरनेट ऑफ़ थिंग्स (IoT) और स्मार्ट सिटी,"आधुनिक तकनीक की एक नई प्रेरणादायक दावत इंटरनेट ऑफ़ थिंग्स (IoT) है, जिसके माध्यम से विभिन्न डिवाइस और सेंसर एक-दूसरे से जुड़ सकते हैं और डेटा आपस में साझा कर सकते हैं। यह तकनीक स्मार्ट सिटी (Smart City) के रूप में अपनाया जा रहा है, जिसका मुख्य उद्देश्य शहरी जीवन को सुगम और सुरक्षित बनाना है।

स्मार्ट सिटी एक ऐसा संगठित नेटवर्क है जो अलग-अलग सुविधाएं प्रदान करने के लिए इंटरनेट ऑफ़ थिंग्स का उपयोग करता है। यह नेटवर्क शहरी सेवाओं को सुगम बनाने के लिए सेंसर, कैमरे, एक्टुएटर्स, डाटा संग्रहण उपकरण और शहरी इं"
895,रोबोटिक्स का विकास और उसके अनुप्रयोग,"रोबोटिक्स एक ऐसी विज्ञान शाखा है जिसमें रोबोट या स्वचालित मशीनों का विकास, निर्माण और उपयोग किया जाता है। रोबोटिक्स का उद्देश्य मानव कार्यों को सुगम और अधिक सुरक्षित बनाना है। रोबोटिक्स का विकास तेजी से हो रहा है और आजकल हम रोबोटिक्स का उपयोग विभिन्न क्षेत्रों में देख सकते हैं।

रोबोटिक्स का अनुप्रयोग विभिन्न क्षेत्रों में किया जा रहा है, जैसे निर्माण उद्योग, स्वास्थ्य सेवाएं, कृषि, विज्ञान, और अंतरिक्ष अनुसंधान। उदाहरण के रूप में, बड़ी निर्माण कंपनियां रोबोट्स का उपयोग करके अपनी उत्प"
897,डिजिटल मुद्राओं की सुरक्षा चुनौतियाँ,"आधुनिक दुनिया में डिजिटल मुद्राएं एक आम और अहम भुगतान साधन बन गई हैं। लेकिन इनकी सुरक्षा भी एक बड़ी चुनौती है। खासकर डिजिटल मुद्राओं की लेन-देन करते समय उचित सुरक्षा सुनिश्चित करना महत्वपूर्ण है।

डिजिटल मुद्राओं की सुरक्षा की चुनौतियों में सबसे बड़ी चुनौती है साइबर अपराधिता। हैकर्स और फिशिंग आक्रमणों से बचने के लिए उचित सुरक्षा प्रोटोकॉल का पालन करना आवश्यक है। उपयोक्ता के लिए महत्वपूर्ण है कि वे अपने डिजिटल मुद्राओं की सुरक्षा के लिए सुरक्षित पासवर्ड चुनें और अपनी खाते को सुरक्षित रखें।

एक और सुरक"
896,कृत्रिम बुद्धिमत्ता का उपयोग साइबर सुरक्षा में,"कृत्रिम बुद्धिमत्ता या Artificial Intelligence (AI) एक तकनीक है जो मानव बुद्धि की कार्यों को मॉडल करती है और सिमुलेट करती है। आधुनिक समय में साइबर सुरक्षा एक महत्वपूर्ण विषय बन गया है, क्योंकि साइबर हमले और उनके दुष्प्रभाव कारगरता में तेजी से बढ़ रहे हैं। इस संदर्भ में, कृत्रिम बुद्धिमत्ता का उपयोग साइबर सुरक्षा को मजबूत और सुरक्षित बनाने में मददगार साबित हो सकता है।

कृत्रिम बुद्धिमत्ता के उपयोग से सुरक्षा विशेषज्ञ साइबर हमलों को अनुकरण करने की क्षमता विकसित कर सकते हैं, जिससे वे हमलों को पहचानने और निवारण करने के लिए तैयार रह स"
898,डिजिटल मुद्राओं की सुरक्षा चुनौतियाँ,"आजकल डिजिटल मुद्राएं बढ़ती तकनीकी उन्नति का अभिन्न हिस्सा बन गई हैं। लेकिन, इनकी सुरक्षा चुनौतियों का सामना भी करना पड़ रहा है। इन मुद्राओं को सुरक्षित रखना अत्यंत महत्वपूर्ण है।

सबसे बड़ी सुरक्षा चुनौती है साइबर हमले। हैकर्स किसी भी समय आपके डिजिटल वॉलेट को हैक करके आपके धन को चुरा सकते हैं। इसलिए, सुरक्षित पासवर्ड का उपयोग करना और नियमित अपडेट करना जरूरी है।

दूसरी चुनौती है फिशिंग। यह एक तकनीक है जिसमें धोखाधड़ी करने वाले व्यक्ति आपके विश्वास को धोखे से आकर्षित करते हैं ताकि आप अपने प्र"
900,सौर ऊर्जा के नवीनतम विकास,"सौर ऊर्जा एक प्राकृतिक स्रोत है जो हमें बिजली उत्पादन के लिए विशाल संभावनाएं प्रदान करता है। इसका उपयोग वातावरण के प्रदूषण को कम करने में महत्वपूर्ण भूमिका निभा रहा है और इसे स्वच्छ, सुरक्षित और सस्ती ऊर्जा स्रोत के रूप में माना जा रहा है।

सौर ऊर्जा के नवीनतम विकास में कई महत्वपूर्ण कदम उठाए गए हैं। एक तकनीकी उन्नति जिसमें सौर सेल तकनीक का उपयोग किया जा रहा है, जिससे सौर ऊर्जा को बिजली में परिवर्तित किया जा सकता है। इसके साथ ही, नवीनतम उत्पादन तकनीकों का उपयोग किया जा रहा है जैसे कि थर्मल स्टोरेज तकनीक जिससे"
901,ब्लॉकचेन प्रौद्योगिकी का भविष्य,"ब्लॉकचेन प्रौद्योगिकी एक ऐसी नवाचारिक तकनीक है जिसने आधुनिक डिजिटल समुदाय में क्रांति ला दी है। इस तकनीक का उपयोग डिजिटल सूचना को सुरक्षित रूप से संग्रहित और साझा करने के लिए किया जा सकता है। ब्लॉकचेन में डेटा ब्लॉक के रूप में संरचित होता है, जिससे किसी भी प्रकार का गलतफहमी या असुरक्षित गतिविधि होने की संभावना कम होती है।

ब्लॉकचेन प्रौद्योगिकी का भविष्य बहुत उज्जवल है। इस तकनीक के उपयोग से विभिन्न क्षेत्रों में नए और सुधारित सेवाएं प्रदान की जा रही हैं। वित्तीय संस्थाएं, स्वास्थ्य सेवाएं, ऑटोमोटिव,"
902,डिजिटल मुद्राओं की सुरक्षा चुनौतियाँ,"आज के डिजिटल युग में डिजिटल मुद्राएं बढ़ती हुई तकनीक के उपयोग से हमारे जीवन का महत्वपूर्ण हिस्सा बन गई हैं। डिजिटल मुद्राएं आसानी से वाणिज्यिक लेन-देन करने की सुविधा प्रदान करती हैं, लेकिन इनकी सुरक्षा चुनौतियां भी हैं।

सबसे बड़ी सुरक्षा चुनौती डेटा चोरी है। जब आप ऑनलाइन लेन-देन करते हैं, तो अपनी व्यक्तिगत जानकारी का खतरा हो सकता है। इससे बचने के लिए सुनिश्चित करें कि आपके डिजिटल खाते में सुरक्षा के उचित सुरक्षा सुरक्षा कार्यक्रम सक्रिय हैं।

दूसरी चुनौती फिशिंग है, जिसमें धोखाधड़ी करने वाले व्यक्ति"
903,सौर ऊर्जा के नवीनतम विकास,"सौर ऊर्जा एक प्राकृतिक ऊर्जा स्रोत है जो हमें सूर्य के उज्ज्वलता से प्राप्त होती है। यह अनिवार्य रूप से निर्वाहित एवं अनिश्चित ऊर्जा स्रोतों के प्रति हमारी आवश्यकताओं को पूरा करने में महत्वपूर्ण भूमिका निभा रही है। सौर ऊर्जा के विकास में हमारे देश में कई नए और नवाचारी तकनीकी उत्पादों का विकास हो रहा है।

भारत में सौर ऊर्जा के नवीनतम विकास में सर्वप्रथम तकनीकी उत्पादों की व्यापक उपयोगिता को सुनिश्चित करने के लिए भूमि का मैपिंग किया जा रहा है। इसके साथ ही ऊर्जा उत्पादन की व्यवस्थाओं में भी सुधार किया जा रहा है। नवीनत"
904,वन्यजीव संरक्षण में तकनीक का उपयोग,"वन्यजीव संरक्षण में तकनीक का महत्वपूर्ण योगदान है। आजकल तकनीकी उपकरण और विज्ञान के उन्नत उपायों का उपयोग करके वन्यजीव संरक्षण के क्षेत्र में कई सफल पहल की जा रही है। 

वन्यजीव संरक्षण में स्थायी निवास क्षेत्रों का मैपिंग, वन्यजीवों के आवास क्षेत्रों की जांच, वन्यजीवों की गिनती और सेंसस्ट्राइपिंग, जैविक विविधता के अध्ययन के लिए गणनात्मक मॉडल्स, डेटा एनालिटिक्स और एआई का उपयोग हो रहा है। 

तकनीक के उपयोग से वन्यजीवों की सुरक्षा में सुधार हो रहा है, उनकी पहचान की सुविधा बढ़ रही है और उनकी रक्षा क"
899,सतत विकास की नई रणनीतियाँ,"आधुनिक दुनिया में तकनीकी उन्नति के क्षेत्र में नई रणनीतियों का अहम स्थान है। सतत विकास की दिशा में इन रणनीतियों का महत्वपूर्ण योगदान है। ये रणनीतियाँ अनुसंधान, नवाचार, उत्पादन और सेवाओं में सुधार करने में मदद करती हैं।

पहली रणनीति है एजाइल विकास, जिसमें उत्पादन को छोटे-छोटे चरणों में विभाजित किया जाता है और उन्हें लगातार संशोधित किया जाता है। इससे उत्पादन की गुणवत्ता में सुधार होता है और नए तकनीकी उन्नतियाँ जल्दी लागू की जा सकती हैं।

दूसरी रणनीति है साइबर-फिजिकल सिस्टम्स, जिसमें वास्तविक"
906,प्लास्टिक प्रदूषण कम करने की नई विधियाँ,"प्लास्टिक प्रदूषण एक गंभीर मामला है जिसका समाधान हमें तुरंत ढूंढना चाहिए। नए और सुरक्षित तकनीकों की मदद से हम प्लास्टिक प्रदूषण को कम कर सकते हैं। यहां कुछ नई विधियां हैं जिनका इस मुद्दे पर विचार करना चाहिए:

1. बायोडिग्रेडेबल प्लास्टिक: बायोडिग्रेडेबल प्लास्टिक वे प्लास्टिक हैं जो प्राकृतिक पदार्थों से बने होते हैं और प्राकृतिक दौरमानी में विघनन होते हैं। ये प्लास्टिक समय के साथ स्वत: कम हो जाते हैं।

2. प्लास्टिक रीसाइक्लिंग: प्लास्टिक की पुन: प्रयोग की तकनीक प्लास्टिक प्रदूषण को कम करने में मददगार हो सकती है। इसके"
905,रोबोटिक्स का विकास और उसके अनुप्रयोग,"रोबोटिक्स एक विज्ञान और तकनीक क्षेत्र है जिसमें रोबोट डिज़ाइन, निर्माण, चालन और उनके साथ अंतर्क्रिया करना आता है। यह एक अत्यंत गहन और रोचक क्षेत्र है जिसमें विभिन्न विज्ञान शाखाओं जैसे कि कंप्यूटर विज्ञान, इलेक्ट्रॉनिक्स, मैकेनिकल इंजीनियरिंग, विजुअलिज़ेशन और कोग्निटिव साइंस के सिद्धांतों का अद्यतन और समन्वय किया जाता है।

रोबोटिक्स के विकास में तकनीकी उन्नति का बहुत बड़ा योगदान है। उच्च स्तरीय सेंसर्स और एक्ट्यूएटर्स, कंप्यूटिंग शक्ति की वृद्धि, और रोबोटिक ऐप्लिकेशन्स के लिए नए ए"
907,ब्लॉकचेन प्रौद्योगिकी का भविष्य,"ब्लॉकचेन प्रौद्योगिकी एक ऐसी नवाचारिक तकनीक है जो डिजिटल सूचना को सुरक्षित और गैर-संशोधनीय ढंग से संग्रहित करने में सहायक है। यह तकनीक एक नेटवर्क द्वारा संचालित होती है और इसमें डेटा की ब्लॉक नामक एक प्रकार की संगठन रहती है जो एक साथ जुड़कर एक बड़ी श्रृंखला बनाती है। इस प्रकार, डेटा को संग्रहित करने का कार्य बहुत ही सुरक्षित और अविश्वसनीय बन जाता है।

ब्लॉकचेन प्रौद्योगिकी का भविष्य बहुत उज्जवल है। यह तकनीक विभिन्न क्षेत्रों में अपना उपयोग कर रही है, जैसे वित्तीय सेवाएं, स्वास्थ्य सेवाएं, स"
908,डिजिटल मुद्राओं की सुरक्षा चुनौतियाँ,"आजकल डिजिटल मुद्राएं बढ़ती हुई तकनीकी उपयोग के कारण लोकप्रिय हो रही हैं। लेकिन इनके इस्तेमाल में आती सुरक्षा समस्याएं भी बढ़ रही हैं। डिजिटल मुद्राओं की सुरक्षा चुनौतियों में सबसे बड़ी समस्या है ऑनलाइन धोखाधड़ी और हैकिंग।

ऑनलाइन धोखाधड़ी के दौरान दुर्भाग्यपूर्ण उपयोगकर्ता अपने क्रियाओं की जानकारी देते हैं और उनके बैंक खाते से पैसे चोरी की जाती हैं। इसके लिए उपयोगकर्ताओं को सतर्क रहना चाहिए और केवल प्रमाणित वेबसाइट और ऐप्स का उपयोग करना चाहिए।

हैकिंग के दौरान अकाउंट की जानकारी चोरी की ज"
911,प्लास्टिक प्रदूषण कम करने की नई विधियाँ,"प्लास्टिक प्रदूषण आजकल एक बड़ी समस्या बन गई है जिससे पूरे विश्व में जीवन को खतरा है। इस समस्या का समाधान करने के लिए हमें नए और सुस्त तकनीकी उपाय अपनाने की आवश्यकता है।

एक तकनीकी उपाय है बायोडिग्रेडेबल प्लास्टिक का उपयोग करना, जिसमें प्लास्टिक उत्पादों को ऐसे बनाया जाता है जो प्राकृतिक तरीके से घुल जाते हैं। इससे प्लास्टिक के अधिक प्रयोग से होने वाले प्रदूषण को कम किया जा सकता है।

दूसरा तकनीकी उपाय है प्लास्टिक की पुन: उपयोगिता बढ़ाना। इसमें प्लास्टिक के उत्पादों को पुन: संयंत्रित करके नए प्रोडक्ट्स बन"
910,इलेक्ट्रिक वाहनों की भविष्य की संभावनाएँ,"आजकल इलेक्ट्रिक वाहनों का उपयोग तेजी से बढ़ रहा है और यह एक बेहतर और प्रदूषणमुक्त भविष्य की दिशा में महत्वपूर्ण कदम है। विद्युत चालित वाहनों के उपयोग से पेट्रोल और डीजल की उपयोगिता कम हो जाएगी, जिससे वायु प्रदूषण कम होगा।

इलेक्ट्रिक वाहनों के लिए बैटरी तकनीकी दृष्टि से भी विकसित हो रही है। नई प्रौद्योगिकी द्वारा बैटरी की क्षमता बढ़ाई जा रही है और इससे इलेक्ट्रिक वाहनों की दौड़ भी बढ़ रही है। इन वाहनों के लिए चार्जिंग स्टेशन की संरचना भी विकसित की जा रही है ताकि इनकी चार्जिंग की सुव"
912,वर्चुअल रियलिटी में नवीनतम रुझान,"वर्चुअल रियलिटी (VR) एक तकनीकी उपकरण है जिसके माध्यम से हम एक वास्तविकता से भिन्न वास्तविकता का अनुभव कर सकते हैं। इसका उपयोग विभिन्न क्षेत्रों में किया जा रहा है, जैसे वीडियो गेम्स, सिम्युलेशन, शिक्षा, सेवाएं, चिकित्सा, व्यावसायिक उपयोग आदि।

नवीनतम रुझानों की बात करें तो VR में कुछ महत्वपूर्ण उन्हीं दिशाओं में देखने को मिलती हैं जिनमें यह पहले से ही उपयोग किया जा रहा है। निम्नलिखित हैं कुछ ऐसे नवीनतम रुझान:

1. सामाजिक अनुभव: VR के माध्यम से सामाजिक मीडिया प्लेटफार्मों ने नए तरीके से बातचीत और साझा करने का म"
909,ड्रोन प्रौद्योगिकी के नए उपयोग,"ड्रोन प्रौद्योगिकी एक नई युग की शुरुआत है जिसने हमारे जीवन के कई क्षेत्रों में क्रांति ला दी है। ड्रोन के नए उपयोग समय के साथ हर दिन बढ़ते जा रहे हैं।

पहला और सबसे महत्वपूर्ण उपयोग है सुरक्षा और निगरानी का। ड्रोन सुरक्षा एजेंसियों द्वारा सीमावर्ती क्षेत्रों में निगरानी के लिए प्रयोग किया जा रहा है। इसके अलावा, आपातकालीन परिस्थितियों में ड्रोन स्थानांतरण और उपस्थिति की जाँच के लिए भी उपयोग किया जा रहा है।

दूसरा महत्वपूर्ण क्षेत्र है कृषि में ड्रोन का उपयोग। कृषि क्षेत्र में ड्रोन फसलों की स्थिति का पता लगाने,"
913,इलेक्ट्रिक वाहनों की भविष्य की संभावनाएँ,"वर्तमान समय में इलेक्ट्रिक वाहनों का उपयोग तेजी से बढ़ रहा है और इसका सीमित पर्यावरणीय प्रभावों के कारण लोग इन वाहनों की ओर अधिक ध्यान दे रहे हैं। इसके साथ ही, इलेक्ट्रिक वाहनों की तकनीकी प्रगति भी हो रही है और भविष्य में इसमें और भी कई संभावनाएँ हैं।

पहले, इलेक्ट्रिक वाहनों की बैटरी तकनीक में और वृद्धि होने से इनकी चार्जिंग की दिशा में भी सुधार होगा। तकनीकी उन्नति से बैटरी की भराई की क्षमता में वृद्धि होगी और इससे इलेक्ट्रिक वाहनों की चार्जिंग की अवधि भी बढ़ जाएगी।

दूसरे, इलेक्ट्रिक वाहनों की स्व"
914,कृत्रिम बुद्धिमत्ता का उपयोग साइबर सुरक्षा में,"कृत्रिम बुद्धिमत्ता एक तकनीकी क्षेत्र है जिसमें कंप्यूटर और सॉफ्टवेयर को मानव बुद्धिमत्ता की तरह काम करने की क्षमता दी जाती है। इसका सबसे महत्वपूर्ण उपयोग साइबर सुरक्षा में है।

साइबर सुरक्षा एक महत्वपूर्ण क्षेत्र है जिसमें कंप्यूटर सिस्टम्स, नेटवर्क्स, डेटा, और अन्य साइबर संसाधनों को अनुकूलन, सुरक्षित रखने और हमलों से सुरक्षित रखने की प्रक्रिया है। कृत्रिम बुद्धिमत्ता साइबर सुरक्षा में एक महत्वपूर्ण भूमिका निभाती है क्योंकि इसके उपयोग से हम सुरक्षित सिस्टम्स और सॉफ्टवेयर विकसित कर सकते हैं जो हमारी नेटवर्क"
915,इंटरनेट ऑफ़ थिंग्स (IoT) और स्मार्ट सिटी,"आधुनिक तकनीकी युग में, इंटरनेट ऑफ़ थिंग्स (IoT) ने एक बड़ा उतार-चढ़ाव बना दिया है और स्मार्ट सिटी इसका एक प्रमुख उदाहरण है। इस तकनीकी युग में, विभिन्न उपकरण और संयोजन इंटरनेट के माध्यम से आपस में जुड़े होते हैं और डेटा को साझा करते हैं। यह नई तकनीकी युग समर्थन, सुरक्षा, ऊर्जा और पर्यावरण के क्षेत्र में नए अवसर प्रदान करता है।

स्मार्ट सिटी एक ऐसी शहरी योजना है जिसमें IoT के उपयोग से शहर की प्रबंधन, सुरक्षा, परिवहन, ऊर्जा प्रबंधन, प्रदूषण नियंत्रण और अन्य क्षेत्रों में सुधार किया जा सकता है। इसके माध"
916,वन्यजीव संरक्षण में तकनीक का उपयोग,"वन्यजीव संरक्षण एक महत्वपूर्ण मुद्दा है जिसमें तकनीक का महत्वपूर्ण योगदान है। तकनीक के उपयोग से वन्यजीवों की संरक्षण की दिशा में कई तरह के कार्य किए जा सकते हैं।

पहले तो, तकनीकी उपकरणों का उपयोग करके वन्यजीवों की निगरानी और जानकारी एकत्र की जा सकती है। उन्हें सतत निगरानी के लिए ट्रैकिंग डिवाइस, कैमरे और सेंसर्स का उपयोग किया जा सकता है। यह जानकारी वन्यजीवों के आवास की स्थिति, प्रवासी मार्ग, व्यवहार आदि के बारे में हमें सहायक होती है।

दूसरे, तकनीकी उपायों से वन्यजीवों की सुरक्षा एवं संरक्षण में मदद म"
918,डिजिटल मुद्राओं की सुरक्षा चुनौतियाँ,"आजकल डिजिटल मुद्राएं बढ़ती हुई पॉपुलैरिटी के साथ साथ एक महत्वपूर्ण विकल्प बन गई हैं। लेकिन इनकी सुरक्षा के मुद्दे भी बहुत महत्वपूर्ण हैं। डिजिटल मुद्राओं की सुरक्षा के कई चुनौतियाँ हैं, जैसे कि साइबर अपराधियों द्वारा हैकिंग, फिशिंग, मैलवेयर आदि।

एक सुरक्षित डिजिटल मुद्रा के लिए कुछ महत्वपूर्ण उपाय शामिल हैं। पहले तो यह महत्वपूर्ण है कि आप अपनी डिजिटल मुद्रा खाते का अच्छे से ध्यान रखें और उसे सुरक्षित रखें। दूसरे, एक अच्छा एंटीवायरस सॉफ्टवेयर इंस्टॉल करें और अपडेट्स करते रहें। तीसरे, सार्व"
917,सतत विकास की नई रणनीतियाँ,"सतत विकास की नई रणनीतियाँ आजकल तकनीकी क्षेत्र में एक महत्वपूर्ण विषय बन गई हैं। तकनीकी क्षेत्र में नवाचार करने और सतत विकास की रणनीतियों का अनुसरण करने के लिए विभिन्न क्षमताओं और उपकरणों की आवश्यकता होती है। इन नई रणनीतियों में गंभीरता से प्राथमिकता देने, स्वच्छता और सुरक्षा को महत्व देने, प्रौद्योगिकी का उपयोग करने और नए उत्पादों और सेवाओं का निर्माण करने का उल्लेख किया गया है।

सतत विकास की नई रणनीतियों में एक और महत्वपूर्ण तत्व है डिजिटलीकरण। डिजिटलीकरण के माध्यम से तकनीकी उन्नति को बढ़ावा दिया जा सक"
919,इलेक्ट्रिक वाहनों की भविष्य की संभावनाएँ,"विज्ञान और प्रौद्योगिकी में तेजी से विकास हो रहा है और इसका सीधा प्रभाव वाहन उद्योग पर हो रहा है। इलेक्ट्रिक वाहनों के लिए बाजार में बढ़ोतरी हो रही है और भविष्य में यह एक मुख्य वाहन विकल्प बनने की संभावना है।

इलेक्ट्रिक वाहनों के उपयोग से पर्यावरण को नुकसान पहुंचाने वाले वायु प्रदूषण को कम किया जा सकता है। इन वाहनों के उपयोग से ध्वनि प्रदूषण भी कम होगा, जिससे शोर प्रदूषण कम होगा और शहरी इलाकों में शांति बनी रहेगी।

इलेक्ट्रिक वाहनों की चार्जिंग के लिए विभिन्न तकनीकी सुधार किए जा रहे हैं। विद्युत धार"
920,कृत्रिम बुद्धिमत्ता का उपयोग साइबर सुरक्षा में,"कृत्रिम बुद्धिमत्ता (Artificial Intelligence) एक ऐसी तकनीक है जो मानव बुद्धिमत्ता की तरह काम करती है, लेकिन यह तकनीक भावनाओं और अनुभूतियों की अभाव में काम करती है। साइबर सुरक्षा में कृत्रिम बुद्धिमत्ता का उपयोग किया जा सकता है ताकि इंटरनेट और संचार नेटवर्कों को सुरक्षित रखा जा सके।

कृत्रिम बुद्धिमत्ता के उपयोग से सुरक्षा विशेषज्ञ साइबर हमलों को पहचानने, रोकने और उनका सामना करने में मदद कर सकते हैं। इसके लिए, कृत्रिम बुद्धिमत्ता सिस्टम लाखों डेटा और पैटर्न को स्कैन करती है ताकि यह साइबर हमलों के लिए अंकित संकेतों को पहचान सके। इस"
921,सतत विकास की नई रणनीतियाँ,"सतत विकास की नई रणनीतियाँ

विश्व में तकनीकी और अर्थशास्त्रीय परिवर्तनों के चलते, विकास के क्षेत्र में नई रणनीतियाँ आवश्यक हो गई हैं। सतत विकास के लिए नई रणनीतियाँ विभिन्न क्षेत्रों में लागू हो रही हैं, जो समाज, अर्थव्यवस्था, पर्यावरण और सामाजिक स्थिति में सुधार लाने में मददगार साबित हो रही हैं।

प्रथम रणनीति में समृद्धि का सामर्थ्यक उपयोग शामिल है। इसमें समृद्धि को विकास की प्रमुख धारा बनाने के लिए उत्पादन वृद्धि, गुणवत्ता में सुधार, और नौकरियों के सृजन के माध्यम से देश के अर्थव्यवस्था को मजबूत करने क"
922,सौर ऊर्जा के नवीनतम विकास,"सौर ऊर्जा एक प्राकृतिक स्रोत है जो अनगिनत उर्जा प्रदान कर सकता है और इसका उपयोग विभिन्न उद्योगों और घरेलू उपयोग के लिए किया जा सकता है। सौर ऊर्जा का उपयोग करने से पर्यावरण को किसी भी तरह का नुकसान नहीं होता और यह अनगिनत संसाधन है जिसे हम स्थिर रूप से उत्पन्न कर सकते हैं।

नवीनतम विकास के साथ, सौर ऊर्जा के क्षेत्र में कई नए और उन्नत प्रौद्योगिकी आ गई हैं। उदाहरण के लिए, सौर ऊर्जा को उत्पन्न करने के लिए उपयुक्त तकनीकों में वृद्धि हुई है जिससे ऊर्जा का उत्पादन और उपयोग और भी सरल और कारगर हो गया है।

वर्तम"
923,प्लास्टिक प्रदूषण कम करने की नई विधियाँ,"प्लास्टिक प्रदूषण एक गंभीर मामला है जिसका सामना हम सभी कर रहे हैं। प्लास्टिक विश्वास कीजिए या नहीं, हमारी धरती के लिए एक बड़ी समस्या बन चुका है। इस समस्या का समाधान करने के लिए हमें नए और सुस्त तरीके अपनाने होंगे।

प्लास्टिक प्रदूषण को कम करने के लिए कुछ नई विधियाँ निम्नलिखित हैं:

1. बायोडिग्रेडेबल प्लास्टिक: यह प्लास्टिक ऐसा होता है जो पूरी तरह से प्राकृतिक रूप से टूट जाता है। इसे उत्पन्न करने में कम ऊर्जा लगती है और यह पर्यावरण में नुकसान नहीं पहुंचाता।

2. प्लास्टिक रीसाइक्लिंग: पुनः प्रयोग किया जा सकने वाले"
924,ब्लॉकचेन प्रौद्योगिकी का भविष्य,"ब्लॉकचेन प्रौद्योगिकी एक विशेष प्रकार की डिजिटल लेजर है जिसमें डेटा ट्रांजैक्शन्स सुरक्षित रूप से संग्रहित और संदर्भित होती है। ब्लॉकचेन नेटवर्क कोई एक निकट स्थायी सर्वर नहीं है, बल्कि यह एक डेसेंट्रलाइज्ड सिस्टम है जिसमें डेटा सभी संग्रहकों के बीच साझा होता है।

ब्लॉकचेन प्रौद्योगिकी का भविष्य बहुत उज्जवल है। यह प्रौद्योगिकी विभिन्न क्षेत्रों में उपयोग होगी, जैसे वित्तीय सेवाएं, स्वास्थ्य सेवाएं, लॉजिस्टिक्स, स्मार्ट कॉन्ट्रैक्ट्स, आईओटी आदि। इसका उपयोग डेटा सुरक्षित और विश्वसनीय ब"
925,रोबोटिक्स का विकास और उसके अनुप्रयोग,"रोबोटिक्स एक ऐसा क्षेत्र है जिसमें विज्ञान, इंजीनियरिंग और तकनीक की विभिन्न शाखाओं का समावेश है। यह विज्ञानिक अनुसंधान, अभियांत्रिकी, और कृत्रिम बुद्धिमत्ता के क्षेत्रों का मिश्रण है जिसमें स्वयं चालित मशीनों या रोबोटों का निर्माण, विकास, और उपयोग किया जाता है।

रोबोटिक्स का विकास तेजी से हो रहा है और इसके अनुप्रयोग विभिन्न क्षेत्रों में दिखाई दे रहे हैं। उदाहरण के लिए, व्यावसायिक उद्देश्यों के लिए रोबोटों का उपयोग कृषि, निर्माण, स्वच्छता और औद्योगिक क्षेत्रों में हो रहा है। इन रोबोट्स की मदद स"
926,सौर ऊर्जा के नवीनतम विकास,"सौर ऊर्जा एक प्राकृतिक स्रोत है जो हमें स्वच्छ और निरंतर ऊर्जा आपूर्ति प्रदान करता है। सौर ऊर्जा के नवीनतम विकास में तकनीकी उन्नति और नवाचारों का महत्वपूर्ण योगदान है।

एक नए प्रौद्योगिकी का उदाहरण है सौर सेल तकनीक, जो सूर्य की किरणों का उपयोग करके ऊर्जा उत्पादन करती है। सौर सेल की क्षमता और प्रभावकारीता में सुधार हो रहा है जिससे इसका उपयोग और भी व्यापक हो रहा है। 

दूसरी तकनीक है सौर ऊर्जा के भंडारण की विकास जिसमें ऊर्जा को संचित किया जाता है ताकि उसे रात्रि या बाद में उपयोग के लिए उपलब्ध किया जा सके।"
927,जलवायु परिवर्तन के खिलाफ नई तकनीकें,"जलवायु परिवर्तन आज की एक महत्वपूर्ण समस्या है जिसके समाधान के लिए नई तकनीकें विकसित की जा रही हैं। इन तकनीकों का उद्देश्य जलवायु परिवर्तन को कम करने में मदद करना है और प्राकृतिक संसाधनों का उपयोग करने के साथ पर्यावरण को बचाना है।

एक उदाहरण के रूप में, सौर ऊर्जा पर आधारित तकनीकें जलवायु परिवर्तन के खिलाफ प्रभावी हैं। सौर पैनल, सौर ऊर्जा सिस्टम, और सौर ऊर्जा संयंत्र जलवायु परिवर्तन के लिए एक प्रभावी और साफ ऊर्जा स्रोत प्रदान करते हैं। इन तकनीकों का उपयोग करने से विद्युत ऊर्जा की आवश्यकता को कम किया जा सकता है और इसस"
928,रोबोटिक्स का विकास और उसके अनुप्रयोग,"रोबोटिक्स एक क्षेत्र है जो तकनीकी नवाचारों का उपयोग करके स्वचालित मशीनों यानी रोबोट्स का विकास करता है। यह तकनीकी क्षेत्र इंजीनियरिंग, कम्प्यूटर विज्ञान, इलेक्ट्रॉनिक्स और अंतरिक्ष अनुसंधान जैसे क्षेत्रों का संगम है। रोबोटिक्स का उद्दीपन इंसानों की कार्य सुविधा और निराश में बढ़ाया जा सकता है। 

रोबोटिक्स के उन्नत अनुप्रयोगों में विभिन्न क्षेत्रों में उपयोग किया जाता है, जैसे कि उद्यानिकी, वैज्ञानिक अनुसंधान, इलेक्ट्रॉनिक्स, चिकित्सा, औद्योगिक उत्पादन और आपातकालीन परिस्थितियों में सहायक। 

रो"
929,ड्रोन प्रौद्योगिकी के नए उपयोग,"ड्रोन प्रौद्योगिकी ने विभिन्न क्षेत्रों में नए उपयोग दिखाए हैं और इसका संभावित उपयोग भविष्य में भी बढ़ने की संभावना है। ड्रोन तकनीक से न केवल सुरक्षा और निगरानी क्षेत्र में सुधार किया जा रहा है, बल्कि यह व्यापार, मौजूदा विकास, और रोजगार के क्षेत्र में भी नए दरवाजे खोल रहा है।

ड्रोन का उपयोग विशेषकर व्यापार क्षेत्र में तेजी से बढ़ रहा है। उदाहरण के लिए, ड्रोन से डिलीवरी सेवाएं, जैसे कि खाद्य और चिकित्सा आपूर्ति, को तेज़ और सहज बनाने में मदद की जा रही है। इसके अतिरिक्त, ड्रोन से भूमि नक्शा तैयार"
930,वन्यजीव संरक्षण में तकनीक का उपयोग,"वन्यजीव संरक्षण एक महत्वपूर्ण क्षेत्र है जिसका मुख्य उद्देश्य वन्यजीवों की संरक्षण, संवर्धन और संवाद सुनिश्चित करना होता है। तकनीक इस क्षेत्र में एक महत्वपूर्ण भूमिका निभाती है जिससे वन्यजीवों की संरक्षण की प्रक्रिया में सुधार किया जा सकता है।

तकनीक का उपयोग वन्यजीव संरक्षण में कई तरीकों से किया जा सकता है। एक तकनीकी उपाय यह है कि वन्यजीवों की संख्या और स्थिति का सही निरीक्षण किया जाए। इसके लिए विभिन्न तकनीकी उपकरण जैसे कि ट्रैप कैमरे, जीपीएस और ड्रोन का उपयोग किया जा सकता है। ये उपकरण वन्यजीवों की ग"
932,इलेक्ट्रिक वाहनों की भविष्य की संभावनाएँ,"इलेक्ट्रिक वाहनों का उपयोग वाहनों के प्रदूषण और ऊर्जा संक्रिया को कम करने के लिए एक महत्वपूर्ण पहल है। इन वाहनों के लाभों में कम प्रदूषण, कम ध्वनि, कम ऊर्जा खपत और कम रखरखाव खर्च शामिल हैं। वैश्विक तापमान बदलाव को ध्यान में रखते हुए, इलेक्ट्रिक वाहनों का प्रचलन बढ़ रहा है।

भविष्य में, इलेक्ट्रिक वाहनों की संभावनाएं बहुत उज्ज्वल और सकारात्मक हैं। अनुमानित रूप से, इलेक्ट्रिक वाहनों की बिक्री और उपयोग दोनों ही बढ़ेगा। नए तकनीकी अद्यातनों से इलेक्ट्रिक वाहनों की चालन सीमाएं भी बढ़ जाएंगी और इनकी दू"
933,डिजिटल मुद्राओं की सुरक्षा चुनौतियाँ,"आज के डिजिटल युग में डिजिटल मुद्राओं का उपयोग बढ़ रहा है, लेकिन इसके साथ ही सुरक्षा चुनौतियां भी बढ़ रही हैं। डिजिटल मुद्राओं की सुरक्षा चुनौतियों में सबसे बड़ी चुनौती है साइबर क्राइम। साइबर क्राइमर्स नकली वेबसाइट्स बनाकर लोगों की निजी जानकारी चोरी करते हैं और उनके बैंक खातों से पैसे चुराते हैं। इसके अलावा, फिशिंग और मालवेयर के जरिए होने वाले हमले भी एक बड़ी समस्या हैं।

इन सुरक्षा चुनौतियों का सामना करने के लिए, उपयोगकर्ताओं को सतर्क रहना बहुत महत्वपूर्ण है। सुरक्षित इंटरनेट कनेक्शन का उपयोग करना"
935,रोबोटिक्स का विकास और उसके अनुप्रयोग,"रोबोटिक्स एक ऐसा क्षेत्र है जो तकनीकी उपकरणों और सॉफ्टवेयर के संयोजन से उत्तम स्वचालित सिस्टम बनाता है। इसका मुख्य उद्देश्य है मानव कार्यों को सुगम और सुरक्षित बनाना। रोबोटिक्स के विकास में सेंसर्स, एक्ट्यूएटर्स, कम्प्यूटर विज्ञान, और कृत्रिम बुद्धिमत्ता का महत्वपूर्ण योगदान है।

रोबोटिक्स के अनेक उपयोग हैं, जैसे कि औद्योगिक क्षेत्र, चिकित्सा, विज्ञान, और स्वचालित वाहनों में। इनके उपयोग से काम की स्थिति में सुधार होता है और कार्य को और भी सुगम बनाया जा सकता है। रोबोटिक्स के उपयोग से विज्ञान"
934,वन्यजीव संरक्षण में तकनीक का उपयोग,"वन्यजीव संरक्षण तकनीक एक महत्वपूर्ण क्षेत्र है जो वन्यजीव प्रजातियों की सुरक्षा और संरक्षण में मदद करता है। तकनीकी उपायों का उपयोग करके हम वन्यजीव संरक्षण के क्षेत्र में कई चुनौतियों का सामना कर सकते हैं और इन्हें हल कर सकते हैं।

तकनीकी उपायों में वन्यजीव संरक्षण के लिए उन्नत सुरक्षा सुविधाएं, वन्यजीव संग्रहण और अध्ययन, डेटा संग्रहण और विश्लेषण, सतही और उपग्रह निगरानी, और आर्थिक मूल्यांकन शामिल हैं। इन तकनीकी उपायों का उपयोग करके हम वन्यजीव संरक्षण की प्रभावी रूप से निगरानी और प्रबंधन कर सकते हैं।

उ"
936,वर्चुअल रियलिटी में नवीनतम रुझान,"वर्चुअल रियलिटी (VR) तकनीक में नवीनतम रुझान दिखाई दे रहे हैं और इसमें कई रोचक और महत्वपूर्ण विकास हो रहे हैं।

पहला रुझान है वायर्चुअल रियलिटी की उपयोगिता का विस्तार। नए एप्लीकेशन और तकनीकों के उपयोग से उपयोगकर्ताओं को वायर्चुअल रियलिटी का उपयोग करने के लिए अधिक अवसर मिल रहे हैं।

दूसरा रुझान है मिशन बेस्ड गेमिंग। यह नया प्रारूप गेमिंग के लिए नए अनुभव प्रदान कर रहा है जो उपयोगकर्ताओं को रियल टाइम में एक साथ खेलने की सुविधा देता है।

तीसरा रुझान है वायर्चुअल रियलिटी का व्यावसायिक उपयो"
931,सतत विकास की नई रणनीतियाँ,"सतत विकास की नई रणनीतियाँ

सतत विकास का मतलब है समृद्धि और प्रगति में निरंतर सुधार करना। विकास की यह प्रक्रिया एक संवेगशील और नवाचारी मानसिकता की आवश्यकता पर आधारित है। आज की डिजिटल युग में, सतत विकास के लिए नए रणनीतियों की आवश्यकता है।

पहली रणनीति है डिजिटलीकरण। डिजिटलीकरण के माध्यम से संसाधनों का उपयोग करना, डेटा का सही से प्रबंधन करना, और तकनीकी उपायों का उपयोग करना सतत विकास को गति देने में मदद कर सकता है।

दूसरी रणनीति है उच्च गुणवत्ता की देखभाल करना। उच्च गुणवत्ता की देखभाल से उत्पादों और स"
937,जलवायु परिवर्तन के खिलाफ नई तकनीकें,"जलवायु परिवर्तन एक गंभीर समस्या है जिसका समाधान करने के लिए नई तकनीकें विकसित की जा रही हैं। इन तकनीकों का उद्देश्य पारिस्थितिकी, आर्थिक और सामाजिक दुष्प्रभावों को कम करना है।

1. **नई ऊर्जा स्रोत**: जलवायु परिवर्तन के लिए एक महत्वपूर्ण कदम नई ऊर्जा स्रोतों की ओर बढ़ना है। विक्षुब्धिकरण को कम करने के लिए सौर ऊर्जा, पवन ऊर्जा, जल ऊर्जा आदि पर जोर देना जरूरी है।

2. **समुद्री जल का उपयोग**: समुद्री जल का उपयोग करके ऊर्जा उत्पादन को बढ़ावा देना जरूरी है। जल से ऊर्जा उत्पादित करने की तकनीकें विकसित की जा रही हैं।"
938,इलेक्ट्रिक वाहनों की भविष्य की संभावनाएँ,"इलेक्ट्रिक वाहनों का उपयोग वाहनों के लिए पर्यावरण के प्रति जिम्मेदारी को ध्यान में रखते हुए बढ़ रहा है। विश्वभर में विभिन्न कंपनियाँ इलेक्ट्रिक वाहनों के विकास पर काम कर रही हैं और यह क्षेत्र तेजी से विकसित हो रहा है।

भविष्य में इलेक्ट्रिक वाहनों की संख्या और उपयोग दोनों ही बढ़ने की संभावना है। इन वाहनों का उपयोग पेट्रोल और डीजल पर आधारित वाहनों की तुलना में कम प्रदूषण उत्सर्जन के कारण लोकप्रिय होगा। सरकारों के प्रोत्साहन और अनुदान के कारण इलेक्ट्रिक वाहनों की मूल्य सुविधाएँ भी सुधारित हो रही हैं।

इलेक्ट्रिक व"
939,क्वांटम कंप्यूटिंग की व्यावहारिक अनुप्रयोग,"क्वांटम कंप्यूटिंग एक उभयमान तकनीक है जो क्वांटम मैकेनिक्स के सिद्धांतों पर आधारित है और जिसमें क्यूबिट्स का उपयोग किया जाता है। इस तकनीक का उद्देश्य विशेष प्रकार के परिस्थितियों का निर्माण करना है जो क्लासिकल कंप्यूटिंग से अधिक तेजी से समस्याओं का समाधान कर सकते हैं।

क्वांटम कंप्यूटिंग के कई व्यावहारिक अनुप्रयोग हैं। उनमें से कुछ निम्नलिखित हैं:

1. शांतिपूर्णता के समस्याओं का समाधान: क्वांटम कंप्यूटर क्लासिकल कंप्यूटर से तेजी से शांतिपूर्णता के समस्याओं का समाधान कर सकता है, जैसे श्रृंगारिक लॉक और तात्क"
940,ड्रोन प्रौद्योगिकी के नए उपयोग,"ड्रोन प्रौद्योगिकी ने विभिन्न क्षेत्रों में नए और रोचक उपयोगों का दरवाजा खोल दिया है। यह उच्च तकनीकी उपकरण अब व्यापक रूप से उपयोग में आ रहे हैं।

पहले से ही ड्रोन का उपयोग सुरक्षा, सुरक्षा और जासूसी के क्षेत्र में किया जा रहा था, लेकिन अब इसके नए उपयोग भी सामने आ रहे हैं। उदाहरण के लिए, ड्रोन सुविधाएं और डिलीवरी उद्योग में उपयोग किए जा रहे हैं, जिससे उत्पादों की तेजी से और सुरक्षित डिलीवरी हो सके। इसके अलावा, ड्रोन कृषि क्षेत्र में भी उपयोग किया जा रहा है जिससे किसानों को फसलों की निगरानी और प्रबं"
941,वर्चुअल रियलिटी में नवीनतम रुझान,"वर्चुअल रियलिटी (VR) एक उच्च तकनीकी तकनीक है जिसमें एक व्यक्ति को एक विचारशील और वास्तविक समझाया जाता है। वर्चुअल रियलिटी में उपयोगकर्ता को एक 3D परिदृश्य में डाल दिया जाता है जिससे उपयोगकर्ता को ऐसा महसूस होता है कि वह वास्तविकता में वहाँ मौजूद है।

नवीनतम रुझानों में वर्चुअल रियलिटी का उपयोग बढ़ रहा है। उदाहरण के लिए, व्यवसायिक उपयोग के लिए VR का उपयोग कंपनियों द्वारा किया जा रहा है। लोग वर्चुअल रियलिटी के माध्यम से विभिन्न उत्पादों और सेवाओं को अनुभव कर सकते हैं और बेहतर तरीके से उनक"
942,क्वांटम कंप्यूटिंग की व्यावहारिक अनुप्रयोग,"क्वांटम कंप्यूटिंग एक उभरती हुई तकनीक है जिसका उपयोग विशेषकर विशेष गणित की समस्याओं को हल करने में किया जाता है। इस तकनीक का उपयोग बहुत समय लेने वाली गणितीय समस्याओं को कुछ ही समय में हल करने के लिए किया जा सकता है।

क्वांटम कंप्यूटर का एक उदाहरण है गूगल के सुप्रेमसी क्वांटम कंप्यूटर। इसका उपयोग किया गया था किसी ऐसी समस्या को हल करने के लिए जिसे एक साधारण कंप्यूटर से हल करना मुश्किल था। इस क्वांटम कंप्यूटर ने उस समस्या को कुछ ही समय में हल कर दिया जिसमें साधारण कंप्यूटर को करीब 10000 साल लगते हैं।

क्वांटम कं"
943,ड्रोन प्रौद्योगिकी के नए उपयोग,"ड्रोन प्रौद्योगिकी ने विभिन्न क्षेत्रों में नए उपयोग का दरवाजा खोला है। यह तकनीक न केवल मनोरंजन के लिए है बल्कि व्यावसायिक, सुरक्षा और अन्य क्षेत्रों में भी व्यापक रूप से उपयोग किया जा रहा है।

ड्रोन को जल, वायु और भूमि पर उड़ान भरने की क्षमता होती है, जिससे इसका उपयोग विभिन्न क्षेत्रों में किया जा सकता है। व्यावसायिक क्षेत्र में, उदाहरण के लिए, ड्रोन संचालन से कृषि क्षेत्र में खेतों की निगरानी की जा सकती है और उपयुक्त समय पर उर्वरक या पानी की आपूर्ति की जा सकती है। इसके अलावा, ड्रोन की मदद से अलग-अलग क्षेत्रों में"
944,सतत विकास की नई रणनीतियाँ,"आधुनिक तकनीकी क्षेत्र में तेजी से बदलाव हो रहे हैं और इसके साथ ही सतत विकास के लिए नई रणनीतियाँ भी विकसित हो रही हैं। इन नई रणनीतियों का उद्देश्य तकनीकी क्षेत्र में नए और उन्नत उत्पादों का विकास करना है जो समाज के लाभ के लिए उपयुक्त हों।

एक नई रणनीति के रूप में, संगठनों को अपनी तकनीकी दक्षता को सुरक्षित रखने के लिए साइबर सुरक्षा पर अधिक ध्यान देने की आवश्यकता है। साइबर हमलों का खतरा हर दिन बढ़ता जा रहा है और इसके खिलाफ नई तकनीकी सुरक्षा सुरक्षा में नवाचार लाने के लिए जरूरी है।

दूसरी रणनीति में, अब सं"
945,कृत्रिम बुद्धिमत्ता का उपयोग साइबर सुरक्षा में,"कृत्रिम बुद्धिमत्ता (Artificial Intelligence) एक तकनीकी क्षेत्र है जिसमें मशीनों को मानव जैसी बुद्धिमत्ता और क्षमताओं से लैस किया जाता है। साइबर सुरक्षा में कृत्रिम बुद्धिमत्ता का उपयोग विशेष रूप से उन गंभीर साइबर हमलों के खिलाफ लड़ाई में किया जा सकता है जिनमें मानव बुद्धिमत्ता की सीमाएं पार की जाती हैं।

कृत्रिम बुद्धिमत्ता के अनुसार, सुरक्षा एक्सपर्ट्स कंप्यूटर सिस्टम्स को सिखा सकते हैं कि साइबर हमले के चिह्नों को कैसे पहचानें और उनके खिलाफ कैसे बचाव करें। यह सिस्टम ट्रेंड्स और पैटर्न्स का विश्लेषण करके सुरक्षा खतरों को पहचान सकते"
946,इलेक्ट्रिक वाहनों की भविष्य की संभावनाएँ,"इलेक्ट्रिक वाहनों का उपयोग वायु प्रदूषण को कम करने और विद्युत शक्ति का उपयोग बढ़ाने के लिए एक महत्वपूर्ण कदम है। इन वाहनों के उपयोग से ध्वनि प्रदूषण को भी कम किया जा सकता है और साथ ही ऊर्जा संक्रिया के कारण गर्मियों को भी कम किया जा सकता है।

इलेक्ट्रिक वाहनों की भविष्य की संभावनाएँ बहुत उज्ज्वल हैं। नई प्रौद्योगिकी के विकास के साथ-साथ इन वाहनों की कीमतें भी कम हो रही हैं, जिससे इनकी प्रचलन की दर भी बढ़ रही है। जल्द ही इलेक्ट्रिक वाहनों की बाजार में दर कम होने से वे अधिक लोगों के लिए उपलब्ध होंगे।

साथ ही, सरकार"
948,रोबोटिक्स का विकास और उसके अनुप्रयोग,"रोबोटिक्स एक क्षेत्र है जो तकनीकी ज्ञान, कंप्यूटर विज्ञान और इंजीनियरिंग को एक साथ मिलाकर अद्वितीय और उच्चतम स्तर की तकनीकी उत्पादन करने का काम करता है। रोबोटिक्स में विभिन्न प्रकार के रोबोट बनाए जाते हैं जो विभिन्न कार्यों को स्वत: संचालित कर सकते हैं। रोबोटिक्स के विकास में विभिन्न विज्ञान शाखाओं जैसे कि कंप्यूटर विज्ञान, इलेक्ट्रॉनिक्स, मैकेनिकल इंजीनियरिंग और कार्यक्षमता की महत्वपूर्ण भूमिका होती है।

रोबोटिक्स के अनुप्रयोग क्षेत्र विस्तारित हो रहे हैं और इसका उपयोग विभिन्न क्षेत्रों में हो रहा है।"
947,ड्रोन प्रौद्योगिकी के नए उपयोग,"ड्रोन प्रौद्योगिकी ने आधुनिक समय में अनेक क्षेत्रों में नए उपयोग खोजे हैं। ड्रोन्स अपनी सुविधाजनकता, लो लागत और व्यापकता के कारण विभिन्न क्षेत्रों में उपयोगी साबित हो रहे हैं।

पहले तो, ड्रोन्स को सुरक्षा क्षेत्र में उपयोग किया जा रहा है। सीमा सुरक्षा, जासूसी और विपणन के क्षेत्र में ड्रोन्स का उपयोग हो रहा है। इनके माध्यम से आपातकालीन संक्रमण की स्थिति का निरीक्षण किया जा सकता है और सुरक्षा उपायों को तेजी से लागू किया जा सकता है।

दूसरे तो, कृषि क्षेत्र में भी ड्रोन्स का उपयोग हो रहा है। ड्रोन्स के माध्यम से कृषि भूमि"
950,वन्यजीव संरक्षण में तकनीक का उपयोग,"वन्यजीव संरक्षण एक महत्वपूर्ण मुद्दा है जो हमारे प्राकृतिक संसाधनों की रक्षा करने में मदद करता है। तकनीक एक महत्वपूर्ण उपकरण है जो वन्यजीवों की संरक्षण में सहायक हो सकता है।

एक प्रमुख तकनीकी उपाय है रेडियो कॉलार ट्रैकिंग, जिसमें वन्यजीवों को रेडियो कॉलार पहनाया जाता है जिससे उनकी गतिविधियों को ट्रैक किया जा सकता है। इसे उपयोग करके वन्यजीवों की आवास स्थलों और उनकी आदतों को समझने में मदद मिलती है।

एक और महत्वपूर्ण तकनीकी उपाय है गैस सेंसर्स का उपयोग, जिससे अनुमानित रूप से वन्यजीवों की उपस्थिति को"
951,वन्यजीव संरक्षण में तकनीक का उपयोग,"वन्यजीव संरक्षण में तकनीक का उपयोग एक महत्वपूर्ण कारक है जो वन्यजीवों की सुरक्षा और संरक्षण में मदद करता है। तकनीकी उपाय वन्यजीव संरक्षण को सुचारू और प्रभावी बनाने में महत्वपूर्ण भूमिका निभाते हैं।

पहले, तकनीकी उपाय वन्यजीवों की गणना, ट्रैकिंग और मॉनिटरिंग में मदद करते हैं। इससे वन्यजीवों की संख्या और उनके पर्यावरण में परिवर्तनों का अध्ययन किया जा सकता है, जिससे संरक्षण के लिए ठोस नीतियां और कार्रवाई ली जा सकती है।

दूसरे, तकनीकी उपाय वन्यजीवों की सुरक्षा में मदद करते हैं। उच्च गुणवत्ता क"
949,सतत विकास की नई रणनीतियाँ,"आधुनिक समय में तकनीकी उन्नति इतनी तेजी से हो रही है कि एक अनुभवी तकनीकी लेखक के लिए सतत विकास की नई रणनीतियाँ अत्यंत महत्वपूर्ण हैं। नई तकनीकों का अविष्कार हो रहा है और उन्हें अपनाने के लिए नए तरीके और उपाय ढूंढने की जरुरत है।

एक सफल तकनीकी लेखक को समय-समय पर अपने ज्ञान को अपग्रेड करते रहना चाहिए। नई तकनीकों को समझने और उन्हें लिखने के लिए उन्हें नवाचारी बनना चाहिए। इसके लिए उन्हें निरंतर अध्ययन और स्वयं को अपग्रेड करने की आवश्यकता होती है।

साथ ही, सतत विकास की नई रणनीतियाँ अच्छे संबंध बनाए"
953,वन्यजीव संरक्षण में तकनीक का उपयोग,"वन्यजीव संरक्षण एक महत्वपूर्ण क्षेत्र है जिसमें तकनीक का उपयोग एक क्रियाशील भूमिका निभाता है। तकनीकी उपाय वन्यजीव संरक्षण के लिए महत्वपूर्ण हैं क्योंकि इससे हम वन्यजीवों की संख्या और स्थिति का निरीक्षण कर सकते हैं और उनकी सुरक्षा के लिए उपाय अभियां कर सकते हैं।

तकनीकी उपायों में जीवविज्ञान, जैव प्रौद्योगिकी, गैर-हानिकारक उपकरण और डेटा विश्लेषण शामिल होते हैं। जीवविज्ञान के साथ-साथ जैव प्रौद्योगिकी का उपयोग वन्यजीव संरक्षण में नए तरीके लाने में मददगार साबित हो सकता है। जैव प्रौद्योगिक"
952,इलेक्ट्रिक वाहनों की भविष्य की संभावनाएँ,"वर्तमान में इलेक्ट्रिक वाहनों की मांग तेजी से बढ़ रही है और भविष्य में यह एक मुख्य वाहन श्रेणी बनने की संभावना है। इलेक्ट्रिक वाहनों की उपयोगिता और पर्यावरण से अधिक सहयोगी होने के कारण इसकी मांग बढ़ रही है।

इलेक्ट्रिक वाहनों की भविष्य में कई संभावनाएं हैं। पहले तो, इन वाहनों की बैटरी क्षमता और चालन की दूरी में और भी सुधार होने की संभावना है। इससे इन वाहनों का उपयोग और भी आसान और सुरक्षित होगा।

दूसरे, इलेक्ट्रिक वाहनों की कीमत में भी कमी की संभावना है। तकनीकी विकास के साथ, इन वाहनों की निर्माण की लागत कम हो"
954,प्लास्टिक प्रदूषण कम करने की नई विधियाँ,"प्लास्टिक प्रदूषण एक गंभीर समस्या है जो हमारे पृथ्वी के लिए एक महत्वपूर्ण खतरा है। धरती पर बिना सोचे-समझे प्लास्टिक के इस्तेमाल से उत्पन्न कचरे की मात्रा बढ़ रही है, जो अब एक विपदा बन गई है। इस समस्या को हल करने के लिए कुछ नई विधियाँ और तकनीकें विकसित की जा रही हैं।

पहले, प्लास्टिक के प्रयोग को कम करना हमारे लिए सबसे महत्वपूर्ण है। इसके लिए हमें एक्सेस पैकेजिंग के उपयोग को घटाना चाहिए और ज्यादा से ज्यादा एक्सेस प्लास्टिक की पुन:उपयोगिता के लिए कोशिश करनी चाहिए।

दूसरे, प्लास्टिक की भरपूर रीसायकलिंग को ब"
955,सतत विकास की नई रणनीतियाँ,"सतत विकास की नई रणनीतियों का महत्व आजकल बढ़ रहा है। विज्ञान और प्रौद्योगिकी के तेजी से विकास के साथ ही व्यावसायिक जगत में भी नए और सुदृढ़ रणनीतियाँ आवश्यक हो रही हैं। इन नई रणनीतियों का उद्देश्य व्यावसायिक प्रक्रियाओं को सुदृढ़ बनाना, उत्पादन को नई ऊर्जा के स्रोतों की ओर मोड़ना, और पर्यावरण के साथ साझा जिम्मेदारी लेना है।

इन नई रणनीतियों में डिजिटलीकरण, विरोधी-भ्रांति तंत्र, और अद्यतन विचारधारा का महत्वपूर्ण स्थान है। डिजिटलीकरण के माध्यम से व्यवसायिक प्रक्रियाएं तेज, सुरक्षित और स्वचालित बन ज"
956,जलवायु परिवर्तन के खिलाफ नई तकनीकें,"जलवायु परिवर्तन एक बड़ी चुनौती है जिससे निपटने के लिए नई तकनीकें आवश्यक हैं। तकनीकी उन्नति के माध्यम से हम जलवायु परिवर्तन के प्रभावों को कम करने और उनका सामना करने के लिए नवाचारी समाधान विकसित कर सकते हैं।

एक प्रमुख तकनीक है सौर ऊर्जा का उपयोग। सौर ऊर्जा एक स्वच्छ और अनगिनत स्रोत है जो हमें जलवायु परिवर्तन के कारणों से मुक्त कर सकता है। सौर पैनल और सौर ऊर्जा संयंत्रों के उपयोग से हम ऊर्जा का उत्पादन कर सकते हैं जो वायु प्रदूषण को कम करेगा।

एक और तकनीक है वायुशोधक पौधों का उपयोग। वायुशोधक पौधे वायुम"
957,इंटरनेट ऑफ़ थिंग्स (IoT) और स्मार्ट सिटी,"आधुनिक समय में तकनीकी विकास ने हमारे जीवन को काफी बदल दिया है। इंटरनेट ऑफ़ थिंग्स (IoT) एक ऐसी तकनीक है जिसने हमारे जीवन को और भी सुविधाजनक बना दिया है। IoT के माध्यम से विभिन्न डिवाइस और सेंसर्स एक-दूसरे से जुड़े होते हैं और उन्हें इंटरनेट के माध्यम से कनेक्ट किया जाता है।

इसके एक उदाहरण के रूप में 'स्मार्ट सिटी' की बात करें तो यह एक ऐसी शहर होती है जहां IoT के जरिए विभिन्न सुविधाएं मिलती हैं। ये सुविधाएं जैसे कि ट्रैफ़िक मैनेजमेंट, पार्किंग सिस्टम, ऊर्जा प्रबंधन, सुरक्षा इत्यादि इसके मुख्य क्षेत्र हो सकते है"
958,ब्लॉकचेन प्रौद्योगिकी का भविष्य,"ब्लॉकचेन प्रौद्योगिकी एक विशेष प्रकार की डिजिटल लेजर है जो ट्रांजैक्शन्स को सुरक्षित रूप से रिकॉर्ड करती है। यह लेजर कई स्थानों पर अद्यतित रहता है और सभी संबंधित पार्टी को उसमें पहुंचने की अनुमति देता है। ब्लॉकचेन तकनीक एक डिस्ट्रीब्यूटेड लेजर है, इसका मतलब यह है कि इसमें किसी भी तरह की मदद या निर्देशन की आवश्यकता नहीं होती है।

ब्लॉकचेन प्रौद्योगिकी का भविष्य बहुत उज्ज्वल है। इसका उपयोग विभिन्न क्षेत्रों में विस्तार से हो रहा है, जैसे कि वित्तीय सेवाएं, स्वास्थ्य सेवाएं, लॉजिस्टिक्स, सरकारी"
959,कृत्रिम बुद्धिमत्ता का उपयोग साइबर सुरक्षा में,"कृत्रिम बुद्धिमत्ता या आर्टिफिशियल इंटेलिजेंस (Artificial Intelligence) एक प्रौद्योगिकी है जो मानव बुद्धि के कार्यों को मिमिक करने की क्षमता रखती है। इसका साइबर सुरक्षा में महत्वपूर्ण योगदान है।

कृत्रिम बुद्धिमत्ता का उपयोग साइबर सुरक्षा में सुरक्षा के स्तर को बढ़ाने के लिए किया जा सकता है। यह एक्सप्लॉइटेशन, वायरस, मैलवेयर, फिशिंग, और अन्य साइबर हमलों की पहचान और निवारण में मदद कर सकता है। कृत्रिम बुद्धिमत्ता क्षमताएं सुरक्षित डेटा की भलाई के लिए खुफिया एल्गोरिदम्स का निर्माण करने में मदद कर सकती है, जो अवैध पहुंच से सुरक"
961,सतत विकास की नई रणनीतियाँ,"सतत विकास को साधारित करने के लिए नई रणनीतियों का अवलोकन करना आवश्यक है। विज्ञान और प्रौद्योगिकी के क्षेत्र में तेजी से बदलाव हो रहे हैं, इसलिए उन्हें विकास की दिशा में उपयोगी बनाना जरूरी है।

पहली रणनीति है डिजिटलीकरण। डिजिटल प्लेटफार्मों का उपयोग करके विभिन्न क्षेत्रों में सुधार किया जा सकता है। इंटरनेट ऑफ थिंग्स (IoT) और ब्लॉकचेन जैसी तकनीकों का उपयोग करके सतत विकास को गति दी जा सकती है।

दूसरी रणनीति है समर्थन और प्रशिक्षण का प्रदान। नई तकनीकों का उपयोग करने वाले लोगों को उन तकनीकों का सही तरीके"
960,वन्यजीव संरक्षण में तकनीक का उपयोग,"वन्यजीव संरक्षण एक महत्वपूर्ण क्षेत्र है जिसमें तकनीक का महत्वपूर्ण योगदान है। वन्यजीव संरक्षण में तकनीक का उपयोग कई तरह से किया जा सकता है, जैसे क्रूरता और अनैतिकता के खिलाफ लड़ाई, जैविक विविधता की रक्षा, जैव उपशामक तकनीक का उपयोग आदि।

तकनीकी उपायों में अब नवाचारी तकनीकों का उपयोग किया जा रहा है। उदाहरण के लिए, ड्रोन का उपयोग वन्यजीवों की गणना और मॉनिटरिंग के लिए किया जा रहा है। इससे वन्यजीवों की स्थिति को निरीक्षण करने में मदद मिलती है और उनकी सुरक्षा बढ़ाती है।

साथ ही, गेमिंग"
962,इलेक्ट्रिक वाहनों की भविष्य की संभावनाएँ,"वर्तमान में जलवायु परिवर्तन और प्रदूषण की समस्याओं के समाधान के लिए इलेक्ट्रिक वाहनों का उपयोग बढ़ रहा है। इलेक्ट्रिक वाहनों की भविष्य की संभावनाएँ बहुत उज्जवल हैं।

पहली बात यह है कि इलेक्ट्रिक वाहनों का प्रदूषण निःशुल्क होता है। ये वाहन बिना धुएं उत्पन्न करते हैं और वायु प्रदूषण को कम करते हैं। इससे हमारे पर्यावरण को सुरक्षित रखने में मदद मिलेगी।

दूसरी बात यह है कि इलेक्ट्रिक वाहनों की लागत संभावना से कम हो रही है। इलेक्ट्रिक वाहनों की बैटरी तकनीक में सुधार हो रहा है और उनकी चार्जिंग इंफ्रास्ट्रक्चर"
963,प्लास्टिक प्रदूषण कम करने की नई विधियाँ,"प्लास्टिक प्रदूषण एक बड़ी समस्या है जो हमारे पृथ्वी के लिए खतरनाक है। प्लास्टिक की अधिकता से हमारे पर्यावरण को नुकसान पहुंचता है, जलवायु पर प्रभाव डालता है और वन्यजीवों के लिए खतरा बनता है। इस समस्या को हल करने के लिए नई तकनीकी विधियों की आवश्यकता है।

एक तकनीकी विधि है जिसमें प्लास्टिक की उपयोगिता बढ़ाने के लिए उसके पुनर्चक्रण का प्रयास किया जा सकता है। इसमें प्लास्टिक को रीसाइक्ल करके नए प्रोडक्ट बनाने की तकनीक का उपयोग किया जाता है। इससे प्लास्टिक के उपयोग की अवधि बढ़ जाती है और प्रदूषण कम होता है"
964,प्लास्टिक प्रदूषण कम करने की नई विधियाँ,"प्लास्टिक प्रदूषण एक बड़ी समस्या बन चुकी है जिससे हमारे पर्यावरण को नुकसान हो रहा है। प्लास्टिक की अधिकता वायुमंडल पर भी बुरा प्रभाव डालती है और इससे उच्च ध्वनि तथा वायु प्रदूषण भी होता है। इस समस्या को कम करने के लिए कुछ नई विधियाँ हैं जो निम्नलिखित हैं।

1. बायो-डिग्रेडेबल प्लास्टिक का प्रयोग करना: बायो-डिग्रेडेबल प्लास्टिक वे प्लास्टिक होता है जो प्राकृतिक तरीके से बिगड़ जाता है और पर्यावरण को कोई नुकसान नहीं पहुंचाता।

2. प्लास्टिक उत्पादों के पुन: प्रयोग: प्लास्टिक के उत्पादों को पुन: प्रयोग के लिए बनाना औ"
965,प्लास्टिक प्रदूषण कम करने की नई विधियाँ,"प्लास्टिक प्रदूषण एक बड़ी समस्या है जिसका सामना हम सभी कर रहे हैं। प्लास्टिक का बहुत सारा उपयोग हमारे पर्यावरण के लिए हानिकारक हो रहा है और इसे कम करने के लिए हमें नई विधियाँ अपनानी चाहिए।

एक तकनीकी उपाय है ""बायो-प्लास्टिक"" का प्रयोग करना। बायो-प्लास्टिक प्लास्टिक की तरह काम करता है, लेकिन यह पूर्णत: तात्कालिक नहीं होता है और वायु, पानी और मिट्टी में आसानी से टूट जाता है। 

एक और सुझाव है कि हम एक्सेस प्लास्टिक का उपयोग कम करें और दूसरे प्राकृतिक उपकरणों का उपयोग करें। जैसे कि धातु के कंटेनर, कागज के बैग आदि"
966,वन्यजीव संरक्षण में तकनीक का उपयोग,"वन्यजीव संरक्षण में तकनीक का महत्वपूर्ण योगदान है। तकनीकी उपकरणों का उपयोग करके वन्यजीव संरक्षण कार्यक्रमों को सुचारू बनाया जा सकता है और संभावित खतरों का सही समय पर पता लगाने में मदद मिलती है।

तकनीकी उपकरणों में अब गणना और समुद्री तथा उपग्रह-आधारित संवेदनशीलता जैसे उन्नत तकनीकी साधन शामिल हैं। जैव ट्रैकिंग उपकरण जैसे कैमरा ट्रैप्स, जीपीएस कॉलर्स, रेडियो कलर्स, ड्रोन्स आदि वन्यजीवों के आवास स्थल की निगरानी करने और उनकी गतिविधियों का मॉनिटरिंग करने में मददगार साबित होते हैं।

तकनीकी उपकर"
967,इलेक्ट्रिक वाहनों की भविष्य की संभावनाएँ,"आज के समय में जलवायु परिवर्तन एक महत्वपूर्ण चुनौती है और इसका सबसे बड़ा कारण वाहनों द्वारा उत्पन्न कार्बन उत्सर्जन है। इस समस्या का समाधान इलेक्ट्रिक वाहनों में नजर आ रहा है। इलेक्ट्रिक वाहनों की भविष्य काफी उज्ज्वल और सुरक्षित दिख रही है।

इलेक्ट्रिक वाहनों के लाभों में से एक है कि ये पर्यावरण के लिए प्रिय हैं। इन वाहनों से कार्बन उत्सर्जन का स्तर कम होता है, जिससे हमारे वातावरण को बचाने में मदद मिलती है। साथ ही, इन वाहनों का ऑपरेशन भी आधुनिक इंजन वाले वाहनों के मुकाबले काफी निर्धारित और सुगम होता है।

इसके अलाव"
968,क्वांटम कंप्यूटिंग की व्यावहारिक अनुप्रयोग,"क्वांटम कंप्यूटिंग एक उभयान्त्रित प्रौद्योगिकी है जिसमें क्वांटम मेकेनिक्स के सिद्धांतों का उपयोग किया जाता है। यह तकनीक क्वांटम बिट्स या क्यूबिट्स का उपयोग करती है जो क्लासिकल बिट्स की तुलना में एक समय में कई स्थितियों को स्थापित कर सकते हैं। इसके कारण, क्वांटम कंप्यूटर क्लासिकल कंप्यूटरों की तुलना में कई गुना तेज हो सकते हैं।

क्वांटम कंप्यूटिंग के व्यावहारिक अनुप्रयोगों में कई क्षेत्रों में उपयोग हो सकता है, जैसे:

1. Cryptography: क्वांटम कंप्यूटिंग के उपयोग से क्रिप्टोग्राफी में एक नया स्तर का सुरक्षा प्रदान किया ज"
969,ब्लॉकचेन प्रौद्योगिकी का भविष्य,"ब्लॉकचेन प्रौद्योगिकी एक विशेष प्रकार की तकनीक है जो एक सुरक्षित, ट्रांसपेरेंट, और गणनातंत्रिक तरीके से डेटा बनाती है। इस तकनीक के माध्यम से डेटा को एक ब्लॉक में बंधकर रखा जाता है और इसे एक लगभग असभ्य तरीके से एक लंबी श्रृंखला में कनेक्ट किया जाता है। ब्लॉकचेन प्रौद्योगिकी का भविष्य बहुत उज्ज्वल है और यह विभिन्न क्षेत्रों में व्यापक रूप से उपयोग किया जा रहा है।

ब्लॉकचेन प्रौद्योगिकी के उपयोग क्षेत्रों में सबसे महत्वपूर्ण रूप से वित्तीय सेवाएं, स्वास्थ्य सेवाएं, सरकारी कार्य, और सप्लाई चेन शामिल"
970,जलवायु परिवर्तन के खिलाफ नई तकनीकें,"जलवायु परिवर्तन एक बड़ी चुनौती है जो हमारे प्लैनेट को धीरे-धीरे प्रभावित कर रही है। इस मुद्दे का सामना करने के लिए, हमें नई और स्थायी तकनीकों की तलाश करनी चाहिए। यहां कुछ तकनीकें हैं जो जलवायु परिवर्तन के खिलाफ उत्तरदायी हैं:

1. जलवायु संशोधन: यह तकनीक उन औजारों को संशोधित करने के लिए है जो अधिक ग्लोबल ऊर्जा उत्पन्न करते हैं। इसमें सोलर और विंड ऊर्जा के उपयोग को बढ़ावा देना शामिल है।

2. वृक्षारोपण: वृक्षारोपण जलवायु परिवर्तन के खिलाफ एक अच्छा साधन है क्योंकि पेड़ों ने कार्बन डाइऑक्साइड को संक"
971,ड्रोन प्रौद्योगिकी के नए उपयोग,"ड्रोन प्रौद्योगिकी आजकल नए और रोचक उपयोगों के लिए उपलब्ध है और इसका उपयोग विभिन्न क्षेत्रों में हो रहा है। ड्रोन विज्ञान और प्रौद्योगिकी की तेजी से बढ़ती मान्यता के कारण, उनका उपयोग सुरक्षा, जलवायु, वाणिज्यिक, और सामाजिक क्षेत्रों में नए दरवाजे खोल रहा है।

एक क्षेत्र में, ड्रोन प्रौद्योगिकी सुरक्षा क्षेत्र में बड़े अंतर का खोल रही है। वे नक्सलवाद और आतंकवाद के खिलाफ नक्सली चलनों की निगरानी करने में मदद कर सकते हैं। इसके अलावा, ड्रोन वन्यजीव संरक्षण के लिए भी उपयोगी साबित हो रहे हैं।

ड्रोन कृषि क"
972,ब्लॉकचेन प्रौद्योगिकी का भविष्य,"ब्लॉकचेन प्रौद्योगिकी एक ऐसी नवाचारिक तकनीक है जो डिजिटल जीवन को सुरक्षित, पारदर्शी और सुगम बनाती है। इस तकनीक को एक डिजिटल लेजर के रूप में वर्णित किया जा सकता है, जिसमें समय-समय पर जोड़े गए डेटा ब्लॉक के रूप में स्थायी रूप से संग्रहित होते हैं। 

ब्लॉकचेन प्रौद्योगिकी का भविष्य बहुत उज्ज्वल दिखता है। यह विभिन्न क्षेत्रों में क्रांतिकारी परिवर्तन ला सकती है, जैसे वित्तीय सेवाएं, स्वास्थ्य सेवाएं, सरकारी प्रणाली, व्यावसायिक संबंध और कई अन्य क्षेत्र। ब्लॉकचेन का उपयोग डेटा सुरक्षित और अटूट बनाने म"
973,सतत विकास की नई रणनीतियाँ,"विज्ञान और प्रौद्योगिकी के क्षेत्र में तेजी से बदलाव हो रहा है और सतत विकास के लिए नई रणनीतियाँ अपनाने की जरूरत है। इस समय में, तकनीकी लेखकों को उच्च स्तर के तकनीकी ज्ञान के साथ-साथ नवाचारी सोच और रणनीतिकता की भी आवश्यकता है।

पहली रणनीति है अद्यतन रहना। तकनीकी लेखकों को नवाचारों और नवीनतम प्रौद्योगिकियों के साथ कदम मिलाना होगा। वे समय-समय पर सेमिनार और कार्यशालाओं में भाग लेने चाहिए ताकि वे नए विचारों और तकनीकों के साथ अवगत रहें।

दूसरी रणनीति है सहयोग करना। तकनीकी लेखकों को अन्य विशेषज्ञों ज"
975,इलेक्ट्रिक वाहनों की भविष्य की संभावनाएँ,"आजकल इलेक्ट्रिक वाहनों का उपयोग बढ़ता जा रहा है और यह एक साफ़ ऊर्जा स्रोत के रूप में मान्यता प्राप्त कर रहा है। इसके पीछे कई कारण हैं, जैसे की वायु प्रदूषण कम करना, ऊर्जा सुरक्षितता बढ़ाना और ऊर्जा स्वतंत्रता में सुधार करना।

इलेक्ट्रिक वाहनों का भविष्य बहुत उज्ज्वल है। नए तकनीकी उत्पादों की वजह से इलेक्ट्रिक वाहनों की चार्जिंग समय तेज हो रहा है और उनकी चालन की क्षमता भी बढ़ रही है। इससे इलेक्ट्रिक वाहनों का उपयोग और भी आसान हो जाएगा।

भविष्य में इलेक्ट्रिक वाहनों की प्रोडक्शन में और भी वृद्धि होने की स"
974,वन्यजीव संरक्षण में तकनीक का उपयोग,"वन्यजीव संरक्षण एक महत्वपूर्ण क्षेत्र है जिसमें तकनीक का महत्वपूर्ण योगदान है। आधुनिक तकनीक के उपयोग से वन्यजीवों की संरक्षण कार्यक्षेत्र में प्रभावी और सुरक्षित तरीके से कार्य किया जा सकता है।

पहले, वन्यजीवों की गणना और मॉनिटरिंग के लिए तकनीक का उपयोग किया जा सकता है। उच्च गुणवत्ता वाले ड्रोन, ट्रैप कैमरे और गुणवत्ता वाले सेंसर्स का उपयोग करके वन्यजीवों की गिनती और अध्ययन करना संभव होता है।

दूसरे, वन्यजीवों की सुरक्षा के लिए तकनीक का उपयोग किया जा सकता है। उचित जाल या ट्रैप्स, GPS कोलर्स और"
977,ब्लॉकचेन प्रौद्योगिकी का भविष्य,"ब्लॉकचेन प्रौद्योगिकी एक नवाचारी तकनीक है जो डिजिटल सूचना को सुरक्षित और ट्रांसपैरेंट ढंग से संग्रहित करती है। यह तकनीक एक डिस्ट्रीब्यूटेड लेजर में डेटा को स्टोर करने के लिए उपयोग की जाती है, जिसमें ब्लॉक नामक क्रिप्टोग्राफिकली सुरक्षित लिंक से जुड़े होते हैं। यह किसी भी तरह के मध्यम की आवश्यकता नहीं होती, जैसे कि बैंक या सरकार, और इसलिए यह डेटा की सुरक्षा और गोपनीयता को बढ़ा देती है।

ब्लॉकचेन प्रौद्योगिकी का भविष्य बहुत उज्ज्वल है। यह विभिन्न क्षेत्रों में अनेक तरह के संभावनाएं लेकर आएगी, ज"
978,वर्चुअल रियलिटी में नवीनतम रुझान,"वर्चुअल रियलिटी (Virtual Reality - VR) एक तकनीक है जिसमें उपयोगकर्ता एक वास्तविकता से अलग वास्तविकता में व्याप्त होता है। यह तकनीक आजकल तेजी से विकसित हो रही है और नवीनतम रुझानों के साथ आ रही है।

पहला रुझान है वास्तविकता का अनुभव। नवीनतम VR उपकरण और सॉफ्टवेयर का उपयोग करके उपयोगकर्ताओं को वास्तविक जैसा अनुभव प्रदान करते हैं। यह विभिन्न क्षेत्रों में उपयोग हो रहा है, जैसे शिक्षा, मनोरंजन, और चिकित्सा।

दूसरा रुझान है इंटरएक्टिविटी का विस्तार। नए VR उपकरण और सॉफ्टवेयर उपयोगकर्ताओं को अधिक सक्र"
979,सौर ऊर्जा के नवीनतम विकास,"सौर ऊर्जा एक प्राकृतिक स्रोत है जो आकाश में उपलब्ध सूर्य के ऊर्जा से उत्पन्न होती है। यह एक सुरक्षित, स्वच्छ, अनगिनत और विशाल संभावना वाली ऊर्जा स्रोत है जिसे लोग विभिन्न उपयोगों के लिए उपयोग कर सकते हैं। वर्तमान में, विज्ञान और प्रौद्योगिकी के क्षेत्र में अभूतपूर्व विकास के कारण सौर ऊर्जा के क्षेत्र में भी अनेक नवाचार और विकास हो रहा है।

नवीनतम सौर ऊर्जा के विकास में सौर पैनल, सौर ऊर्जा संयंत्र, पारिवारिक सौर प्रणालियों, ऊर्जा संचयन तकनीक और सौर ऊर्जा के संगठन और प्रबंधन के क्षेत्र में अभूतपूर्व उन्नति हुई"
976,इंटरनेट ऑफ़ थिंग्स (IoT) और स्मार्ट सिटी,"इंटरनेट ऑफ़ थिंग्स (IoT) और स्मार्ट सिटी कनेक्शन की दुनिया में हम आज जी रहे हैं। IoT और स्मार्ट सिटी में सबसे अहम बात यह है कि यह तकनीकी नवाचार हमारे जीवन को कितनी आसान और सुरक्षित बना रहे हैं।

IoT तकनीक के माध्यम से अलग-अलग डिवाइसेस जैसे स्मार्ट लाइट्स, सेंसर्स, गैजेट्स, विहिकल्स, घरेलू उपकरण आदि कनेक्ट होकर दूसरे डिवाइसेस के साथ डेटा शेयर कर सकते हैं। इससे हमारे जीवन को स्मार्ट और सुरक्षित बनाने में मदद मिलती है।

स्मार्ट सिटी में IoT का उपयोग जनता के लिए भी बहुत लाभकारी है। यहाँ पर पार्किंग सिस्टम, ट्रैफिक मैन"
980,सतत विकास की नई रणनीतियाँ,"सतत विकास की नई रणनीतियाँ

आज की तकनीकी युग में, सतत विकास के लिए नई रणनीतियों की आवश्यकता है। तकनीकी विकास और उद्यमिता के क्षेत्र में नए उत्पाद और सेवाओं की रफ्तार तेजी से बढ़ रही है। इसके साथ ही, एक संतुलित समाजात्मक और आर्थिक विकास की भी जरुरत है।

एक उत्कृष्ट रणनीति के लिए, सरकार, विशेषज्ञ, उद्यमिता, और समाज सभी का सहयोग और सम्मिलन आवश्यक है। सरकार को नीतियों और कानूनों के माध्यम से समाज के हित में सुधार करने का काम करना चाहिए। विशेषज्ञों की मदद से नए और विशेष तकनीकी समाधान तैयार किए जा सकते हैं। उद"
981,ब्लॉकचेन प्रौद्योगिकी का भविष्य,"ब्लॉकचेन प्रौद्योगिकी एक रोचक और उत्कृष्ट तकनीक है जिसने डिजिटल वित्त, स्मार्ट कॉन्ट्रैक्ट्स, लॉगिस्टिक्स, स्वास्थ्य सेवाएं, और अन्य क्षेत्रों में क्रांति ला दी है। ब्लॉकचेन के उपयोग से डेटा सुरक्षित और प्राइवेट रहता है, जिससे उपयोगकर्ताओं की निजी जानकारी की सुरक्षा सुनिश्चित होती है।

ब्लॉकचेन प्रौद्योगिकी का भविष्य बहुत उज्जवल है। इसके उपयोग से विभिन्न क्षेत्रों में क्रांति आ सकती है। डिजिटल वित्त क्षेत्र में ब्लॉकचेन का उपयोग बढ़ रहा है, जिससे सुरक्षित और निर्भर लेन-देन हो सकता है। ब्लॉक"
982,वर्चुअल रियलिटी में नवीनतम रुझान,"वर्चुअल रियलिटी (Virtual Reality) एक तकनीकी उपकरण है जो हमें वास्तविक जैसा एक वास्तविकता में अनुभव करने की सक्षमता प्रदान करता है। इसका उपयोग विभिन्न क्षेत्रों में किया जा रहा है, जैसे कि वीडियो गेम्स, शिक्षा, साहित्य, मनोरंजन आदि। नवीनतम रुझानों में वर्चुअल रियलिटी का उपयोग और भी विस्तारित हो रहा है।

पहला रुझान है इंटरेक्टिविटी का विस्तार। नये तकनीकी उपकरण और सॉफ्टवेयर के साथ, उपयोगकर्ता अब वास्तविक समय में अपने अनुभवों को निर्माण कर सकते हैं। उन्हें अपने निर्मित वास्तविकता में साझा करने की स्वतंत्रता"
983,प्लास्टिक प्रदूषण कम करने की नई विधियाँ,"प्लास्टिक प्रदूषण एक बड़ी समस्या है जो हमारे पर्यावरण के लिए खतरनाक है। इस समस्या का समाधान करने के लिए हमें नई तकनीकी विधियों की खोज करनी चाहिए।

1. बायो-प्लास्टिक्स: ये प्लास्टिक जिन्हें जल्दी से टूटने और बिना किसी हानि के विघटित होने की क्षमता होती है। इन प्लास्टिक्स को बनाने के लिए पौधों और माइक्रो-ऑर्गेनिज्म्स का उपयोग किया जाता है।

2. प्लास्टिक की पुनर्चक्रण तकनीक: इस तकनीक में पुराने प्लास्टिक को नए प्लास्टिक उत्पादों में पुन: उपयोग के लिए पुन: प्रयोग किया जाता है। इससे प्लास्टिक की बर्बादी कम होती है।

3. रिसाय"
985,इंटरनेट ऑफ़ थिंग्स (IoT) और स्मार्ट सिटी,"आधुनिक तकनीकी विकास के साथ, इंटरनेट ऑफ़ थिंग्स (IoT) ने हमारे जीवन को एक नया आयाम दिया है। IoT विश्वसनीय तकनीक है जो विभिन्न उपकरणों को इंटरनेट के माध्यम से कनेक्ट करती है जिससे वे डेटा साझा कर सकते हैं। यह तकनीक आजकल स्मार्ट सिटी के विकास में महत्वपूर्ण भूमिका निभा रही है।

स्मार्ट सिटी एक ऐसी नगरी है जो विभिन्न इलेक्ट्रॉनिक संविदान और सेंसर्स के उपयोग से अपने आप को संचालित कर सकती है। ये संविदान और सेंसर्स इंफ्रास्ट्रक्चर, परिवहन, सुरक्षा, पर्यावरण और सेवाएं जैसे क्षेत्रों में इस्तेमाल होते हैं। उदाहरण के ल"
986,ड्रोन प्रौद्योगिकी के नए उपयोग,"ड्रोन प्रौद्योगिकी ने विभिन्न क्षेत्रों में नए और रोचक उपयोग खोजे गए हैं। इस तकनीक का उपयोग विज्ञान, औद्योगिक, सुरक्षा, आर्थिक और सामाजिक क्षेत्रों में किया जा रहा है।

पहला उपयोग है जलवायु साधनों की निगरानी और जांच। ड्रोन की मदद से हवाई जहाजों और अन्य जलवायु साधनों की निगरानी की जा सकती है, जिससे सुरक्षा और सुगमता में सुधार होता है।

दूसरा उपयोग है कृषि में। कृषि उत्पादन में सुधार के लिए ड्रोन का उपयोग किया जा रहा है। विभिन्न उपयोगों में सेंसर लगाकर फसलों की स्थिति की निगरानी, पोषण की स्तिथि का ज"
984,सौर ऊर्जा के नवीनतम विकास,"सौर ऊर्जा एक प्राकृतिक स्रोत है जो हमें निरंतर बिजली और ऊर्जा प्रदान कर सकता है। इसका उपयोग कारखानों, घरों, वाहनों आदि में हो सकता है। नवीनतम विकास के साथ, सौर ऊर्जा के क्षेत्र में कई नए और रोचक नवाचार हो रहे हैं।

पहला नवाचार है सौर पैनल की क्षमता और दिन-रात कार्यक्षमता में सुधार। नए पीढ़ी के सौर पैनल उच्च संवेग और अधिक संचार क्षमता के साथ आते हैं, जिससे कम समय में अधिक ऊर्जा उत्पन्न की जा सके।

दूसरा नवाचार है सौर ऊर्जा के भंडारण की क्षमता में सुधार। नए ऊर्जा भंडारण प्रौद्योगिकियों ने सौर ऊर्जा को र"
987,सतत विकास की नई रणनीतियाँ,"सतत विकास के लिए नई रणनीतियाँ आवश्यक हैं जो तकनीकी लेखकों को अपनानी चाहिए। विश्वास की जाती है कि तकनीकी उद्योग तेजी से बदल रहा है और इसमें विशेषज्ञता की जरूरत है। इस संदर्भ में, कुछ मुख्य नीतियाँ निम्नलिखित हैं:

1. नए और नवाचारी तकनीकों का उपयोग: तकनीकी लेखकों को नए और नवाचारी तकनीकों का अध्ययन करना चाहिए और इन्हें अपने काम में शामिल करना चाहिए।

2. ऑटोमेशन और कंप्यूटरीकरण: कंप्यूटरीकरण और ऑटोमेशन के माध्यम से कार्य प्रक्रियाएं तेजी से और सही ढंग से किए जा सकते हैं, जिससे उत्पादकता में वृद्धि हो"
988,ब्लॉकचेन प्रौद्योगिकी का भविष्य,"ब्लॉकचेन प्रौद्योगिकी एक विशेष प्रकार की डिजिटल लेडजर है जिसमें डेटा ब्लॉक्स के रूप में संग्रहित किया जाता है। यह डेटा सुरक्षित ढंग से एन्क्रिप्टेड रहता है और एक सार्वजनिक डेटाबेस में स्थानांतरित होता है, जिसे बदला नहीं जा सकता। ब्लॉकचेन प्रौद्योगिकी का उपयोग पहले से ही क्रिप्टोकरेंसी के लिए किया जा रहा है, लेकिन इसके अन्य क्षेत्रों में भी विस्तार हो रहा है।

ब्लॉकचेन प्रौद्योगिकी के भविष्य में संभावनाएं बेहद उज्ज्वल हैं। यह तकनीक उदाहरण के लिए डिजिटल वोटिंग, स्मार्ट अनुबंध, वित्तीय संचालन, सरक"
989,डिजिटल मुद्राओं की सुरक्षा चुनौतियाँ,"आजकल डिजिटल मुद्राएं बड़े प्रमाण में उपयोग हो रही हैं और इसके साथ ही उनकी सुरक्षा चुनौतियों भी बढ़ रही हैं। डिजिटल मुद्राओं की सुरक्षा की देखभाल बहुत महत्वपूर्ण है ताकि उपयोगकर्ताओं के धन की सुरक्षा हो सके।

कई बार ऑनलाइन चोरी, फिशिंग, मैलवेयर और जासूसी जैसी धारकों से डिजिटल मुद्राओं की सुरक्षा को खतरा हो सकता है। उपयोगकर्ताओं को अपने ऑनलाइन खातों के लिए सुरक्षित पासवर्ड चुनना चाहिए और उन्हें नियमित अपडेट करना चाहिए। दूसरे रोगी लोगों से साझा ना करें और जब भी संदेह हो, तो तुरंत अपने खाते को ब्लॉक कर द"
991,वर्चुअल रियलिटी में नवीनतम रुझान,"वर्चुअल रियलिटी (Virtual Reality) एक उत्कृष्ट तकनीक है जो हमें एक नये वास्तविकता का संचार करने में मदद करती है। यह तकनीक लोगों को किसी वास्तविक स्थिति का अनुभव कराने के लिए कंप्यूटरीकृत तत्वों का उपयोग करती है। वर्चुअल रियलिटी के उपयोग क्षेत्र विस्तृत हैं और इसमें नए और रोचक रुझान उभर रहे हैं।

वर्चुअल रियलिटी के क्षेत्र में सबसे नवीन रुझान में से एक है विस्तारित वास्तविकता (Augmented Reality)। इसमें एक वास्तविकता का अनुभव कराने के लिए डिजाइन किया गया होता है, जिसमें वास्तविक दुनिया के साथ कंप्यूटरीकृत तत्वों का सम्म"
990,जलवायु परिवर्तन के खिलाफ नई तकनीकें,"जलवायु परिवर्तन एक गंभीर समस्या है जिसका सामाजिक, आर्थिक और पर्यावरणीय प्रभाव होता है। इस समस्या का समाधान निरंतर नई और वैज्ञानिक तकनीकों की खोज और विकास में है। यहां कुछ ऐसी तकनीकें हैं जो जलवायु परिवर्तन के खिलाफ लड़ने में मदद कर सकती हैं:

1. सौर ऊर्जा: सौर ऊर्जा समुद्र तटों पर सौर प्लांट्स के रूप में उत्पादित की जा सकती है, जिससे प्रदूषण कम होगा और ऊर्जा स्वावलंबन बढ़ेगा।

2. वायुमंडलीय विज्ञान: वायुमंडलीय विज्ञान में नवाचारों के माध्यम से प्रदूषण को कम करने के लिए नई तकनीकें विकसित की जा रही है"
992,सतत विकास की नई रणनीतियाँ,"सतत विकास एक ऐसी प्रक्रिया है जिसमें निरंतर उन्नति और सुधार होता रहता है। विज्ञान और प्रौद्योगिकी के क्षेत्र में भी इसका महत्वपूर्ण स्थान है। नवीनतम तकनीकी उत्पादों और सेवाओं का निर्माण और उनके विकास के लिए नई रणनीतियों की आवश्यकता होती है।

एक नई रणनीति जो वर्तमान में चर्चा में है, वह है 'एजाइल मैनुफैक्चरिंग'। इस रणनीति का उद्देश्य है उत्पादन प्रक्रिया को तेज़ी से और प्रभावी बनाना। इसमें विभिन्न संयंत्रों को एक संयुक्त नेटवर्क के रूप में जोड़ा जाता है, जिससे विभिन्न स्थानों पर उत्पादन की सुविधा होती है"
993,रोबोटिक्स का विकास और उसके अनुप्रयोग,"रोबोटिक्स एक ऐसी तकनीक है जिसमें विज्ञान, इंजीनियरिंग और गणित का संगम होता है जिससे रोबोट बनाने और उन्हें कार्य करने की क्षमता मिलती है। रोबोटिक्स क्षेत्र में वैज्ञानिक अनुसंधान और नवाचारों के कारण इसका विकास तेजी से हो रहा है। आजकल रोबोटिक्स का उपयोग विभिन्न क्षेत्रों में किया जा रहा है।

रोबोटिक्स के उपयोग के कई क्षेत्र हैं जैसे कृषि, औद्योगिक उत्पादन, स्वास्थ्य सेवाएं, जल संसाधन प्रबंधन, विमानन, सैन्य और सुरक्षा आदि। उदाहरण के लिए, कृषि क्षेत्र में रोबोट्स किसानों को फसल संबंधित कार्यों में"
994,इलेक्ट्रिक वाहनों की भविष्य की संभावनाएँ,"वर्तमान में वायु प्रदूषण, ऊर्जा संकट और साइकल तकनीकी उन्नतियों के कारण इलेक्ट्रिक वाहनों का उपयोग बढ़ रहा है। इन वाहनों का उपयोग ढेर सारे लाभ प्रदान करता है, जैसे कि प्रदूषण कम करना, ऊर्जा संरक्षण, और ध्वनि प्रदूषण कम करना।

इलेक्ट्रिक वाहनों की भविष्य में संभावनाएँ बहुत उज्ज्वल हैं। इन वाहनों के लिए बैटरी प्रौद्योगिकी में उन्नतियाँ हो रही हैं, जिससे उनकी चार्जिंग की स्पीड और क्षमता में सुधार हो रहा है। इसके साथ ही नई ऊर्जा संचालन तकनीकियाँ विकसित हो रही हैं जो इन वाहनों की बेहतर चलने की क्षमता को ब"
995,सतत विकास की नई रणनीतियाँ,"हमारी दुनिया में तकनीकी विकास की गति तेजी से बढ़ रही है और इसके साथ ही हमें नई रणनीतियों की आवश्यकता होती रहती है। सतत विकास की नई रणनीतियाँ इसी दिशा में हमें मदद कर सकती हैं।

पहली रणनीति है डिजाइन सोचना। डिजाइन सोचना एक ऐसी प्रक्रिया है जिसमें विकास के प्रारंभिक चरण में हर पहल को डिजाइन के माध्यम से सोचा जाता है। इससे उत्पाद की गुणवत्ता में सुधार होता है और उपयोगकर्ताओं की आवश्यकताओं को समझने में मदद मिलती है।

दूसरी रणनीति है एजाइल विकास। एजाइल विकास एक ऐसी प्रक्रिया है जिसमें विकास कार्य को छोटे-छोट"
996,वन्यजीव संरक्षण में तकनीक का उपयोग,"वन्यजीव संरक्षण में तकनीक का उपयोग एक महत्वपूर्ण आधार है। तकनीक के उपयोग से हम वन्यजीवों की गणना, ट्रैकिंग, संरक्षण और संवर्धन में मदद प्राप्त कर सकते हैं। निम्नलिखित तकनीकों का उपयोग वन्यजीव संरक्षण में किया जा सकता है:

1. रेडियो कॉलर: वन्यजीवों पर रेडियो कॉलर लगाने से उनकी गतिविधियों को ट्रैक किया जा सकता है और उनका संरक्षण किया जा सकता है। इसके माध्यम से उनके स्थान का पता लगाना और उनकी सुरक्षा करना संभव होता है।

2. डीएनए प्रोफाइलिंग: वन्यजीवों के जीनोम का अध्ययन करके उनकी पहचान किया जा सकता है और"
997,इंटरनेट ऑफ़ थिंग्स (IoT) और स्मार्ट सिटी,"आधुनिक तकनीकी युग में इंटरनेट ऑफ़ थिंग्स (Internet of Things - IoT) एक महत्वपूर्ण कंसेप्ट है जो यह संदेश देता है कि सभी वस्तुएं इंटरनेट से जुड़ी होनी चाहिए। यह सिस्टम विभिन्न डिवाइसेज, वायरलेस सेंसर्स, स्मार्ट गैजेट्स और अन्य उपकरणों के माध्यम से जानकारी एकत्रित करता है और इसे एक सेंट्रल प्लेटफॉर्म के माध्यम से एकत्रित करता है।

इंटरनेट ऑफ़ थिंग्स का उपयोग स्मार्ट सिटी के विकास में भी किया जा रहा है। स्मार्ट सिटी एक ऐसा कॉन्सेप्ट है जिसमें शहरी इंफ्रास्ट्रक्चर और सेवाएं ऐसे तकनीकी उपकरणों के माध्यम से संचालित होती हैं जो इ"
998,सौर ऊर्जा के नवीनतम विकास,"सौर ऊर्जा एक प्राकृतिक स्रोत है जो समुद्र, पेड़-पौधों और जलवायु के माध्यम से सूर्य की ऊर्जा को उत्पन्न करता है। यह एक सुरक्षित, साफ और असीमित स्रोत है जो बिजली उत्पादन, गर्म पानी उत्पादन और अन्य उपयोगों के लिए उपयोगी है। सौर ऊर्जा के विकास में नवीनतम प्रौद्योगिकियों ने इसे एक व्यापक और सुलभ विकल्प बना दिया है।

नवीनतम सौर ऊर्जा प्रौद्योगिकियों में से एक है सौर ऊर्जा सेल। ये सेल सूर्य की किरणों को बिजली में बदलते हैं और अक्सर घरों और औद्योगिक क्षेत्रों में इस्तेमाल होते हैं। इन सेलों की लंबी उम्र और कम रखरख"
999,जलवायु परिवर्तन के खिलाफ नई तकनीकें,"जलवायु परिवर्तन एक गंभीर समस्या है जिससे पूरी दुनिया का सामना है। इस समस्या का समाधान तकनीकी उन्नति के माध्यम से किया जा सकता है। नई तकनीकें जलवायु परिवर्तन के खिलाफ लड़ाई में महत्वपूर्ण भूमिका निभा सकती हैं।

पहली तकनीक है नई ऊर्जा स्रोतों का विकास। जलवायु परिवर्तन के मुख्य कारण है जलवायु में गैसों का अत्यधिक उत्सर्जन। इसे कम करने के लिए विकल्पी ऊर्जा स्रोतों का उपयोग किया जा सकता है जैसे कि सौर ऊर्जा, पवन ऊर्जा और जल ऊर्जा।

दूसरी तकनीक है परिवहन के लिए शुद्ध ऊर्जा स्रोतों का उपयोग। वाहनों का प्रयोग भी ज"
1000,ड्रोन प्रौद्योगिकी के नए उपयोग,"ड्रोन प्रौद्योगिकी आजकल नए-नए उपयोगों के लिए समर्थन प्रदान कर रही है। ड्रोन के उपयोग सीमित नहीं रह गए हैं, बल्कि यह अनेक क्षेत्रों में अनिवार्य हो गए हैं।

पहले तो, ड्रोन सुरक्षा क्षेत्र में एक महत्वपूर्ण भूमिका निभा रहे हैं। वे अविलंब किसी भी क्षेत्र में पहुंच सकते हैं और अनुरोध के अनुसार सूरक्षा जांच कर सकते हैं। इसके अतिरिक्त, ड्रोन विमानों की निगरानी और सीमा सुरक्षा में भी उपयोगी होते हैं।

दूसरे, कृषि क्षेत्र में भी ड्रोन का उपयोग किया जा रहा है। ड्रोन खेतों की निगरानी कर सकते हैं और फसलों की स्वच्छता, पान"
